season,leagueID,home_goals,home_xGoals,home_shots,home_shotsOnTarget,home_corners,home_ppda,home_yellowCards,home_redCards,away_goals,away_xGoals,away_shots,away_shotsOnTarget,away_corners,away_ppda,away_yellowCards,away_redCards,target,target_code
2015,1,1,0.627539,9,1,1,13.8261,2.0,0,0,0.6746,9,4,2,8.2188,3.0,0,Home Win,0
2015,1,0,0.876106,11,2,6,6.9,3.0,0,1,0.782253,7,3,3,11.8462,4.0,0,Away Win,2
2015,1,2,0.604226,10,5,8,6.65,1.0,0,2,0.557892,11,5,2,17.1579,2.0,0,Draw,1
2015,1,4,2.56803,19,8,6,10.88,2.0,0,2,1.45946,11,5,3,9.5556,4.0,0,Home Win,0
2015,1,1,1.13076,17,6,1,5.7368,1.0,0,3,2.10975,11,7,4,10.625,0.0,0,Away Win,2
2015,1,2,0.64396,11,3,4,10.3636,1.0,1,2,2.59203,17,10,8,8.8333,3.0,0,Draw,1
2015,1,2,1.54613,9,4,6,12.7222,2.0,0,2,1.2529,14,4,6,7.0,4.0,0,Draw,1
2015,1,0,1.33166,22,6,5,8.1667,1.0,0,2,0.535961,8,4,4,12.4545,3.0,0,Away Win,2
2015,1,0,0.381274,7,1,3,11.913,2.0,0,1,0.329873,8,3,5,9.3462,4.0,0,Away Win,2
2015,1,0,0.435238,9,2,6,23.2941,4.0,0,3,1.9242,20,7,6,8.087,1.0,0,Away Win,2
2015,1,0,0.219118,5,1,3,10.0333,2.0,0,1,0.660404,9,2,5,9.5,2.0,0,Away Win,2
2015,1,0,1.06214,17,4,9,8.8261,4.0,0,3,1.39628,10,4,9,15.8125,2.0,0,Away Win,2
2015,1,1,0.329128,6,2,6,10.1818,1.0,0,3,1.71686,18,6,6,10.6667,2.0,0,Away Win,2
2015,1,2,1.97424,19,6,4,6.2353,2.0,0,0,0.113109,4,2,4,34.3333,1.0,1,Home Win,0
2015,1,2,1.70614,13,7,4,10.125,2.0,0,2,2.80956,15,7,3,11.6071,2.0,0,Draw,1
2015,1,0,0.760848,16,5,2,5.9524,1.0,0,0,0.684036,6,0,4,11.5,2.0,0,Draw,1
2015,1,1,0.513491,10,3,8,6.375,1.0,1,2,1.80939,10,5,4,15.0455,3.0,0,Away Win,2
2015,1,1,0.964134,11,4,6,11.7083,1.0,0,2,2.05542,20,7,6,6.9655,1.0,0,Away Win,2
2015,1,3,2.18579,18,8,5,5.7273,4.0,0,0,0.482423,10,3,1,6.6207,2.0,0,Home Win,0
2015,1,1,2.15062,18,2,6,6.4138,1.0,0,0,0.460805,13,2,8,10.0,4.0,0,Home Win,0
2015,1,0,1.2491,20,8,11,4.7097,2.0,0,0,0.4384,7,0,5,18.4375,2.0,0,Draw,1
2015,1,1,3.14888,20,7,9,9.6333,4.0,0,1,0.698228,6,1,0,10.9286,1.0,0,Draw,1
2015,1,1,0.569426,10,2,3,10.1034,4.0,0,1,1.56064,20,9,4,8.5789,2.0,0,Draw,1
2015,1,2,1.23807,16,6,6,8.1667,3.0,0,1,0.765278,11,2,4,8.4762,3.0,0,Home Win,0
2015,1,1,0.829012,13,2,2,15.5789,1.0,0,1,1.89437,19,6,7,4.9474,4.0,0,Draw,1
2015,1,3,1.50203,10,4,5,9.9091,0.0,1,4,2.8554,15,7,4,10.7222,0.0,0,Away Win,2
2015,1,2,1.42622,15,6,8,14.8235,2.0,0,3,2.02778,15,5,7,17.5,1.0,1,Away Win,2
2015,1,0,0.579338,10,1,8,19.25,0.0,0,2,1.57983,16,9,7,9.36,3.0,0,Away Win,2
2015,1,0,1.17588,13,0,5,9.0455,0.0,0,0,0.68359,14,5,2,7.4074,2.0,0,Draw,1
2015,1,0,1.83755,19,5,7,5.6154,1.0,0,0,1.29206,15,8,8,10.4286,4.0,0,Draw,1
2015,1,0,0.0319694,1,0,0,21.8235,6.0,1,1,2.33948,22,9,9,5.5357,1.0,0,Away Win,2
2015,1,0,1.21771,13,5,6,23.8889,1.0,2,1,0.881194,15,5,5,8.9677,4.0,0,Away Win,2
2015,1,2,2.27406,21,6,5,8.6364,2.0,0,2,0.368848,7,3,4,7.35,1.0,0,Draw,1
2015,1,1,0.321432,5,2,4,7.05,2.0,0,1,0.919097,4,2,4,5.1667,4.0,0,Draw,1
2015,1,1,1.27906,26,9,7,8.2,1.0,0,2,2.19283,13,5,7,18.5,1.0,0,Away Win,2
2015,1,0,0.561737,13,1,5,5.9655,3.0,1,3,0.97217,12,5,7,12.0909,1.0,1,Away Win,2
2015,1,2,1.52895,18,5,9,10.1429,1.0,0,0,0.363603,7,0,3,20.4444,2.0,0,Home Win,0
2015,1,0,1.99917,20,6,6,7.4375,4.0,0,0,0.694692,8,3,2,18.5385,1.0,0,Draw,1
2015,1,3,2.85501,23,8,6,10.3333,0.0,0,0,0.639434,6,1,4,25.5833,0.0,1,Home Win,0
2015,1,2,0.971183,9,4,0,15.1739,2.0,0,1,1.28089,11,4,1,6.8966,2.0,0,Home Win,0
2015,1,3,1.18026,14,9,7,15.0476,2.0,0,1,0.656048,15,2,14,7.6154,2.0,0,Home Win,0
2015,1,2,4.42684,29,12,13,6.76,1.0,0,0,0.191277,8,3,1,15.9048,1.0,0,Home Win,0
2015,1,0,0.743193,10,2,4,8.625,2.0,0,1,3.08883,21,7,4,8.5833,3.0,0,Away Win,2
2015,1,1,1.57333,17,6,1,11.2593,1.0,1,0,0.503008,8,3,3,6.7,1.0,0,Home Win,0
2015,1,0,0.409143,8,1,4,20.4118,1.0,0,0,1.00731,15,4,5,8.5556,0.0,0,Draw,1
2015,1,3,1.33151,12,4,4,9.9615,2.0,0,1,0.389495,7,2,4,11.6316,3.0,0,Home Win,0
2015,1,3,1.46206,9,3,4,9.7778,1.0,0,1,1.02572,8,4,4,14.4762,2.0,0,Home Win,0
2015,1,0,1.0407,12,2,6,12.0556,2.0,0,1,1.45615,15,4,8,5.1724,1.0,0,Away Win,2
2015,1,3,1.34987,21,6,4,7.1515,2.0,0,2,0.953181,11,4,5,8.4091,1.0,0,Home Win,0
2015,1,2,1.71282,17,3,6,11.72,0.0,0,0,0.716599,14,4,7,8.2222,2.0,0,Home Win,0
2015,1,2,2.0687,22,6,5,6.0938,3.0,0,0,0.775312,9,2,5,13.1818,1.0,2,Home Win,0
2015,1,1,1.15114,15,5,5,9.4444,1.0,0,2,1.33961,13,4,5,7.5946,2.0,0,Away Win,2
2015,1,0,0.876719,13,3,2,6.12,2.0,0,1,0.632761,11,6,7,8.4138,3.0,0,Away Win,2
2015,1,2,0.644335,15,5,7,8.5185,2.0,0,0,0.854867,9,2,3,9.2692,4.0,1,Home Win,0
2015,1,2,1.14717,11,4,3,6.9565,1.0,0,2,1.22582,12,5,4,6.0,4.0,0,Draw,1
2015,1,0,0.864868,12,3,2,8.5769,2.0,0,0,1.77458,17,2,4,9.0,2.0,1,Draw,1
2015,1,1,2.98465,27,8,16,3.6667,1.0,0,2,0.995273,6,3,3,23.7692,2.0,0,Away Win,2
2015,1,1,1.01573,21,6,6,5.1765,1.0,0,0,0.538439,12,4,5,10.1739,2.0,0,Home Win,0
2015,1,2,1.83663,15,8,5,17.45,2.0,0,3,1.65119,10,3,5,12.2353,0.0,0,Away Win,2
2015,1,1,1.90447,23,7,6,8.8636,1.0,0,1,0.556271,7,2,2,15.1905,2.0,0,Draw,1
2015,1,4,2.30799,15,8,5,5.2895,5.0,0,1,1.57842,22,8,9,10.9,1.0,0,Home Win,0
2015,1,3,1.55418,17,6,4,11.7037,3.0,0,1,1.41962,11,4,3,11.1111,1.0,0,Home Win,0
2015,1,2,1.94483,8,5,3,10.4286,1.0,0,1,0.871678,12,6,7,9.95,0.0,0,Home Win,0
2015,1,2,1.38516,16,7,6,10.3333,1.0,0,5,3.89623,27,12,5,6.7727,1.0,0,Away Win,2
2015,1,3,1.78331,21,12,11,7.4138,0.0,0,2,0.892054,10,4,1,26.4167,0.0,0,Home Win,0
2015,1,3,2.8971,12,7,5,6.4286,0.0,0,0,0.832139,9,4,2,22.0,3.0,0,Home Win,0
2015,1,2,2.60407,19,7,7,9.0,0.0,0,2,1.38603,16,7,5,6.7308,0.0,0,Draw,1
2015,1,2,0.702109,11,5,4,11.125,1.0,0,2,1.30593,16,4,6,4.2,2.0,0,Draw,1
2015,1,0,0.685939,15,2,6,9.625,4.0,0,1,2.33566,16,3,4,8.7727,4.0,0,Away Win,2
2015,1,2,1.27511,9,4,6,11.0,0.0,0,3,2.30159,12,4,4,9.6,3.0,0,Away Win,2
2015,1,2,1.99083,21,8,8,4.2,3.0,0,0,0.255528,7,2,3,10.5238,3.0,0,Home Win,0
2015,1,0,0.839028,13,2,9,7.6333,1.0,0,1,1.03499,12,5,5,8.3226,0.0,0,Away Win,2
2015,1,1,1.50268,12,6,5,11.9444,1.0,0,1,0.913291,11,2,3,9.8846,1.0,0,Draw,1
2015,1,6,3.3346,23,11,6,5.4848,3.0,0,1,0.980279,6,4,3,22.5455,1.0,0,Home Win,0
2015,1,1,1.18074,17,2,16,11.5556,0.0,0,2,3.00282,16,5,8,10.2174,1.0,0,Away Win,2
2015,1,2,1.08401,12,3,1,13.0,2.0,1,2,1.93656,20,6,8,9.381,4.0,0,Draw,1
2015,1,1,0.520175,10,3,4,8.7273,2.0,0,3,1.58246,13,5,6,14.2,5.0,0,Away Win,2
2015,1,1,1.20063,14,4,5,12.8235,3.0,0,1,1.30844,13,4,11,6.2759,3.0,0,Draw,1
2015,1,2,0.774806,11,2,5,13.8571,1.0,0,2,1.18142,19,11,6,7.6774,4.0,0,Draw,1
2015,1,3,2.16952,12,5,3,21.5333,1.0,0,0,1.03953,9,5,6,5.775,3.0,0,Home Win,0
2015,1,0,0.586228,13,4,8,5.6053,1.0,0,0,0.715892,12,3,6,8.1852,2.0,0,Draw,1
2015,1,2,1.46668,13,6,6,9.0625,2.0,0,2,2.78648,27,7,7,6.625,0.0,0,Draw,1
2015,1,1,2.07781,9,2,1,9.4211,2.0,0,0,0.658473,9,2,5,9.1739,2.0,0,Home Win,0
2015,1,2,1.22875,9,3,4,5.4091,1.0,0,0,0.795846,10,1,4,9.7619,3.0,0,Home Win,0
2015,1,1,1.08391,6,1,1,12.55,1.0,1,3,2.76356,24,4,9,7.1739,3.0,0,Away Win,2
2015,1,0,0.653457,12,3,5,10.7407,2.0,0,3,1.47853,10,7,3,11.8261,2.0,0,Away Win,2
2015,1,5,4.71274,16,11,1,14.3158,2.0,0,1,0.173025,5,1,7,14.8095,1.0,0,Home Win,0
2015,1,0,0.254791,8,1,3,9.3846,2.0,0,3,2.69046,17,6,9,6.3043,1.0,0,Away Win,2
2015,1,6,2.24896,11,6,3,12.5263,1.0,0,2,1.34395,18,6,7,7.3846,1.0,0,Home Win,0
2015,1,0,0.485489,14,2,1,16.2778,2.0,0,1,1.64894,9,2,2,16.5455,2.0,0,Away Win,2
2015,1,1,1.09516,9,3,4,10.36,2.0,0,2,1.74353,10,4,6,6.7308,3.0,0,Away Win,2
2015,1,1,1.33502,12,3,3,13.5263,3.0,0,0,0.240008,9,4,2,11.6364,1.0,0,Home Win,0
2015,1,2,0.77284,12,5,7,9.3929,1.0,0,1,1.1356,9,4,4,7.7308,5.0,1,Home Win,0
2015,1,0,1.03228,16,3,13,7.6111,1.0,0,1,1.45436,7,4,3,13.5882,2.0,0,Away Win,2
2015,1,0,0.848432,11,0,11,8.1429,3.0,0,2,1.0403,13,3,5,13.087,1.0,0,Away Win,2
2015,1,2,2.55754,20,5,7,6.2973,2.0,0,1,0.373025,10,5,5,8.0,0.0,1,Home Win,0
2015,1,3,2.37969,9,3,1,12.35,0.0,0,0,1.41744,21,8,10,8.9375,2.0,1,Home Win,0
2015,1,1,0.490581,11,3,4,12.3478,0.0,0,5,3.43313,14,9,5,5.5135,1.0,0,Away Win,2
2015,1,0,0.391754,6,1,6,7.0,2.0,0,0,0.310718,6,1,4,10.8333,2.0,0,Draw,1
2015,1,1,0.682823,15,2,10,10.8824,1.0,0,1,1.56383,8,3,7,9.027,0.0,1,Draw,1
2015,1,1,0.735762,8,2,1,8.4211,1.0,0,3,0.839342,16,7,7,6.0541,4.0,0,Away Win,2
2015,1,0,0.939118,10,5,7,9.5769,3.0,0,0,0.394404,5,1,3,7.4286,3.0,0,Draw,1
2015,1,2,2.83557,21,5,12,10.0,2.0,0,1,1.17497,5,3,4,28.0,2.0,1,Home Win,0
2015,1,0,1.26075,15,6,11,15.25,1.0,0,0,1.38017,9,2,4,9.7273,3.0,0,Draw,1
2015,1,0,0.264441,7,3,4,10.7826,2.0,0,3,2.17657,14,5,4,16.9048,0.0,0,Away Win,2
2015,1,2,1.61544,20,5,7,10.16,3.0,0,0,0.605625,8,3,2,9.95,0.0,1,Home Win,0
2015,1,2,1.50447,14,6,6,30.0,0.0,0,3,2.22545,13,5,4,7.0,2.0,0,Away Win,2
2015,1,6,2.34852,15,8,6,15.3636,3.0,0,2,1.21834,17,9,1,15.0,2.0,0,Home Win,0
2015,1,2,1.15966,11,2,4,15.7778,0.0,1,0,0.712132,16,2,6,12.5,2.0,0,Home Win,0
2015,1,3,1.14374,17,6,4,5.9615,0.0,0,1,0.325711,13,2,3,14.3333,3.0,0,Home Win,0
2015,1,0,1.00427,20,5,16,4.6563,2.0,0,1,0.504409,2,1,0,14.8636,2.0,0,Away Win,2
2015,1,2,1.56389,12,6,4,10.5517,0.0,0,1,1.00531,8,4,2,9.7647,1.0,0,Home Win,0
2015,1,2,1.2779,13,3,5,7.5238,1.0,0,0,0.594031,4,0,1,12.5217,3.0,1,Home Win,0
2015,1,1,1.19517,9,5,5,23.0526,1.0,0,0,0.402284,8,0,2,10.9375,0.0,0,Home Win,0
2015,1,1,0.589567,16,5,3,13.5,1.0,0,1,1.08814,13,4,5,18.125,2.0,0,Draw,1
2015,1,0,0.299104,9,3,10,19.5714,1.0,0,1,1.79578,14,5,11,7.3158,3.0,0,Away Win,2
2015,1,1,0.825418,8,2,1,14.375,3.0,0,0,1.02642,19,4,9,5.8,1.0,0,Home Win,0
2015,1,0,0.182741,3,0,3,33.0,1.0,0,0,1.53281,13,3,8,6.8519,1.0,0,Draw,1
2015,1,1,2.01767,10,4,7,6.3,0.0,0,1,0.90585,14,4,6,9.6957,1.0,0,Draw,1
2015,1,1,2.15673,22,4,14,5.7826,1.0,0,2,0.849281,9,4,6,10.5909,2.0,0,Away Win,2
2015,1,1,1.47077,10,5,4,8.2143,1.0,0,2,1.30264,13,6,10,5.303,2.0,0,Away Win,2
2015,1,2,1.88526,11,4,4,9.6667,3.0,0,2,1.58509,16,4,5,9.8261,2.0,0,Draw,1
2015,1,0,0.709485,15,1,7,10.1905,2.0,0,1,1.19495,16,4,3,16.6154,0.0,0,Away Win,2
2015,1,2,0.332888,4,1,3,13.2414,3.0,0,1,2.08956,11,3,5,5.0909,2.0,0,Home Win,0
2015,1,0,0.372387,9,1,4,9.8333,4.0,0,3,3.27478,18,7,9,8.0833,1.0,0,Away Win,2
2015,1,4,2.83068,16,9,2,11.2857,0.0,0,0,0.322061,10,3,3,17.2083,0.0,0,Home Win,0
2015,1,1,2.16487,21,7,6,6.8182,1.0,0,0,0.202798,4,2,5,14.3333,4.0,0,Home Win,0
2015,1,1,1.08612,11,3,11,9.5,0.0,0,4,2.61697,14,9,5,8.6552,3.0,0,Away Win,2
2015,1,4,3.22353,22,12,7,5.5405,2.0,0,1,0.818937,10,4,6,9.3704,2.0,0,Home Win,0
2015,1,0,0.696183,19,7,11,3.0625,1.0,0,1,1.30739,12,4,2,27.6667,3.0,0,Away Win,2
2015,1,2,0.863466,18,5,9,9.8077,0.0,0,0,0.79464,7,3,5,15.6,2.0,1,Home Win,0
2015,1,2,1.48969,12,6,10,5.0556,2.0,0,3,1.45176,14,6,10,9.75,3.0,0,Away Win,2
2015,1,3,1.69105,19,10,10,6.3158,2.0,0,3,0.729005,11,6,5,12.8696,0.0,0,Draw,1
2015,1,5,1.67836,19,8,7,7.68,1.0,0,1,0.791299,7,2,5,11.1304,1.0,0,Home Win,0
2015,1,3,2.12331,16,9,6,7.4722,2.0,0,1,1.24478,12,8,4,9.9444,1.0,0,Home Win,0
2015,1,1,0.876256,7,3,1,15.381,0.0,0,1,1.05613,10,2,8,4.7826,1.0,0,Draw,1
2015,1,0,0.333494,9,4,4,7.0526,4.0,0,0,0.283375,5,1,4,11.4783,2.0,0,Draw,1
2015,1,1,1.41404,17,6,5,5.9545,0.0,0,1,0.866305,7,3,2,10.913,2.0,0,Draw,1
2015,1,1,1.19358,10,2,8,6.641,3.0,0,0,0.367517,9,0,7,24.5833,1.0,0,Home Win,0
2015,1,1,1.01025,7,2,3,22.5,1.0,0,1,1.65699,12,3,6,9.0526,1.0,0,Draw,1
2015,1,2,2.01436,7,4,1,5.3333,0.0,0,0,0.483752,11,4,6,4.625,1.0,0,Home Win,0
2015,1,0,0.780602,10,2,3,10.1579,2.0,0,3,2.20962,16,5,8,13.88,3.0,0,Away Win,2
2015,1,2,2.07199,14,7,4,10.5625,3.0,0,0,0.310524,7,1,1,13.0,3.0,0,Home Win,0
2015,1,1,1.48695,11,4,3,8.8857,3.0,0,1,1.12876,9,3,6,9.5385,2.0,0,Draw,1
2015,1,3,2.29559,16,7,3,5.7826,1.0,0,1,1.5228,11,4,2,23.5625,1.0,0,Home Win,0
2015,1,0,1.76061,21,1,6,9.3158,1.0,0,0,1.10206,9,2,2,13.4737,0.0,0,Draw,1
2015,1,1,2.86051,23,5,10,7.3636,1.0,0,1,1.058,9,2,4,24.1667,2.0,0,Draw,1
2015,1,0,1.66952,19,6,11,5.0,2.0,0,1,1.25911,15,5,4,7.6061,1.0,0,Away Win,2
2015,1,2,0.646346,6,1,2,12.08,3.0,0,0,0.999043,10,1,7,6.2069,1.0,0,Home Win,0
2015,1,1,1.69774,19,4,13,7.6957,1.0,0,1,1.1905,14,5,6,8.8333,2.0,0,Draw,1
2015,1,1,1.49283,9,2,5,18.3684,1.0,0,1,2.43558,15,3,4,19.1,0.0,0,Draw,1
2015,1,2,1.34338,13,5,5,11.931,3.0,0,1,0.962789,13,7,5,15.9474,1.0,0,Home Win,0
2015,1,0,0.879474,14,2,8,16.6923,1.0,0,1,2.0562,13,8,3,10.0476,0.0,0,Away Win,2
2015,1,1,1.31177,12,5,8,10.0,0.0,0,0,0.890411,15,3,5,5.8261,0.0,0,Home Win,0
2015,1,0,1.13181,24,10,11,7.2414,1.0,0,0,1.87239,12,3,7,10.0,2.0,0,Draw,1
2015,1,2,1.05032,11,5,5,8.8276,2.0,0,1,1.96768,11,5,7,9.5455,1.0,0,Home Win,0
2015,1,0,1.00876,18,2,5,16.6842,0.0,0,2,1.68498,8,4,5,10.125,0.0,0,Away Win,2
2015,1,2,2.12583,28,8,4,6.0,0.0,0,2,0.835885,4,2,4,15.5789,0.0,0,Draw,1
2015,1,1,1.03317,20,8,6,5.6296,2.0,0,2,1.55252,8,4,2,8.5926,2.0,0,Away Win,2
2015,1,2,0.708846,9,5,1,7.1351,2.0,0,1,2.26887,11,4,8,4.1739,0.0,0,Home Win,0
2015,1,1,0.698255,7,2,4,16.5625,2.0,2,2,1.89177,16,6,8,8.0,1.0,0,Away Win,2
2015,1,0,0.83385,11,4,4,4.2444,1.0,0,2,1.47453,12,5,7,6.7308,1.0,0,Away Win,2
2015,1,1,2.41499,26,5,7,8.087,2.0,0,2,1.95347,12,3,3,12.1429,0.0,0,Away Win,2
2015,1,3,3.02023,17,7,2,5.8846,1.0,0,1,1.23573,11,3,2,10.931,3.0,0,Home Win,0
2015,1,2,1.48982,13,5,10,8.8,2.0,0,3,2.02911,10,5,2,8.3684,1.0,0,Away Win,2
2015,1,1,1.01394,11,2,11,6.087,0.0,0,2,0.556897,6,4,0,20.3571,2.0,0,Away Win,2
2015,1,1,1.28189,8,4,3,10.8571,1.0,0,1,0.404373,10,7,7,5.7586,3.0,0,Draw,1
2015,1,3,1.99336,6,5,7,8.8387,1.0,0,0,0.376313,12,4,9,4.3158,0.0,0,Home Win,0
2015,1,0,0.973378,22,2,8,5.4706,0.0,0,0,0.401988,11,2,9,12.1515,1.0,0,Draw,1
2015,1,2,1.50109,8,5,4,21.5882,0.0,0,1,0.769378,20,6,8,5.7941,2.0,0,Home Win,0
2015,1,2,1.18211,13,3,1,10.0909,1.0,0,0,1.28961,11,6,12,5.8438,2.0,0,Home Win,0
2015,1,1,1.21243,7,2,0,9.2381,1.0,0,0,0.554583,9,3,7,9.8667,3.0,0,Home Win,0
2015,1,3,2.40666,15,10,9,8.8571,1.0,0,0,0.452019,11,3,4,10.5,2.0,0,Home Win,0
2015,1,1,1.61235,15,8,9,7.2273,3.0,0,1,0.836027,10,4,6,8.8846,3.0,0,Draw,1
2015,1,0,0.871395,10,4,8,5.2647,1.0,0,0,0.405181,8,1,9,9.7778,0.0,0,Draw,1
2015,1,2,2.09356,17,2,9,8.0455,1.0,0,2,1.667,12,2,4,9.8929,4.0,0,Draw,1
2015,1,1,1.37933,26,5,7,3.7308,2.0,0,0,0.505167,7,3,6,16.4118,1.0,0,Home Win,0
2015,1,4,3.51848,19,9,5,5.9655,1.0,0,1,1.08103,11,3,1,17.25,1.0,0,Home Win,0
2015,1,0,1.35711,10,1,1,13.1364,2.0,0,1,1.69923,20,7,7,6.1667,2.0,0,Away Win,2
2015,1,4,2.4303,14,5,3,15.4762,1.0,0,0,0.83106,8,5,4,8.3889,0.0,0,Home Win,0
2015,1,1,2.1039,22,5,18,6.1333,0.0,0,0,0.456189,7,2,6,10.3846,0.0,0,Home Win,0
2015,1,1,1.13011,9,1,5,9.6667,4.0,1,2,0.527248,10,3,3,4.6207,2.0,0,Away Win,2
2015,1,2,1.10319,9,4,3,9.0417,2.0,0,0,0.235874,6,3,7,5.6667,5.0,0,Home Win,0
2015,1,0,0.735185,10,2,7,9.7895,3.0,0,0,0.169425,5,3,4,13.6,2.0,0,Draw,1
2015,1,3,2.2472,15,3,6,10.8,2.0,0,4,1.58159,8,5,2,9.3667,1.0,0,Away Win,2
2015,1,2,3.12958,13,6,9,11.037,2.0,0,0,0.343752,10,3,3,9.9677,0.0,0,Home Win,0
2015,1,0,1.35213,12,2,5,5.0625,4.0,0,0,0.900029,8,3,3,23.1875,2.0,0,Draw,1
2015,1,2,1.79562,13,5,4,14.1667,1.0,0,1,1.3709,14,3,7,6.1842,3.0,0,Home Win,0
2015,1,0,0.810377,11,4,1,11.5,1.0,0,0,1.66777,21,5,13,4.6429,3.0,0,Draw,1
2015,1,0,0.481551,8,3,6,11.0526,1.0,0,1,1.80743,17,6,4,7.6316,3.0,0,Away Win,2
2015,1,2,2.06737,18,10,3,11.6316,1.0,0,0,1.86591,23,2,9,5.4545,1.0,0,Home Win,0
2015,1,2,1.72318,17,5,4,10.5,1.0,0,1,0.917526,10,3,6,8.8235,1.0,1,Home Win,0
2015,1,1,1.93025,15,3,7,7.5135,2.0,0,0,1.15339,15,6,4,12.4286,2.0,0,Home Win,0
2015,1,0,2.28506,16,2,7,10.1923,1.0,0,0,1.2593,9,0,1,11.0952,1.0,1,Draw,1
2015,1,2,1.74266,19,6,4,10.0,2.0,0,1,0.542907,9,4,2,13.8889,1.0,0,Home Win,0
2015,1,1,1.50509,10,1,4,22.1818,1.0,0,0,0.932294,10,4,9,8.8889,0.0,1,Home Win,0
2015,1,3,0.761225,13,5,3,11.1739,3.0,0,1,0.27956,8,3,3,9.6364,4.0,0,Home Win,0
2015,1,1,0.985368,12,4,4,6.8276,1.0,0,2,0.692054,16,5,5,7.875,0.0,0,Away Win,2
2015,1,0,0.546499,8,4,5,10.7333,3.0,0,3,2.3747,10,4,7,8.08,0.0,0,Away Win,2
2015,1,1,0.721603,12,3,4,20.3529,1.0,0,1,0.75907,19,4,4,6.0769,2.0,0,Draw,1
2015,1,3,1.81304,14,6,5,7.8846,1.0,0,3,2.36216,12,4,3,12.9583,3.0,0,Draw,1
2015,1,1,0.551973,13,3,9,10.4583,2.0,0,0,0.547913,9,1,0,7.2857,1.0,0,Home Win,0
2015,1,1,0.729546,11,4,4,8.0345,1.0,0,3,1.18455,10,5,7,9.7619,1.0,0,Away Win,2
2015,1,2,1.7224,15,7,8,9.1613,1.0,0,0,0.11543,4,1,1,14.7333,2.0,0,Home Win,0
2015,1,3,1.24456,14,4,7,5.1515,0.0,0,1,0.193728,5,2,3,32.0769,1.0,1,Home Win,0
2015,1,2,1.06526,10,5,8,17.5385,2.0,1,4,2.49057,7,4,6,11.4783,0.0,0,Away Win,2
2015,1,2,1.38532,14,2,7,6.7368,3.0,0,2,0.704263,13,5,7,12.6,3.0,0,Draw,1
2015,1,0,1.44957,22,5,12,14.0952,0.0,0,0,0.369548,7,2,5,23.5556,1.0,0,Draw,1
2015,1,3,1.16222,22,6,9,8.6364,2.0,0,3,2.22912,14,5,3,12.0455,0.0,0,Draw,1
2015,1,0,1.2301,21,5,16,4.88,1.0,0,1,0.588708,10,2,8,10.0909,0.0,0,Away Win,2
2015,1,4,2.02579,26,11,11,8.6667,0.0,0,1,0.617306,5,2,3,15.4737,2.0,0,Home Win,0
2015,1,4,1.74025,17,4,5,5.7179,0.0,0,0,0.613339,9,3,6,8.5,2.0,0,Home Win,0
2015,1,2,1.84261,23,10,3,9.0357,1.0,0,1,1.08248,10,3,3,11.2083,0.0,0,Home Win,0
2015,1,3,1.42623,9,5,1,9.8824,0.0,0,0,0.410757,10,0,3,13.0,0.0,0,Home Win,0
2015,1,3,2.44864,14,7,6,7.7317,1.0,0,3,1.5891,9,4,4,17.1053,1.0,0,Draw,1
2015,1,3,2.53086,15,7,5,9.4545,1.0,0,0,0.595472,10,3,3,8.1818,1.0,0,Home Win,0
2015,1,1,0.665386,14,5,3,10.8421,3.0,0,1,2.21525,12,5,4,9.8462,2.0,0,Draw,1
2015,1,0,0.952974,19,4,5,9.4783,0.0,0,1,0.715703,7,1,4,7.7097,2.0,0,Away Win,2
2015,1,0,0.546879,14,6,6,8.9,0.0,0,0,0.585841,8,3,6,9.3333,0.0,0,Draw,1
2015,1,1,0.474035,10,2,6,9.2,2.0,0,0,0.525478,13,2,3,8.7742,2.0,0,Home Win,0
2015,1,4,1.03432,6,5,3,8.1786,0.0,0,5,1.44943,13,7,3,7.7826,1.0,0,Away Win,2
2015,1,1,0.930792,11,3,3,8.5667,2.0,0,3,1.74368,24,11,10,5.5,2.0,0,Away Win,2
2015,1,0,0.187217,8,1,4,10.5,0.0,0,1,0.83591,7,2,4,6.9355,0.0,0,Away Win,2
2015,1,3,2.25906,15,5,8,10.913,0.0,0,0,0.340483,3,2,4,6.8077,1.0,0,Home Win,0
2015,1,0,0.23184,4,0,2,9.4211,0.0,0,0,0.562461,15,4,6,5.5,1.0,0,Draw,1
2015,1,1,0.612134,10,5,3,18.8125,1.0,0,1,1.26851,15,5,4,6.5556,1.0,0,Draw,1
2015,1,2,2.58707,13,5,2,5.5952,2.0,0,1,1.29267,11,2,7,11.6667,1.0,0,Home Win,0
2015,1,2,1.01267,10,3,5,9.36,2.0,0,2,1.73182,16,3,2,7.9259,3.0,0,Draw,1
2015,1,1,1.94094,20,2,7,12.2,0.0,0,2,1.08055,7,5,1,11.963,3.0,0,Away Win,2
2015,1,0,1.10907,9,1,6,13.7391,1.0,1,1,1.48778,12,6,7,8.0,3.0,0,Away Win,2
2015,1,0,3.38487,22,11,13,3.2188,2.0,0,0,0.93405,14,3,3,6.9,1.0,0,Draw,1
2015,1,2,1.34566,13,6,3,10.72,0.0,0,0,0.580791,14,1,12,6.0455,1.0,0,Home Win,0
2015,1,0,0.929319,11,3,6,11.0909,2.0,0,3,2.75469,17,6,8,11.6667,2.0,0,Away Win,2
2015,1,0,0.888437,11,3,8,6.3529,1.0,0,1,0.638461,7,2,4,6.0345,4.0,0,Away Win,2
2015,1,2,2.34619,25,6,5,4.6667,3.0,0,0,0.107888,5,2,5,14.9565,0.0,1,Home Win,0
2015,1,1,1.62395,14,3,5,7.12,3.0,0,2,1.17427,8,4,3,11.375,4.0,0,Away Win,2
2015,1,3,2.45272,15,5,2,12.2083,2.0,0,0,0.350909,10,0,5,13.25,1.0,0,Home Win,0
2015,1,1,2.30645,17,7,7,9.5926,0.0,0,1,1.17928,18,4,7,5.9231,0.0,0,Draw,1
2015,1,3,2.48447,18,7,3,6.3438,1.0,0,0,0.626239,7,3,3,13.6,2.0,1,Home Win,0
2015,1,0,0.531415,12,3,7,8.6757,2.0,0,0,1.13694,12,4,7,8.7241,1.0,0,Draw,1
2015,1,1,1.70719,22,4,11,4.44,2.0,0,3,2.50168,14,7,4,12.1053,2.0,0,Away Win,2
2015,1,1,2.41057,19,7,8,4.6818,0.0,0,0,0.472556,7,0,4,10.75,3.0,0,Home Win,0
2015,1,0,0.693548,12,3,6,7.2174,1.0,0,3,3.05913,14,6,4,13.2174,0.0,0,Away Win,2
2015,1,1,2.00475,25,8,15,4.6552,0.0,0,0,0.149839,3,0,1,13.5909,1.0,0,Home Win,0
2015,1,1,1.32136,18,3,9,4.4595,1.0,0,1,1.01465,12,2,5,10.0,2.0,0,Draw,1
2015,1,2,0.918291,10,2,2,8.8636,0.0,0,0,1.1413,13,5,11,6.25,2.0,0,Home Win,0
2015,1,2,1.57712,16,5,7,7.625,1.0,0,2,0.491843,7,2,2,15.5652,1.0,0,Draw,1
2015,1,1,1.06493,8,2,4,12.4783,1.0,1,0,0.970583,18,2,5,7.8947,2.0,0,Home Win,0
2015,1,0,0.584316,17,4,7,8.3,0.0,0,2,1.13957,10,5,3,10.9583,1.0,0,Away Win,2
2015,1,1,1.61554,16,5,10,11.4375,0.0,0,1,0.780475,17,7,11,10.5789,3.0,0,Draw,1
2015,1,2,1.48186,21,5,6,9.56,2.0,0,1,0.908296,12,6,8,3.5714,3.0,0,Home Win,0
2015,1,0,0.699012,13,2,5,7.037,0.0,0,1,1.19353,14,5,4,14.1176,3.0,0,Away Win,2
2015,1,2,1.03362,13,3,3,6.7931,2.0,0,2,0.741428,11,6,3,7.35,2.0,0,Draw,1
2015,1,0,1.82912,33,6,14,3.1154,1.0,0,1,1.1974,5,1,1,18.5333,3.0,0,Away Win,2
2015,1,1,0.983946,15,5,8,5.8261,0.0,0,2,1.99728,10,4,5,5.4167,2.0,0,Away Win,2
2015,1,1,1.19427,11,2,9,8.7222,4.0,0,3,0.927348,11,6,2,14.2857,2.0,0,Away Win,2
2015,1,5,2.0858,14,7,8,9.4516,0.0,1,1,0.430664,10,3,3,13.3636,1.0,0,Home Win,0
2015,1,2,2.36319,24,6,11,4.8571,4.0,0,1,1.31246,7,3,1,9.0857,3.0,1,Home Win,0
2015,1,0,0.174868,6,1,0,12.4194,3.0,0,6,2.00756,11,9,6,6.5152,1.0,0,Away Win,2
2015,1,1,1.97876,19,4,7,11.6429,1.0,0,2,1.23517,6,3,1,7.4,3.0,0,Away Win,2
2015,1,1,0.52387,9,3,5,7.0769,1.0,0,0,1.07887,13,4,6,8.2917,0.0,0,Home Win,0
2015,1,0,1.00481,14,1,4,7.25,3.0,0,0,0.955252,11,3,5,4.8621,1.0,0,Draw,1
2015,1,1,1.7645,13,3,3,7.6471,0.0,0,0,0.814784,9,1,4,10.65,2.0,0,Home Win,0
2015,1,1,1.01074,7,2,7,12.0741,3.0,0,2,0.631036,16,4,8,12.8571,1.0,0,Away Win,2
2015,1,2,2.04047,11,3,11,10.5294,0.0,0,1,0.414343,5,1,0,11.8261,3.0,0,Home Win,0
2015,1,3,2.07488,11,5,3,10.8571,2.0,0,2,1.21638,15,2,6,8.1,2.0,0,Home Win,0
2015,1,2,3.57325,34,15,7,7.7391,2.0,0,1,1.24938,10,4,7,18.3636,3.0,0,Home Win,0
2015,1,3,1.09522,7,5,2,10.1563,4.0,0,2,1.5435,13,5,3,7.3333,3.0,0,Home Win,0
2015,1,1,0.60177,14,5,9,14.12,3.0,0,3,2.63668,10,7,8,16.2,1.0,0,Away Win,2
2015,1,2,1.41228,9,4,10,8.4074,0.0,0,0,0.954161,6,1,2,7.05,0.0,0,Home Win,0
2015,1,2,3.04626,22,4,11,4.28,0.0,0,2,1.29485,11,3,3,15.8667,2.0,0,Draw,1
2015,1,2,0.93375,17,6,4,5.24,1.0,0,2,0.887448,13,5,5,9.8696,1.0,0,Draw,1
2015,1,1,1.24159,13,2,4,9.6071,3.0,0,2,0.980988,10,2,4,12.7059,2.0,0,Away Win,2
2015,1,1,0.784319,14,3,6,11.1818,0.0,0,0,1.22673,9,3,3,2.4483,3.0,0,Home Win,0
2015,1,1,1.4928,17,4,7,7.0345,0.0,0,2,1.69788,11,2,3,15.0455,2.0,0,Away Win,2
2015,1,1,0.298318,9,2,5,5.6286,1.0,0,0,0.270782,5,3,2,11.1739,0.0,0,Home Win,0
2015,1,3,1.16781,11,7,3,5.825,0.0,0,0,0.180318,4,1,2,7.6786,1.0,0,Home Win,0
2015,1,1,0.786278,14,3,9,5.7692,1.0,0,0,2.16484,13,4,7,7.3529,2.0,0,Home Win,0
2015,1,2,1.88378,26,11,9,5.2,2.0,0,2,0.543157,10,4,2,7.0968,2.0,1,Draw,1
2015,1,1,1.54587,16,5,12,4.3,2.0,1,1,1.31562,11,3,2,12.85,1.0,0,Draw,1
2015,1,1,0.545937,10,3,5,4.4375,2.0,0,0,0.580126,8,3,0,9.7143,5.0,0,Home Win,0
2015,1,1,1.0615,20,7,8,9.2857,1.0,0,1,1.60285,17,5,4,9.625,2.0,0,Draw,1
2015,1,2,2.09025,15,8,9,14.2,2.0,1,3,2.72091,17,5,6,6.9286,3.0,0,Away Win,2
2015,1,4,2.83271,22,9,9,5.3824,0.0,0,0,0.121136,2,1,1,38.4545,1.0,0,Home Win,0
2015,1,1,0.833931,14,3,5,7.5938,1.0,0,3,1.26853,16,5,4,6.3143,3.0,0,Away Win,2
2015,1,0,0.829318,11,4,3,8.6957,2.0,0,1,1.47042,14,7,8,7.6552,2.0,0,Away Win,2
2015,1,1,1.43901,14,4,6,13.3043,1.0,0,2,2.27087,19,5,6,5.1,2.0,1,Away Win,2
2015,1,1,0.565787,9,2,4,8.1786,1.0,0,0,0.417622,7,1,5,14.7333,0.0,1,Home Win,0
2015,1,0,0.139743,5,0,3,10.32,3.0,0,0,0.557373,15,3,8,6.2174,1.0,0,Draw,1
2015,1,1,1.06676,13,2,1,6.7917,1.0,0,2,0.874966,11,4,4,10.4074,2.0,1,Away Win,2
2015,1,3,0.70756,12,4,5,7.8387,1.0,0,2,1.09562,13,4,3,5.697,0.0,0,Home Win,0
2015,1,0,1.84022,12,2,5,13.52,0.0,0,2,2.00141,19,8,8,6.5217,0.0,0,Away Win,2
2015,1,1,0.846771,10,1,8,9.8077,0.0,0,0,0.518715,12,2,4,12.2,0.0,0,Home Win,0
2015,1,0,0.58617,8,2,7,5.5946,0.0,0,2,1.92384,11,3,5,8.1714,0.0,0,Away Win,2
2015,1,0,0.784339,13,4,10,4.8462,1.0,0,1,1.20315,8,3,7,7.3529,1.0,0,Away Win,2
2015,1,2,2.1406,22,5,10,7.64,3.0,0,2,0.862828,13,6,9,11.5926,5.0,0,Draw,1
2015,1,1,0.879462,9,4,9,7.1333,3.0,0,2,1.58145,9,6,2,7.5806,1.0,0,Away Win,2
2015,1,0,0.332789,10,0,4,5.6957,1.0,0,1,0.799255,7,1,3,7.1579,2.0,0,Away Win,2
2015,1,1,0.490469,10,1,4,5.4828,3.0,0,0,0.730828,12,2,6,6.725,2.0,0,Home Win,0
2015,1,3,1.56873,16,5,3,9.64,1.0,0,2,1.29046,17,8,5,17.5385,3.0,0,Home Win,0
2015,1,1,0.940593,17,8,2,4.4231,4.0,0,1,0.785017,14,4,5,13.2632,1.0,0,Draw,1
2015,1,0,1.86249,26,3,11,8.6522,1.0,0,1,0.900312,5,4,5,7.0667,1.0,0,Away Win,2
2015,1,3,2.02694,17,8,4,6.1212,0.0,0,0,0.120366,2,0,5,21.3529,1.0,0,Home Win,0
2015,1,0,0.72512,15,4,7,15.1923,4.0,1,4,2.49358,11,8,2,7.8519,1.0,0,Away Win,2
2015,1,4,3.00742,19,12,8,7.5455,1.0,0,0,0.290619,7,3,3,18.7143,1.0,0,Home Win,0
2015,1,0,1.3239,11,2,4,10.6538,0.0,0,4,0.868303,15,7,4,11.4615,1.0,0,Away Win,2
2015,1,3,1.65216,13,6,6,17.6667,0.0,0,2,1.46835,13,5,5,9.9333,0.0,0,Home Win,0
2015,1,2,1.17598,12,5,5,15.8947,0.0,0,2,0.4319,12,3,5,8.7241,1.0,0,Draw,1
2015,1,0,1.54544,22,7,9,6.1429,1.0,0,0,0.0635563,3,0,3,7.5417,1.0,0,Draw,1
2015,1,2,1.71369,18,6,4,5.6667,2.0,1,2,1.65593,12,5,5,11.3571,2.0,0,Draw,1
2015,1,1,1.37954,15,7,12,7.7105,2.0,0,1,1.23579,18,5,9,7.3913,0.0,0,Draw,1
2015,1,1,1.38701,11,4,7,10.5294,2.0,0,0,0.670068,10,2,8,15.6,2.0,0,Home Win,0
2015,1,1,0.998692,10,2,5,7.2424,2.0,0,0,0.755625,7,1,5,10.4,0.0,0,Home Win,0
2015,1,3,1.10973,19,7,7,9.5161,2.0,0,3,1.46966,11,6,4,9.65,0.0,0,Draw,1
2015,1,1,0.408379,13,4,7,11.6522,2.0,0,1,1.59979,12,7,6,8.5882,1.0,0,Draw,1
2015,1,3,1.78477,20,6,11,9.6296,0.0,0,1,0.165982,5,3,2,21.4,0.0,0,Home Win,0
2015,1,1,1.9071,12,6,1,8.7073,5.0,0,0,1.3003,8,2,9,8.069,4.0,0,Home Win,0
2015,1,1,0.220872,6,1,3,18.0588,2.0,0,2,1.0038,12,3,8,5.5278,2.0,0,Away Win,2
2015,1,1,1.45029,13,7,10,4.5833,2.0,0,0,0.675663,13,4,4,7.4444,1.0,0,Home Win,0
2015,1,2,2.07325,13,4,8,9.875,0.0,0,1,1.09413,13,2,8,10.2083,1.0,0,Home Win,0
2015,1,0,0.872232,15,1,1,6.28,1.0,0,2,2.60072,16,7,7,6.5833,1.0,0,Away Win,2
2015,1,3,1.79647,16,8,2,5.9706,3.0,0,0,0.341238,5,1,7,6.9615,3.0,0,Home Win,0
2015,1,4,2.21484,14,6,6,8.75,0.0,0,1,0.85508,11,3,3,9.1429,2.0,0,Home Win,0
2015,1,0,1.59025,19,7,10,8.3913,0.0,0,0,0.759269,9,5,7,14.5294,1.0,1,Draw,1
2015,1,0,1.09006,19,7,14,6.9231,2.0,0,3,1.99748,8,3,0,13.0667,2.0,0,Away Win,2
2015,1,1,1.09127,13,4,14,7.8636,0.0,0,0,0.262427,7,1,3,21.0769,1.0,0,Home Win,0
2015,1,1,0.318721,7,2,3,16.0,1.0,0,1,1.38323,18,4,10,5.9429,1.0,0,Draw,1
2015,1,3,1.5024,12,7,3,16.0476,2.0,0,0,0.787081,11,1,7,5.0,1.0,0,Home Win,0
2015,1,0,2.2915,17,4,9,6.3704,0.0,0,1,0.364852,11,4,3,9.1429,3.0,0,Away Win,2
2015,1,0,0.487715,11,4,11,9.0,2.0,1,3,2.62768,11,8,3,13.5,3.0,0,Away Win,2
2015,1,2,1.95296,6,2,0,12.7059,1.0,1,2,1.56819,19,4,5,5.7931,3.0,0,Draw,1
2015,1,1,0.85914,18,5,5,8.2727,0.0,0,2,1.81443,19,6,4,20.7333,0.0,0,Away Win,2
2015,1,1,1.73461,21,6,10,8.9444,0.0,0,1,0.275806,7,2,5,16.7143,2.0,0,Draw,1
2015,1,0,0.458376,12,2,5,8.75,2.0,0,4,2.89775,23,6,3,8.2143,0.0,0,Away Win,2
2015,1,1,0.455246,5,3,5,9.1538,3.0,0,1,0.522043,9,5,3,7.92,2.0,0,Draw,1
2015,1,3,3.96294,18,7,4,7.1111,0.0,0,1,1.22333,7,4,2,6.3235,2.0,1,Home Win,0
2015,1,2,1.46607,16,10,10,4.8788,1.0,0,0,0.137416,5,0,2,11.72,2.0,0,Home Win,0
2015,1,4,3.24472,37,13,9,4.7576,1.0,0,0,0.0886329,3,0,1,24.0,1.0,1,Home Win,0
2015,1,2,1.37348,16,7,2,3.8387,0.0,0,0,0.839742,8,1,6,14.8214,1.0,0,Home Win,0
2015,1,4,2.22482,11,6,9,8.9355,0.0,0,0,1.09174,14,2,4,15.6842,0.0,0,Home Win,0
2015,1,2,1.47192,16,7,6,21.4,2.0,0,4,3.6648,17,7,11,5.973,0.0,0,Away Win,2
2015,1,1,0.575087,13,4,10,7.7632,1.0,0,4,2.07192,16,4,7,11.1905,0.0,0,Away Win,2
2015,1,2,0.712881,13,4,5,4.88,1.0,0,2,0.253033,6,3,4,9.0286,1.0,0,Draw,1
2015,1,0,0.617149,12,3,7,15.9545,2.0,0,0,0.97303,20,7,7,7.8,4.0,0,Draw,1
2015,1,4,3.31579,18,9,4,10.0541,1.0,0,0,0.576457,9,1,6,4.7179,2.0,0,Home Win,0
2015,1,1,1.26346,18,2,9,5.6667,0.0,0,1,0.894413,16,3,7,11.2692,1.0,0,Draw,1
2015,1,1,0.68487,11,3,2,5.0833,2.0,0,1,1.43105,14,5,8,10.1905,2.0,0,Draw,1
2015,1,1,0.53407,10,4,4,8.0,2.0,0,0,1.05079,9,3,8,5.7,0.0,0,Home Win,0
2015,1,2,0.95281,12,5,3,9.875,1.0,0,1,1.42599,16,2,5,17.9444,0.0,0,Home Win,0
2015,1,3,1.36255,18,6,8,6.5385,2.0,0,2,0.491793,7,2,4,17.8889,3.0,1,Home Win,0
2015,1,0,1.5346,15,5,8,7.8649,0.0,0,3,1.27183,8,4,6,6.0714,0.0,0,Away Win,2
2015,1,1,0.781508,14,3,7,7.5625,1.0,0,0,0.578781,12,3,3,21.3333,0.0,0,Home Win,0
2015,1,3,2.31862,18,9,4,9.1081,2.0,0,1,0.776186,11,3,7,13.05,2.0,1,Home Win,0
2015,1,1,1.18462,21,6,6,3.8696,3.0,0,1,1.16622,14,3,5,11.375,0.0,1,Draw,1
2015,1,4,2.84362,14,7,8,10.1515,2.0,0,2,1.12719,6,5,2,5.4118,1.0,0,Home Win,0
2015,1,2,0.81661,13,5,7,10.6818,3.0,0,2,1.90407,16,5,8,5.5714,9.0,0,Draw,1
2015,1,0,1.36825,8,2,1,12.2,1.0,0,1,1.48344,15,2,6,4.2174,0.0,0,Away Win,2
2015,1,2,1.31448,17,4,4,5.64,2.0,0,1,1.27766,12,3,3,9.1905,3.0,0,Home Win,0
2015,1,1,2.39454,25,7,13,8.0741,3.0,0,4,2.47265,13,6,3,16.4,0.0,0,Away Win,2
2015,1,0,0.0312154,2,0,0,13.5789,1.0,0,0,1.09626,9,3,5,7.7037,1.0,0,Draw,1
2015,1,1,0.814964,12,4,5,8.2857,2.0,0,1,1.34282,12,4,3,16.6111,1.0,0,Draw,1
2015,1,3,0.773876,14,4,3,8.7442,4.0,0,2,1.77677,9,8,3,11.5455,1.0,1,Home Win,0
2015,1,3,4.50525,32,8,12,16.7368,0.0,0,1,1.30184,9,5,4,6.3846,3.0,0,Home Win,0
2015,1,1,2.55547,20,6,10,5.7,0.0,0,2,1.30812,10,2,2,10.8621,3.0,0,Away Win,2
2015,1,2,2.38919,19,5,8,4.8889,1.0,0,0,0.930803,14,3,8,12.5769,2.0,0,Home Win,0
2015,1,2,0.75375,14,3,7,4.9459,2.0,0,2,1.08084,5,2,2,8.6154,1.0,0,Draw,1
2015,1,3,2.13311,20,6,6,8.4483,1.0,0,2,0.635987,3,2,2,5.9643,3.0,0,Home Win,0
2015,1,4,2.41871,18,6,5,7.8696,2.0,0,2,1.7686,12,7,1,7.3438,3.0,0,Home Win,0
2015,1,3,2.44887,14,8,5,14.9524,1.0,0,0,1.16563,17,6,5,9.625,0.0,0,Home Win,0
2015,1,1,1.83934,28,9,7,8.2222,3.0,0,1,0.812268,13,7,3,11.8462,1.0,0,Draw,1
2015,1,4,3.40207,16,7,5,7.1875,0.0,0,0,0.222731,5,2,4,24.4545,1.0,0,Home Win,0
2015,1,1,1.86065,17,4,7,14.8125,0.0,0,1,1.23491,18,5,6,7.2632,0.0,0,Draw,1
2015,1,3,2.40775,15,8,4,6.7586,0.0,0,0,0.43016,11,2,11,9.0952,0.0,0,Home Win,0
2015,1,5,2.42808,19,10,3,15.2353,1.0,1,1,0.869082,18,5,8,9.5789,2.0,0,Home Win,0
2015,1,4,2.32278,19,5,2,10.7895,1.0,0,1,1.24857,16,4,5,9.6842,2.0,0,Home Win,0
2015,1,2,0.288737,7,4,4,17.5385,3.0,0,1,2.94489,20,8,10,12.0556,1.0,0,Home Win,0
2015,1,1,0.115604,4,1,4,13.3889,1.0,0,1,2.04003,18,5,4,9.5484,3.0,0,Draw,1
2015,1,2,1.95277,20,6,7,8.15,1.0,0,2,0.908817,6,4,4,8.9524,0.0,0,Draw,1
2015,1,1,1.86869,13,1,7,13.6154,3.0,0,1,0.419877,7,3,5,4.5385,1.0,0,Draw,1
2015,1,3,1.72109,12,5,7,11.3684,1.0,0,1,0.503471,7,0,1,16.381,0.0,0,Home Win,0
2016,1,2,0.740018,14,5,5,17.8667,2.0,0,1,2.45631,18,5,3,11.28,2.0,0,Home Win,0
2016,1,0,0.990062,14,4,3,4.2609,2.0,0,1,0.684593,13,3,6,7.0769,2.0,0,Away Win,2
2016,1,1,0.790063,12,6,5,7.4194,0.0,0,1,1.12348,13,4,6,5.4118,0.0,0,Draw,1
2016,1,0,1.04903,10,3,7,10.9524,3.0,0,1,1.72089,17,9,4,10.3125,2.0,0,Away Win,2
2016,1,1,1.80523,12,2,9,7.3125,3.0,0,1,0.485626,12,1,6,9.0455,5.0,0,Draw,1
2016,1,1,0.937328,24,6,6,6.5833,1.0,0,1,0.180046,5,1,2,14.9565,2.0,1,Draw,1
2016,1,2,1.95479,16,4,9,5.4286,1.0,0,1,1.09877,7,3,6,16.0,2.0,0,Home Win,0
2016,1,1,0.522847,9,3,4,14.625,0.0,0,3,1.91105,11,7,2,10.52,1.0,0,Away Win,2
2016,1,3,1.18197,9,5,5,8.6667,3.0,0,4,1.6591,16,7,4,9.5862,3.0,0,Away Win,2
2016,1,2,1.4603,16,6,7,6.2647,5.0,0,1,0.445604,7,3,1,11.8929,2.0,0,Home Win,0
2016,1,2,1.36553,12,5,4,17.2,0.0,0,0,0.613233,13,1,0,6.871,0.0,0,Home Win,0
2016,1,1,1.31066,8,3,7,13.3158,3.0,0,4,2.17198,12,6,7,4.7273,4.0,0,Away Win,2
2016,1,2,0.197536,3,2,1,25.4375,0.0,0,0,0.939025,26,5,12,6.0,1.0,0,Home Win,0
2016,1,0,1.14134,23,3,8,10.2333,0.0,0,2,2.18655,12,4,3,25.25,0.0,0,Away Win,2
2016,1,1,2.25623,20,5,10,4.8438,3.0,0,0,0.357943,10,2,4,8.3548,3.0,0,Home Win,0
2016,1,1,0.804549,6,2,0,9.8667,4.0,0,2,1.75595,13,4,5,8.375,3.0,0,Away Win,2
2016,1,1,2.01885,11,4,7,11.8889,3.0,0,2,1.83897,13,7,4,4.8571,1.0,0,Away Win,2
2016,1,0,0.553693,8,1,2,7.4444,1.0,0,0,0.521509,13,4,7,6.6522,2.0,0,Draw,1
2016,1,1,1.4645,18,5,8,9.9655,1.0,0,2,0.854908,8,3,1,5.875,1.0,0,Away Win,2
2016,1,1,1.69288,16,2,1,7.4412,3.0,0,0,0.39341,8,5,6,7.4783,1.0,1,Home Win,0
2016,1,1,0.590511,11,4,5,7.5714,3.0,0,1,1.92569,13,3,5,7.129,5.0,0,Draw,1
2016,1,1,1.07775,14,6,3,9.8621,6.0,0,3,2.03271,10,7,2,7.0345,1.0,0,Away Win,2
2016,1,2,2.47977,13,6,4,5.8571,2.0,0,1,0.32818,9,3,6,11.3333,2.0,0,Home Win,0
2016,1,1,0.613743,16,7,5,5.8421,2.0,0,1,1.39142,5,2,5,15.1765,2.0,0,Draw,1
2016,1,3,2.65838,22,10,9,16.6429,2.0,0,0,0.18449,6,0,5,14.2917,2.0,0,Home Win,0
2016,1,1,2.659,24,5,10,4.8824,2.0,0,1,0.974014,10,3,4,12.9474,1.0,0,Draw,1
2016,1,1,2.31835,21,9,9,7.1379,2.0,0,0,0.187415,8,1,2,11.16,1.0,0,Home Win,0
2016,1,0,0.268815,8,2,1,19.1538,2.0,0,1,2.47208,29,9,6,11.85,3.0,0,Away Win,2
2016,1,0,0.696845,13,2,5,17.8889,1.0,0,0,0.396816,7,2,4,6.7308,3.0,0,Draw,1
2016,1,3,3.21624,22,5,5,5.6154,1.0,0,1,1.08385,9,2,4,13.6154,3.0,0,Home Win,0
2016,1,1,1.01013,14,3,4,11.0741,4.0,0,2,1.88688,18,6,4,5.0571,2.0,0,Away Win,2
2016,1,1,0.611959,12,4,6,9.3043,1.0,0,2,1.12437,12,4,6,16.8421,2.0,0,Away Win,2
2016,1,0,1.01771,16,2,10,13.4,3.0,0,4,2.77025,20,8,8,8.6667,2.0,0,Away Win,2
2016,1,2,1.89219,17,2,6,10.7826,2.0,0,1,1.17522,11,5,1,12.375,5.0,0,Home Win,0
2016,1,1,0.986511,12,5,10,6.8421,1.0,0,0,1.48347,12,2,5,10.6667,3.0,0,Home Win,0
2016,1,1,0.453149,13,2,5,13.931,2.0,0,1,0.907116,11,3,9,12.7778,0.0,0,Draw,1
2016,1,2,1.32216,19,4,4,5.4483,2.0,0,4,1.85479,13,8,4,12.0952,2.0,0,Away Win,2
2016,1,4,2.76916,17,11,1,15.3,1.0,0,1,1.22508,12,3,7,14.7727,2.0,0,Home Win,0
2016,1,2,1.2304,6,2,1,10.25,3.0,0,2,2.19035,28,7,11,13.7647,4.0,0,Draw,1
2016,1,0,1.0404,11,2,5,16.9565,1.0,0,3,2.84526,20,9,4,4.88,1.0,0,Away Win,2
2016,1,1,1.16415,12,4,6,14.7059,1.0,0,2,1.41642,13,5,4,10.0938,1.0,0,Away Win,2
2016,1,1,0.969693,6,2,2,37.1,0.0,1,4,3.63453,24,9,4,10.8182,2.0,0,Away Win,2
2016,1,3,1.98503,14,6,7,9.7368,0.0,0,0,0.464523,7,2,1,15.0,1.0,0,Home Win,0
2016,1,4,3.38733,20,11,5,4.3953,1.0,1,0,0.389672,6,2,5,21.2,1.0,0,Home Win,0
2016,1,4,1.94229,8,6,2,19.2632,2.0,0,2,2.37422,23,5,6,4.5172,1.0,0,Home Win,0
2016,1,3,1.17467,11,6,6,24.2308,2.0,0,1,0.178081,7,0,3,9.4722,1.0,0,Home Win,0
2016,1,3,1.74506,10,5,5,11.4762,3.0,0,1,1.41359,15,2,7,6.0556,4.0,0,Home Win,0
2016,1,4,1.31366,14,8,10,6.0345,2.0,0,1,1.20308,11,4,5,8.9063,1.0,0,Home Win,0
2016,1,1,2.15218,19,6,7,8.52,1.0,0,0,0.490661,9,3,1,16.9286,1.0,0,Home Win,0
2016,1,1,2.52591,31,9,14,5.4211,1.0,0,0,0.960821,6,2,1,17.7,5.0,1,Home Win,0
2016,1,4,2.45604,16,7,8,6.9545,0.0,0,1,0.286966,10,3,6,19.4545,2.0,0,Home Win,0
2016,1,1,0.361508,6,2,2,6.9,2.0,0,2,1.4158,19,5,10,10.0,1.0,0,Away Win,2
2016,1,1,0.979673,12,2,6,7.2857,3.0,0,1,0.270862,9,3,6,7.8077,4.0,0,Draw,1
2016,1,2,1.51457,11,4,3,10.375,0.0,0,3,1.7887,21,4,5,9.4118,2.0,0,Away Win,2
2016,1,1,1.11096,13,5,2,11.4286,2.0,0,3,2.57704,18,4,7,9.9565,4.0,0,Away Win,2
2016,1,5,4.64913,32,12,13,5.8333,1.0,0,1,0.157549,2,1,2,26.5,2.0,1,Home Win,0
2016,1,1,0.693594,12,1,5,8.5714,2.0,0,0,1.15724,13,2,3,8.2593,2.0,0,Home Win,0
2016,1,3,1.66224,14,5,9,11.4167,0.0,0,0,0.613553,9,2,1,11.8,2.0,0,Home Win,0
2016,1,0,0.693818,13,1,6,11.8261,5.0,0,3,2.97877,18,9,2,9.2273,2.0,0,Away Win,2
2016,1,2,0.569734,13,4,7,10.9583,1.0,0,0,0.776105,12,2,6,9.6111,3.0,0,Home Win,0
2016,1,1,1.1542,13,3,10,5.08,5.0,0,1,0.47692,10,2,9,11.1875,4.0,0,Draw,1
2016,1,1,2.65842,8,3,3,13.8571,2.0,0,2,2.02239,18,6,10,9.16,2.0,0,Away Win,2
2016,1,1,1.19268,7,2,6,7.5455,1.0,0,1,0.88211,17,7,5,20.0,3.0,0,Draw,1
2016,1,0,0.27266,8,2,5,14.7895,2.0,0,2,1.99155,22,9,7,11.0952,2.0,0,Away Win,2
2016,1,2,1.23419,17,7,4,6.4643,3.0,0,2,1.35487,12,3,5,9.0,4.0,0,Draw,1
2016,1,1,0.883385,19,2,4,11.5385,2.0,0,1,0.852603,9,3,5,7.4583,3.0,0,Draw,1
2016,1,1,2.80988,24,9,13,4.2069,3.0,0,1,1.20043,7,6,2,21.0769,0.0,0,Draw,1
2016,1,0,0.446309,9,1,3,19.4,1.0,0,0,0.920963,11,5,6,10.9524,0.0,0,Draw,1
2016,1,2,1.69975,13,7,4,5.9091,2.0,0,0,0.909513,12,6,3,7.1364,2.0,0,Home Win,0
2016,1,0,0.608783,10,1,2,29.9167,0.0,0,1,1.85433,18,3,6,7.8333,0.0,0,Away Win,2
2016,1,3,3.11573,16,6,8,11.2174,1.0,0,0,0.182549,5,0,5,12.8,1.0,0,Home Win,0
2016,1,3,3.50519,16,6,5,13.0,0.0,1,2,1.74979,13,6,6,8.5714,1.0,0,Home Win,0
2016,1,6,2.92532,22,10,5,7.4722,0.0,0,1,0.388589,11,4,4,16.6471,3.0,0,Home Win,0
2016,1,1,2.69208,19,8,13,5.9,0.0,0,1,0.144498,3,2,1,24.4167,2.0,0,Draw,1
2016,1,2,2.29543,17,6,6,11.375,1.0,0,0,0.587572,11,1,4,14.2632,1.0,0,Home Win,0
2016,1,1,1.30365,8,4,5,15.4762,2.0,0,1,1.32318,20,8,8,4.2105,2.0,0,Draw,1
2016,1,0,1.94599,12,3,7,11.8,1.0,0,1,0.874219,12,4,6,8.0,3.0,1,Away Win,2
2016,1,0,0.528576,10,3,4,5.4643,4.0,0,1,0.0893749,4,2,6,15.0526,1.0,0,Away Win,2
2016,1,3,4.21181,34,14,8,18.1111,1.0,0,1,1.03126,6,1,4,16.5294,2.0,0,Home Win,0
2016,1,0,0.270441,9,3,3,4.5152,0.0,0,0,0.537762,7,1,1,9.2368,4.0,0,Draw,1
2016,1,0,0.523371,8,1,7,11.24,2.0,0,0,0.74529,16,4,4,5.4643,4.0,0,Draw,1
2016,1,1,1.19585,20,3,6,5.64,2.0,0,0,0.808339,10,2,2,12.5714,5.0,0,Home Win,0
2016,1,0,1.33215,11,5,7,7.5517,2.0,0,0,0.478578,10,2,2,7.9259,1.0,0,Draw,1
2016,1,3,1.7041,16,4,8,8.6563,0.0,0,1,1.656,23,7,8,7.2174,0.0,0,Home Win,0
2016,1,0,0.701606,9,2,5,9.1034,2.0,0,2,1.04273,12,6,7,11.6818,3.0,0,Away Win,2
2016,1,2,0.905579,10,3,2,8.875,2.0,0,1,0.752795,21,8,8,8.9375,3.0,0,Home Win,0
2016,1,0,0.711811,10,6,8,4.5789,1.0,0,0,1.55581,11,4,3,20.5,0.0,0,Draw,1
2016,1,2,2.2952,21,7,3,8.1176,1.0,0,1,0.685982,7,1,2,18.3,3.0,0,Home Win,0
2016,1,1,1.15321,14,3,10,6.3043,3.0,0,1,0.563752,6,2,3,11.0,3.0,0,Draw,1
2016,1,4,2.25192,14,6,5,9.08,3.0,0,0,0.742805,16,5,7,6.4722,2.0,0,Home Win,0
2015,2,1,0.865017,12,7,3,15.45,2.0,0,1,1.16312,20,7,7,6.2222,1.0,0,Draw,1
2015,2,2,1.54404,21,9,10,7.9677,2.0,0,1,0.375662,8,4,3,18.3333,1.0,0,Home Win,0
2015,2,0,1.82451,21,5,10,4.0667,1.0,0,1,0.867178,6,2,2,9.0,3.0,0,Away Win,2
2015,2,1,1.63924,19,6,5,13.5909,1.0,0,0,0.77741,11,3,6,5.9677,1.0,0,Home Win,0
2015,2,5,1.40755,10,7,4,7.6154,1.0,1,2,2.67392,25,8,8,18.6,3.0,0,Home Win,0
2015,2,2,2.16827,15,6,5,14.0526,4.0,0,1,1.15002,14,3,1,4.7941,2.0,0,Home Win,0
2015,2,1,1.03572,21,7,9,4.4688,2.0,0,0,0.380583,5,0,1,20.125,2.0,1,Home Win,0
2015,2,1,1.24183,14,4,8,8.8696,1.0,0,3,1.0769,12,3,5,7.1351,2.0,0,Away Win,2
2015,2,2,1.93344,13,7,4,6.1563,3.0,0,0,0.586002,9,0,5,10.1379,2.0,1,Home Win,0
2015,2,1,0.895109,13,3,3,7.32,2.0,0,2,1.99731,26,7,12,6.4138,2.0,0,Away Win,2
2015,2,0,0.153057,6,2,11,10.2593,3.0,0,1,0.760634,9,2,5,6.0,1.0,0,Away Win,2
2015,2,2,1.05099,6,4,6,7.4839,0.0,0,1,1.01877,18,3,5,8.32,2.0,0,Home Win,0
2015,2,2,0.970721,18,7,6,6.8621,3.0,0,1,0.973945,10,2,6,11.8846,2.0,2,Home Win,0
2015,2,3,0.646798,10,6,4,17.9583,2.0,0,1,0.839819,8,5,2,6.1481,3.0,0,Home Win,0
2015,2,0,2.23566,25,7,10,3.9268,4.0,0,1,0.791464,5,1,0,14.2,2.0,1,Away Win,2
2015,2,2,1.71418,27,7,4,9.9167,0.0,0,2,1.36084,9,4,1,29.0909,2.0,0,Draw,1
2015,2,1,0.866071,10,5,2,13.8077,3.0,0,2,3.03344,12,5,6,4.7059,4.0,0,Away Win,2
2015,2,4,1.63354,9,5,2,10.9,0.0,0,0,0.832294,13,2,8,9.2174,1.0,0,Home Win,0
2015,2,2,2.03288,20,6,4,4.0741,2.0,0,0,0.520796,12,2,4,9.1739,2.0,0,Home Win,0
2015,2,2,3.15546,25,11,9,5.1333,1.0,0,0,0.836519,14,4,2,7.5862,4.0,0,Home Win,0
2015,2,1,0.677696,11,3,4,8.7308,2.0,1,0,0.612554,12,1,2,8.7037,4.0,0,Home Win,0
2015,2,0,0.366506,18,5,3,6.3448,4.0,0,2,1.90653,20,3,8,5.95,3.0,0,Away Win,2
2015,2,1,2.74683,26,7,5,3.2059,3.0,0,1,0.635511,6,3,3,12.8519,5.0,0,Draw,1
2015,2,2,1.61701,12,3,3,12.1905,5.0,0,2,0.926644,10,5,3,8.8846,2.0,0,Draw,1
2015,2,2,1.31893,13,6,3,4.3103,3.0,0,2,0.912214,9,2,3,10.8095,3.0,0,Draw,1
2015,2,2,1.26217,9,8,4,5.6452,3.0,1,2,1.32444,9,4,2,10.3704,4.0,1,Draw,1
2015,2,2,1.29389,16,2,5,15.4348,2.0,0,2,1.03333,17,4,5,6.0,4.0,0,Draw,1
2015,2,2,1.33653,14,8,6,9.0952,0.0,0,0,0.611595,11,5,4,11.875,1.0,0,Home Win,0
2015,2,1,1.85902,16,4,6,8.5263,2.0,0,0,0.825596,19,3,7,7.8,3.0,0,Home Win,0
2015,2,2,1.29105,12,4,2,10.2273,1.0,0,0,0.262969,9,2,5,13.375,3.0,1,Home Win,0
2015,2,1,0.991963,7,2,2,7.8485,4.0,1,2,0.68218,12,6,5,7.0,3.0,0,Away Win,2
2015,2,3,1.29857,18,8,7,5.0263,1.0,0,2,1.34984,13,3,3,8.5,2.0,0,Home Win,0
2015,2,0,0.885744,15,2,8,5.7273,3.0,0,1,1.36927,14,3,8,19.1111,1.0,0,Away Win,2
2015,2,0,0.382614,7,0,1,7.6667,1.0,1,2,2.17908,13,4,2,8.6,4.0,0,Away Win,2
2015,2,2,1.67014,21,7,11,4.5862,2.0,0,2,0.913148,12,4,4,14.1429,3.0,0,Draw,1
2015,2,2,2.63119,19,8,7,11.0,2.0,0,0,0.798391,13,5,7,13.4762,3.0,0,Home Win,0
2015,2,1,0.921773,15,3,8,7.0476,3.0,0,1,0.753904,9,3,2,7.6522,3.0,1,Draw,1
2015,2,1,1.20228,12,2,6,6.3143,4.0,0,0,1.47246,20,6,5,6.2069,5.0,0,Home Win,0
2015,2,0,1.49722,12,3,4,9.1,3.0,0,1,0.418407,8,2,3,7.0435,4.0,0,Away Win,2
2015,2,5,2.73209,19,10,7,9.6522,1.0,0,0,0.971385,9,1,1,14.0333,2.0,0,Home Win,0
2015,2,2,1.06772,11,3,7,6.4857,4.0,1,3,0.650335,9,3,1,5.2581,3.0,0,Away Win,2
2015,2,2,0.812854,10,3,10,5.9118,4.0,0,0,0.345925,10,3,3,14.3158,2.0,2,Home Win,0
2015,2,0,0.458442,9,2,2,6.7778,0.0,1,1,0.731694,13,4,5,7.7586,6.0,0,Away Win,2
2015,2,2,0.187797,6,3,4,13.9412,6.0,0,1,1.4457,24,8,19,3.8333,3.0,0,Home Win,0
2015,2,0,0.362323,11,1,4,43.0,3.0,0,0,1.16585,22,4,4,4.84,3.0,0,Draw,1
2015,2,1,0.425996,10,5,0,12.9655,3.0,0,0,0.151262,4,1,4,12.35,3.0,0,Home Win,0
2015,2,2,1.64826,18,4,6,4.5882,1.0,0,0,0.311562,3,1,0,23.0556,2.0,0,Home Win,0
2015,2,1,0.838775,17,4,11,6.963,4.0,0,0,0.240971,7,1,2,15.5789,4.0,0,Home Win,0
2015,2,1,1.99042,36,7,10,4.7692,2.0,0,1,0.512593,9,1,5,12.3043,3.0,0,Draw,1
2015,2,0,0.719009,10,1,4,7.0857,2.0,0,1,0.690699,13,3,5,6.4524,4.0,0,Away Win,2
2015,2,5,3.46661,17,10,6,6.3704,1.0,0,1,1.51645,13,6,6,18.2,1.0,0,Home Win,0
2015,2,2,0.704583,13,5,4,6.8,2.0,0,1,0.679724,12,3,4,11.36,4.0,0,Home Win,0
2015,2,1,0.656301,11,2,7,4.5938,4.0,0,0,0.947572,12,3,4,5.8148,4.0,1,Home Win,0
2015,2,1,1.07591,6,1,3,14.15,2.0,0,2,2.28189,13,3,10,4.5882,2.0,1,Away Win,2
2015,2,1,0.822599,13,5,4,9.0952,3.0,0,1,0.595795,12,2,2,5.7073,1.0,0,Draw,1
2015,2,2,0.578424,10,3,5,10.25,2.0,2,1,0.380741,11,3,1,12.1852,5.0,0,Home Win,0
2015,2,1,1.61378,12,3,6,5.8947,4.0,0,2,1.75506,11,3,4,7.3333,3.0,0,Away Win,2
2015,2,1,1.0519,5,2,2,21.5,4.0,1,4,3.14215,12,8,3,6.05,2.0,0,Away Win,2
2015,2,2,1.56653,10,4,4,6.3529,3.0,0,0,1.10742,13,5,5,4.25,4.0,1,Home Win,0
2015,2,2,2.02949,18,5,5,5.7297,3.0,0,1,0.78253,8,4,4,4.2222,3.0,0,Home Win,0
2015,2,2,0.880132,7,3,2,21.6,2.0,0,1,1.21414,13,3,5,9.0435,1.0,0,Home Win,0
2015,2,1,1.67182,17,7,5,4.8049,3.0,0,1,1.11646,10,3,5,11.65,0.0,0,Draw,1
2015,2,1,0.835463,18,4,5,5.9259,2.0,1,0,0.298038,7,1,2,6.4865,3.0,0,Home Win,0
2015,2,2,1.27132,14,5,6,10.7895,4.0,0,4,2.02203,13,8,3,11.5625,3.0,0,Away Win,2
2015,2,1,2.38692,15,6,9,15.6667,2.0,0,1,1.91353,17,7,9,5.4643,4.0,0,Draw,1
2015,2,1,1.36533,9,3,2,11.7143,2.0,0,1,1.41836,19,7,10,3.4688,1.0,0,Draw,1
2015,2,3,3.4019,19,8,5,10.7895,1.0,0,1,0.139356,2,1,2,17.4815,5.0,0,Home Win,0
2015,2,2,3.62854,29,11,10,3.5484,4.0,0,0,0.738998,12,6,6,11.2857,1.0,0,Home Win,0
2015,2,0,0.380343,12,2,5,14.1034,3.0,0,4,1.8145,11,4,1,9.7895,3.0,0,Away Win,2
2015,2,3,3.24131,29,9,8,9.15,0.0,0,0,0.479182,5,1,4,17.45,2.0,1,Home Win,0
2015,2,3,1.59672,9,5,6,7.9677,1.0,0,1,0.552993,13,6,4,14.8696,1.0,0,Home Win,0
2015,2,1,0.336416,6,2,7,10.037,3.0,0,1,0.794492,8,3,1,9.9091,4.0,0,Draw,1
2015,2,0,1.7239,17,6,6,6.2368,1.0,0,1,1.66538,9,4,6,18.375,4.0,0,Away Win,2
2015,2,2,1.23144,14,4,8,12.2941,2.0,0,0,1.40095,19,2,12,5.0909,4.0,0,Home Win,0
2015,2,3,1.24967,12,6,7,13.0588,2.0,1,2,2.1399,21,3,7,4.4722,2.0,0,Home Win,0
2015,2,1,1.10503,8,2,8,14.2778,2.0,0,1,0.839325,15,5,8,8.3448,2.0,0,Draw,1
2015,2,2,1.78618,16,4,3,7.3824,1.0,0,1,0.719194,12,3,9,5.5484,3.0,1,Home Win,0
2015,2,3,2.23861,15,7,8,5.5143,1.0,0,0,1.03029,13,5,7,16.4737,3.0,0,Home Win,0
2015,2,2,2.26213,13,6,4,11.0333,3.0,0,1,0.682353,10,3,5,6.25,4.0,0,Home Win,0
2015,2,0,0.360147,8,2,4,10.1111,3.0,0,0,0.900473,15,4,9,15.875,5.0,0,Draw,1
2015,2,2,1.60235,15,5,3,7.75,3.0,0,0,0.550221,14,3,8,5.3611,3.0,0,Home Win,0
2015,2,1,0.820122,8,2,3,16.5263,2.0,1,2,1.96954,14,4,8,10.4,2.0,0,Away Win,2
2015,2,1,1.06069,10,2,3,13.6316,3.0,0,1,2.04874,19,7,10,8.5385,1.0,1,Draw,1
2015,2,4,2.84874,10,6,2,11.8261,2.0,0,1,0.629179,11,1,8,14.3125,2.0,0,Home Win,0
2015,2,1,2.10451,19,7,6,12.2,4.0,0,0,0.430149,12,2,3,7.037,2.0,0,Home Win,0
2015,2,2,1.94453,21,3,7,6.625,1.0,0,1,0.104562,4,2,2,9.8214,3.0,1,Home Win,0
2015,2,2,3.13825,19,10,4,7.0417,2.0,0,0,0.112853,5,0,3,16.3214,2.0,1,Home Win,0
2015,2,3,1.30999,10,3,0,8.6129,2.0,0,0,0.31541,8,3,7,7.675,3.0,0,Home Win,0
2015,2,1,1.27493,21,4,8,5.25,2.0,0,2,0.955907,6,4,1,10.1026,4.0,1,Away Win,2
2015,2,0,0.652747,7,1,2,11.5625,1.0,0,1,1.27216,18,4,8,7.6154,2.0,0,Away Win,2
2015,2,0,0.662582,7,3,2,13.0357,1.0,0,1,1.26761,11,6,2,10.5909,2.0,1,Away Win,2
2015,2,2,1.00468,8,3,5,4.8214,1.0,1,1,0.640609,13,3,4,5.72,3.0,1,Home Win,0
2015,2,0,0.0829689,2,0,5,11.7429,5.0,0,2,1.97422,9,2,2,10.5789,2.0,0,Away Win,2
2015,2,1,1.5031,24,4,10,12.9048,0.0,0,0,0.182518,4,3,3,7.9394,2.0,0,Home Win,0
2015,2,2,1.10143,23,8,8,6.8438,0.0,0,0,0.26471,8,0,2,26.8125,0.0,0,Home Win,0
2015,2,3,2.09363,19,8,3,9.5556,1.0,0,1,0.538201,6,2,4,13.3704,3.0,0,Home Win,0
2015,2,2,0.40769,8,3,5,5.8974,2.0,0,1,0.189085,6,3,6,9.7826,4.0,0,Home Win,0
2015,2,1,0.326576,7,3,1,7.8529,5.0,0,0,0.552665,14,3,11,3.9189,2.0,1,Home Win,0
2015,2,3,1.45703,17,7,4,9.5556,2.0,0,3,1.57922,9,4,2,7.0667,1.0,0,Draw,1
2015,2,1,0.578361,14,3,6,6.5111,2.0,0,1,0.698332,17,5,5,7.8182,3.0,1,Draw,1
2015,2,2,1.47178,17,6,7,10.0,2.0,0,1,0.753835,10,5,3,18.3684,5.0,0,Home Win,0
2015,2,1,0.392755,10,3,4,14.4762,4.0,0,0,1.89135,19,9,9,6.96,1.0,1,Home Win,0
2015,2,4,2.48691,31,9,8,4.6765,0.0,0,1,0.253216,6,1,1,13.9259,1.0,0,Home Win,0
2015,2,0,0.477536,9,1,1,9.2258,3.0,0,0,1.28075,18,8,6,6.4545,2.0,0,Draw,1
2015,2,3,1.37773,10,5,0,10.3077,5.0,0,0,1.25378,8,2,4,6.0,3.0,0,Home Win,0
2015,2,0,1.24528,11,6,5,8.7857,2.0,0,0,0.525153,11,3,6,4.0357,3.0,0,Draw,1
2015,2,0,1.35495,14,2,10,7.0333,1.0,0,0,0.249152,6,2,1,9.9,2.0,0,Draw,1
2015,2,1,0.370329,10,4,7,3.8158,2.0,0,3,1.97816,9,3,3,9.2414,2.0,0,Away Win,2
2015,2,1,1.56286,15,2,4,8.2333,3.0,0,1,0.959375,10,3,3,11.5,2.0,0,Draw,1
2015,2,0,1.12409,15,4,7,6.5897,6.0,0,1,0.848186,14,5,4,8.1923,3.0,0,Away Win,2
2015,2,0,0.238936,11,2,9,7.4688,1.0,0,2,1.29364,10,4,4,20.25,1.0,0,Away Win,2
2015,2,0,0.444823,8,3,4,15.2,4.0,0,0,1.2934,15,4,6,3.8261,4.0,0,Draw,1
2015,2,0,1.34479,16,8,5,15.0,2.0,0,1,0.889238,7,2,2,8.1892,1.0,0,Away Win,2
2015,2,1,1.37733,9,4,6,6.1724,4.0,0,0,0.271335,7,2,7,7.575,5.0,0,Home Win,0
2015,2,1,0.862642,14,3,10,9.2222,4.0,0,0,1.21475,13,3,8,6.4231,3.0,0,Home Win,0
2015,2,2,2.02818,14,2,2,6.6579,3.0,0,0,1.36156,7,2,6,7.0385,4.0,0,Home Win,0
2015,2,1,0.478585,12,4,4,11.6,2.0,0,3,2.15262,11,4,3,7.1667,3.0,0,Away Win,2
2015,2,2,1.26946,18,5,6,5.8966,2.0,0,2,1.78652,10,3,5,5.6538,3.0,1,Draw,1
2015,2,1,1.1988,15,5,7,8.2609,3.0,0,0,0.298595,8,2,5,17.1765,3.0,0,Home Win,0
2015,2,0,0.329683,3,2,1,8.2195,3.0,0,2,2.70882,20,7,8,11.0,3.0,0,Away Win,2
2015,2,2,1.55674,9,3,5,2.9286,5.0,0,2,2.43427,14,5,5,3.6071,4.0,0,Draw,1
2015,2,1,1.00993,16,5,3,6.2368,2.0,0,0,0.579847,9,2,1,10.88,2.0,0,Home Win,0
2015,2,0,0.169838,3,3,3,27.0625,3.0,0,2,2.39349,22,10,6,5.2333,2.0,0,Away Win,2
2015,2,1,1.52326,18,3,10,5.4074,3.0,0,1,0.648783,13,8,2,8.0294,3.0,0,Draw,1
2015,2,1,0.710226,9,4,6,9.6667,3.0,0,0,0.432258,10,0,1,10.0,1.0,1,Home Win,0
2015,2,1,0.949266,19,3,9,5.6364,4.0,0,2,0.535478,9,3,6,7.4783,3.0,0,Away Win,2
2015,2,2,1.62042,18,5,6,4.7143,5.0,0,2,0.640222,15,5,3,12.7333,3.0,0,Draw,1
2015,2,2,0.93114,14,3,6,8.2813,3.0,1,1,1.06319,9,4,6,7.1304,0.0,1,Home Win,0
2015,2,0,0.896778,15,1,10,5.7407,2.0,0,1,1.55139,14,2,3,9.0333,1.0,0,Away Win,2
2015,2,4,3.15518,22,10,6,5.2857,1.0,0,0,0.473179,11,4,7,7.4,3.0,0,Home Win,0
2015,2,2,1.32824,13,6,7,8.4231,0.0,0,0,0.095766,3,0,2,11.0571,1.0,0,Home Win,0
2015,2,4,3.69609,22,9,4,6.027,1.0,0,1,1.14859,10,2,2,7.4,2.0,0,Home Win,0
2015,2,0,0.900985,17,3,9,5.069,1.0,1,2,1.34272,4,3,3,8.5185,2.0,2,Away Win,2
2015,2,3,2.46758,16,6,6,5.0645,2.0,0,2,0.811855,16,8,4,7.48,4.0,1,Home Win,0
2015,2,1,0.666263,9,3,9,5.2222,0.0,1,2,2.06166,15,5,7,3.8864,3.0,0,Away Win,2
2015,2,2,1.91846,12,6,3,6.4194,5.0,0,3,1.83753,14,5,6,8.36,2.0,0,Away Win,2
2015,2,1,0.283493,5,1,3,12.0,4.0,0,0,0.923335,16,5,8,4.0476,0.0,0,Home Win,0
2015,2,0,0.458932,11,0,1,11.4848,2.0,0,3,1.60298,16,4,7,6.625,3.0,0,Away Win,2
2015,2,1,0.85517,16,2,7,4.9167,2.0,0,1,1.54801,17,4,4,8.0,1.0,0,Draw,1
2015,2,2,0.669598,12,4,4,7.25,4.0,0,1,0.515146,11,2,5,23.2,1.0,1,Home Win,0
2015,2,0,0.394844,11,3,6,3.9615,5.0,0,2,0.336716,7,1,1,11.5758,3.0,0,Away Win,2
2015,2,1,1.64485,11,5,2,20.0556,3.0,0,1,0.237957,5,3,5,6.7353,4.0,0,Draw,1
2015,2,1,1.02596,14,5,5,5.3611,1.0,1,0,0.0962433,4,2,3,9.8056,3.0,0,Home Win,0
2015,2,3,1.61912,11,4,4,12.375,2.0,0,2,1.51699,16,7,7,7.1905,0.0,0,Home Win,0
2015,2,3,1.51762,12,4,3,9.1786,1.0,1,0,0.845303,17,4,8,5.9211,3.0,0,Home Win,0
2015,2,3,2.02848,14,5,7,8.3214,2.0,0,0,0.925195,8,0,1,10.7667,5.0,0,Home Win,0
2015,2,0,1.23162,14,3,9,3.7209,3.0,0,2,1.2951,10,3,6,4.2069,5.0,1,Away Win,2
2015,2,0,1.40759,18,4,12,8.2069,1.0,0,1,0.644992,11,5,0,12.8571,4.0,0,Away Win,2
2015,2,1,0.631223,8,2,11,6.3,2.0,0,3,2.65301,17,10,6,10.9167,3.0,0,Away Win,2
2015,2,0,0.413865,11,3,2,7.3333,0.0,0,0,0.859272,20,7,12,3.5161,2.0,0,Draw,1
2015,2,0,2.2972,19,4,10,6.2381,0.0,1,1,0.889109,10,2,7,11.7083,2.0,1,Away Win,2
2015,2,4,2.74774,20,6,6,7.6316,2.0,0,1,1.49153,15,3,4,5.48,3.0,0,Home Win,0
2015,2,0,1.56304,22,7,9,10.0,3.0,0,4,1.76294,13,7,2,12.1818,3.0,0,Away Win,2
2015,2,1,1.44621,17,6,9,9.6111,3.0,1,1,1.06932,11,2,7,11.3043,6.0,0,Draw,1
2015,2,1,1.55883,15,3,5,7.4286,3.0,0,0,0.108307,6,2,1,9.2963,2.0,2,Home Win,0
2015,2,3,1.76158,13,4,2,6.56,0.0,0,0,1.39607,14,4,4,15.2903,2.0,0,Home Win,0
2015,2,0,1.42523,12,4,7,8.1034,2.0,0,0,0.230838,4,0,1,12.4483,3.0,0,Draw,1
2015,2,3,1.68301,16,6,3,15.9286,3.0,0,1,0.886683,6,1,1,6.8621,5.0,0,Home Win,0
2015,2,1,0.821242,14,2,7,9.3043,2.0,0,1,0.420474,11,5,0,13.9524,4.0,0,Draw,1
2015,2,2,1.25861,13,4,9,6.8611,2.0,0,3,1.9478,17,7,6,7.3,4.0,0,Away Win,2
2015,2,2,1.00082,11,3,3,11.0857,1.0,0,3,1.66604,10,6,3,5.7407,0.0,0,Away Win,2
2015,2,2,1.00227,14,8,7,5.8182,1.0,0,0,0.228348,7,0,2,19.2917,2.0,0,Home Win,0
2015,2,1,0.799558,16,5,7,10.9355,1.0,1,3,3.81906,15,5,4,9.16,1.0,1,Away Win,2
2015,2,1,1.16023,10,6,6,10.1481,2.0,0,1,1.49577,16,5,8,6.5,1.0,0,Draw,1
2015,2,2,2.12232,7,3,5,8.64,3.0,1,0,0.888835,12,4,8,13.7143,1.0,0,Home Win,0
2015,2,2,1.59365,17,7,6,5.6774,2.0,0,0,0.647545,11,5,3,11.5652,4.0,0,Home Win,0
2015,2,0,0.50199,10,1,7,8.1154,2.0,0,1,1.52143,12,6,7,12.2353,1.0,1,Away Win,2
2015,2,2,1.03341,15,6,2,11.381,5.0,0,4,3.94009,22,10,11,4.913,3.0,0,Away Win,2
2015,2,1,0.52033,7,1,5,6.5,1.0,1,2,1.39821,7,3,4,11.25,2.0,1,Away Win,2
2015,2,2,2.02544,18,10,12,4.8378,6.0,0,3,1.17866,11,5,5,13.0,1.0,0,Away Win,2
2015,2,2,1.91362,18,6,4,14.6471,3.0,0,1,1.10135,20,6,5,4.6296,3.0,0,Home Win,0
2015,2,3,1.7967,12,6,8,7.8182,3.0,0,3,2.52768,14,5,2,15.5,2.0,0,Draw,1
2015,2,1,0.930207,11,3,4,7.4444,3.0,0,3,1.39737,11,5,3,4.3243,3.0,0,Away Win,2
2015,2,2,2.31584,30,3,8,4.6522,1.0,1,2,0.181481,5,2,1,10.1724,2.0,0,Draw,1
2015,2,3,1.4656,15,6,9,7.8667,3.0,0,0,0.268673,7,1,3,16.5,2.0,0,Home Win,0
2015,2,0,0.445881,15,0,9,4.5172,2.0,0,0,0.194449,5,2,7,8.375,1.0,0,Draw,1
2015,2,0,1.77385,17,4,10,6.8,6.0,0,1,1.25169,7,3,0,10.4643,5.0,0,Away Win,2
2015,2,0,0.506892,16,4,8,6.8462,2.0,0,1,1.13955,14,3,5,12.7273,2.0,0,Away Win,2
2015,2,2,1.36081,17,8,7,13.8571,2.0,0,1,1.05846,9,4,5,14.72,4.0,0,Home Win,0
2015,2,2,1.49909,13,6,6,8.3429,1.0,0,1,0.326424,10,5,5,9.0588,1.0,0,Home Win,0
2015,2,1,0.733022,17,7,6,4.3333,3.0,0,3,1.61272,10,6,2,13.1333,4.0,0,Away Win,2
2015,2,1,1.03182,12,5,4,15.0625,3.0,0,1,1.19666,17,6,8,7.6667,3.0,0,Draw,1
2015,2,0,2.22072,21,6,9,4.7241,3.0,0,1,2.23726,15,6,7,7.4194,3.0,0,Away Win,2
2015,2,0,0.664628,14,0,4,7.1515,2.0,0,2,1.29873,13,2,5,6.6579,2.0,0,Away Win,2
2015,2,0,1.22915,16,2,5,4.8421,2.0,0,1,0.344665,8,2,4,12.3043,2.0,0,Away Win,2
2015,2,0,1.94161,19,6,7,8.2258,3.0,0,1,1.23208,11,4,1,6.1707,6.0,0,Away Win,2
2015,2,1,0.317832,9,3,3,21.5909,2.0,0,5,2.93173,24,10,9,6.16,1.0,0,Away Win,2
2015,2,0,2.97331,31,7,10,4.3636,2.0,0,1,1.12513,9,2,3,9.2917,4.0,0,Away Win,2
2015,2,1,0.76502,9,2,5,9.8077,2.0,1,2,1.24169,13,5,8,10.2727,4.0,0,Away Win,2
2015,2,1,1.68736,17,5,8,7.1667,4.0,0,1,0.718571,13,2,8,6.92,5.0,0,Draw,1
2015,2,4,2.60731,21,9,6,9.1818,1.0,0,2,0.651895,18,5,7,9.0417,1.0,0,Home Win,0
2015,2,3,1.84787,20,6,3,5.0278,0.0,0,1,1.04073,9,3,5,12.2647,1.0,0,Home Win,0
2015,2,4,2.93614,18,10,1,5.3333,2.0,0,0,0.41324,11,3,2,7.5946,2.0,1,Home Win,0
2015,2,2,1.45008,8,3,2,7.7429,1.0,1,2,1.27249,10,3,7,4.625,2.0,0,Draw,1
2015,2,0,0.338728,8,3,3,26.4286,1.0,1,4,2.68244,13,8,4,7.6552,1.0,0,Away Win,2
2015,2,1,2.46945,16,4,8,5.8182,0.0,0,1,1.20156,10,3,2,18.3158,2.0,0,Draw,1
2015,2,1,1.13429,15,5,3,11.6452,3.0,0,1,0.941671,14,5,6,6.2759,3.0,0,Draw,1
2015,2,2,1.3392,9,5,2,10.0333,1.0,1,1,2.30542,12,4,4,4.5862,1.0,0,Home Win,0
2015,2,2,1.04719,4,3,4,9.2195,2.0,0,0,0.821998,14,1,10,3.8056,4.0,0,Home Win,0
2015,2,1,1.59728,13,3,8,6.3571,2.0,0,1,0.960259,8,5,5,12.0435,4.0,0,Draw,1
2015,2,0,0.800838,11,1,5,5.303,2.0,0,0,0.975734,16,3,1,7.4783,1.0,0,Draw,1
2015,2,2,1.30659,16,6,2,7.25,2.0,0,2,1.18014,10,5,3,8.439,4.0,0,Draw,1
2015,2,2,0.834601,13,2,3,8.4167,1.0,0,0,1.19235,9,2,8,9.375,4.0,0,Home Win,0
2015,2,2,0.564595,8,4,7,16.2381,1.0,1,4,3.3808,23,9,3,13.2632,1.0,0,Away Win,2
2015,2,1,2.22439,18,7,7,6.0,3.0,0,1,0.685858,12,4,6,8.85,3.0,1,Draw,1
2015,2,0,0.582814,14,2,4,10.9524,0.0,1,2,1.77372,16,7,5,7.8788,2.0,0,Away Win,2
2015,2,1,1.74303,17,9,3,7.2821,2.0,0,1,0.67278,10,2,3,4.525,2.0,0,Draw,1
2015,2,4,2.6703,24,7,8,5.7105,2.0,1,1,1.48963,7,5,5,9.9167,0.0,1,Home Win,0
2015,2,4,1.9135,16,8,7,15.1111,2.0,0,1,1.78224,20,9,7,16.4615,3.0,0,Home Win,0
2015,2,1,0.693173,15,7,1,15.5455,2.0,0,0,0.200084,5,1,2,10.8387,4.0,0,Home Win,0
2015,2,1,1.18567,13,1,7,4.6744,2.0,0,1,0.981895,5,1,4,7.4348,3.0,0,Draw,1
2015,2,1,1.13065,6,5,3,6.7632,2.0,0,1,0.907407,9,1,5,6.5143,4.0,0,Draw,1
2015,2,3,1.21392,22,6,11,7.1667,1.0,0,1,0.515185,13,3,8,13.2917,2.0,0,Home Win,0
2015,2,0,0.178979,6,2,0,14.0278,3.0,0,4,3.68705,30,10,4,9.5652,2.0,0,Away Win,2
2015,2,0,0.435839,11,1,5,22.9091,2.0,1,0,0.870348,17,1,5,4.6786,4.0,1,Draw,1
2015,2,0,1.61682,16,6,5,6.24,0.0,0,0,0.546912,10,3,2,7.2903,4.0,0,Draw,1
2015,2,5,2.68666,20,6,4,7.3243,3.0,0,1,0.239824,7,2,3,12.6875,3.0,0,Home Win,0
2015,2,0,0.937274,11,2,7,7.6047,2.0,0,0,0.584227,11,3,6,4.6897,3.0,0,Draw,1
2015,2,3,1.49711,7,5,3,14.6364,3.0,0,2,1.44633,14,6,4,8.6429,5.0,0,Home Win,0
2015,2,3,2.31764,14,5,5,6.0,3.0,0,0,1.75777,12,3,6,10.0952,1.0,0,Home Win,0
2015,2,0,1.39147,17,6,8,8.4,1.0,0,2,2.61936,13,5,7,9.9524,2.0,1,Away Win,2
2015,2,1,1.81211,20,7,7,6.2941,2.0,0,0,1.06771,15,3,4,7.35,4.0,1,Home Win,0
2015,2,2,0.630181,11,5,10,6.6316,5.0,0,1,0.959221,7,2,3,7.5897,3.0,0,Home Win,0
2015,2,1,2.4039,24,8,11,6.56,3.0,0,0,0.382305,7,0,1,6.439,5.0,0,Home Win,0
2015,2,1,0.716861,11,2,3,8.16,1.0,1,0,0.184361,7,2,0,6.0952,3.0,0,Home Win,0
2015,2,0,0.69714,12,2,6,19.4706,3.0,0,2,2.3384,16,8,6,5.8462,0.0,0,Away Win,2
2015,2,0,0.554354,8,0,4,11.1795,4.0,0,2,1.55653,11,5,3,10.08,2.0,0,Away Win,2
2015,2,2,0.758631,9,4,2,9.5,3.0,0,2,1.84523,14,6,6,5.5,3.0,0,Draw,1
2015,2,1,2.10015,19,4,7,3.1111,3.0,0,1,0.665742,5,2,3,7.375,6.0,0,Draw,1
2015,2,2,1.54232,13,5,7,5.5946,2.0,0,1,1.36097,18,4,5,5.7333,3.0,1,Home Win,0
2015,2,1,1.01612,12,6,8,10.0968,2.0,0,1,0.470711,12,2,4,10.5714,2.0,1,Draw,1
2015,2,0,0.335093,5,1,2,8.0,3.0,0,0,0.521845,10,2,9,5.05,3.0,0,Draw,1
2015,2,3,1.30961,10,4,7,13.7727,3.0,0,3,2.40052,15,7,10,3.32,2.0,0,Draw,1
2015,2,0,0.265668,5,0,2,8.9667,3.0,0,2,1.57845,25,9,6,4.5417,1.0,0,Away Win,2
2015,2,2,2.28066,23,6,7,4.2,3.0,0,2,0.712807,7,2,3,10.4815,0.0,1,Draw,1
2015,2,1,2.27124,22,7,13,4.1667,1.0,0,0,0.0810378,3,0,1,18.65,4.0,1,Home Win,0
2015,2,1,0.955057,12,4,6,8.4483,3.0,0,2,1.02676,8,3,2,6.3077,3.0,0,Away Win,2
2015,2,1,1.9269,22,5,9,5.6818,1.0,0,1,1.45441,9,5,0,17.0,3.0,0,Draw,1
2015,2,0,0.983654,11,2,5,8.8485,3.0,0,0,0.588857,9,3,3,5.7143,4.0,0,Draw,1
2015,2,2,1.46365,13,4,4,10.6923,2.0,0,1,1.14306,10,4,5,16.7368,3.0,0,Home Win,0
2015,2,5,4.18006,18,7,9,5.4242,1.0,0,2,0.363488,8,4,3,14.2857,0.0,0,Home Win,0
2015,2,1,0.873983,7,2,4,13.3793,5.0,0,3,2.28532,19,6,6,5.3333,0.0,0,Away Win,2
2015,2,1,2.54317,29,6,16,4.6667,2.0,0,2,1.02693,10,2,1,7.5,6.0,0,Away Win,2
2015,2,1,1.50751,11,4,5,7.3846,3.0,0,1,1.10703,16,2,7,7.7727,2.0,0,Draw,1
2015,2,1,0.560005,13,4,4,16.8261,2.0,0,0,0.223882,7,1,3,9.7667,2.0,0,Home Win,0
2015,2,2,0.743611,14,6,5,4.3095,1.0,0,1,1.08215,6,2,3,10.44,1.0,0,Home Win,0
2015,2,1,0.986373,18,5,9,11.5,1.0,0,3,3.01088,20,8,3,8.04,2.0,0,Away Win,2
2015,2,0,0.923922,10,2,7,9.9048,2.0,0,0,0.22159,9,2,6,8.3,4.0,0,Draw,1
2015,2,0,1.73146,10,2,8,5.4375,0.0,0,1,1.03902,11,2,6,6.9667,1.0,0,Away Win,2
2015,2,2,1.76114,13,8,7,6.2308,2.0,1,1,0.638279,6,1,4,13.8182,5.0,2,Home Win,0
2015,2,0,0.253376,8,1,1,12.84,2.0,0,0,0.824045,10,0,8,7.6667,2.0,0,Draw,1
2015,2,3,2.44214,20,8,8,13.9375,1.0,1,1,1.28607,14,2,3,3.0833,3.0,1,Home Win,0
2015,2,3,1.91305,6,3,7,10.8333,3.0,0,1,0.931898,19,3,7,5.8966,2.0,0,Home Win,0
2015,2,2,3.02477,21,8,3,5.0333,3.0,0,1,1.73936,13,6,3,10.4545,3.0,0,Home Win,0
2015,2,3,0.982567,13,7,8,6.5,1.0,1,2,1.49386,10,4,5,7.069,1.0,1,Home Win,0
2015,2,2,2.03351,13,5,4,7.9706,3.0,1,3,1.94407,14,8,2,7.5185,2.0,0,Away Win,2
2015,2,0,1.23939,11,4,5,6.0,4.0,0,0,0.299053,5,0,3,7.871,4.0,0,Draw,1
2015,2,0,0.630916,9,1,6,10.6667,2.0,0,0,0.758094,18,2,6,4.5714,0.0,0,Draw,1
2015,2,5,2.43671,25,5,6,7.25,0.0,0,0,0.207981,5,2,3,19.6,1.0,0,Home Win,0
2015,2,1,1.40477,19,4,6,5.3611,0.0,0,1,0.593696,7,2,3,18.9474,2.0,0,Draw,1
2015,2,1,0.332954,8,3,4,9.7727,1.0,1,3,1.08467,15,6,4,8.5,2.0,0,Away Win,2
2015,2,1,1.34094,19,3,5,9.24,2.0,0,0,0.678004,11,4,6,11.8182,1.0,0,Home Win,0
2015,2,0,0.636809,7,4,7,13.2727,3.0,0,0,1.04567,17,5,4,7.25,1.0,0,Draw,1
2015,2,2,1.30627,25,6,12,4.6061,5.0,0,0,0.49477,15,1,10,3.7241,2.0,0,Home Win,0
2015,2,1,1.76947,16,6,5,6.5278,2.0,0,0,0.526085,11,4,7,6.963,3.0,0,Home Win,0
2015,2,2,2.04738,13,4,7,16.2308,1.0,0,0,0.58858,10,2,4,8.1923,3.0,0,Home Win,0
2015,2,1,1.43845,10,4,6,7.9583,3.0,0,1,0.947109,12,5,2,3.8148,3.0,0,Draw,1
2015,2,2,1.97864,9,6,3,12.4167,3.0,0,0,0.358357,8,3,3,8.6061,1.0,0,Home Win,0
2015,2,0,1.33889,15,3,6,2.9143,1.0,0,2,1.58757,8,6,3,7.3824,2.0,0,Away Win,2
2015,2,1,0.79925,12,1,5,13.7407,0.0,0,1,0.911915,6,5,3,16.2,1.0,0,Draw,1
2015,2,4,2.52965,14,7,5,9.1,3.0,0,1,1.07664,11,1,4,7.3235,3.0,0,Home Win,0
2015,2,0,1.17161,11,4,6,9.2,2.0,0,3,2.77424,14,8,4,8.8636,3.0,0,Away Win,2
2015,2,3,3.32828,25,10,7,8.68,0.0,0,1,0.275541,8,2,2,16.7419,3.0,0,Home Win,0
2015,2,1,2.49094,13,4,3,8.9677,3.0,0,1,1.32027,12,5,4,4.2368,2.0,0,Draw,1
2015,2,2,1.65735,16,4,4,5.8049,1.0,1,0,1.19852,13,5,9,8.6,2.0,0,Home Win,0
2015,2,0,0.65994,13,3,7,7.5789,3.0,0,2,1.16757,9,5,4,6.0,2.0,0,Away Win,2
2015,2,1,1.05898,15,5,5,6.6327,1.0,0,0,1.03143,10,2,1,6.25,4.0,0,Home Win,0
2015,2,0,1.16209,17,4,12,3.0976,1.0,0,0,0.285025,6,2,4,14.0,3.0,0,Draw,1
2015,2,2,1.09511,23,4,5,10.6,2.0,0,0,0.142297,6,2,4,9.3158,3.0,0,Home Win,0
2015,2,3,1.0249,10,5,8,3.9412,1.0,0,1,0.769584,9,4,5,13.5769,1.0,0,Home Win,0
2015,2,1,1.48559,16,7,7,8.4815,0.0,0,0,0.419901,7,2,2,8.0333,3.0,0,Home Win,0
2015,2,1,1.83798,15,5,7,4.3,2.0,0,1,0.754732,13,5,2,10.0938,3.0,0,Draw,1
2015,2,2,1.77997,17,3,13,7.52,2.0,0,1,0.371108,6,1,3,17.1765,0.0,0,Home Win,0
2015,2,0,0.988176,20,5,7,9.9706,4.0,0,0,0.744968,10,1,3,6.1,3.0,0,Draw,1
2015,2,1,0.594114,10,3,3,17.5,2.0,0,2,2.23974,15,7,6,5.5429,3.0,0,Away Win,2
2015,2,2,1.78367,12,3,3,6.5938,3.0,0,1,1.27464,13,4,5,6.8261,3.0,0,Home Win,0
2015,2,1,0.614992,10,4,9,9.7826,2.0,0,1,0.780842,12,4,3,16.4583,1.0,0,Draw,1
2015,2,3,2.52155,13,6,9,6.5484,1.0,0,2,1.26638,9,5,3,11.4545,5.0,0,Home Win,0
2015,2,2,1.4421,5,2,4,8.3182,2.0,0,0,0.776464,11,1,8,5.7619,4.0,0,Home Win,0
2015,2,0,0.289323,5,1,4,19.037,2.0,0,1,2.02645,18,7,9,5.1481,2.0,0,Away Win,2
2015,2,0,0.522438,12,3,8,8.2609,1.0,0,0,0.683302,13,2,6,9.2703,2.0,0,Draw,1
2015,2,1,1.15003,16,6,8,7.7241,2.0,0,1,0.296591,6,2,2,12.7692,2.0,0,Draw,1
2015,2,2,3.91595,14,7,6,10.0833,1.0,0,0,0.377709,9,2,9,11.0,2.0,2,Home Win,0
2015,2,1,0.68967,8,3,9,3.9355,1.0,1,2,1.2492,11,5,6,9.2667,3.0,0,Away Win,2
2015,2,0,1.18347,16,7,5,4.8333,4.0,0,1,2.61414,12,6,7,8.697,3.0,0,Away Win,2
2015,2,0,1.06063,14,5,4,7.0882,3.0,0,0,2.10086,25,6,4,4.3333,4.0,0,Draw,1
2015,2,1,1.58508,10,6,2,6.925,4.0,0,4,1.74677,14,7,3,6.6071,3.0,1,Away Win,2
2015,2,1,0.798145,13,1,3,3.9677,2.0,0,1,1.85642,8,3,3,7.4857,4.0,0,Draw,1
2015,2,3,2.45798,22,11,11,5.0,3.0,0,1,0.46905,9,2,1,21.4,2.0,0,Home Win,0
2015,2,1,1.50818,20,5,12,6.4333,1.0,0,1,0.71528,9,2,5,7.0571,1.0,1,Draw,1
2015,2,1,1.39986,11,1,7,11.3571,3.0,0,3,1.80569,9,7,5,9.55,3.0,0,Away Win,2
2015,2,1,2.19126,19,9,7,9.359,2.0,0,0,0.627317,9,3,4,5.8,2.0,0,Home Win,0
2015,2,3,2.75111,11,6,2,7.6341,4.0,0,1,0.468281,11,2,6,5.9444,4.0,1,Home Win,0
2015,2,3,1.34014,9,4,0,6.4444,2.0,0,1,1.80741,14,4,2,17.125,3.0,0,Home Win,0
2015,2,1,2.84764,18,3,10,10.5,4.0,1,4,1.52919,17,6,5,7.6,2.0,0,Away Win,2
2015,2,1,1.06589,20,8,10,5.6129,1.0,0,1,0.259248,8,4,3,11.4643,2.0,1,Draw,1
2015,2,4,2.08231,21,9,11,3.871,1.0,0,0,0.368689,9,2,4,10.1,4.0,0,Home Win,0
2015,2,2,1.34093,10,4,8,9.52,1.0,0,1,1.52411,12,3,7,6.3235,3.0,0,Home Win,0
2015,2,1,1.27119,10,2,9,12.0455,1.0,2,2,2.2995,12,3,2,21.25,5.0,0,Away Win,2
2015,2,0,1.00837,9,1,10,6.5185,3.0,0,1,0.742433,4,1,7,12.3636,1.0,0,Away Win,2
2015,2,0,0.744526,15,2,4,7.5758,5.0,1,1,1.413,20,3,6,6.0476,2.0,0,Away Win,2
2015,2,0,0.735631,17,5,11,5.3226,2.0,0,1,0.70429,9,4,2,11.2727,1.0,0,Away Win,2
2015,2,1,1.22666,17,3,10,5.5417,2.0,0,0,0.721378,13,3,6,14.7143,3.0,0,Home Win,0
2015,2,1,1.46082,11,5,2,7.1622,4.0,0,2,0.769122,9,4,2,7.5,3.0,0,Away Win,2
2015,2,2,0.724395,7,4,2,8.4737,3.0,0,0,1.04376,22,5,6,4.9333,4.0,0,Home Win,0
2015,2,3,3.60923,19,6,7,9.8462,2.0,0,0,0.313473,8,1,7,22.9375,2.0,1,Home Win,0
2015,2,2,0.873952,5,3,4,19.7059,2.0,0,1,0.99328,16,7,6,8.4444,3.0,1,Home Win,0
2015,2,2,2.12831,15,5,3,9.5263,4.0,0,0,1.58974,16,2,12,11.2941,1.0,0,Home Win,0
2015,2,0,0.417993,7,2,5,18.7727,2.0,0,3,3.05565,19,8,7,5.5,3.0,0,Away Win,2
2015,2,1,1.21204,14,5,15,5.2258,1.0,0,1,0.688923,7,2,3,16.3913,2.0,0,Draw,1
2015,2,0,0.507409,8,1,4,10.7353,4.0,0,1,1.06984,6,3,3,11.3846,1.0,0,Away Win,2
2015,2,4,3.16479,15,10,3,5.2941,4.0,0,1,1.37647,16,3,7,7.7826,1.0,1,Home Win,0
2015,2,2,1.88869,11,4,6,12.2581,4.0,0,0,0.322765,10,2,6,6.9583,3.0,0,Home Win,0
2015,2,3,2.49058,13,4,7,11.76,4.0,0,3,2.10816,17,7,6,7.2222,4.0,0,Draw,1
2015,2,3,1.39254,13,5,7,6.2941,1.0,0,1,1.04068,9,1,6,7.7097,3.0,0,Home Win,0
2015,2,4,1.82684,16,6,9,4.9677,2.0,0,0,0.696599,10,4,5,10.2571,3.0,0,Home Win,0
2015,2,0,0.994096,15,3,4,15.4444,2.0,1,0,0.205673,5,2,2,10.1667,4.0,1,Draw,1
2015,2,1,2.02081,15,5,4,3.9333,3.0,0,2,1.10944,13,2,5,12.8667,3.0,0,Away Win,2
2015,2,2,2.55889,20,7,5,12.7419,3.0,0,0,0.407612,6,1,2,10.68,2.0,0,Home Win,0
2015,2,0,0.354318,10,3,5,11.9545,3.0,0,1,1.43637,14,3,7,6.7273,2.0,0,Away Win,2
2015,2,6,2.64419,20,14,8,7.5,1.0,0,0,0.175203,5,0,3,15.0,2.0,0,Home Win,0
2015,2,0,3.28685,23,8,13,4.1818,4.0,0,0,0.150904,4,2,2,20.0769,3.0,1,Draw,1
2015,2,3,2.19722,20,6,10,10.6154,1.0,0,2,1.5845,13,5,4,19.5455,3.0,0,Home Win,0
2015,2,2,2.64762,14,3,9,8.6538,3.0,1,2,2.25362,11,4,2,6.0323,3.0,0,Draw,1
2015,2,2,1.15644,10,3,6,11.4444,2.0,0,1,0.66153,9,3,4,3.6667,4.0,0,Home Win,0
2015,2,5,2.31378,22,8,6,7.0714,2.0,0,1,0.265652,9,2,1,19.7647,3.0,2,Home Win,0
2015,2,1,2.20742,12,7,5,7.1739,1.0,0,0,1.9251,21,6,5,9.4412,3.0,1,Home Win,0
2015,2,1,0.9988,16,5,6,13.8261,2.0,0,0,1.15015,17,4,5,11.0,2.0,0,Home Win,0
2015,2,3,3.53103,19,12,10,14.1429,1.0,0,0,0.195173,7,1,1,14.52,1.0,1,Home Win,0
2015,2,0,1.03038,19,3,4,2.25,2.0,0,0,0.26311,6,2,3,12.7333,3.0,0,Draw,1
2015,2,3,2.91335,25,9,14,10.1875,3.0,0,1,1.07267,12,5,6,9.9615,2.0,0,Home Win,0
2015,2,0,1.36967,16,4,9,4.6552,3.0,0,2,0.841795,7,2,4,4.4848,3.0,0,Away Win,2
2015,2,1,0.957336,15,3,4,10.6087,2.0,0,3,1.55044,12,4,4,10.0,1.0,0,Away Win,2
2015,2,2,1.72396,13,7,4,9.2188,2.0,0,1,3.45462,20,4,12,10.3529,6.0,0,Home Win,0
2015,2,2,0.953231,11,5,7,10.6875,1.0,0,0,0.491713,5,3,3,10.3182,2.0,0,Home Win,0
2015,2,1,0.939437,11,5,8,6.875,3.0,1,0,0.347217,10,2,6,5.7586,2.0,0,Home Win,0
2015,2,1,2.41849,21,7,5,6.675,1.0,0,2,1.46994,6,3,3,17.1364,3.0,0,Away Win,2
2015,2,1,0.317817,9,3,4,12.5185,2.0,0,0,0.639476,9,4,5,9.3448,4.0,0,Home Win,0
2015,2,2,2.66469,28,12,13,12.25,1.0,0,1,1.41824,11,6,6,5.6522,2.0,0,Home Win,0
2015,2,1,1.70068,16,3,7,6.8667,3.0,1,0,0.696372,8,3,3,8.8182,4.0,1,Home Win,0
2015,2,1,1.56864,13,4,8,16.2174,2.0,0,5,1.24571,15,6,4,13.6429,2.0,0,Away Win,2
2015,2,0,1.07367,8,4,2,15.8571,4.0,0,0,0.857695,20,5,6,6.8276,4.0,0,Draw,1
2015,2,2,0.97521,19,3,5,4.92,6.0,0,0,0.507266,11,1,2,14.1923,2.0,0,Home Win,0
2015,2,2,1.29682,10,4,3,7.2821,1.0,0,0,0.446755,8,4,5,4.3667,5.0,0,Home Win,0
2015,2,0,0.569866,5,1,0,12.0,0.0,0,0,0.596736,16,5,3,16.64,2.0,0,Draw,1
2015,2,3,3.58716,24,11,12,2.4643,2.0,0,3,0.647214,9,4,2,12.8824,7.0,0,Draw,1
2015,2,1,0.51533,6,1,2,7.4333,0.0,0,0,0.483795,16,2,9,10.96,1.0,0,Home Win,0
2015,2,2,1.71802,9,4,1,13.25,5.0,0,0,0.87251,15,4,5,8.5517,0.0,1,Home Win,0
2015,2,2,1.05403,14,5,6,27.0,3.0,0,3,2.32478,20,9,9,8.1364,3.0,0,Away Win,2
2015,2,2,2.52982,18,10,5,9.1563,0.0,0,1,0.172012,4,2,3,16.08,2.0,0,Home Win,0
2015,2,2,1.75375,13,5,4,12.4444,3.0,0,1,0.929999,14,2,8,7.7857,1.0,0,Home Win,0
2015,2,0,1.08305,8,1,5,10.96,3.0,1,1,1.2377,15,5,9,5.1944,5.0,0,Away Win,2
2015,2,3,2.07283,23,11,7,10.0385,1.0,0,0,0.720434,11,4,2,37.0,3.0,0,Home Win,0
2015,2,0,0.694054,12,3,4,3.8462,5.0,0,3,2.20008,18,7,4,10.0,4.0,0,Away Win,2
2015,2,0,2.00986,21,4,7,4.44,3.0,0,0,0.166833,4,0,1,19.2105,4.0,0,Draw,1
2015,2,0,1.09778,18,4,2,9.5,4.0,0,1,1.32832,21,5,8,4.2,4.0,0,Away Win,2
2015,2,1,1.12089,8,2,3,11.0588,1.0,0,1,0.271001,4,2,0,14.2308,2.0,0,Draw,1
2015,2,1,3.44148,26,9,9,4.1277,5.0,0,3,1.98265,16,7,5,7.1379,2.0,2,Away Win,2
2015,2,1,0.459127,7,2,1,15.1304,3.0,1,2,1.70567,15,6,3,11.9545,1.0,0,Away Win,2
2015,2,2,1.65219,12,4,3,9.125,3.0,0,1,1.30062,16,5,6,8.8636,2.0,1,Home Win,0
2015,2,5,2.78687,24,12,13,5.6563,3.0,0,0,0.173253,7,1,2,20.2667,1.0,1,Home Win,0
2015,2,3,1.28643,9,3,5,17.2778,3.0,0,1,1.11693,11,6,7,8.8571,3.0,1,Home Win,0
2015,2,1,1.37488,14,6,4,13.7586,4.0,0,3,2.27757,16,9,1,9.7619,0.0,0,Away Win,2
2015,2,4,3.96429,33,12,16,6.8696,1.0,0,0,0.837464,9,2,0,17.2353,1.0,1,Home Win,0
2015,2,2,0.640557,10,3,3,11.3226,2.0,0,1,1.10246,18,5,4,17.375,1.0,0,Home Win,0
2015,2,1,2.55677,11,2,8,8.1538,3.0,0,2,1.35357,13,3,5,8.3704,3.0,0,Away Win,2
2015,2,0,0.35378,5,0,5,19.1333,2.0,0,0,0.425809,16,4,7,11.5926,1.0,0,Draw,1
2015,2,1,1.29064,15,5,6,16.7143,3.0,1,2,1.76289,10,5,3,8.7586,3.0,0,Away Win,2
2015,2,2,1.27504,16,6,6,16.5238,0.0,0,4,1.86008,16,5,4,9.6957,1.0,0,Away Win,2
2015,2,3,0.789971,5,3,4,15.7826,2.0,1,2,1.35761,14,4,4,8.1818,2.0,1,Home Win,0
2016,2,4,5.74878,25,9,10,5.4118,0.0,0,0,0.517156,11,1,5,25.5,2.0,0,Home Win,0
2016,2,2,1.5603,19,4,3,11.6296,1.0,0,1,0.244198,4,1,1,17.8947,3.0,0,Home Win,0
2016,2,3,2.5953,11,5,10,8.7895,0.0,1,2,1.74508,21,4,10,6.3125,3.0,0,Home Win,0
2016,2,0,0.351218,7,2,4,10.8966,1.0,1,1,1.67953,22,8,8,8.1923,2.0,0,Away Win,2
2016,2,2,1.08269,9,3,3,24.3077,3.0,0,2,1.41716,22,4,9,8.6176,2.0,0,Draw,1
2016,2,3,1.54669,18,5,7,11.5833,2.0,0,4,1.80658,11,6,2,14.0435,2.0,0,Away Win,2
2016,2,1,1.73535,20,6,5,12.1667,1.0,0,0,0.38438,5,0,3,9.1852,1.0,0,Home Win,0
2016,2,2,0.778083,12,4,4,11.1714,2.0,0,0,1.01715,13,3,8,6.68,4.0,0,Home Win,0
2016,2,0,0.934821,8,3,2,9.7778,3.0,1,1,1.04646,16,5,5,4.9683,4.0,0,Away Win,2
2016,2,3,1.52666,22,6,6,3.027,4.0,0,1,0.912546,4,3,1,14.15,3.0,0,Home Win,0
2016,2,0,0.16672,6,1,4,9.2286,1.0,0,1,0.614088,13,5,2,11.1379,2.0,0,Away Win,2
2016,2,4,2.78103,17,8,9,11.4091,5.0,0,2,0.804413,12,3,4,18.7895,4.0,2,Home Win,0
2016,2,1,1.94441,22,5,8,4.3571,1.0,0,1,0.544244,7,3,4,11.0625,5.0,0,Draw,1
2016,2,2,0.933904,8,4,3,7.6875,1.0,0,1,0.314303,7,1,1,11.75,4.0,1,Home Win,0
2016,2,2,0.54343,13,3,2,11.75,2.0,0,1,1.45854,15,5,7,8.4545,2.0,0,Home Win,0
2016,2,5,4.22894,20,11,6,9.0333,1.0,0,1,0.532401,10,2,3,9.6087,2.0,0,Home Win,0
2016,2,2,0.912097,11,3,4,8.2647,3.0,0,0,1.18302,13,4,5,5.0,3.0,1,Home Win,0
2016,2,2,1.76368,18,5,4,7.0571,3.0,0,2,2.92514,21,7,3,16.0,1.0,0,Draw,1
2016,2,1,1.02444,11,3,1,9.625,2.0,0,3,2.39624,18,8,6,6.8462,2.0,0,Away Win,2
2016,2,1,0.763552,13,3,4,11.5,0.0,0,0,0.795506,9,2,4,14.9167,2.0,0,Home Win,0
2016,2,3,3.29973,23,10,14,5.56,1.0,0,1,0.835114,9,3,5,15.0,2.0,0,Home Win,0
2016,2,0,0.58528,5,1,2,46.6,0.0,0,3,1.89333,17,7,4,15.7273,0.0,0,Away Win,2
2016,2,2,1.75506,17,10,9,12.04,1.0,0,1,0.916015,11,5,4,11.8,3.0,1,Home Win,0
2016,2,1,2.00749,7,4,2,10.24,2.0,0,1,0.74614,11,3,1,16.8889,5.0,0,Draw,1
2016,2,0,0.959858,14,2,8,7.5455,1.0,0,1,0.507771,10,2,8,17.9375,5.0,0,Away Win,2
2016,2,3,3.61418,24,8,11,5.8824,3.0,0,2,1.23572,12,7,7,8.0256,2.0,0,Home Win,0
2016,2,2,2.47685,22,3,4,8.4091,2.0,0,1,0.648686,14,7,4,6.36,2.0,0,Home Win,0
2016,2,1,1.52585,10,5,3,13.28,1.0,0,2,1.70313,22,7,13,6.2286,1.0,0,Away Win,2
2016,2,2,0.636904,13,4,5,7.0313,1.0,0,1,0.521587,6,2,0,10.5833,1.0,1,Home Win,0
2016,2,0,0.594515,12,3,8,7.0625,2.0,0,1,0.782456,10,3,5,11.0455,3.0,0,Away Win,2
2016,2,3,3.04807,23,11,11,7.28,2.0,0,0,1.21293,10,3,2,12.9,2.0,0,Home Win,0
2016,2,3,1.47652,21,10,6,9.9643,0.0,0,1,0.312903,8,3,3,30.1333,1.0,1,Home Win,0
2016,2,1,0.753743,8,4,5,10.7778,3.0,0,2,2.50145,20,6,7,5.0741,4.0,0,Away Win,2
2016,2,2,2.29731,12,6,3,10.2,0.0,0,0,1.40462,17,5,8,7.2414,2.0,1,Home Win,0
2016,2,0,0.718392,14,5,8,7.4103,4.0,0,0,0.184549,5,2,5,10.35,3.0,0,Draw,1
2016,2,3,1.03866,13,9,3,10.16,2.0,0,0,1.02015,7,2,4,5.5313,2.0,0,Home Win,0
2016,2,1,1.13821,12,1,3,12.5152,3.0,0,1,0.612635,12,5,7,3.3824,2.0,0,Draw,1
2016,2,2,0.746577,16,3,5,13.4,2.0,1,1,1.24154,9,2,4,8.75,3.0,0,Home Win,0
2016,2,1,0.737697,8,4,5,14.6087,1.0,0,0,1.02389,14,3,6,7.75,1.0,0,Home Win,0
2016,2,2,2.62568,16,7,3,6.5769,1.0,0,0,0.701969,20,5,8,5.9444,4.0,0,Home Win,0
2016,2,2,1.04424,11,4,2,7.3913,1.0,1,0,0.902754,10,3,4,7.2333,3.0,1,Home Win,0
2016,2,2,0.195009,5,3,7,11.35,2.0,0,1,0.435427,7,2,9,8.7727,1.0,0,Home Win,0
2016,2,0,0.437207,9,3,5,9.5769,1.0,0,2,1.89478,13,4,4,10.7931,4.0,0,Away Win,2
2016,2,0,0.838569,12,5,5,11.6207,4.0,0,0,0.928776,14,3,8,6.7222,2.0,0,Draw,1
2016,2,4,3.23331,28,13,9,6.7778,1.0,0,0,0.0712181,2,0,0,16.3636,3.0,0,Home Win,0
2016,2,0,0.988465,19,4,9,8.0476,3.0,0,0,0.628442,11,3,4,12.0909,2.0,2,Draw,1
2016,2,4,2.21659,20,7,11,4.7778,0.0,0,0,1.20964,11,3,5,29.625,1.0,0,Home Win,0
2016,2,2,1.89441,14,5,4,19.9,1.0,0,2,1.08173,7,3,3,6.3333,3.0,0,Draw,1
2016,2,0,1.6265,16,5,7,7.0645,3.0,0,1,1.04637,7,2,5,8.4583,2.0,0,Away Win,2
2016,2,0,0.115058,4,2,2,15.2174,3.0,0,1,1.22962,14,6,9,12.95,3.0,0,Away Win,2
2016,2,2,0.644091,13,5,4,16.2727,2.0,0,0,0.41855,7,2,2,16.6667,4.0,0,Home Win,0
2016,2,3,2.48231,18,8,7,11.6538,1.0,0,1,2.97512,22,6,13,3.7813,4.0,0,Home Win,0
2016,2,1,1.51059,12,5,6,9.3462,3.0,0,0,0.611892,12,3,9,9.7241,2.0,0,Home Win,0
2016,2,1,0.507435,8,4,1,7.5313,2.0,2,1,1.09165,11,4,5,7.24,3.0,0,Draw,1
2016,2,1,1.37159,22,6,8,5.2368,0.0,0,1,0.551483,8,3,4,14.4545,4.0,0,Draw,1
2016,2,2,1.91368,12,3,5,9.0667,2.0,0,0,1.03563,9,3,6,9.2,2.0,0,Home Win,0
2016,2,0,1.54079,20,5,6,9.1667,2.0,0,0,0.710461,12,1,3,16.8947,4.0,0,Draw,1
2016,2,1,0.659193,12,3,6,8.4667,3.0,0,3,2.1441,12,8,3,13.9,1.0,1,Away Win,2
2016,2,2,1.33563,9,3,3,6.0256,2.0,0,1,1.13075,18,2,10,3.85,3.0,0,Home Win,0
2016,2,0,0.518031,11,2,11,13.0526,1.0,0,2,1.81437,15,4,5,11.2759,3.0,0,Away Win,2
2016,2,0,1.05481,15,3,5,20.5333,2.0,0,3,1.29748,15,5,9,11.4167,1.0,0,Away Win,2
2016,2,0,0.310516,6,3,5,8.7778,2.0,0,3,4.15533,26,11,7,4.875,1.0,0,Away Win,2
2016,2,1,1.44665,23,7,7,7.6563,2.0,0,1,0.514686,4,2,1,16.7692,5.0,1,Draw,1
2016,2,1,1.57211,10,4,4,12.1034,3.0,0,0,0.559123,13,3,12,6.8571,3.0,0,Home Win,0
2016,2,0,0.1582,6,3,7,12.95,1.0,2,1,1.19687,13,4,3,5.3889,3.0,1,Away Win,2
2016,2,2,0.586739,15,9,6,8.8571,0.0,0,1,1.25433,23,8,14,9.5769,4.0,0,Home Win,0
2016,2,2,0.934719,19,5,6,13.6364,1.0,0,1,1.4493,13,5,8,5.8696,2.0,0,Home Win,0
2016,2,4,1.41957,15,6,5,11.5789,1.0,0,3,1.17991,7,5,4,13.2105,5.0,0,Home Win,0
2016,2,2,2.39527,19,7,3,16.3889,1.0,0,1,1.17527,18,5,10,8.0,2.0,0,Home Win,0
2016,2,1,1.65517,21,5,9,14.4,2.0,0,3,1.81758,14,6,1,16.1111,3.0,0,Away Win,2
2016,2,1,1.69154,10,7,8,31.6,1.0,1,1,1.6457,22,9,8,7.2857,1.0,0,Draw,1
2016,2,2,2.46977,15,5,4,9.7586,1.0,0,1,0.257762,8,4,7,21.2143,2.0,0,Home Win,0
2016,2,0,1.36172,17,6,7,7.7826,3.0,0,0,0.93609,13,3,6,17.8,3.0,0,Draw,1
2016,2,0,0.287766,8,3,3,11.7778,0.0,1,0,0.0947143,2,1,2,6.7586,4.0,0,Draw,1
2016,2,1,2.61615,17,4,10,8.3,1.0,0,2,1.4579,11,6,6,13.8571,5.0,0,Away Win,2
2016,2,1,2.91842,27,8,18,5.5313,4.0,0,1,1.04123,10,4,0,14.3684,3.0,0,Draw,1
2016,2,2,2.05142,22,9,15,6.2963,1.0,0,1,0.634162,8,1,1,11.7308,3.0,0,Home Win,0
2016,2,1,0.253892,8,5,7,17.4706,3.0,0,3,1.59791,16,5,2,10.15,2.0,0,Away Win,2
2016,2,1,0.865751,16,3,10,7.6923,4.0,0,4,1.20703,15,7,6,6.8043,2.0,0,Away Win,2
2016,2,2,2.08079,14,7,5,10.8095,2.0,0,1,1.0875,10,5,6,5.6667,3.0,0,Home Win,0
2016,2,1,0.254814,8,2,5,7.5625,4.0,0,0,0.731154,22,3,9,5.0,3.0,0,Home Win,0
2016,2,3,2.33345,9,4,6,19.6111,2.0,0,1,0.694512,16,3,3,8.72,1.0,0,Home Win,0
2016,2,2,1.66152,16,4,4,8.8333,2.0,0,2,1.31796,14,6,6,10.0385,2.0,0,Draw,1
2016,2,3,1.30024,10,5,4,14.3704,2.0,0,5,2.22004,19,8,7,11.625,2.0,0,Away Win,2
2016,2,1,1.78468,12,4,7,9.129,2.0,0,2,2.32041,13,8,7,8.2308,0.0,1,Away Win,2
2016,2,0,0.445783,8,3,6,6.2188,3.0,0,0,1.014,13,2,3,5.8462,3.0,1,Draw,1
2016,2,2,2.3909,11,8,4,8.4545,2.0,0,1,0.235632,7,4,0,9.1852,1.0,0,Home Win,0
2016,2,1,1.39945,14,4,7,8.6129,0.0,0,1,0.638691,8,3,11,10.8846,1.0,0,Draw,1
2016,2,4,2.48508,18,7,4,5.625,3.0,0,1,0.435093,8,3,4,19.4211,2.0,0,Home Win,0
2016,2,3,0.918374,8,3,5,13.0,3.0,0,0,0.437331,13,3,4,10.3478,0.0,1,Home Win,0
2015,3,5,3.22904,23,9,7,4.1429,2.0,0,0,0.154234,5,1,0,21.5714,2.0,0,Home Win,0
2015,3,2,3.52773,25,9,13,3.3429,1.0,0,1,0.483949,6,2,5,4.5588,0.0,0,Home Win,0
2015,3,0,1.14869,20,3,7,9.7333,1.0,1,1,1.23291,11,3,4,10.5,2.0,1,Away Win,2
2015,3,0,0.914717,15,2,5,8.8095,0.0,0,3,1.4498,16,5,6,8.0333,2.0,0,Away Win,2
2015,3,0,0.547769,9,3,6,4.3214,2.0,0,1,0.577316,14,5,2,12.9,3.0,0,Away Win,2
2015,3,2,1.80912,11,4,5,6.8148,1.0,0,2,1.85731,13,5,9,4.8824,2.0,0,Draw,1
2015,3,4,2.42013,18,7,3,11.4643,0.0,0,0,0.18521,5,1,5,20.2632,1.0,0,Home Win,0
2015,3,2,0.740041,5,3,7,7.6667,1.0,0,1,0.950098,13,6,3,11.2424,1.0,0,Home Win,0
2015,3,1,2.98558,28,8,13,5.9286,3.0,0,3,1.85087,9,5,3,14.2,2.0,0,Away Win,2
2015,3,1,0.494279,10,2,6,8.9091,0.0,0,1,0.957641,9,3,2,6.8056,1.0,0,Draw,1
2015,3,1,1.29953,8,1,1,14.037,0.0,0,2,2.53588,21,9,2,4.2273,0.0,0,Away Win,2
2015,3,1,1.05775,21,5,6,2.4737,1.0,0,1,0.790379,9,3,6,18.4,2.0,0,Draw,1
2015,3,1,0.945278,11,3,7,5.8667,2.0,0,1,1.26112,14,4,4,6.2424,3.0,0,Draw,1
2015,3,1,1.37825,9,6,2,14.7407,2.0,0,1,2.14017,15,7,4,4.7692,1.0,0,Draw,1
2015,3,0,0.0975496,5,3,3,16.5,0.0,0,1,1.37365,11,4,8,3.7857,0.0,0,Away Win,2
2015,3,3,1.32114,14,5,0,5.4815,3.0,0,2,1.89549,12,4,5,3.6964,3.0,1,Home Win,0
2015,3,0,0.0514071,3,2,1,9.2813,2.0,0,4,3.63386,18,8,4,4.3571,3.0,0,Away Win,2
2015,3,1,1.22742,15,6,3,5.8529,2.0,0,2,2.01071,13,4,0,15.0278,1.0,0,Away Win,2
2015,3,3,1.52939,9,5,2,7.8056,1.0,0,0,0.748153,12,1,3,14.0385,2.0,0,Home Win,0
2015,3,1,2.52237,15,4,6,4.907,3.0,1,4,1.9601,6,4,1,7.8846,3.0,0,Away Win,2
2015,3,0,0.832315,10,2,3,4.7619,3.0,0,1,1.24787,16,3,4,15.65,3.0,0,Away Win,2
2015,3,2,1.67081,6,3,3,6.5,3.0,0,1,1.44461,17,7,8,8.8889,2.0,1,Home Win,0
2015,3,3,3.41346,18,6,8,13.75,0.0,0,0,0.373166,11,4,5,11.35,2.0,0,Home Win,0
2015,3,0,0.287238,5,1,4,11.0,3.0,0,0,1.3935,15,2,6,3.05,2.0,0,Draw,1
2015,3,3,3.52476,14,6,7,6.0,2.0,0,0,0.420202,10,4,5,8.8571,3.0,0,Home Win,0
2015,3,3,3.73248,15,6,5,5.4118,0.0,0,1,0.633538,4,4,1,14.619,2.0,0,Home Win,0
2015,3,2,3.23257,22,6,5,8.5714,3.0,0,1,0.755739,9,5,6,8.7895,1.0,1,Home Win,0
2015,3,0,0.436066,13,2,5,9.2632,2.0,0,3,1.02932,10,4,2,15.84,1.0,0,Away Win,2
2015,3,2,3.85642,28,10,9,3.037,0.0,0,1,0.15319,3,1,0,33.0,1.0,0,Home Win,0
2015,3,2,0.582795,5,3,2,26.9167,3.0,0,4,2.16909,17,6,4,6.0,1.0,0,Away Win,2
2015,3,2,1.47686,9,4,5,8.64,0.0,0,1,1.02726,11,3,7,8.8571,3.0,0,Home Win,0
2015,3,0,0.178191,5,1,2,10.9643,2.0,0,0,0.732037,17,3,5,4.6957,3.0,0,Draw,1
2015,3,0,1.3554,16,4,10,2.2581,3.0,0,1,0.284787,5,3,4,9.5625,1.0,0,Away Win,2
2015,3,6,2.93005,18,11,5,9.3235,2.0,0,2,0.902695,13,7,2,9.931,1.0,0,Home Win,0
2015,3,1,0.694948,10,5,7,4.9655,2.0,0,3,2.2128,16,6,3,9.1429,4.0,0,Away Win,2
2015,3,2,3.13941,24,7,5,3.6842,1.0,0,1,2.94627,15,4,7,9.5517,3.0,0,Home Win,0
2015,3,3,1.27625,12,4,6,7.65,1.0,0,1,1.01304,13,4,8,8.9643,2.0,0,Home Win,0
2015,3,0,0.204756,5,2,1,50.1111,2.0,0,3,1.71752,18,6,5,4.3889,1.0,0,Away Win,2
2015,3,2,2.42975,14,4,7,12.8571,1.0,0,0,0.271584,9,4,5,14.9,2.0,0,Home Win,0
2015,3,0,0.909692,10,1,5,8.1852,0.0,0,0,0.221397,7,4,11,10.0417,4.0,0,Draw,1
2015,3,0,1.22829,13,4,8,4.2727,3.0,1,1,1.47429,14,4,5,4.5714,4.0,0,Away Win,2
2015,3,1,0.541995,11,5,2,15.7143,0.0,0,0,0.4042,9,2,2,8.6875,3.0,0,Home Win,0
2015,3,0,3.31265,26,9,6,4.4615,3.0,0,1,1.09359,10,6,5,9.2917,3.0,0,Away Win,2
2015,3,2,2.24649,17,8,6,15.6842,1.0,0,0,0.56218,16,2,6,11.2917,4.0,0,Home Win,0
2015,3,3,4.08165,22,10,3,5.7838,1.0,0,0,0.927753,8,3,1,8.3514,3.0,0,Home Win,0
2015,3,5,3.68676,18,12,5,13.1364,1.0,0,1,0.160394,7,2,1,46.6364,2.0,0,Home Win,0
2015,3,2,1.34684,16,8,6,13.0,1.0,0,0,0.853586,13,7,1,19.6429,1.0,0,Home Win,0
2015,3,0,0.718034,12,2,8,7.4815,2.0,0,1,1.16174,8,3,5,7.6111,1.0,0,Away Win,2
2015,3,2,1.91868,9,3,5,5.3333,3.0,0,1,1.19628,12,4,1,3.4286,1.0,1,Home Win,0
2015,3,1,1.18726,10,5,5,15.5556,2.0,0,1,1.63998,14,4,4,4.84,1.0,0,Draw,1
2015,3,2,2.25209,13,7,5,16.125,2.0,0,0,0.952574,18,6,7,8.6667,2.0,0,Home Win,0
2015,3,1,1.74157,20,6,11,3.9429,3.0,0,0,0.476793,3,2,3,11.2273,0.0,0,Home Win,0
2015,3,4,2.84575,21,12,6,9.4375,2.0,0,2,1.92244,13,4,2,10.6429,5.0,0,Home Win,0
2015,3,1,0.807709,8,3,3,6.35,3.0,0,3,1.81814,19,12,7,7.2857,3.0,0,Away Win,2
2015,3,1,1.3352,15,4,8,8.05,2.0,0,1,0.638071,16,5,4,11.5417,3.0,0,Draw,1
2015,3,0,0.75194,6,1,3,15.1471,1.0,0,3,2.77408,17,9,4,7.3043,1.0,0,Away Win,2
2015,3,1,2.45923,23,6,12,5.9143,4.0,0,3,1.18534,9,5,3,6.9643,1.0,0,Away Win,2
2015,3,1,1.94324,26,9,7,5.1304,1.0,0,3,1.5923,11,5,3,12.64,4.0,0,Away Win,2
2015,3,0,0.326706,9,0,2,9.625,1.0,0,3,1.3026,17,7,6,2.6957,2.0,0,Away Win,2
2015,3,1,1.41905,23,9,9,6.8846,2.0,0,1,1.08934,9,3,0,30.1333,2.0,0,Draw,1
2015,3,0,0.583026,13,3,4,7.8205,1.0,0,1,1.27784,10,5,4,10.5714,3.0,0,Away Win,2
2015,3,1,1.41369,11,2,7,12.75,2.0,0,1,2.23038,14,6,3,9.4286,1.0,0,Draw,1
2015,3,2,1.97055,15,4,8,3.6923,0.0,0,2,0.508638,4,3,0,12.6897,2.0,0,Draw,1
2015,3,2,1.86109,14,4,2,8.3871,1.0,0,3,1.45155,14,7,6,4.2174,2.0,0,Away Win,2
2015,3,2,1.45907,10,3,3,9.1622,2.0,0,0,0.813505,10,3,1,9.6429,3.0,0,Home Win,0
2015,3,1,0.695247,12,5,7,7.9677,4.0,0,0,1.50158,19,6,6,7.3,1.0,0,Home Win,0
2015,3,3,2.0435,14,6,4,14.8696,1.0,0,0,0.315135,8,2,5,11.32,1.0,0,Home Win,0
2015,3,2,1.90929,11,4,6,8.9333,3.0,0,2,2.36648,18,7,5,6.0417,1.0,0,Draw,1
2015,3,2,1.185,14,4,4,10.3333,1.0,0,0,0.740308,12,1,3,8.5882,2.0,0,Home Win,0
2015,3,0,1.11607,16,7,3,6.125,2.0,0,3,1.32,12,4,2,28.7,2.0,0,Away Win,2
2015,3,1,1.98173,22,8,9,3.973,2.0,0,1,0.119117,2,0,1,20.0667,3.0,0,Draw,1
2015,3,5,3.72164,15,9,4,8.5161,3.0,0,1,1.10489,10,4,4,13.25,1.0,0,Home Win,0
2015,3,0,1.55155,11,5,8,5.3415,2.0,0,2,3.64229,16,6,4,8.7714,1.0,0,Away Win,2
2015,3,0,1.42706,20,3,2,6.0833,2.0,0,2,2.54284,12,5,4,20.3889,3.0,0,Away Win,2
2015,3,0,0.691198,8,2,2,18.375,2.0,0,1,2.13219,13,4,3,3.7083,2.0,0,Away Win,2
2015,3,2,2.51235,19,9,7,6.2143,3.0,0,1,0.933849,9,5,6,15.6111,4.0,1,Home Win,0
2015,3,4,2.80506,17,9,5,12.4,4.0,0,2,1.07639,8,3,4,9.625,0.0,0,Home Win,0
2015,3,0,0.469945,8,3,3,5.9429,6.0,0,0,0.875048,10,3,5,4.6585,2.0,0,Draw,1
2015,3,1,0.990091,7,2,1,8.9688,4.0,0,5,3.50891,16,6,1,16.4375,3.0,0,Away Win,2
2015,3,0,1.52116,16,5,12,6.2414,3.0,0,1,1.26113,8,4,3,15.8636,2.0,0,Away Win,2
2015,3,1,1.33256,12,4,6,5.5357,3.0,1,0,1.63336,12,6,5,5.76,1.0,0,Home Win,0
2015,3,0,0.586765,12,3,1,4.1429,2.0,1,1,3.11642,20,5,5,3.7692,4.0,0,Away Win,2
2015,3,1,1.53001,16,5,4,5.4615,2.0,0,3,2.29004,16,8,4,9.5313,1.0,0,Away Win,2
2015,3,0,0.594469,9,3,5,14.5652,2.0,0,1,0.976111,19,6,3,4.5556,1.0,0,Away Win,2
2015,3,1,0.454178,10,4,3,22.1579,1.0,0,2,0.74964,5,4,2,10.3448,4.0,0,Away Win,2
2015,3,4,2.87154,19,6,5,2.7368,2.0,0,3,2.40291,12,6,3,6.325,4.0,0,Home Win,0
2015,3,4,3.69101,26,14,10,16.3,1.0,0,0,0.230279,4,2,0,90.3333,1.0,0,Home Win,0
2015,3,0,0.66126,19,3,8,7.6176,2.0,0,1,0.702791,5,1,2,14.6875,3.0,0,Away Win,2
2015,3,5,4.21104,19,9,6,9.9091,0.0,0,1,0.293643,4,3,4,11.0333,2.0,0,Home Win,0
2015,3,3,2.25814,17,10,3,7.3,2.0,0,1,0.767714,14,4,6,12.2143,3.0,1,Home Win,0
2015,3,0,0.251519,7,2,5,30.2727,4.0,0,0,1.38915,10,2,5,3.8214,2.0,0,Draw,1
2015,3,0,1.33774,13,4,5,12.619,2.0,0,0,0.90728,10,4,5,13.3462,1.0,0,Draw,1
2015,3,1,2.31638,14,6,5,17.1923,2.0,0,4,1.29051,11,7,4,9.8333,1.0,0,Away Win,2
2015,3,3,2.98084,25,10,11,3.5185,3.0,0,3,1.72651,10,6,4,11.1538,3.0,0,Draw,1
2015,3,1,0.983033,8,2,1,21.0,3.0,0,3,3.35901,12,7,9,4.1389,0.0,0,Away Win,2
2015,3,1,1.07951,18,3,3,7.1667,1.0,0,1,0.26092,7,2,3,6.8684,2.0,0,Draw,1
2015,3,2,2.11288,13,5,5,4.9773,0.0,0,1,1.31846,14,6,5,6.8,2.0,0,Home Win,0
2015,3,2,2.13203,18,3,7,3.069,3.0,0,0,1.08627,17,5,5,8.0417,2.0,0,Home Win,0
2015,3,1,2.44912,17,4,5,9.1481,0.0,0,2,0.843812,5,2,3,9.9375,0.0,0,Away Win,2
2015,3,1,1.1491,8,2,2,10.3333,2.0,0,3,1.8958,12,4,2,12.8333,3.0,0,Away Win,2
2015,3,0,0.680401,8,2,1,15.7391,1.0,0,0,1.60253,17,9,3,16.1071,3.0,0,Draw,1
2015,3,2,1.36046,12,4,4,8.2667,2.0,0,0,0.153219,7,0,3,5.8148,3.0,1,Home Win,0
2015,3,1,0.457253,12,4,6,6.5862,1.0,1,2,2.03601,17,8,9,6.6774,2.0,0,Away Win,2
2015,3,0,1.28313,11,6,4,3.7857,1.0,1,0,0.939938,14,2,3,5.1304,6.0,0,Draw,1
2015,3,4,4.71083,33,14,7,6.55,0.0,0,0,0.284883,5,2,3,21.9524,0.0,0,Home Win,0
2015,3,1,1.6995,15,3,3,8.2941,4.0,0,1,1.15876,8,3,2,8.4,2.0,0,Draw,1
2015,3,3,2.14772,14,7,5,10.36,3.0,0,2,1.37138,9,3,3,17.0,4.0,0,Home Win,0
2015,3,1,1.70717,18,6,7,5.04,1.0,0,2,1.31037,15,4,4,9.8966,4.0,0,Away Win,2
2015,3,3,1.47142,7,2,2,11.8438,0.0,0,1,2.31377,21,7,7,4.4643,1.0,0,Home Win,0
2015,3,0,0.921864,18,5,6,7.6786,2.0,0,4,2.23123,13,6,4,11.2759,1.0,0,Away Win,2
2015,3,1,0.620149,9,1,3,11.6522,2.0,0,3,1.67235,17,11,8,4.2,1.0,0,Away Win,2
2015,3,0,0.868247,14,3,6,11.68,1.0,0,0,0.315868,7,1,1,11.875,1.0,0,Draw,1
2015,3,2,2.61888,21,9,12,8.76,1.0,0,1,2.19568,14,8,4,17.2857,1.0,0,Home Win,0
2015,3,6,4.16408,21,12,7,7.381,0.0,0,0,0.724132,9,2,3,18.9,2.0,0,Home Win,0
2015,3,1,0.217596,5,1,4,20.375,2.0,0,3,2.27848,24,7,6,5.4194,0.0,0,Away Win,2
2015,3,1,0.100337,1,0,2,8.561,2.0,0,0,0.328805,7,0,3,7.4444,1.0,0,Home Win,0
2015,3,3,2.73623,16,7,5,4.1818,2.0,0,1,0.58372,8,2,5,7.7727,3.0,0,Home Win,0
2015,3,0,0.508721,9,1,4,16.4286,2.0,0,0,0.933778,12,2,7,6.7778,1.0,0,Draw,1
2015,3,1,0.977105,14,3,6,6.1579,2.0,0,3,1.13161,13,6,3,7.3571,1.0,0,Away Win,2
2015,3,4,1.50396,8,4,3,9.0741,3.0,0,0,0.366248,10,5,4,7.913,3.0,0,Home Win,0
2015,3,3,2.07714,18,6,8,15.1667,2.0,0,3,1.66132,16,8,6,4.1333,1.0,0,Draw,1
2015,3,2,3.93799,24,9,9,7.2813,0.0,0,0,0.218952,4,1,1,36.3,3.0,0,Home Win,0
2015,3,2,2.44079,14,8,3,6.5,4.0,0,1,0.62621,15,5,7,11.7407,2.0,1,Home Win,0
2015,3,4,2.12434,14,9,5,6.3043,1.0,0,1,0.700582,8,3,4,17.1786,0.0,0,Home Win,0
2015,3,1,2.13995,18,6,9,4.5349,1.0,0,1,0.949254,9,4,5,8.7333,2.0,0,Draw,1
2015,3,0,1.26639,13,4,4,9.6216,3.0,0,0,0.559526,17,3,7,13.3846,2.0,1,Draw,1
2015,3,3,3.56394,26,8,6,8.7391,1.0,0,1,0.228822,7,1,4,10.56,1.0,0,Home Win,0
2015,3,3,2.15779,13,6,3,11.0741,1.0,0,1,2.28915,22,6,9,7.7917,2.0,0,Home Win,0
2015,3,1,1.30558,20,7,2,6.1282,2.0,0,3,1.19413,11,6,3,7.9375,1.0,0,Away Win,2
2015,3,0,2.36543,22,8,7,8.3333,2.0,0,1,2.1005,22,8,6,8.5417,4.0,0,Away Win,2
2015,3,2,1.02556,10,4,8,5.9211,1.0,0,1,1.2452,8,2,2,16.2917,3.0,1,Home Win,0
2015,3,1,0.489495,9,2,2,4.9111,2.0,0,1,1.12887,7,2,1,6.3143,1.0,0,Draw,1
2015,3,1,1.78593,22,8,9,12.4118,3.0,0,2,2.58853,14,6,5,10.84,2.0,0,Away Win,2
2015,3,1,1.49974,12,4,4,6.88,2.0,0,1,0.886678,7,2,5,15.2105,2.0,0,Draw,1
2015,3,0,1.0568,15,3,10,3.619,4.0,0,1,1.55006,19,4,7,12.4348,3.0,0,Away Win,2
2015,3,0,0.747148,6,4,5,5.9333,1.0,0,0,0.601794,11,2,2,10.8519,1.0,0,Draw,1
2015,3,0,0.26179,10,3,4,11.6452,4.0,0,4,1.99133,9,5,3,7.9286,1.0,0,Away Win,2
2015,3,1,2.00091,20,9,10,4.425,1.0,0,1,0.210485,5,4,4,10.1667,4.0,0,Draw,1
2015,3,1,1.34869,10,6,6,10.1429,3.0,0,1,1.22073,12,3,4,10.2,2.0,0,Draw,1
2015,3,1,1.55239,14,5,3,10.2667,1.0,0,0,1.3987,19,2,10,9.619,3.0,0,Home Win,0
2015,3,2,2.49703,14,8,4,5.55,2.0,0,0,1.00727,9,4,4,8.8718,1.0,0,Home Win,0
2015,3,5,2.75163,14,6,4,7.6111,0.0,0,0,0.376285,6,2,2,5.6897,2.0,0,Home Win,0
2015,3,2,1.2358,22,6,6,13.5455,2.0,0,1,1.45492,15,5,5,7.25,1.0,0,Home Win,0
2015,3,4,6.02931,24,11,14,7.7619,0.0,0,1,0.133013,3,2,1,36.4444,0.0,1,Home Win,0
2015,3,1,0.722775,16,3,3,10.1613,1.0,0,0,0.870611,18,1,1,12.5455,2.0,0,Home Win,0
2015,3,0,0.461211,11,3,6,6.6818,2.0,0,1,0.717973,9,2,3,5.0769,3.0,0,Away Win,2
2015,3,0,1.24397,14,2,4,8.5909,0.0,0,1,2.50129,17,7,6,14.9,2.0,0,Away Win,2
2015,3,2,1.84525,16,6,6,3.8235,3.0,0,1,0.87057,11,4,3,5.0,5.0,0,Home Win,0
2015,3,2,0.769926,14,6,6,15.2,3.0,0,1,0.750674,14,3,6,5.3043,1.0,0,Home Win,0
2015,3,0,0.221793,6,1,5,20.8261,0.0,0,1,2.52645,20,11,5,5.0952,0.0,0,Away Win,2
2015,3,3,1.7755,9,6,1,39.0,1.0,1,1,1.32762,17,7,3,7.1176,1.0,0,Home Win,0
2015,3,2,1.52652,7,5,6,11.7273,0.0,0,0,0.26315,5,0,2,18.8182,0.0,0,Home Win,0
2015,3,3,1.0366,13,5,1,6.8261,1.0,1,2,2.23006,15,6,5,10.7407,4.0,0,Home Win,0
2015,3,1,0.378362,7,1,2,12.1333,4.0,0,2,1.95463,20,5,7,4.3929,2.0,0,Away Win,2
2015,3,1,2.33406,15,4,8,10.2917,0.0,0,3,2.63662,16,8,5,12.1538,1.0,0,Away Win,2
2015,3,1,1.28887,13,5,6,3.8696,2.0,0,2,2.76698,13,5,4,10.5385,5.0,0,Away Win,2
2015,3,0,0.638542,12,2,6,7.0,2.0,0,0,0.704125,12,5,2,12.6563,3.0,0,Draw,1
2015,3,1,0.756054,5,3,2,9.8846,2.0,0,1,1.82105,17,8,9,4.2353,2.0,0,Draw,1
2015,3,1,1.79614,9,4,3,7.4634,2.0,0,0,0.651914,7,4,1,7.0667,2.0,0,Home Win,0
2015,3,1,0.969724,10,3,3,9.2857,1.0,0,3,2.60367,12,4,1,8.2,1.0,0,Away Win,2
2015,3,3,1.18879,12,6,3,18.8125,2.0,0,2,2.75506,18,11,3,5.4634,0.0,0,Home Win,0
2015,3,1,2.01652,20,4,13,5.7097,1.0,0,3,1.82961,17,6,1,12.3077,3.0,0,Away Win,2
2015,3,1,0.852232,13,2,8,13.0313,0.0,0,0,1.91691,12,7,4,6.7857,2.0,0,Home Win,0
2015,3,0,0.0939969,6,2,2,8.0769,3.0,0,2,1.56117,11,7,9,3.3636,2.0,0,Away Win,2
2015,3,2,2.19495,11,6,4,3.4333,4.0,0,0,0.145484,5,3,1,7.8919,2.0,0,Home Win,0
2015,3,3,1.96768,14,6,6,5.4333,0.0,0,0,0.177765,7,2,6,8.8333,3.0,0,Home Win,0
2015,3,0,0.609193,7,2,4,7.2857,2.0,0,0,1.25574,12,5,2,10.5714,2.0,0,Draw,1
2015,3,3,2.40454,16,6,6,8.9259,3.0,0,3,1.33238,12,4,6,7.7273,3.0,0,Draw,1
2015,3,2,2.69957,24,11,10,7.2941,1.0,0,1,1.77488,12,5,4,6.5385,3.0,0,Home Win,0
2015,3,1,2.04894,17,4,5,7.85,3.0,0,1,0.698473,11,4,5,13.7931,1.0,0,Draw,1
2015,3,2,3.08952,30,9,10,5.5357,1.0,0,0,0.463233,5,2,2,23.0,1.0,0,Home Win,0
2015,3,5,3.16316,17,9,2,6.9333,1.0,0,1,1.67818,15,4,7,8.913,2.0,0,Home Win,0
2015,3,3,0.785917,15,3,6,12.4348,2.0,0,0,0.559619,14,2,6,6.6923,3.0,0,Home Win,0
2015,3,2,2.36752,17,7,2,10.4615,1.0,1,4,3.36402,16,9,7,14.6667,1.0,1,Away Win,2
2015,3,0,0.638351,10,2,3,6.1333,1.0,0,1,0.857195,14,2,4,6.2791,2.0,0,Away Win,2
2015,3,0,0.881103,10,4,3,23.5294,0.0,0,0,0.391491,10,2,3,5.4412,2.0,0,Draw,1
2015,3,2,2.8596,24,4,8,6.2727,2.0,0,1,0.232784,7,2,3,3.9655,3.0,0,Home Win,0
2015,3,0,0.288974,6,2,6,7.7576,0.0,0,0,1.17556,9,1,8,3.3333,0.0,1,Draw,1
2015,3,1,0.197661,5,4,4,10.6364,5.0,0,1,1.37214,20,6,10,20.0,2.0,0,Draw,1
2015,3,0,0.584715,12,1,8,2.931,1.0,0,2,2.06675,11,5,7,13.84,3.0,0,Away Win,2
2015,3,2,1.00349,11,4,5,8.5429,3.0,0,1,0.980702,14,3,7,6.3333,1.0,0,Home Win,0
2015,3,1,1.07695,12,6,3,8.15,6.0,0,2,1.5656,15,3,6,2.3929,3.0,0,Away Win,2
2015,3,1,1.23883,14,7,10,4.7179,1.0,0,0,0.212153,5,1,3,59.6667,1.0,0,Home Win,0
2015,3,2,1.37415,8,5,6,10.4375,0.0,0,0,0.549133,11,2,7,6.4333,0.0,0,Home Win,0
2015,3,2,1.27221,15,6,10,13.1538,3.0,0,0,1.12753,7,3,1,12.0909,3.0,0,Home Win,0
2015,3,1,1.83283,17,10,6,5.225,1.0,0,1,0.57006,11,4,2,5.1515,3.0,1,Draw,1
2015,3,3,2.27377,11,7,4,14.3333,2.0,0,1,0.606015,14,4,8,12.5909,6.0,0,Home Win,0
2015,3,3,1.48178,17,9,3,9.5758,3.0,0,2,2.07387,11,4,6,7.1034,1.0,0,Home Win,0
2015,3,1,0.310362,6,1,2,17.2857,0.0,0,3,2.21151,24,10,5,8.3913,1.0,0,Away Win,2
2015,3,0,0.45464,8,2,3,8.1935,2.0,0,0,0.807708,10,1,3,8.8519,3.0,0,Draw,1
2015,3,3,3.08206,37,13,18,7.0833,2.0,0,1,0.61234,6,5,0,23.4706,0.0,0,Home Win,0
2015,3,1,0.693683,9,5,3,10.2174,3.0,0,1,0.743911,13,6,5,11.1364,2.0,0,Draw,1
2015,3,3,1.83746,13,4,6,10.4194,1.0,0,2,1.16619,13,6,2,9.6923,2.0,0,Home Win,0
2015,3,2,1.85348,9,4,0,4.7419,2.0,0,0,0.572222,12,2,4,4.1154,2.0,0,Home Win,0
2015,3,1,0.907861,16,5,4,7.88,2.0,0,0,0.568002,12,6,4,10.4,3.0,0,Home Win,0
2015,3,0,0.788355,9,2,8,6.1795,5.0,0,1,1.25829,7,2,1,7.4643,1.0,0,Away Win,2
2015,3,0,0.433505,16,6,5,14.2105,2.0,0,1,1.17413,11,6,2,6.9118,2.0,0,Away Win,2
2015,3,1,0.989802,15,5,4,16.6,3.0,0,1,1.68313,19,8,13,6.8276,1.0,0,Draw,1
2015,3,0,0.787942,15,3,2,12.0417,2.0,0,1,0.842565,10,3,8,21.1667,2.0,0,Away Win,2
2015,3,2,2.2106,16,7,4,2.7143,3.0,0,2,1.16123,8,3,2,8.1852,3.0,0,Draw,1
2015,3,0,0.686422,12,8,1,17.8333,0.0,0,2,1.21707,14,5,7,14.0714,1.0,0,Away Win,2
2015,3,1,0.897328,7,2,2,4.1176,3.0,0,1,1.01142,12,3,5,3.7073,5.0,0,Draw,1
2015,3,1,3.13363,22,10,17,5.2632,1.0,0,2,1.59513,12,8,1,18.6111,3.0,0,Away Win,2
2015,3,2,1.80948,24,4,2,11.7586,0.0,0,2,1.80962,10,7,5,13.3913,0.0,0,Draw,1
2015,3,3,2.47417,26,9,11,6.619,0.0,0,1,0.88117,9,4,7,22.8636,0.0,1,Home Win,0
2015,3,3,2.61685,14,7,1,6.5,1.0,0,1,0.81358,13,5,12,5.88,1.0,0,Home Win,0
2015,3,0,0.775413,11,5,5,13.087,1.0,0,0,0.223305,6,2,3,10.0,2.0,0,Draw,1
2015,3,0,0.395343,6,2,1,31.0,2.0,0,4,3.15639,23,11,7,12.0,1.0,0,Away Win,2
2015,3,1,1.40092,14,3,7,11.1176,2.0,0,1,1.14458,8,3,2,11.4706,1.0,0,Draw,1
2015,3,0,0.422078,5,1,2,12.4194,0.0,0,2,3.36158,13,7,4,3.8462,1.0,0,Away Win,2
2015,3,2,1.21008,11,6,2,8.3,3.0,0,0,0.339767,11,3,3,11.1667,2.0,0,Home Win,0
2015,3,2,1.60086,14,7,7,11.3043,2.0,0,1,1.8142,14,3,6,10.7778,4.0,0,Home Win,0
2015,3,1,0.652757,17,6,11,3.4545,1.0,0,2,0.723063,5,3,0,24.55,2.0,0,Away Win,2
2015,3,3,2.61412,26,9,8,4.6774,2.0,0,2,0.825944,8,4,6,17.6,0.0,1,Home Win,0
2015,3,1,1.00958,16,6,9,3.3171,1.0,0,4,1.88024,11,4,6,11.2,1.0,0,Away Win,2
2015,3,4,3.23676,14,6,2,10.0455,1.0,0,0,0.281312,8,3,4,12.1786,2.0,0,Home Win,0
2015,3,5,3.82557,21,11,11,17.9048,1.0,0,1,0.918227,13,4,1,7.6087,2.0,0,Home Win,0
2015,3,3,1.63701,10,5,0,16.1111,2.0,1,3,1.46029,20,5,5,6.9118,1.0,0,Draw,1
2015,3,4,2.14361,14,5,4,5.7907,2.0,0,1,1.14266,15,5,4,7.68,2.0,0,Home Win,0
2015,3,1,2.63935,21,3,8,4.5238,5.0,0,1,1.55385,12,6,2,9.1154,4.0,1,Draw,1
2015,3,1,2.44466,17,9,7,11.52,1.0,0,3,2.23816,18,4,5,8.6333,0.0,0,Away Win,2
2015,3,2,0.863815,12,3,1,17.6667,2.0,0,1,1.0738,14,5,3,6.449,3.0,0,Home Win,0
2015,3,0,0.750153,11,3,2,25.7647,1.0,0,0,1.15007,17,4,6,6.7222,1.0,0,Draw,1
2015,3,0,1.18471,11,4,3,4.4348,0.0,1,0,1.02252,15,3,1,6.5676,5.0,0,Draw,1
2015,3,2,1.10346,14,5,3,11.0952,4.0,0,0,0.22915,3,1,2,12.875,1.0,0,Home Win,0
2015,3,2,1.41068,16,5,5,13.8,2.0,0,0,1.08126,15,4,5,7.9706,1.0,0,Home Win,0
2015,3,1,1.40359,11,2,3,16.9231,1.0,0,0,0.680487,15,9,5,5.8529,1.0,0,Home Win,0
2015,3,3,1.86907,22,8,3,5.0,2.0,0,3,3.11394,16,6,7,5.12,3.0,0,Draw,1
2015,3,2,1.35865,11,6,3,7.7647,2.0,0,2,1.28135,16,5,8,3.5556,1.0,0,Draw,1
2015,3,3,1.87363,16,8,1,6.1667,1.0,0,0,0.0789648,4,0,1,10.5455,3.0,0,Home Win,0
2015,3,0,0.988474,17,2,9,8.5769,1.0,0,2,1.12909,12,5,1,20.1053,1.0,0,Away Win,2
2015,3,5,3.14093,20,13,11,3.9259,1.0,0,0,0.0947484,2,1,4,43.3333,3.0,0,Home Win,0
2015,3,1,1.46364,14,4,5,4.1136,4.0,1,0,1.03957,10,5,7,7.2,2.0,0,Home Win,0
2015,3,2,3.95436,22,10,8,13.4375,0.0,0,0,0.136645,4,0,2,15.3667,0.0,0,Home Win,0
2015,3,2,0.10538,6,3,2,14.9655,1.0,0,1,2.14568,22,8,5,7.5862,0.0,0,Home Win,0
2015,3,1,1.31288,19,5,8,4.0,1.0,0,1,1.3773,11,1,1,16.9048,1.0,0,Draw,1
2015,3,1,2.27762,26,11,10,4.5882,3.0,0,3,2.21883,14,9,3,8.25,1.0,0,Away Win,2
2015,3,1,1.15003,11,3,1,6.9048,2.0,0,1,0.685087,10,2,5,6.9655,2.0,0,Draw,1
2015,3,0,1.00667,6,2,0,13.5714,1.0,0,1,0.343724,6,3,5,5.44,1.0,0,Away Win,2
2015,3,2,1.12049,7,2,3,14.8,2.0,0,1,0.67263,9,2,6,6.8696,3.0,0,Home Win,0
2015,3,1,1.3943,11,5,13,3.9,1.0,0,0,0.381106,8,3,3,7.6786,3.0,0,Home Win,0
2015,3,0,0.64082,14,5,2,5.1515,3.0,0,2,2.29012,15,9,9,7.75,3.0,0,Away Win,2
2015,3,1,1.01768,7,4,2,25.32,4.0,0,3,1.52542,13,5,3,11.0,1.0,0,Away Win,2
2015,3,3,0.705961,12,5,6,7.2045,0.0,0,0,0.572215,10,5,2,7.1154,4.0,0,Home Win,0
2015,3,1,1.08122,21,10,5,5.25,2.0,0,0,0.118042,4,0,1,16.0,5.0,0,Home Win,0
2015,3,4,3.6054,19,7,4,7.5938,1.0,0,2,0.784999,14,5,3,9.8929,2.0,0,Home Win,0
2015,3,3,1.86933,12,4,5,7.4412,1.0,0,0,0.864055,9,2,6,4.3077,5.0,0,Home Win,0
2015,3,2,2.21695,15,6,6,7.3793,4.0,0,2,0.480572,9,3,3,3.55,1.0,0,Draw,1
2015,3,0,1.16167,16,7,5,8.375,1.0,0,3,2.17031,9,4,4,8.96,1.0,0,Away Win,2
2015,3,3,2.84328,24,8,11,5.0,1.0,0,2,0.436067,9,3,2,21.1,3.0,0,Home Win,0
2015,3,5,2.41386,17,8,7,8.2973,1.0,0,0,0.280578,7,2,6,18.5556,2.0,0,Home Win,0
2015,3,1,1.04133,15,5,4,9.5357,2.0,0,1,1.09032,9,1,8,27.9231,1.0,0,Draw,1
2015,3,2,1.66964,13,8,7,8.7778,3.0,0,2,1.25141,12,3,4,12.1563,4.0,0,Draw,1
2015,3,1,2.04687,15,4,5,6.3462,1.0,0,0,0.311628,7,3,3,7.75,1.0,0,Home Win,0
2015,3,1,0.70616,9,3,5,4.1053,3.0,0,2,1.04297,9,4,1,12.2593,2.0,0,Away Win,2
2015,3,1,0.959571,9,2,7,25.2778,1.0,0,3,0.728737,12,6,4,4.1579,3.0,0,Away Win,2
2015,3,1,0.716015,18,4,10,6.4615,2.0,0,2,0.923628,4,2,0,7.1724,5.0,0,Away Win,2
2015,3,0,0.581161,11,3,8,4.6486,3.0,0,2,1.3548,8,6,4,5.7143,4.0,0,Away Win,2
2015,3,1,1.0116,16,3,7,19.2143,2.0,1,1,1.76775,17,9,12,8.5357,2.0,0,Draw,1
2015,3,2,1.23275,10,2,1,5.3714,5.0,0,2,1.6976,15,5,9,11.2174,3.0,0,Draw,1
2015,3,0,0.731816,18,9,8,18.5333,1.0,1,2,1.36907,12,6,8,11.04,2.0,1,Away Win,2
2015,3,2,1.64388,12,8,5,8.5833,2.0,0,0,0.732627,8,2,3,7.8421,0.0,0,Home Win,0
2015,3,2,1.31625,17,7,3,12.2083,2.0,0,1,1.09114,10,2,5,31.8182,0.0,0,Home Win,0
2015,3,2,1.24602,7,3,2,10.7368,2.0,0,0,0.351721,8,3,4,2.5,3.0,0,Home Win,0
2015,3,3,1.12161,12,6,3,6.0,4.0,0,0,0.878427,9,6,2,8.4211,3.0,0,Home Win,0
2015,3,1,1.28148,13,6,4,10.1,2.0,0,0,0.428691,10,4,8,10.8571,0.0,0,Home Win,0
2015,3,3,3.58106,21,9,7,7.4615,1.0,0,2,1.09409,8,3,1,4.8,5.0,0,Home Win,0
2015,3,3,1.27153,14,7,6,10.0,0.0,0,0,0.430468,7,4,2,30.9375,0.0,0,Home Win,0
2015,3,3,1.90773,14,5,10,7.64,0.0,0,0,0.617113,5,1,0,15.0769,0.0,1,Home Win,0
2015,3,2,1.80923,18,7,6,9.0,1.0,0,3,1.14393,12,4,7,13.4286,2.0,0,Away Win,2
2015,3,2,1.90362,12,7,5,5.9474,3.0,0,1,2.52835,21,10,4,7.48,4.0,0,Home Win,0
2015,3,0,0.479435,8,1,3,6.6727,0.0,0,3,3.53521,15,9,4,11.8636,1.0,0,Away Win,2
2015,3,0,1.38162,19,7,6,6.1538,0.0,0,2,0.967552,8,4,1,13.0968,2.0,0,Away Win,2
2015,3,4,2.56591,15,9,3,7.0667,2.0,0,1,1.03362,15,2,6,12.2222,2.0,0,Home Win,0
2015,3,0,0.351189,9,0,1,18.3667,0.0,0,2,0.192443,6,6,3,4.7917,4.0,0,Away Win,2
2015,3,2,1.16542,9,3,2,11.1905,2.0,1,2,1.22986,13,4,7,3.2273,2.0,0,Draw,1
2015,3,2,2.42823,20,8,6,6.8182,3.0,0,3,1.52773,16,6,4,7.9,3.0,0,Away Win,2
2015,3,3,2.90034,24,11,12,6.825,1.0,0,1,1.18468,14,8,3,12.4815,2.0,0,Home Win,0
2015,3,2,0.547038,8,4,5,5.3429,4.0,0,1,0.490667,7,4,2,7.8065,4.0,0,Home Win,0
2015,3,0,0.88211,13,1,5,8.3636,3.0,0,0,0.257362,8,1,5,19.6667,2.0,1,Draw,1
2015,3,1,2.06666,21,2,9,7.0909,0.0,0,3,1.79057,10,7,3,6.7586,0.0,0,Away Win,2
2015,3,2,1.82345,10,6,2,6.9,3.0,0,1,2.37831,16,8,7,5.1351,4.0,0,Home Win,0
2015,3,0,0.973992,12,4,6,4.8788,0.0,0,0,0.570155,7,4,4,5.9048,3.0,0,Draw,1
2015,3,1,1.19136,10,5,4,9.619,2.0,0,2,0.846611,12,4,8,7.1818,2.0,0,Away Win,2
2015,3,1,0.283796,8,3,7,9.5667,2.0,0,1,0.337244,8,2,5,8.7143,1.0,0,Draw,1
2015,3,5,3.1369,20,10,7,7.303,2.0,0,1,0.643223,6,4,6,17.8,0.0,0,Home Win,0
2015,3,2,2.98724,19,8,6,6.8889,1.0,0,1,0.344918,9,3,4,9.7143,6.0,0,Home Win,0
2015,3,6,2.87488,16,9,3,8.5313,1.0,0,2,0.814877,13,4,5,5.75,1.0,0,Home Win,0
2015,3,1,1.4111,20,5,9,6.0833,1.0,0,1,0.557159,5,2,2,11.4063,5.0,0,Draw,1
2015,3,2,1.24034,14,6,6,4.9697,2.0,0,1,1.96166,17,8,3,12.3103,2.0,0,Home Win,0
2015,3,0,0.427188,6,0,5,6.8438,0.0,0,1,1.96183,12,6,4,10.4,0.0,0,Away Win,2
2015,3,1,0.873428,8,3,6,5.5,3.0,0,3,3.89767,19,11,9,6.0323,2.0,0,Away Win,2
2015,3,1,0.697175,6,4,3,38.0833,5.0,0,0,1.4668,13,2,5,2.4211,3.0,0,Home Win,0
2015,3,0,0.578238,9,4,8,6.5652,3.0,0,0,0.585339,13,1,7,10.1481,2.0,0,Draw,1
2015,3,1,0.689753,14,4,3,6.2821,3.0,0,0,1.39948,15,4,5,5.9063,2.0,0,Home Win,0
2015,3,1,1.35682,17,4,10,2.7083,3.0,0,2,1.26224,8,3,1,15.5517,1.0,1,Away Win,2
2015,3,1,1.94299,17,4,4,6.8571,2.0,0,2,2.27556,12,6,3,6.4286,3.0,0,Away Win,2
2015,3,1,1.03269,12,7,2,6.7647,3.0,0,3,2.0985,13,6,4,7.3611,3.0,0,Away Win,2
2015,3,3,2.692,20,11,11,8.3333,0.0,0,1,1.81013,20,5,5,10.2105,1.0,0,Home Win,0
2015,3,1,1.9531,15,4,6,3.2778,4.0,0,0,0.191835,4,2,4,12.1364,2.0,0,Home Win,0
2015,3,2,1.15049,13,5,2,3.7391,1.0,0,2,1.60855,6,5,1,68.1429,0.0,0,Draw,1
2015,3,1,1.41779,14,4,7,9.0,1.0,0,4,1.60217,12,8,2,13.2727,1.0,0,Away Win,2
2015,3,3,3.08569,10,6,2,8.625,1.0,0,2,2.93125,21,5,4,4.4118,1.0,0,Home Win,0
2015,3,0,1.48776,7,3,2,11.3448,3.0,0,0,0.873124,11,5,2,7.1364,3.0,1,Draw,1
2015,3,3,2.79348,17,7,7,19.2143,2.0,0,1,0.973203,13,6,9,8.4737,2.0,0,Home Win,0
2015,3,0,0.357258,9,0,3,27.0588,3.0,0,2,1.87154,22,3,6,4.2759,0.0,0,Away Win,2
2016,3,6,4.53263,27,14,8,7.3929,0.0,0,0,0.185791,4,2,1,46.4,1.0,0,Home Win,0
2016,3,0,0.452708,13,2,2,9.9,1.0,0,2,0.711094,12,6,3,17.2143,2.0,0,Away Win,2
2016,3,1,0.309707,8,1,4,8.0,2.0,0,1,1.20744,13,5,5,7.7917,2.0,0,Draw,1
2016,3,1,1.86688,11,4,7,12.2083,2.0,1,0,0.930915,11,3,5,8.9565,2.0,0,Home Win,0
2016,3,2,3.13195,21,8,6,12.7857,3.0,0,0,0.558815,12,3,5,17.6842,3.0,0,Home Win,0
2016,3,2,1.81984,17,8,7,5.4,0.0,0,1,1.07885,12,4,2,13.0286,3.0,0,Home Win,0
2016,3,2,1.88815,13,9,7,8.72,3.0,0,1,1.11067,12,6,3,6.65,3.0,0,Home Win,0
2016,3,2,0.869084,15,5,5,13.875,0.0,0,1,0.360723,8,2,2,27.1538,3.0,0,Home Win,0
2016,3,2,1.15624,11,5,2,6.3333,2.0,0,2,2.47526,23,9,9,11.04,4.0,0,Draw,1
2016,3,0,0.965209,9,2,2,12.0625,2.0,0,2,2.2266,18,2,7,5.8077,4.0,0,Away Win,2
2016,3,0,0.914326,19,4,8,12.0,2.0,0,0,1.36943,16,9,4,24.8333,3.0,0,Draw,1
2016,3,0,0.986677,11,5,6,4.6389,3.0,0,2,0.854096,7,6,1,10.3913,1.0,0,Away Win,2
2016,3,1,0.277384,8,1,1,26.3684,1.0,0,0,1.64252,14,3,4,3.375,2.0,0,Home Win,0
2016,3,3,1.55438,18,7,3,14.5,2.0,0,1,0.130259,5,2,4,10.3125,2.0,0,Home Win,0
2016,3,3,2.1378,15,5,4,4.7308,2.0,0,1,0.65629,6,2,1,8.7857,1.0,0,Home Win,0
2016,3,1,0.950658,10,4,5,10.6765,2.0,0,0,0.482478,8,1,7,7.3158,2.0,0,Home Win,0
2016,3,1,1.62947,10,1,0,7.6154,2.0,0,2,1.65986,18,5,4,5.4865,3.0,0,Away Win,2
2016,3,4,0.788235,12,6,8,13.92,1.0,1,4,2.26684,20,5,5,4.7273,3.0,0,Draw,1
2016,3,3,1.40487,9,3,4,23.8125,1.0,0,0,1.4295,17,8,6,8.6842,1.0,0,Home Win,0
2016,3,0,1.08134,14,2,8,7.85,5.0,0,4,3.30009,12,6,3,9.9032,1.0,0,Away Win,2
2016,3,0,1.93562,20,5,3,6.9375,2.0,0,0,2.34852,21,9,11,9.3704,1.0,0,Draw,1
2016,3,2,2.14781,17,8,1,6.717,3.0,0,1,2.11932,7,3,3,7.3846,0.0,0,Home Win,0
2016,3,3,0.446972,10,5,5,4.0833,1.0,0,1,1.54672,13,5,5,10.7931,2.0,0,Home Win,0
2016,3,6,4.05385,22,13,12,9.4,0.0,0,0,0.179729,5,1,2,33.1667,4.0,1,Home Win,0
2016,3,4,3.63049,15,7,10,10.5,0.0,0,1,1.20156,9,5,4,13.2667,3.0,1,Home Win,0
2016,3,1,0.82866,12,5,2,5.3235,1.0,0,3,1.54386,11,6,7,9.3333,2.0,1,Away Win,2
2016,3,2,0.724842,8,2,4,9.1379,1.0,0,0,0.424457,11,4,6,10.375,1.0,0,Home Win,0
2016,3,1,2.71087,16,9,2,9.6486,2.0,0,5,2.34245,10,9,3,21.8,0.0,0,Away Win,2
2016,3,0,0.782075,13,3,6,3.8,0.0,0,2,0.352096,9,5,4,6.2692,1.0,0,Away Win,2
2016,3,1,1.62811,12,3,2,22.7895,1.0,0,1,1.44238,15,4,6,4.6296,1.0,0,Draw,1
2016,3,1,1.78293,20,4,7,7.6667,1.0,0,0,0.647916,7,0,0,13.8125,0.0,0,Home Win,0
2016,3,1,1.58682,9,5,5,11.8621,1.0,0,1,0.224262,3,1,2,5.7813,2.0,0,Draw,1
2016,3,1,0.916,13,7,3,10.25,2.0,0,2,1.38592,13,6,14,5.3793,2.0,0,Away Win,2
2016,3,3,2.71721,16,7,6,6.3333,1.0,0,0,0.153422,2,2,2,26.6,0.0,0,Home Win,0
2016,3,0,2.0338,14,6,6,4.72,0.0,0,0,0.230565,5,2,3,13.6,2.0,0,Draw,1
2016,3,1,1.37614,17,8,8,6.3913,2.0,0,3,1.18875,9,5,4,15.4545,1.0,0,Away Win,2
2016,3,3,3.2333,24,5,15,4.7778,2.0,0,1,1.05384,9,5,3,7.5918,3.0,0,Home Win,0
2016,3,2,1.18177,7,5,1,7.1935,2.0,0,0,0.535119,8,2,3,11.1379,3.0,0,Home Win,0
2016,3,2,1.73915,9,5,6,9.3043,3.0,0,3,1.73598,16,6,1,4.32,2.0,0,Away Win,2
2016,3,0,0.304936,7,1,3,24.5,2.0,0,1,2.12276,17,8,5,3.3077,3.0,0,Away Win,2
2016,3,1,1.95473,19,6,3,5.0,2.0,0,0,0.129868,5,0,5,17.5455,1.0,1,Home Win,0
2016,3,3,1.50633,11,4,4,9.2143,4.0,0,3,1.17158,6,4,1,12.0,2.0,0,Draw,1
2016,3,2,1.11466,16,4,6,12.96,1.0,0,1,0.483419,11,3,2,8.85,3.0,0,Home Win,0
2016,3,2,1.8649,14,2,2,18.0526,1.0,0,1,1.04708,12,5,6,7.6471,1.0,0,Home Win,0
2016,3,1,0.366844,10,2,1,14.7647,1.0,0,1,0.819612,12,2,6,9.7083,2.0,0,Draw,1
2016,3,2,1.04258,17,10,6,6.9737,0.0,0,1,0.313816,6,2,3,9.8182,3.0,0,Home Win,0
2016,3,1,2.20563,26,3,10,10.4706,1.0,0,1,0.899194,5,2,3,42.75,2.0,0,Draw,1
2016,3,2,2.44266,14,5,7,19.5333,2.0,0,0,1.11245,16,3,3,5.0882,6.0,0,Home Win,0
2016,3,1,2.21758,18,5,8,6.4737,1.0,0,2,3.31162,20,9,5,6.8333,2.0,0,Away Win,2
2016,3,2,1.27773,9,2,5,6.9,2.0,0,2,1.54526,15,7,10,4.8696,1.0,0,Draw,1
2016,3,1,0.464817,11,3,9,12.2593,4.0,0,0,0.715723,14,3,4,5.36,3.0,0,Home Win,0
2016,3,2,1.52698,11,6,1,10.8409,5.0,0,0,0.837447,10,4,9,5.12,1.0,0,Home Win,0
2016,3,0,1.32308,19,3,11,7.88,0.0,0,0,0.256465,7,2,3,11.4138,0.0,0,Draw,1
2016,3,4,3.05307,15,8,3,18.1818,0.0,0,0,0.802215,12,4,5,9.8889,0.0,0,Home Win,0
2016,3,1,2.60334,15,6,5,5.3158,1.0,1,1,0.994838,9,2,0,14.7097,5.0,1,Draw,1
2016,3,0,3.46166,22,4,10,3.3333,2.0,0,0,0.209913,5,0,3,22.4286,4.0,1,Draw,1
2016,3,2,3.98127,15,3,5,5.44,3.0,0,1,1.07265,9,1,3,12.6296,3.0,0,Home Win,0
2016,3,1,0.414301,11,5,6,7.7273,2.0,0,1,0.73357,12,3,4,8.9259,3.0,0,Draw,1
2016,3,2,2.4316,14,4,8,9.9032,2.0,0,1,0.860554,13,6,5,8.4615,3.0,0,Home Win,0
2016,3,2,2.01559,13,4,2,9.6667,2.0,1,2,1.4782,14,5,6,5.72,4.0,0,Draw,1
2016,3,2,1.51915,11,5,0,17.625,2.0,0,1,0.548105,13,6,2,4.6857,2.0,0,Home Win,0
2016,3,2,2.86526,13,5,7,8.0,3.0,0,1,1.93127,12,4,7,4.8182,1.0,0,Home Win,0
2016,3,0,0.684268,10,2,7,7.0,2.0,0,1,1.82053,13,6,4,8.4138,1.0,0,Away Win,2
2016,3,0,0.163638,3,0,0,11.5357,0.0,1,3,1.31119,13,4,2,6.4375,4.0,0,Away Win,2
2016,3,3,1.69325,12,7,2,21.0,0.0,0,3,2.51636,24,10,8,3.1852,1.0,0,Draw,1
2016,3,3,1.38031,10,5,1,17.3929,0.0,0,1,0.577877,9,1,4,8.2222,2.0,1,Home Win,0
2016,3,2,1.53071,12,5,0,13.4737,1.0,0,1,1.23006,14,6,1,15.0952,0.0,0,Home Win,0
2016,3,2,1.43523,13,7,4,9.0968,2.0,0,1,1.35639,10,2,5,8.3226,1.0,0,Home Win,0
2016,3,0,0.598561,6,1,5,16.5,0.0,1,3,2.30615,14,8,3,12.5238,1.0,0,Away Win,2
2016,3,2,1.73353,17,5,8,9.625,0.0,0,0,0.49977,3,0,1,17.0385,1.0,0,Home Win,0
2016,3,3,3.33619,22,6,6,3.7222,4.0,0,1,0.913725,7,3,5,14.4444,3.0,0,Home Win,0
2016,3,3,1.21196,11,5,3,6.9688,2.0,0,0,0.987414,11,4,3,9.3077,3.0,0,Home Win,0
2015,4,0,0.98272,25,5,7,4.7097,3.0,0,0,0.856601,10,2,2,8.95,3.0,1,Draw,1
2015,4,0,0.574748,16,5,5,7.8824,3.0,0,0,0.944878,9,2,4,13.55,2.0,0,Draw,1
2015,4,1,0.477297,5,2,5,10.4286,2.0,0,0,1.27636,13,3,6,4.3793,3.0,1,Home Win,0
2015,4,1,0.91996,14,3,4,7.6667,2.0,0,0,0.522515,8,1,4,11.76,0.0,0,Home Win,0
2015,4,0,0.693517,8,3,3,5.1176,3.0,0,0,2.20399,10,4,3,9.7778,1.0,0,Draw,1
2015,4,0,0.394999,8,2,2,16.5185,3.0,0,1,1.76141,10,4,4,6.6316,3.0,0,Away Win,2
2015,4,0,0.333248,6,0,2,10.9333,4.0,0,0,1.54271,27,8,5,6.28,0.0,0,Draw,1
2015,4,1,0.485771,11,2,4,28.3333,1.0,1,2,1.80598,15,6,6,4.0345,3.0,0,Away Win,2
2015,4,1,1.4954,22,6,7,2.3125,3.0,0,1,1.63096,8,4,5,5.4138,1.0,1,Draw,1
2015,4,1,0.893586,12,6,6,6.4828,1.0,1,3,1.81223,10,4,5,9.1667,6.0,0,Away Win,2
2015,4,3,1.59386,14,4,2,6.1875,1.0,0,1,0.721424,5,3,3,12.7619,6.0,0,Home Win,0
2015,4,0,0.887693,12,1,6,6.8,4.0,0,0,0.25686,7,2,4,23.1818,5.0,0,Draw,1
2015,4,1,1.92171,22,13,15,5.0,0.0,0,0,0.223011,4,1,2,9.4483,3.0,0,Home Win,0
2015,4,3,1.7022,11,7,5,6.2188,2.0,0,0,0.0816438,3,0,4,30.2143,2.0,1,Home Win,0
2015,4,5,3.14512,21,11,11,5.7273,3.0,0,0,0.941159,7,1,4,25.7692,3.0,0,Home Win,0
2015,4,2,1.34808,9,8,11,9.7143,2.0,0,0,0.316867,9,1,4,6.2759,2.0,0,Home Win,0
2015,4,0,1.73824,25,7,11,6.7,3.0,0,3,1.2446,17,7,1,10.6,4.0,0,Away Win,2
2015,4,1,1.85572,12,6,5,7.913,2.0,1,1,0.818281,12,3,7,8.1429,1.0,0,Draw,1
2015,4,1,0.801319,16,4,6,5.3182,5.0,0,2,1.27622,9,4,6,7.5769,3.0,0,Away Win,2
2015,4,0,0.825401,16,2,3,3.7143,2.0,0,0,0.0685963,3,2,0,8.7353,4.0,0,Draw,1
2015,4,1,1.09171,14,4,5,8.95,3.0,0,1,0.886593,8,3,4,15.1538,3.0,0,Draw,1
2015,4,0,1.47918,14,3,5,8.7879,2.0,0,6,4.38766,15,8,6,13.8421,2.0,0,Away Win,2
2015,4,0,1.10502,15,8,5,10.1,3.0,0,1,1.48606,17,3,6,6.8276,3.0,0,Away Win,2
2015,4,1,0.833737,11,3,1,13.5,3.0,0,2,2.33036,13,5,10,10.125,1.0,0,Away Win,2
2015,4,1,0.75201,9,2,2,7.8846,4.0,1,0,0.663712,14,3,4,5.5417,3.0,0,Home Win,0
2015,4,1,0.817524,13,2,8,5.0,2.0,0,3,1.48742,8,5,6,4.9459,4.0,0,Away Win,2
2015,4,3,1.91225,14,6,12,7.2222,1.0,0,1,0.930841,12,4,5,6.7576,4.0,0,Home Win,0
2015,4,3,3.52742,25,12,7,4.0,0.0,0,3,1.29875,9,4,2,19.7895,3.0,1,Draw,1
2015,4,0,1.03596,10,4,7,4.7742,2.0,0,0,0.885807,7,0,3,6.4194,4.0,0,Draw,1
2015,4,1,0.61631,8,2,5,8.8667,2.0,1,3,2.11613,14,8,4,11.4516,2.0,0,Away Win,2
2015,4,1,1.18708,10,4,4,9.68,5.0,0,0,0.690557,13,3,7,5.4167,2.0,0,Home Win,0
2015,4,1,3.03758,20,10,10,5.2414,1.0,0,0,1.7661,12,3,1,11.7273,3.0,0,Home Win,0
2015,4,0,1.81097,22,5,7,3.8077,4.0,0,0,0.190749,3,1,1,12.8947,2.0,1,Draw,1
2015,4,0,0.2857,9,3,1,10.9118,2.0,0,2,1.72085,14,6,4,7.5667,1.0,0,Away Win,2
2015,4,2,1.35321,10,3,7,9.5417,2.0,1,3,1.89499,18,6,6,8.6,3.0,0,Away Win,2
2015,4,1,1.52622,13,5,5,9.2,3.0,0,2,0.84576,15,5,5,5.4706,5.0,1,Away Win,2
2015,4,2,0.831861,19,9,8,5.4,3.0,0,3,1.62405,4,4,3,9.28,3.0,0,Away Win,2
2015,4,3,1.61474,14,7,9,6.697,4.0,0,1,1.26405,10,2,4,8.5882,4.0,0,Home Win,0
2015,4,4,4.0122,21,8,4,4.8125,0.0,0,1,0.866439,11,4,4,18.5882,1.0,0,Home Win,0
2015,4,0,0.401504,8,2,3,6.7391,3.0,0,1,1.77993,17,6,5,5.2895,5.0,0,Away Win,2
2015,4,1,1.87389,17,5,7,7.3438,5.0,0,0,0.777547,10,4,6,5.6207,7.0,0,Home Win,0
2015,4,2,1.48124,12,3,6,6.7778,3.0,0,0,0.480381,6,2,1,10.0417,2.0,0,Home Win,0
2015,4,0,0.393118,11,1,4,5.5625,5.0,0,3,2.65392,8,5,3,7.2917,4.0,0,Away Win,2
2015,4,2,2.90667,18,6,4,4.5862,2.0,0,1,0.532738,6,2,4,9.5769,1.0,1,Home Win,0
2015,4,4,2.22577,18,5,5,7.3429,2.0,0,1,2.51546,18,7,10,7.7917,2.0,0,Home Win,0
2015,4,2,0.537144,12,2,4,5.5,2.0,0,2,1.40104,10,4,7,5.5476,5.0,0,Draw,1
2015,4,1,1.17616,12,5,6,9.3243,4.0,0,2,2.93805,22,6,8,12.4444,3.0,0,Away Win,2
2015,4,0,0.878256,15,4,8,4.2821,2.0,0,1,0.933564,9,3,5,7.8,3.0,0,Away Win,2
2015,4,2,1.02387,12,4,5,10.8182,3.0,0,0,1.53528,17,3,5,3.641,4.0,0,Home Win,0
2015,4,1,1.11886,9,2,3,5.68,3.0,0,2,0.264158,8,3,4,9.6875,5.0,0,Away Win,2
2015,4,1,2.0801,12,5,11,8.375,3.0,0,0,0.990969,18,3,3,3.0435,3.0,0,Home Win,0
2015,4,2,3.47992,18,6,3,4.1176,2.0,0,1,0.585814,10,6,4,12.4839,4.0,0,Home Win,0
2015,4,0,3.18828,31,9,12,7.0476,4.0,0,0,0.638418,12,3,6,24.3636,4.0,1,Draw,1
2015,4,3,2.76392,16,8,6,8.5385,1.0,0,2,0.920477,18,5,5,5.6286,2.0,1,Home Win,0
2015,4,1,0.871094,5,2,1,12.1905,2.0,0,0,0.466414,9,4,5,10.8276,2.0,0,Home Win,0
2015,4,1,1.20938,10,3,4,7.5682,5.0,0,1,1.08234,9,2,4,3.2813,4.0,0,Draw,1
2015,4,1,1.75847,19,10,10,6.2333,1.0,0,2,1.65258,13,5,4,13.9524,1.0,0,Away Win,2
2015,4,3,1.89137,14,5,7,14.2105,4.0,0,0,0.259334,7,3,5,14.0,3.0,1,Home Win,0
2015,4,3,1.09777,16,9,4,6.6,2.0,0,0,0.589659,10,3,4,19.6923,3.0,0,Home Win,0
2015,4,0,1.08705,15,4,4,6.5333,3.0,0,0,0.611548,10,2,2,4.7941,4.0,0,Draw,1
2015,4,0,1.48902,18,7,9,3.2571,1.0,0,0,1.32092,9,3,1,11.3214,5.0,0,Draw,1
2015,4,2,1.57705,12,5,7,9.3333,5.0,0,1,3.86997,28,9,9,5.6667,3.0,0,Home Win,0
2015,4,1,0.825643,10,3,2,6.0476,1.0,0,1,0.942041,14,3,5,5.9697,3.0,0,Draw,1
2015,4,1,2.00148,13,9,9,7.3056,3.0,0,2,1.6289,12,2,1,7.7576,3.0,0,Away Win,2
2015,4,0,0.965753,18,4,3,8.4667,2.0,0,2,1.62203,9,4,2,8.7879,2.0,0,Away Win,2
2015,4,3,1.89707,11,7,2,9.6333,3.0,1,1,1.04161,13,5,4,6.25,2.0,0,Home Win,0
2015,4,0,1.2884,23,9,8,2.9118,4.0,0,2,1.68781,9,6,3,10.5833,2.0,0,Away Win,2
2015,4,3,2.69373,16,7,11,7.8235,0.0,0,1,0.61804,9,4,4,11.8947,4.0,0,Home Win,0
2015,4,1,1.06144,14,4,8,8.96,4.0,0,0,0.114789,3,2,2,6.4,3.0,1,Home Win,0
2015,4,1,2.38708,18,4,5,9.3143,6.0,0,1,0.792017,9,2,1,8.4,4.0,0,Draw,1
2015,4,3,1.60293,20,6,4,7.1563,1.0,0,0,1.5507,15,5,4,31.2,4.0,0,Home Win,0
2015,4,1,0.781265,14,4,2,8.7308,3.0,0,1,1.68695,15,5,5,5.3929,3.0,0,Draw,1
2015,4,5,4.61543,14,9,7,10.069,1.0,0,2,2.83637,22,8,10,8.4194,2.0,0,Home Win,0
2015,4,3,1.59507,7,3,6,8.7273,3.0,0,0,1.53697,10,3,8,5.3333,3.0,0,Home Win,0
2015,4,1,1.86579,21,6,4,4.0,2.0,0,3,1.85292,13,4,3,6.5882,4.0,0,Away Win,2
2015,4,1,0.995361,12,3,7,17.9474,1.0,1,2,1.62408,13,2,4,4.7778,3.0,0,Away Win,2
2015,4,0,0.485713,11,1,5,6.8571,4.0,2,2,1.57864,7,3,2,10.5417,5.0,0,Away Win,2
2015,4,4,2.86431,14,7,5,9.6944,2.0,0,0,0.443316,16,3,1,7.4828,1.0,1,Home Win,0
2015,4,2,1.24801,17,3,4,6.8148,2.0,0,2,0.676596,7,2,6,7.1389,2.0,0,Draw,1
2015,4,3,1.39196,16,6,6,5.1364,3.0,0,3,2.51462,14,7,1,9.6333,4.0,2,Draw,1
2015,4,3,1.85851,13,7,6,4.5455,2.0,1,0,1.41105,9,3,5,18.1667,1.0,1,Home Win,0
2015,4,1,1.57638,17,7,5,6.7895,4.0,1,3,1.9616,14,8,7,12.0833,1.0,0,Away Win,2
2015,4,1,1.06647,17,6,3,7.1818,3.0,0,1,1.11054,8,2,3,5.48,3.0,0,Draw,1
2015,4,5,5.15361,22,13,7,8.0417,1.0,0,0,0.227689,6,0,3,13.5,1.0,1,Home Win,0
2015,4,2,1.06014,9,4,3,7.5625,0.0,0,0,0.766533,10,1,5,8.1786,1.0,0,Home Win,0
2015,4,0,1.07863,13,3,10,3.8276,4.0,1,4,3.28662,13,6,3,5.375,3.0,0,Away Win,2
2015,4,0,0.189007,6,2,6,9.5556,1.0,0,0,0.205133,5,0,6,8.5385,2.0,0,Draw,1
2015,4,3,1.64662,14,5,6,4.1304,3.0,1,1,1.30132,7,5,2,13.5385,5.0,0,Home Win,0
2015,4,2,2.07582,16,8,9,5.4528,4.0,0,1,0.885758,6,1,2,8.8571,4.0,0,Home Win,0
2015,4,3,2.81541,20,6,9,9.7692,1.0,0,0,0.15924,6,0,3,9.3704,3.0,0,Home Win,0
2015,4,1,0.917497,7,3,1,15.64,2.0,0,1,1.43617,12,3,5,9.9583,0.0,0,Draw,1
2015,4,3,2.80269,17,11,6,10.5938,0.0,0,1,0.562561,8,5,3,35.1818,3.0,0,Home Win,0
2015,4,2,1.03337,11,5,7,6.6774,5.0,0,1,0.880961,6,3,5,7.88,3.0,0,Home Win,0
2015,4,3,2.26116,14,6,5,5.5417,2.0,0,0,1.14512,10,5,5,8.9286,3.0,0,Home Win,0
2015,4,0,0.18992,6,0,3,22.8824,3.0,0,2,2.07864,14,6,5,5.25,0.0,0,Away Win,2
2015,4,2,1.13516,20,5,8,10.5833,2.0,0,3,1.43886,16,8,7,4.5926,5.0,0,Away Win,2
2015,4,1,1.26188,12,1,2,6.275,2.0,0,0,0.502135,6,2,6,7.3846,3.0,0,Home Win,0
2015,4,1,1.71942,10,4,5,4.2903,1.0,1,1,0.680785,9,5,6,4.2,6.0,0,Draw,1
2015,4,1,1.51083,9,6,7,13.4286,1.0,0,0,0.482096,13,5,5,5.84,3.0,0,Home Win,0
2015,4,1,1.23993,11,3,7,6.6429,2.0,0,3,4.022,23,9,9,7.72,4.0,0,Away Win,2
2015,4,2,0.802566,8,4,0,9.5455,1.0,0,0,0.500075,11,6,8,6.1351,4.0,0,Home Win,0
2015,4,1,1.6317,17,3,15,5.375,1.0,0,5,1.48214,9,5,5,7.7333,3.0,0,Away Win,2
2015,4,1,0.822146,15,5,9,7.375,4.0,0,1,0.572246,9,5,5,14.2667,2.0,0,Draw,1
2015,4,3,2.65653,16,7,5,8.3,3.0,0,1,0.607458,10,4,7,5.5185,1.0,1,Home Win,0
2015,4,2,0.825919,7,2,4,11.4783,2.0,1,1,0.483537,8,2,1,6.2857,3.0,0,Home Win,0
2015,4,0,0.890995,12,5,6,3.75,2.0,0,1,0.876923,7,2,3,9.0952,5.0,0,Away Win,2
2015,4,2,0.780105,8,2,4,4.75,2.0,0,1,0.629441,5,1,5,4.4444,6.0,0,Home Win,0
2015,4,3,3.0769,20,9,7,6.2414,5.0,0,0,0.278588,5,2,2,9.9677,3.0,0,Home Win,0
2015,4,1,1.21835,15,3,5,2.8889,4.0,0,0,0.396003,9,2,1,16.375,3.0,0,Home Win,0
2015,4,3,2.39505,14,5,4,14.55,1.0,0,2,1.25807,28,10,6,13.5238,1.0,0,Home Win,0
2015,4,2,1.39018,14,7,7,8.3889,2.0,0,0,1.1262,13,5,5,7.4516,1.0,0,Home Win,0
2015,4,0,1.2581,13,7,10,12.1563,3.0,1,4,3.27692,18,7,4,9.8182,2.0,0,Away Win,2
2015,4,2,1.15492,7,3,3,7.44,3.0,0,0,0.753602,14,5,8,4.7188,2.0,0,Home Win,0
2015,4,1,1.38069,9,3,1,10.3429,3.0,0,1,2.43396,18,7,8,8.0,3.0,0,Draw,1
2015,4,2,1.02848,5,2,2,7.0789,6.0,0,0,0.886052,6,4,10,5.2593,3.0,0,Home Win,0
2015,4,0,1.98544,13,2,5,10.6842,4.0,0,3,2.67209,13,6,3,10.5714,5.0,0,Away Win,2
2015,4,1,1.78239,12,5,12,4.7308,3.0,0,1,2.61337,17,7,6,11.4167,2.0,1,Draw,1
2015,4,2,0.806379,8,1,2,8.9667,6.0,0,0,1.35423,11,6,7,2.9429,3.0,0,Home Win,0
2015,4,0,0.128682,6,3,2,11.76,1.0,0,1,2.26452,11,4,6,8.1852,4.0,0,Away Win,2
2015,4,1,0.721945,15,8,5,8.931,5.0,0,1,1.1181,8,4,7,3.9643,4.0,0,Draw,1
2015,4,0,1.10847,14,1,7,8.7143,6.0,1,1,0.943363,11,5,4,8.8,4.0,1,Away Win,2
2015,4,4,2.95341,11,6,6,15.9333,0.0,0,0,0.617573,10,2,4,11.9643,5.0,0,Home Win,0
2015,4,1,1.73222,21,6,6,7.4848,0.0,0,0,0.143079,5,0,2,6.4516,4.0,0,Home Win,0
2015,4,2,1.40547,12,7,7,8.6522,2.0,1,2,0.557943,11,4,4,3.8519,6.0,0,Draw,1
2015,4,0,0.349655,8,5,6,5.7083,4.0,0,2,2.20767,10,5,4,13.84,3.0,0,Away Win,2
2015,4,2,1.14376,6,4,3,6.0,3.0,0,1,0.664946,9,2,5,14.9565,0.0,0,Home Win,0
2015,4,2,1.67288,12,5,6,11.4762,4.0,0,0,0.7886,7,0,6,4.2424,2.0,0,Home Win,0
2015,4,0,0.28097,8,3,6,6.8696,3.0,0,2,2.29034,17,6,5,11.1538,4.0,0,Away Win,2
2015,4,0,1.45678,15,3,6,4.56,4.0,0,3,2.24726,10,4,2,7.7,0.0,1,Away Win,2
2015,4,1,1.63337,15,5,17,4.4878,3.0,0,0,0.0,0,0,0,11.1429,2.0,2,Home Win,0
2015,4,4,1.87007,16,8,3,10.0417,1.0,0,1,0.24488,7,3,4,20.4737,0.0,0,Home Win,0
2015,4,0,0.602436,18,3,6,11.2143,2.0,0,2,1.93434,11,4,8,9.8214,1.0,0,Away Win,2
2015,4,1,0.847612,10,3,0,19.1429,3.0,0,1,2.08221,16,5,6,4.6364,1.0,0,Draw,1
2015,4,1,0.64324,8,4,6,11.2381,2.0,0,1,1.09296,8,2,2,5.6552,3.0,0,Draw,1
2015,4,1,2.41831,28,6,8,5.8929,5.0,0,1,0.535918,5,1,0,8.375,5.0,1,Draw,1
2015,4,2,2.37051,10,7,4,6.4737,3.0,0,1,0.286413,5,1,3,10.3333,3.0,0,Home Win,0
2015,4,2,1.60179,14,5,5,7.1935,1.0,0,1,0.325638,8,4,4,5.3871,4.0,0,Home Win,0
2015,4,3,3.85858,21,9,8,10.5,2.0,0,1,0.418437,12,7,4,6.6111,1.0,1,Home Win,0
2015,4,0,0.305008,11,2,6,8.037,2.0,1,0,0.699162,7,2,1,4.5143,3.0,0,Draw,1
2015,4,1,1.40669,9,1,2,5.2857,4.0,0,1,1.01356,12,5,6,9.1111,5.0,0,Draw,1
2015,4,1,0.762214,9,5,5,10.2857,3.0,0,1,1.82817,10,6,5,6.08,3.0,0,Draw,1
2015,4,2,0.873385,17,7,6,5.375,0.0,0,2,1.22055,13,4,2,12.2727,2.0,0,Draw,1
2015,4,1,1.23164,16,3,4,8.4783,3.0,1,0,0.166852,6,2,9,5.6667,2.0,0,Home Win,0
2015,4,1,0.727312,7,5,2,4.0408,2.0,0,2,0.752355,8,3,1,4.5,2.0,0,Away Win,2
2015,4,2,2.1509,18,7,3,3.871,3.0,0,0,0.0656616,4,1,1,22.5,2.0,1,Home Win,0
2015,4,1,2.11811,16,4,2,6.1538,3.0,0,0,0.36831,8,2,2,12.56,0.0,0,Home Win,0
2015,4,1,1.12081,13,3,6,6.4444,1.0,0,2,1.43186,15,5,7,5.5,2.0,0,Away Win,2
2015,4,1,2.92204,14,5,9,5.1053,4.0,1,1,0.286203,6,1,2,5.303,4.0,1,Draw,1
2015,4,2,0.33621,8,4,3,12.6522,1.0,0,1,1.62076,10,5,6,9.0,1.0,0,Home Win,0
2015,4,1,0.940499,7,3,3,18.6875,2.0,0,0,1.45508,20,1,9,7.2174,2.0,0,Home Win,0
2015,4,2,1.18705,12,7,5,6.1481,2.0,0,2,0.508532,9,3,1,9.8065,6.0,0,Draw,1
2015,4,1,1.24844,12,2,7,5.3191,4.0,0,0,0.598519,9,4,5,7.5161,4.0,0,Home Win,0
2015,4,0,0.377247,12,0,8,6.0667,7.0,0,0,1.02024,8,2,8,3.8077,5.0,0,Draw,1
2015,4,2,1.60925,13,3,9,13.0,0.0,1,0,0.462565,13,1,8,5.2813,2.0,0,Home Win,0
2015,4,10,5.71778,30,15,10,10.4138,1.0,0,2,0.93456,9,4,4,15.4667,2.0,2,Home Win,0
2015,4,0,1.02445,16,2,9,14.3333,2.0,0,2,0.797645,7,5,1,10.7742,1.0,0,Away Win,2
2015,4,0,0.340342,11,1,9,6.5313,4.0,0,2,2.25068,10,4,3,5.6389,2.0,0,Away Win,2
2015,4,2,2.74756,18,7,10,5.3415,0.0,0,0,0.514585,6,1,3,9.4,5.0,0,Home Win,0
2015,4,1,1.0242,17,4,4,5.3548,3.0,0,0,0.378061,6,3,1,7.4848,4.0,1,Home Win,0
2015,4,3,3.42264,23,13,13,15.2353,1.0,0,1,0.580977,13,2,2,14.5,4.0,0,Home Win,0
2015,4,0,0.167376,7,1,6,6.2069,7.0,0,1,1.04316,10,6,5,4.9655,5.0,0,Away Win,2
2015,4,0,0.372305,10,3,3,4.6333,3.0,0,2,2.20164,17,6,8,6.0256,3.0,0,Away Win,2
2015,4,2,2.87616,15,10,6,9.6786,3.0,0,0,0.633616,12,1,6,7.8571,3.0,0,Home Win,0
2015,4,2,1.17554,15,5,5,2.9091,3.0,0,0,0.399746,6,0,7,7.4783,3.0,0,Home Win,0
2015,4,0,0.742286,15,5,9,8.0,3.0,0,0,0.584931,10,3,2,7.0,1.0,0,Draw,1
2015,4,4,4.34983,16,7,2,5.1563,1.0,0,0,0.457226,11,4,3,11.5517,3.0,0,Home Win,0
2015,4,0,0.414056,7,3,3,5.0714,3.0,0,1,1.09564,13,5,3,11.3548,4.0,0,Away Win,2
2015,4,4,1.28726,7,4,4,8.4091,2.0,0,1,0.688245,12,5,4,9.5172,5.0,1,Home Win,0
2015,4,1,0.420594,9,3,3,6.4063,1.0,0,0,0.339183,6,2,6,9.08,3.0,0,Home Win,0
2015,4,0,0.138495,4,1,6,6.5957,5.0,0,0,1.00394,10,2,10,2.5455,3.0,0,Draw,1
2015,4,1,1.06627,16,2,13,5.9189,0.0,0,0,0.460313,9,1,1,7.9259,4.0,0,Home Win,0
2015,4,2,3.03854,14,4,5,6.8788,4.0,0,0,1.0569,8,1,2,7.125,2.0,1,Home Win,0
2015,4,2,0.924233,14,5,7,7.4286,3.0,0,2,1.31907,15,7,7,4.2963,3.0,0,Draw,1
2015,4,0,1.53245,10,6,6,5.7097,4.0,0,4,1.49466,6,5,2,7.9355,3.0,0,Away Win,2
2015,4,2,0.766685,9,4,2,8.0,2.0,0,1,2.31991,14,6,9,6.8333,2.0,1,Home Win,0
2015,4,2,1.71133,15,5,5,5.431,3.0,0,2,0.517767,12,5,5,6.7407,4.0,0,Draw,1
2015,4,1,1.15796,11,4,9,6.5405,3.0,0,2,1.55208,6,4,3,13.5789,3.0,0,Away Win,2
2015,4,2,2.45563,12,4,4,8.6765,1.0,0,2,1.20246,17,4,7,6.925,1.0,1,Draw,1
2015,4,1,1.85778,17,4,4,7.5833,3.0,0,2,2.18421,11,2,2,5.1,3.0,0,Away Win,2
2015,4,4,4.72913,17,8,7,4.8235,1.0,0,0,0.325061,8,4,0,12.6923,4.0,0,Home Win,0
2015,4,2,1.7013,4,4,6,11.25,2.0,0,0,1.25007,11,3,8,8.3667,3.0,0,Home Win,0
2015,4,1,1.28639,9,3,8,5.931,1.0,0,0,0.602107,11,2,4,5.1765,3.0,0,Home Win,0
2015,4,5,3.52924,23,9,5,8.6129,0.0,0,0,0.989088,18,4,9,13.9167,3.0,0,Home Win,0
2015,4,2,0.954929,10,4,5,10.0455,5.0,0,1,0.34525,10,4,5,5.1071,1.0,0,Home Win,0
2015,4,2,1.53045,7,4,3,10.2609,4.0,0,0,0.960625,12,2,9,8.1875,2.0,0,Home Win,0
2015,4,2,2.82395,24,7,5,6.0,3.0,0,0,0.838597,10,3,6,12.6471,4.0,0,Home Win,0
2015,4,2,2.87714,20,6,8,7.0741,3.0,0,1,0.263626,7,4,2,5.7143,2.0,0,Home Win,0
2015,4,1,0.391723,5,3,2,6.3667,5.0,0,1,2.18407,11,3,5,11.8214,4.0,0,Draw,1
2015,4,0,0.213705,6,1,4,4.5833,2.0,0,2,1.07666,10,3,4,8.1316,1.0,0,Away Win,2
2015,4,2,1.39715,8,4,6,5.2414,2.0,1,1,1.00078,14,3,4,6.1463,2.0,1,Home Win,0
2015,4,4,2.1571,14,6,6,6.2,1.0,0,3,1.42901,17,7,2,8.9677,4.0,0,Home Win,0
2015,4,0,0.806178,9,2,7,9.1212,2.0,0,0,0.839004,15,2,11,11.625,1.0,0,Draw,1
2015,4,1,2.75948,16,6,9,7.04,1.0,0,1,1.06682,7,4,4,23.7273,3.0,0,Draw,1
2015,4,2,1.26687,13,5,7,8.4,1.0,0,2,1.82333,18,8,9,5.5263,3.0,0,Draw,1
2015,4,5,3.1536,17,9,4,7.1724,1.0,0,1,0.691816,9,2,4,21.4348,1.0,0,Home Win,0
2015,4,3,2.98406,18,4,3,22.8125,2.0,0,1,1.6525,13,6,7,5.4516,2.0,0,Home Win,0
2015,4,0,0.605793,11,3,3,9.2174,0.0,0,3,1.73491,11,5,4,6.8136,2.0,0,Away Win,2
2015,4,6,4.44439,20,8,6,5.0952,2.0,0,0,0.885303,9,3,2,19.6471,2.0,1,Home Win,0
2015,4,5,2.01571,12,7,3,6.84,1.0,0,1,0.430886,4,1,2,8.7,4.0,0,Home Win,0
2015,4,5,4.13679,11,7,6,11.2,2.0,0,1,0.83285,9,3,2,4.5556,2.0,0,Home Win,0
2015,4,1,1.12099,15,9,4,9.6,3.0,0,2,2.55037,12,6,3,4.3929,3.0,0,Away Win,2
2015,4,2,1.36067,11,5,3,11.0769,3.0,1,2,1.50472,14,5,9,9.0769,1.0,0,Draw,1
2015,4,3,2.75252,20,9,5,6.4857,3.0,0,2,1.57754,9,2,3,8.4167,3.0,0,Home Win,0
2015,4,3,3.20178,26,10,7,3.4839,3.0,0,0,0.133975,3,1,1,5.7,5.0,0,Home Win,0
2015,4,5,1.21738,10,5,7,6.7692,2.0,0,2,1.67081,9,2,2,9.9565,2.0,0,Home Win,0
2015,4,0,1.57618,20,3,8,4.16,4.0,0,0,0.27169,7,1,5,10.8182,3.0,1,Draw,1
2015,4,1,1.05958,10,2,8,8.4,3.0,0,1,1.30721,10,3,6,9.8333,3.0,0,Draw,1
2015,4,1,0.211024,4,2,1,12.0,3.0,0,1,3.34615,18,8,9,6.4848,2.0,0,Draw,1
2015,4,3,1.48217,12,8,2,10.5882,2.0,1,2,1.52612,13,4,4,5.1429,4.0,0,Home Win,0
2015,4,2,1.19052,10,4,8,4.1071,0.0,0,1,1.01896,7,4,6,11.8125,3.0,2,Home Win,0
2015,4,1,0.856269,11,3,1,3.2308,1.0,0,2,1.31996,7,4,2,8.1818,3.0,0,Away Win,2
2015,4,0,1.33205,9,3,7,6.5909,2.0,1,1,1.59857,12,3,5,5.7381,5.0,0,Away Win,2
2015,4,1,1.95153,12,7,8,6.7419,4.0,0,0,0.91326,7,2,0,10.5714,3.0,0,Home Win,0
2015,4,2,1.08259,11,4,3,7.5278,1.0,0,1,0.773957,8,1,4,22.7,4.0,0,Home Win,0
2015,4,3,2.56252,14,8,5,11.2727,1.0,0,1,0.686912,22,4,9,13.0,1.0,0,Home Win,0
2015,4,0,2.04802,15,2,6,3.7742,0.0,0,1,1.05546,7,3,3,9.1379,2.0,0,Away Win,2
2015,4,2,2.12188,13,5,7,5.3947,6.0,0,1,0.376974,5,2,3,8.0882,2.0,1,Home Win,0
2015,4,6,2.76612,18,7,3,5.5333,1.0,0,0,1.46627,15,5,1,15.2609,5.0,0,Home Win,0
2015,4,2,1.42948,17,5,5,6.3448,0.0,0,2,1.13142,7,3,4,6.5833,0.0,0,Draw,1
2015,4,3,2.07318,8,4,4,9.0645,3.0,0,0,0.524602,6,2,6,6.5714,3.0,0,Home Win,0
2015,4,3,2.57006,13,4,5,7.2857,2.0,0,1,0.30035,6,2,2,7.4615,3.0,0,Home Win,0
2015,4,2,3.09731,18,8,5,6.7273,3.0,0,0,0.273377,9,4,5,7.2414,1.0,0,Home Win,0
2015,4,0,0.56818,10,1,5,4.9032,4.0,1,0,0.628815,2,2,3,10.25,4.0,1,Draw,1
2015,4,1,0.666281,11,2,4,9.125,2.0,0,1,0.227944,5,4,3,4.9355,2.0,0,Draw,1
2015,4,0,0.802274,11,3,2,12.8571,4.0,0,2,1.40471,11,4,5,3.6429,3.0,0,Away Win,2
2015,4,1,1.00904,6,2,4,5.1282,4.0,0,0,1.13142,7,2,5,3.8158,5.0,1,Home Win,0
2015,4,1,2.37006,25,5,10,3.4615,3.0,0,1,0.922926,9,2,5,14.913,3.0,1,Draw,1
2015,4,1,0.751196,14,2,3,9.35,3.0,0,2,1.67636,14,4,6,8.0,2.0,0,Away Win,2
2015,4,0,0.208008,5,1,4,4.1429,1.0,0,5,2.0285,12,6,5,9.2813,2.0,0,Away Win,2
2015,4,2,2.38598,11,5,3,13.0,3.0,0,2,1.73162,15,4,7,5.5714,4.0,0,Draw,1
2015,4,4,2.09005,19,9,5,12.7333,1.0,1,2,1.50136,10,3,2,13.5667,2.0,0,Home Win,0
2015,4,1,0.760756,12,5,5,9.12,2.0,0,0,0.671008,7,2,1,8.4138,1.0,0,Home Win,0
2015,4,2,2.0361,17,4,9,5.4762,1.0,0,1,3.41105,20,6,9,6.4286,3.0,0,Home Win,0
2015,4,2,3.22944,25,11,11,5.7813,1.0,0,2,0.598716,4,2,0,7.9048,0.0,0,Draw,1
2015,4,3,2.55267,12,6,7,5.9697,1.0,0,0,1.47828,15,2,13,4.6286,2.0,0,Home Win,0
2015,4,2,1.12123,9,5,8,6.2,1.0,0,0,0.430522,11,3,3,10.2174,3.0,0,Home Win,0
2015,4,0,0.312685,11,0,5,10.7826,2.0,0,1,0.711788,6,3,4,12.1724,3.0,0,Away Win,2
2015,4,2,4.3639,16,7,8,7.3548,3.0,0,0,0.78103,8,3,2,8.381,2.0,0,Home Win,0
2015,4,6,5.54249,20,11,1,4.8788,0.0,0,1,1.49242,10,4,1,9.6061,4.0,0,Home Win,0
2015,4,1,0.87373,6,2,1,25.1176,2.0,0,3,2.41243,17,8,4,3.4286,1.0,0,Away Win,2
2015,4,3,2.29436,12,6,6,8.1739,2.0,0,0,1.46167,14,6,8,5.7407,2.0,0,Home Win,0
2015,4,1,1.08938,16,3,3,16.5,1.0,0,2,3.29704,12,7,6,9.2333,2.0,0,Away Win,2
2015,4,1,3.34615,16,9,7,8.7097,3.0,0,0,0.995453,17,3,4,7.6471,1.0,0,Home Win,0
2015,4,1,0.953419,18,6,10,4.122,2.0,0,1,0.408199,4,3,4,6.0,3.0,0,Draw,1
2015,4,3,2.5831,14,9,6,5.1071,3.0,0,2,1.4201,7,3,1,9.2778,2.0,0,Home Win,0
2015,4,2,1.66155,14,5,3,4.1818,6.0,0,2,3.37315,14,7,17,6.1795,2.0,0,Draw,1
2015,4,1,1.68623,11,5,6,9.3871,5.0,0,1,1.76313,14,7,6,6.0435,2.0,0,Draw,1
2015,4,0,0.512824,9,2,9,3.0,7.0,0,1,0.900436,9,4,3,8.56,6.0,0,Away Win,2
2015,4,1,2.00307,15,4,6,7.697,2.0,0,2,1.71536,10,6,3,9.0333,3.0,0,Away Win,2
2015,4,0,0.769511,13,4,10,6.2353,2.0,0,0,0.663896,5,0,2,7.8571,2.0,0,Draw,1
2015,4,0,0.295947,10,4,6,5.6341,4.0,0,1,0.651178,12,4,6,13.5385,1.0,0,Away Win,2
2015,4,0,0.984203,15,3,2,2.8913,3.0,0,1,0.695343,9,5,5,14.1852,4.0,0,Away Win,2
2015,4,0,0.863924,14,2,4,7.2083,3.0,0,1,1.60224,9,3,5,7.52,4.0,0,Away Win,2
2015,4,2,1.68942,13,5,5,6.5,5.0,1,4,1.38627,12,7,2,5.8421,2.0,0,Away Win,2
2015,4,2,2.46401,20,4,8,6.7436,2.0,0,2,1.42394,11,4,8,4.2069,3.0,0,Draw,1
2015,4,1,0.871084,10,3,8,5.5926,4.0,0,1,1.22344,8,3,3,9.0476,5.0,0,Draw,1
2015,4,3,1.6962,9,3,3,10.1379,0.0,0,0,0.664928,7,1,4,10.4667,2.0,1,Home Win,0
2015,4,0,1.49242,9,3,7,19.6667,2.0,0,3,1.68968,13,4,7,8.6111,0.0,0,Away Win,2
2015,4,0,0.822359,14,2,6,5.0,2.0,1,1,1.84198,10,3,6,13.3684,3.0,0,Away Win,2
2015,4,2,2.33655,17,8,6,4.2727,3.0,0,1,1.29686,11,3,7,12.4231,2.0,0,Home Win,0
2015,4,3,1.92794,12,5,8,9.9667,1.0,0,0,1.00552,7,1,1,12.16,2.0,0,Home Win,0
2015,4,4,2.3145,11,5,2,6.7097,5.0,0,0,0.477963,10,2,6,11.6429,2.0,1,Home Win,0
2015,4,1,1.57261,14,4,12,10.5714,1.0,0,0,0.553485,11,6,6,7.5455,2.0,1,Home Win,0
2015,4,1,0.433431,11,1,4,5.05,6.0,0,2,1.38765,12,2,5,6.16,5.0,0,Away Win,2
2015,4,0,0.846173,11,4,2,5.3929,2.0,0,0,0.328383,6,3,1,20.5882,5.0,0,Draw,1
2015,4,4,2.7862,13,6,1,12.6842,1.0,0,1,0.875636,8,4,2,13.2917,3.0,0,Home Win,0
2015,4,1,1.07575,12,4,3,11.9565,2.0,0,3,2.04124,21,8,10,8.7,1.0,0,Away Win,2
2015,4,2,1.87883,13,8,4,6.2258,7.0,0,0,0.127036,4,0,1,14.1,3.0,1,Home Win,0
2015,4,0,0.780555,15,3,5,4.7647,4.0,0,3,1.92223,9,6,0,10.4444,2.0,0,Away Win,2
2015,4,1,1.17964,8,4,3,12.12,0.0,2,5,4.52996,20,8,5,6.6538,2.0,0,Away Win,2
2015,4,7,2.39112,20,12,10,9.9615,2.0,0,1,1.52691,8,3,5,19.0,3.0,0,Home Win,0
2015,4,0,1.15088,13,2,6,9.5455,1.0,0,1,0.52008,10,3,2,16.7368,2.0,0,Away Win,2
2015,4,1,1.13072,14,4,10,9.65,5.0,0,1,0.467979,7,4,9,6.3103,2.0,0,Draw,1
2015,4,3,3.50017,14,7,10,9.8095,4.0,0,3,0.990845,5,2,4,11.65,2.0,1,Draw,1
2015,4,2,0.844439,11,4,6,15.4375,3.0,1,0,0.363768,10,4,4,7.1739,7.0,1,Home Win,0
2015,4,0,0.358263,7,0,6,15.2647,3.0,0,4,2.45515,10,7,2,7.3158,2.0,0,Away Win,2
2015,4,0,0.656848,5,1,3,9.0323,1.0,0,2,1.34389,10,6,0,6.0811,1.0,1,Away Win,2
2015,4,1,2.23386,15,3,10,5.4722,3.0,0,1,0.326226,10,3,3,8.56,3.0,0,Draw,1
2015,4,1,1.16388,10,3,6,8.2581,1.0,1,3,1.58564,20,5,7,6.697,1.0,0,Away Win,2
2015,4,2,1.78244,9,8,8,13.2692,3.0,1,1,0.201034,7,1,3,3.8846,4.0,0,Home Win,0
2015,4,1,0.459569,13,3,3,6.9167,2.0,0,0,0.957008,9,4,4,7.7407,4.0,0,Home Win,0
2015,4,6,4.60705,16,9,5,5.5172,0.0,0,0,0.281872,6,1,3,20.1,3.0,0,Home Win,0
2015,4,1,0.377845,7,1,5,9.2222,3.0,0,0,0.559876,15,6,3,6.6897,2.0,0,Home Win,0
2015,4,3,1.30692,14,7,10,12.8636,1.0,0,0,0.292134,6,2,1,15.4615,1.0,0,Home Win,0
2015,4,1,1.20734,12,3,8,3.6552,5.0,0,1,0.804912,7,1,0,8.0,1.0,1,Draw,1
2015,4,1,1.43121,13,6,8,8.1111,2.0,0,0,0.77056,6,1,0,8.95,4.0,0,Home Win,0
2015,4,4,3.1376,14,4,5,8.0455,1.0,1,2,1.70728,13,6,8,14.2778,1.0,0,Home Win,0
2015,4,3,2.14502,18,9,5,6.8444,1.0,0,1,1.09836,3,1,6,12.4286,0.0,0,Home Win,0
2015,4,1,1.29762,15,6,6,11.1154,4.0,0,2,0.860338,12,4,5,11.48,3.0,1,Away Win,2
2015,4,1,0.793529,8,1,2,11.0588,5.0,1,1,0.699866,10,2,8,5.1333,3.0,0,Draw,1
2015,4,1,1.28229,8,4,3,8.76,1.0,0,1,2.83807,20,6,3,4.5313,2.0,0,Draw,1
2015,4,2,1.89802,12,3,7,5.8182,5.0,0,1,0.258695,4,1,2,12.28,2.0,0,Home Win,0
2015,4,0,0.590086,13,3,11,5.8667,4.0,0,1,2.23147,12,7,5,12.1364,5.0,0,Away Win,2
2015,4,2,1.40008,11,2,6,13.1154,1.0,1,2,1.57585,22,6,12,5.6364,5.0,0,Draw,1
2015,4,2,1.76797,15,6,2,13.375,2.0,0,1,0.632769,7,1,1,10.2778,3.0,0,Home Win,0
2015,4,0,1.65417,16,5,5,5.8235,3.0,0,1,1.33486,14,5,7,10.4737,2.0,0,Away Win,2
2015,4,2,2.19144,17,7,6,12.4348,3.0,0,1,1.80603,14,4,2,6.2692,3.0,0,Home Win,0
2015,4,2,0.980467,14,6,4,15.56,8.0,0,2,2.14473,15,6,4,7.0435,4.0,0,Draw,1
2015,4,0,0.646205,14,4,4,6.3421,1.0,0,2,2.19927,13,6,5,6.0,0.0,0,Away Win,2
2015,4,4,4.08121,26,12,8,6.9167,2.0,0,0,1.03777,8,4,8,21.2308,2.0,0,Home Win,0
2015,4,2,2.4939,16,7,9,5.5385,4.0,1,0,0.759713,15,3,6,6.8519,5.0,0,Home Win,0
2015,4,5,4.5488,18,11,5,7.1026,1.0,0,1,0.68708,8,5,5,11.2222,3.0,0,Home Win,0
2015,4,2,2.13172,13,6,8,5.4828,2.0,0,1,0.748618,7,4,2,10.9,4.0,0,Home Win,0
2015,4,1,0.882445,14,3,4,5.1389,3.0,0,2,1.56537,15,6,3,15.8846,2.0,1,Away Win,2
2015,4,1,0.36047,9,2,11,4.6923,4.0,0,1,0.864408,7,3,0,12.8261,2.0,1,Draw,1
2015,4,1,1.37516,8,1,13,6.1316,2.0,0,1,0.618683,9,2,1,14.3125,5.0,0,Draw,1
2015,4,1,1.50099,11,5,5,4.3871,2.0,0,1,0.260613,5,1,1,12.4091,4.0,0,Draw,1
2015,4,1,0.804064,10,3,4,6.5429,3.0,0,2,2.08255,8,4,3,8.0769,3.0,0,Away Win,2
2015,4,1,1.82989,15,6,8,4.2069,4.0,0,2,0.392534,8,2,3,10.0,3.0,1,Away Win,2
2015,4,0,1.87115,16,4,4,6.625,4.0,1,0,0.630978,11,1,6,8.6522,4.0,0,Draw,1
2015,4,0,0.613945,8,1,5,8.12,1.0,0,0,1.05827,9,2,5,8.5769,3.0,0,Draw,1
2015,4,4,2.83938,13,6,6,6.375,1.0,0,0,1.60526,9,2,7,10.1,3.0,0,Home Win,0
2015,4,1,0.63963,10,4,3,6.1667,2.0,0,3,2.12141,14,5,5,10.5217,2.0,0,Away Win,2
2015,4,1,0.295072,5,1,5,14.7368,1.0,0,0,1.37196,13,6,9,2.8788,3.0,0,Home Win,0
2015,4,1,0.623216,7,2,4,7.2647,4.0,0,0,1.17874,12,3,3,6.9375,3.0,0,Home Win,0
2015,4,0,0.814767,10,2,7,13.4762,2.0,0,1,1.03986,17,5,7,6.25,5.0,0,Away Win,2
2015,4,2,1.90707,23,8,10,6.8667,2.0,0,1,1.00405,7,4,3,6.0769,2.0,0,Home Win,0
2015,4,2,2.05697,13,3,8,6.6897,2.0,0,0,0.718479,17,3,5,7.6786,2.0,0,Home Win,0
2015,4,1,0.625122,14,7,0,15.35,1.0,0,0,2.08111,12,4,5,8.4,3.0,0,Home Win,0
2015,4,1,2.30191,19,5,7,12.1935,1.0,0,3,1.63213,13,6,4,11.375,1.0,0,Away Win,2
2015,4,2,1.35949,12,4,4,9.7222,5.0,0,1,1.08748,10,2,6,7.88,0.0,0,Home Win,0
2015,4,1,1.0366,12,5,5,13.56,4.0,0,5,3.07047,21,11,6,7.9091,1.0,0,Away Win,2
2015,4,1,0.54782,10,4,3,9.45,2.0,0,1,0.864694,12,2,10,6.9375,5.0,0,Draw,1
2015,4,2,1.24429,9,4,2,5.75,3.0,0,1,0.865097,7,4,0,4.8235,3.0,0,Home Win,0
2015,4,1,1.74985,18,5,12,5.52,4.0,0,1,1.54169,9,4,4,22.5,3.0,0,Draw,1
2015,4,0,1.9143,17,7,8,9.7619,3.0,0,1,1.08656,6,3,2,4.7179,5.0,0,Away Win,2
2015,4,1,2.00121,11,3,10,10.2,2.0,0,1,0.699714,5,4,0,12.72,2.0,0,Draw,1
2015,4,3,1.61364,8,3,4,4.9792,3.0,0,0,0.473812,11,0,2,14.7368,5.0,0,Home Win,0
2015,4,2,1.08503,14,6,4,4.2121,2.0,0,1,0.631315,6,2,3,14.3846,3.0,0,Home Win,0
2015,4,1,4.05676,22,7,7,3.7813,3.0,0,2,1.12103,7,2,2,16.6111,3.0,0,Away Win,2
2015,4,1,0.873164,8,3,2,9.4737,1.0,0,1,0.502009,3,1,2,4.8889,1.0,0,Draw,1
2015,4,1,1.92261,20,6,6,13.3043,2.0,0,0,0.217396,3,0,3,16.6,1.0,1,Home Win,0
2015,4,0,2.19692,16,6,6,19.8571,1.0,0,8,5.76112,19,10,2,8.8421,0.0,0,Away Win,2
2015,4,4,3.14654,9,6,6,14.3158,1.0,0,0,0.651864,9,2,3,10.5714,2.0,0,Home Win,0
2015,4,0,0.498286,12,6,6,5.5,0.0,0,1,0.919656,8,2,4,11.8788,0.0,0,Away Win,2
2015,4,2,1.2216,14,2,5,10.2222,2.0,0,1,1.76493,18,8,7,8.1739,1.0,0,Home Win,0
2015,4,1,1.14186,12,4,7,5.7778,1.0,0,1,1.05395,11,4,7,8.2174,3.0,0,Draw,1
2015,4,3,1.75884,20,6,11,12.1,2.0,0,0,0.226133,5,2,1,15.6364,1.0,0,Home Win,0
2015,4,1,1.22844,14,5,8,5.2778,2.0,0,2,1.58835,7,3,2,7.4857,4.0,0,Away Win,2
2015,4,5,3.1552,13,6,3,9.75,6.0,0,1,1.04939,15,5,4,10.2727,5.0,1,Home Win,0
2015,4,4,1.68464,14,9,5,5.9375,4.0,0,0,1.36658,11,5,5,12.5769,4.0,0,Home Win,0
2015,4,2,1.56205,11,6,4,9.4545,6.0,0,3,2.6433,16,6,6,8.7917,1.0,0,Away Win,2
2015,4,1,1.19248,14,4,10,6.1842,3.0,0,0,0.167259,7,4,4,6.9167,3.0,0,Home Win,0
2015,4,6,6.1271,24,10,6,7.0,0.0,0,0,0.624434,5,3,1,28.0,2.0,1,Home Win,0
2015,4,1,0.950821,9,2,11,7.5769,0.0,0,1,0.323346,9,1,7,9.7222,1.0,0,Draw,1
2015,4,2,0.759214,10,5,4,11.381,2.0,0,2,1.61191,19,8,9,9.0,1.0,0,Draw,1
2015,4,2,2.03176,13,3,8,4.3,5.0,0,0,0.394998,8,2,5,11.7368,4.0,0,Home Win,0
2015,4,2,2.82608,18,11,8,13.4583,4.0,0,2,0.728167,5,4,2,8.1304,1.0,0,Draw,1
2015,4,0,0.65957,8,3,3,9.5758,4.0,0,0,0.640832,7,2,5,8.5714,1.0,0,Draw,1
2015,4,2,1.96923,15,4,4,7.9474,2.0,0,1,0.740282,12,3,4,14.3182,2.0,0,Home Win,0
2015,4,2,0.349788,3,3,1,11.6087,2.0,0,0,0.985421,12,6,5,6.2581,2.0,0,Home Win,0
2015,4,0,0.496976,11,4,6,9.3226,4.0,0,1,1.58863,18,6,6,6.7097,4.0,0,Away Win,2
2015,4,1,1.07386,12,6,5,7.1538,1.0,0,0,0.597729,13,2,7,5.1154,1.0,0,Home Win,0
2015,4,0,0.0828961,2,1,2,36.0,3.0,1,2,2.07851,11,4,4,5.2,3.0,0,Away Win,2
2015,4,3,2.05186,14,5,4,12.4483,3.0,0,2,1.747,11,6,3,9.5556,2.0,0,Home Win,0
2015,4,2,1.64739,10,2,7,6.36,1.0,0,1,0.470176,5,2,2,9.0435,5.0,1,Home Win,0
2015,4,1,1.66593,12,7,4,5.5909,3.0,0,0,0.329135,7,0,2,5.3478,3.0,0,Home Win,0
2015,4,0,0.669729,15,5,8,6.8667,1.0,1,2,0.961273,11,5,5,6.7083,6.0,0,Away Win,2
2015,4,0,0.259066,7,1,9,9.8276,0.0,0,2,1.05764,8,3,3,10.037,2.0,0,Away Win,2
2015,4,3,2.53234,22,11,13,7.5,2.0,0,1,1.88493,11,5,7,8.4074,4.0,0,Home Win,0
2015,4,0,0.133019,4,2,2,12.5333,1.0,0,0,0.297706,9,3,2,11.45,1.0,0,Draw,1
2015,4,1,1.25876,12,3,4,7.5385,0.0,0,0,0.981005,13,5,3,12.0769,2.0,0,Home Win,0
2015,4,2,1.26898,11,5,4,12.75,1.0,0,1,1.69964,17,5,5,13.9583,1.0,0,Home Win,0
2015,4,1,1.25718,19,9,7,6.0,3.0,0,1,0.508995,9,3,3,8.95,1.0,1,Draw,1
2015,4,0,0.701392,10,4,8,8.1429,3.0,0,2,0.388761,8,4,5,28.8333,1.0,0,Away Win,2
2015,4,2,1.6654,12,6,5,16.7059,2.0,1,1,2.18163,18,5,11,5.4074,1.0,0,Home Win,0
2015,4,3,2.52264,15,8,5,14.125,1.0,0,2,2.3222,17,8,8,14.6818,4.0,1,Home Win,0
2015,4,1,2.67637,21,9,8,5.9429,1.0,0,1,1.13808,6,3,2,26.5,3.0,0,Draw,1
2015,4,5,2.59373,13,7,8,4.0513,2.0,0,0,0.20206,4,2,0,14.5,7.0,0,Home Win,0
2015,4,1,0.898919,12,6,5,5.7037,4.0,0,4,2.16052,11,7,4,14.0455,1.0,0,Away Win,2
2015,4,0,0.918193,8,0,4,5.7222,2.0,0,1,0.95132,14,7,6,5.3333,2.0,0,Away Win,2
2015,4,0,0.651269,10,2,4,21.0,1.0,0,2,1.90958,16,5,8,9.6667,3.0,0,Away Win,2
2015,4,0,0.383514,8,2,5,17.85,5.0,0,3,3.23381,12,10,6,7.8636,2.0,0,Away Win,2
2015,4,3,1.70447,14,6,7,7.5455,1.0,1,1,1.02774,8,4,6,19.1875,2.0,2,Home Win,0
2015,4,2,1.24915,11,5,4,8.6757,4.0,0,0,0.504827,7,4,4,7.6923,5.0,0,Home Win,0
2015,4,4,2.24531,14,8,3,11.0968,1.0,0,1,1.78426,12,7,6,7.0952,1.0,0,Home Win,0
2015,4,4,2.23504,11,7,3,9.0,4.0,0,2,1.8428,13,8,4,6.8438,3.0,0,Home Win,0
2015,4,2,1.59407,7,4,3,8.0476,1.0,0,1,1.28875,14,5,2,9.2188,8.0,1,Home Win,0
2015,4,2,1.51593,15,6,4,10.2188,1.0,0,0,0.721212,11,5,1,13.6667,2.0,0,Home Win,0
2015,4,3,2.06167,19,9,9,9.2593,1.0,0,1,1.32769,8,2,3,18.8235,3.0,0,Home Win,0
2016,4,1,0.834224,13,4,5,5.1724,2.0,0,1,0.829951,8,3,3,3.9333,3.0,0,Draw,1
2016,4,2,1.6197,11,6,1,16.0833,3.0,0,1,0.359012,13,6,8,6.6875,3.0,0,Home Win,0
2016,4,6,3.84325,30,12,10,5.3182,1.0,0,2,0.250977,6,2,2,35.125,3.0,0,Home Win,0
2016,4,1,0.977176,7,1,7,3.2258,2.0,0,1,1.75881,12,3,3,10.9,3.0,0,Draw,1
2016,4,6,2.60289,16,11,8,4.12,2.0,0,4,1.41803,10,7,2,8.8108,2.0,0,Home Win,0
2016,4,2,1.43642,12,4,2,17.3571,3.0,0,1,0.604671,13,4,5,5.3636,3.0,0,Home Win,0
2016,4,0,0.270003,8,0,4,7.6829,2.0,0,3,2.73735,18,8,7,11.7619,3.0,0,Away Win,2
2016,4,1,4.17855,27,6,20,5.4194,0.0,0,1,0.0332215,2,1,2,15.3571,4.0,0,Draw,1
2016,4,0,0.64855,10,2,8,5.6552,4.0,0,1,0.908454,15,6,4,9.8333,1.0,1,Away Win,2
2016,4,2,1.27123,17,8,12,4.551,2.0,0,4,1.2781,6,4,1,12.8421,2.0,0,Away Win,2
2016,4,0,0.593093,15,5,13,4.6667,0.0,0,0,0.590187,12,1,2,10.1364,2.0,0,Draw,1
2016,4,2,0.449707,7,2,3,6.2222,2.0,0,2,0.43567,9,3,4,8.12,4.0,0,Draw,1
2016,4,0,0.342253,9,3,10,6.3871,2.0,0,2,0.758033,5,4,1,5.7391,1.0,0,Away Win,2
2016,4,1,1.36093,14,6,6,7.9,2.0,0,0,2.05592,14,3,10,5.4091,2.0,0,Home Win,0
2016,4,2,2.02091,24,10,7,7.2727,0.0,0,1,0.241185,8,3,2,13.6667,2.0,0,Home Win,0
2016,4,0,0.189954,6,1,1,8.9091,3.0,0,0,0.700848,10,3,8,6.3333,1.0,0,Draw,1
2016,4,5,2.78367,15,10,6,10.1364,5.0,0,1,0.431857,13,2,4,8.75,1.0,0,Home Win,0
2016,4,0,1.12017,13,2,4,20.3846,1.0,0,0,0.27695,7,1,6,10.2857,1.0,0,Draw,1
2016,4,0,0.625251,9,4,4,8.5106,5.0,0,1,2.33658,12,3,4,13.25,4.0,0,Away Win,2
2016,4,0,0.580165,12,5,5,8.3056,1.0,0,0,0.161483,6,0,1,8.2,3.0,0,Draw,1
2016,4,1,0.303769,9,3,11,4.2703,2.0,0,1,0.0708424,4,1,1,17.2941,2.0,1,Draw,1
2016,4,0,0.701483,9,1,6,4.8929,1.0,0,4,2.42263,14,6,4,11.4091,2.0,0,Away Win,2
2016,4,5,3.7979,25,11,6,8.6875,2.0,0,2,1.03534,10,3,7,10.3548,2.0,1,Home Win,0
2016,4,2,3.53881,15,7,10,4.8438,2.0,0,1,0.642731,7,4,1,16.9375,4.0,1,Home Win,0
2016,4,0,1.05974,16,2,9,8.1786,2.0,0,2,2.47884,12,6,7,7.0,1.0,0,Away Win,2
2016,4,1,1.352,16,2,13,4.5417,1.0,0,2,0.290172,5,4,0,51.6,1.0,0,Away Win,2
2016,4,2,1.65936,7,4,3,9.2174,0.0,0,1,0.484862,9,2,5,9.129,2.0,0,Home Win,0
2016,4,2,1.81116,24,10,5,5.9655,2.0,1,3,1.96896,12,5,5,5.2857,4.0,0,Away Win,2
2016,4,1,1.96158,16,5,6,6.5385,2.0,0,2,1.12057,10,8,7,12.4167,0.0,1,Away Win,2
2016,4,0,0.708733,16,3,7,6.3462,2.0,0,1,0.239631,7,2,6,13.8333,3.0,0,Away Win,2
2016,4,2,1.96299,23,7,7,4.7742,4.0,1,2,1.41911,15,8,3,9.2143,3.0,1,Draw,1
2016,4,1,1.18104,15,6,2,5.4688,4.0,0,5,2.94825,10,7,5,10.4667,2.0,0,Away Win,2
2016,4,5,2.52857,18,7,1,9.9286,0.0,0,0,0.503786,10,1,4,12.6296,2.0,0,Home Win,0
2016,4,1,0.767442,10,2,4,6.6571,1.0,2,1,1.22253,8,4,2,8.2,1.0,0,Draw,1
2016,4,1,0.869251,6,2,2,6.45,3.0,0,0,0.645227,10,2,2,10.0789,1.0,0,Home Win,0
2016,4,0,0.259738,8,1,3,6.5897,4.0,0,0,0.683638,13,5,5,3.875,1.0,0,Draw,1
2016,4,2,1.34212,13,4,7,5.4318,4.0,0,1,1.53251,10,2,1,7.6364,4.0,0,Home Win,0
2016,4,2,1.42126,9,4,3,14.5,2.0,0,1,1.03528,15,2,6,6.8276,3.0,1,Home Win,0
2016,4,0,0.830388,11,2,4,15.4091,4.0,0,2,1.23959,13,7,5,9.6,2.0,0,Away Win,2
2016,4,0,0.45933,9,1,4,11.5217,3.0,0,0,0.671784,16,1,5,13.875,4.0,0,Draw,1
2016,4,2,0.474926,14,6,7,7.625,2.0,0,1,1.77918,12,3,5,6.6429,4.0,0,Home Win,0
2016,4,1,0.74909,12,3,6,3.9744,5.0,0,0,0.450469,8,2,2,6.1714,4.0,0,Home Win,0
2016,4,1,1.34367,23,6,17,9.4667,4.0,0,1,1.0322,8,3,3,22.1667,1.0,0,Draw,1
2016,4,2,1.38706,15,5,8,4.0833,2.0,0,1,0.847147,4,1,0,10.4483,3.0,0,Home Win,0
2016,4,4,2.81655,17,7,7,8.0909,1.0,0,1,1.02708,8,3,4,30.6667,2.0,1,Home Win,0
2016,4,1,0.887639,13,2,6,10.3333,1.0,0,2,1.57519,12,7,3,7.8293,0.0,0,Away Win,2
2016,4,1,1.32384,19,7,8,4.0,2.0,0,1,0.295787,9,4,2,15.3462,4.0,0,Draw,1
2016,4,1,1.64049,12,5,7,4.4545,0.0,0,2,1.06372,8,2,1,8.3571,3.0,0,Away Win,2
2016,4,1,1.06944,18,12,7,7.0385,2.0,0,2,1.39628,10,2,1,8.7222,1.0,0,Away Win,2
2016,4,2,1.42235,12,2,7,6.8409,2.0,0,1,0.259625,8,1,4,8.2069,3.0,0,Home Win,0
2016,4,1,0.741813,11,4,6,4.4286,4.0,0,0,0.786565,16,6,5,6.92,6.0,0,Home Win,0
2016,4,2,1.67754,17,3,5,4.5,4.0,0,0,0.0863513,3,0,3,6.6087,2.0,1,Home Win,0
2016,4,0,0.631314,10,3,4,10.2647,1.0,1,5,3.6662,13,7,3,6.75,0.0,0,Away Win,2
2016,4,3,2.14897,14,7,4,13.5185,2.0,0,1,0.607158,5,2,5,5.8095,2.0,1,Home Win,0
2016,4,2,1.31532,8,6,0,13.35,3.0,0,2,2.7519,27,11,5,11.4375,2.0,0,Draw,1
2016,4,1,1.29014,7,3,1,5.8529,4.0,0,2,1.37734,10,4,5,8.0333,4.0,0,Away Win,2
2016,4,1,2.13155,21,5,10,6.5238,1.0,0,0,0.2328,8,1,0,7.8182,2.0,1,Home Win,0
2016,4,3,2.9887,12,4,5,12.625,0.0,0,1,1.7961,11,3,5,14.625,2.0,0,Home Win,0
2016,4,0,0.542865,10,2,4,10.7692,2.0,0,2,0.705192,12,4,7,6.0667,3.0,0,Away Win,2
2016,4,3,1.72967,16,6,5,8.3226,3.0,0,1,0.820437,13,3,6,3.6957,3.0,0,Home Win,0
2016,4,1,1.18527,16,8,4,4.9,2.0,0,0,0.68749,5,2,2,6.0789,3.0,0,Home Win,0
2016,4,0,0.665545,8,1,6,11.3684,1.0,0,1,0.238575,7,3,4,3.8214,0.0,0,Away Win,2
2016,4,2,2.4771,20,12,9,3.68,2.0,0,1,1.11701,7,1,2,12.6364,6.0,0,Home Win,0
2016,4,2,0.988479,5,3,1,11.9231,3.0,0,2,1.37115,17,5,12,2.4412,4.0,0,Draw,1
2016,4,2,1.26977,21,6,11,4.5357,0.0,0,1,0.234392,7,2,4,5.4286,4.0,0,Home Win,0
2016,4,0,1.00546,14,5,6,10.5172,1.0,0,2,3.29348,18,10,5,8.7826,3.0,0,Away Win,2
2016,4,1,1.67419,15,3,7,6.7143,4.0,0,1,0.445,8,4,5,8.3611,5.0,0,Draw,1
2016,4,2,1.38797,15,3,7,4.4688,7.0,1,1,0.599527,7,1,2,8.1071,3.0,1,Home Win,0
2016,4,0,0.351825,8,1,3,14.2,2.0,0,0,0.696855,5,1,1,10.0435,2.0,0,Draw,1
2016,4,4,1.53201,14,9,3,10.84,1.0,0,3,2.27848,13,4,6,3.9655,3.0,0,Home Win,0
2016,4,0,1.07463,13,8,8,6.7037,2.0,0,0,0.318729,5,2,4,10.7941,3.0,0,Draw,1
2016,4,2,0.851751,19,6,5,7.1163,2.0,0,3,1.53817,5,4,2,4.9,5.0,0,Away Win,2
2016,4,4,4.85964,25,8,8,5.4815,1.0,0,0,0.278286,7,0,2,11.3478,2.0,1,Home Win,0
2016,4,7,3.0536,17,11,11,10.3684,1.0,0,1,0.306751,9,2,3,15.4783,1.0,0,Home Win,0
2016,4,1,0.908061,13,2,2,11.5862,4.0,0,6,3.98737,22,9,5,17.3889,1.0,0,Away Win,2
2016,4,1,1.34202,8,4,6,5.8205,3.0,1,1,0.419972,12,5,7,6.3939,3.0,1,Draw,1
2016,4,3,1.53028,15,11,7,6.6667,3.0,0,2,0.618302,6,3,4,7.0,3.0,0,Home Win,0
2016,4,1,0.487759,10,2,4,6.4444,5.0,0,2,0.962304,7,3,4,8.9091,1.0,0,Away Win,2
2016,4,5,1.79979,11,5,3,14.0833,1.0,0,0,0.258037,4,1,5,12.9565,4.0,1,Home Win,0
2016,4,2,0.802032,13,5,5,3.9583,1.0,0,3,1.40368,8,4,0,11.1364,2.0,0,Away Win,2
2016,4,1,0.929293,13,5,6,6.6176,3.0,1,2,1.23524,12,6,4,7.5294,2.0,0,Away Win,2
2016,4,3,0.850937,11,5,7,7.5417,1.0,1,3,2.01542,8,3,6,7.7931,6.0,0,Draw,1
2016,4,2,0.839578,7,4,3,15.52,5.0,0,3,2.05021,15,8,1,6.1304,4.0,0,Away Win,2
2016,4,3,1.84569,16,5,4,4.725,3.0,0,0,0.772306,10,3,2,10.8462,5.0,0,Home Win,0
2016,4,0,0.546868,12,1,3,12.4737,4.0,0,0,0.242784,3,3,3,10.6667,1.0,0,Draw,1
2016,4,4,1.82791,9,7,5,6.6818,3.0,0,1,0.72415,11,1,4,5.7097,5.0,0,Home Win,0
2016,4,1,1.13802,12,5,4,6.8462,4.0,0,0,0.770754,9,3,5,10.8214,2.0,1,Home Win,0
2016,4,4,3.12089,24,8,5,8.1111,1.0,0,0,1.18794,13,5,8,7.7143,3.0,0,Home Win,0
2016,4,2,1.67294,14,4,2,7.881,2.0,0,1,0.5357,8,4,1,14.2143,3.0,0,Home Win,0
2016,4,2,3.52634,24,8,6,5.8,2.0,0,1,1.38084,10,3,4,11.129,3.0,0,Home Win,0
2015,5,0,0.914879,12,2,3,7.3684,3.0,0,1,1.33457,7,3,2,11.9,2.0,1,Away Win,2
2015,5,2,0.460955,11,3,6,8.7308,0.0,1,1,0.79874,6,3,2,5.88,1.0,0,Home Win,0
2015,5,0,2.17995,18,6,14,4.7619,1.0,0,1,0.945659,8,4,2,18.2941,0.0,0,Away Win,2
2015,5,0,0.706047,11,4,5,7.35,3.0,0,2,1.54499,14,4,9,15.15,2.0,0,Away Win,2
2015,5,1,0.27314,9,4,6,7.2903,2.0,0,0,0.406765,10,4,2,10.1333,2.0,0,Home Win,0
2015,5,1,0.459874,6,2,2,11.6,2.0,1,2,2.81413,18,6,10,5.0952,2.0,0,Away Win,2
2015,5,0,0.394458,12,4,9,13.5789,0.0,0,0,1.05977,7,1,3,25.4,4.0,0,Draw,1
2015,5,2,0.483519,9,3,3,14.5714,0.0,1,1,0.928139,11,2,4,12.3158,1.0,0,Home Win,0
2015,5,1,1.10655,13,4,4,7.0263,2.0,0,2,1.59495,14,6,3,11.4348,2.0,0,Away Win,2
2015,5,0,1.07521,21,6,7,9.3478,1.0,0,0,0.766583,8,5,2,36.9167,2.0,0,Draw,1
2015,5,0,1.26252,9,3,4,5.2083,1.0,0,0,1.12948,9,2,6,13.68,5.0,0,Draw,1
2015,5,1,0.468482,7,2,1,9.0,2.0,0,1,1.47305,17,3,8,7.56,1.0,0,Draw,1
2015,5,3,1.26651,10,6,11,15.68,3.0,1,3,2.23276,16,6,3,11.3182,3.0,0,Draw,1
2015,5,1,0.718904,10,2,3,9.4783,3.0,0,0,0.161006,4,0,4,6.9412,1.0,0,Home Win,0
2015,5,0,0.391752,10,3,4,13.8571,3.0,0,0,0.166221,2,1,2,12.0,4.0,0,Draw,1
2015,5,1,1.53584,9,3,3,13.24,1.0,0,0,1.12809,13,4,3,9.7083,3.0,1,Home Win,0
2015,5,0,1.0359,11,3,9,12.9565,2.0,0,1,0.738048,11,3,2,4.2083,2.0,0,Away Win,2
2015,5,1,0.941285,15,5,8,11.48,2.0,0,0,0.398183,13,4,7,4.8125,2.0,1,Home Win,0
2015,5,1,1.71708,12,4,4,6.1154,3.0,0,1,1.36492,7,2,2,13.4138,2.0,0,Draw,1
2015,5,2,1.58401,18,6,4,7.8,1.0,0,0,0.150143,8,2,1,27.2857,3.0,0,Home Win,0
2015,5,0,0.372892,10,3,2,18.2222,2.0,0,1,0.755727,9,5,1,9.5714,1.0,0,Away Win,2
2015,5,1,0.730806,15,4,6,6.0,1.0,0,2,0.42381,6,3,1,15.087,3.0,0,Away Win,2
2015,5,1,1.91418,12,5,1,13.7391,1.0,0,0,0.395955,2,1,2,14.9048,3.0,0,Home Win,0
2015,5,2,1.09734,7,4,2,9.9375,1.0,0,1,0.951564,12,6,3,13.8125,3.0,0,Home Win,0
2015,5,1,2.0162,12,4,4,8.5806,0.0,0,1,1.42714,14,3,5,7.5185,4.0,0,Draw,1
2015,5,3,1.283,10,5,3,13.8421,2.0,0,0,1.37129,15,4,5,7.0,3.0,0,Home Win,0
2015,5,0,0.384935,8,3,9,5.0455,2.0,0,2,1.15678,9,5,3,21.6,2.0,0,Away Win,2
2015,5,0,1.76204,16,5,12,5.6207,1.0,0,0,0.695256,12,4,10,6.3824,5.0,0,Draw,1
2015,5,0,0.548561,10,2,3,34.9,0.0,1,1,2.35602,11,5,4,4.6216,3.0,0,Away Win,2
2015,5,6,3.2103,16,7,6,14.1579,1.0,0,0,0.267975,6,1,5,14.5,1.0,0,Home Win,0
2015,5,2,1.78623,12,5,4,13.4348,1.0,0,0,0.910693,14,6,8,8.5556,5.0,0,Home Win,0
2015,5,0,0.850493,14,6,8,16.3,1.0,1,4,1.09462,13,5,3,4.2059,0.0,0,Away Win,2
2015,5,1,0.756427,14,5,7,12.4,1.0,0,0,0.397943,13,6,4,8.8519,3.0,0,Home Win,0
2015,5,0,0.853602,8,1,4,11.08,2.0,0,0,0.768639,13,4,5,9.8947,1.0,0,Draw,1
2015,5,1,0.304379,5,2,3,22.05,2.0,0,1,0.905213,12,5,6,9.5263,2.0,0,Draw,1
2015,5,4,2.42331,14,10,5,13.3636,3.0,0,1,0.420695,13,4,5,11.2692,1.0,0,Home Win,0
2015,5,3,1.91483,12,4,7,9.0,2.0,0,1,1.40577,8,3,3,6.1429,3.0,0,Home Win,0
2015,5,2,1.86817,23,6,12,4.7097,1.0,0,1,0.607724,6,1,0,19.4667,1.0,2,Home Win,0
2015,5,2,2.98014,19,4,7,9.3077,3.0,0,0,0.358858,10,1,5,8.0625,3.0,1,Home Win,0
2015,5,0,0.13557,3,2,3,20.4286,0.0,0,3,2.13619,19,8,2,10.125,1.0,0,Away Win,2
2015,5,2,1.55094,19,5,11,2.6591,2.0,0,2,0.858052,10,3,6,16.2143,2.0,1,Draw,1
2015,5,0,0.850666,13,6,7,3.1316,1.0,0,0,0.472192,9,3,1,8.4688,4.0,0,Draw,1
2015,5,1,1.54974,17,8,9,8.0,3.0,0,2,1.00785,12,3,5,8.5417,2.0,0,Away Win,2
2015,5,3,1.35999,14,6,6,10.3871,1.0,0,1,0.735923,7,1,2,10.9655,1.0,0,Home Win,0
2015,5,2,2.22332,15,5,2,23.6364,2.0,0,2,0.742111,11,5,4,9.125,2.0,0,Draw,1
2015,5,1,0.404312,14,6,6,7.6667,4.0,0,3,1.61264,15,8,5,20.0625,0.0,1,Away Win,2
2015,5,0,0.792313,16,1,1,7.32,1.0,0,1,1.21767,8,3,1,9.4651,3.0,0,Away Win,2
2015,5,0,0.970684,24,4,14,6.5909,3.0,0,1,2.98213,13,8,4,7.9091,3.0,0,Away Win,2
2015,5,0,0.585464,10,3,1,11.4583,2.0,2,2,2.24932,16,6,6,6.0968,3.0,0,Away Win,2
2015,5,4,1.62468,12,7,5,13.3158,2.0,0,1,0.490543,6,2,0,20.6111,1.0,0,Home Win,0
2015,5,1,2.13208,8,3,8,5.8276,3.0,0,1,1.03901,15,5,2,4.7838,4.0,1,Draw,1
2015,5,1,0.871294,7,3,3,19.2,2.0,0,1,1.48008,17,7,9,7.8636,2.0,0,Draw,1
2015,5,1,1.88805,16,4,6,15.9474,2.0,1,0,1.6602,14,0,5,7.7368,3.0,0,Home Win,0
2015,5,1,0.627561,8,2,7,9.7308,1.0,0,3,1.89072,9,5,3,10.5789,2.0,0,Away Win,2
2015,5,2,1.66361,16,6,3,10.84,2.0,0,1,1.02822,3,2,5,5.76,4.0,0,Home Win,0
2015,5,2,1.31453,15,4,10,11.5,2.0,0,1,0.222122,7,3,1,18.5,4.0,1,Home Win,0
2015,5,1,2.15522,18,5,6,3.2195,2.0,0,1,1.57594,9,5,3,8.8214,2.0,1,Draw,1
2015,5,2,1.63138,13,6,3,4.6667,4.0,0,3,2.11518,16,7,3,16.25,4.0,0,Away Win,2
2015,5,2,1.36073,13,3,3,8.4167,2.0,0,0,0.375954,11,2,9,10.2692,1.0,0,Home Win,0
2015,5,1,1.04752,14,4,1,10.5172,4.0,1,1,2.16016,12,5,5,8.1765,1.0,0,Draw,1
2015,5,0,0.594462,8,3,1,12.7391,1.0,0,0,0.179745,4,1,3,10.1786,3.0,0,Draw,1
2015,5,3,3.11111,18,10,9,5.6786,1.0,0,0,0.415048,10,4,4,42.0,1.0,0,Home Win,0
2015,5,0,0.421449,13,4,7,14.4211,3.0,0,1,1.5576,12,6,6,9.3913,0.0,0,Away Win,2
2015,5,6,2.46066,17,10,4,10.4483,0.0,0,1,0.843225,6,3,4,14.48,1.0,1,Home Win,0
2015,5,2,1.06626,8,4,4,9.4091,2.0,0,0,0.719549,14,2,11,12.36,2.0,0,Home Win,0
2015,5,2,2.50549,14,7,3,8.9583,2.0,0,0,0.335527,4,2,2,19.9,1.0,1,Home Win,0
2015,5,1,0.502333,13,2,3,10.6818,0.0,0,1,1.6963,16,8,3,9.7826,1.0,0,Draw,1
2015,5,1,0.863681,12,3,3,10.5,2.0,2,1,0.649146,8,1,5,7.1034,0.0,1,Draw,1
2015,5,2,1.82333,15,5,2,9.5517,2.0,0,3,2.34549,13,5,7,6.375,1.0,0,Away Win,2
2015,5,1,1.94384,10,5,4,10.2333,3.0,0,0,0.888466,9,3,6,6.6087,3.0,0,Home Win,0
2015,5,1,0.54464,7,2,4,17.7407,2.0,0,4,1.86069,14,7,7,5.0,1.0,0,Away Win,2
2015,5,1,1.24575,19,5,8,5.1379,1.0,1,1,0.964618,12,6,3,12.2,3.0,0,Draw,1
2015,5,3,1.8254,9,6,1,9.0667,3.0,0,0,1.182,18,5,18,6.5769,3.0,0,Home Win,0
2015,5,3,1.5591,10,4,3,15.0,2.0,0,1,0.79393,10,4,5,12.2609,0.0,0,Home Win,0
2015,5,2,2.22963,16,9,8,11.2609,1.0,0,0,0.270893,8,2,7,7.2593,4.0,0,Home Win,0
2015,5,1,1.57087,18,4,6,5.5769,3.0,0,2,1.09501,7,3,4,18.4286,3.0,0,Away Win,2
2015,5,2,1.17693,12,4,9,8.0313,2.0,0,1,0.508337,10,3,3,8.85,5.0,1,Home Win,0
2015,5,3,1.34153,17,7,4,5.3077,5.0,0,3,1.01214,8,3,1,5.3125,3.0,0,Draw,1
2015,5,1,2.3979,13,5,8,8.3333,4.0,0,4,1.06192,8,6,2,9.5417,1.0,2,Away Win,2
2015,5,0,1.158,20,4,11,3.9677,0.0,0,1,1.58846,9,2,2,13.8947,3.0,0,Away Win,2
2015,5,2,1.81242,22,5,9,5.2821,3.0,0,0,1.10281,9,3,2,10.1,1.0,0,Home Win,0
2015,5,1,1.8412,17,6,5,6.0333,2.0,0,0,0.482603,8,3,1,28.7,2.0,0,Home Win,0
2015,5,0,1.21348,11,3,5,6.2222,1.0,1,1,2.19927,18,7,4,10.8333,2.0,0,Away Win,2
2015,5,1,2.30918,17,6,7,8.36,1.0,0,0,0.461843,8,2,5,9.037,2.0,0,Home Win,0
2015,5,2,0.807682,7,3,6,10.7308,3.0,0,2,0.647119,12,5,7,7.7857,0.0,0,Draw,1
2015,5,1,1.46766,14,6,8,9.2308,3.0,0,1,1.53435,8,3,3,19.3077,2.0,0,Draw,1
2015,5,1,1.48946,14,7,5,16.3846,0.0,0,0,0.761122,10,3,7,4.88,3.0,0,Home Win,0
2015,5,3,1.46745,7,4,3,8.8571,0.0,1,2,0.755702,9,5,5,5.2105,2.0,1,Home Win,0
2015,5,2,3.63872,16,8,4,5.5349,2.0,0,1,1.77639,13,8,6,15.0,3.0,0,Home Win,0
2015,5,1,1.11571,12,4,3,13.72,2.0,1,1,1.29317,18,6,4,4.2308,2.0,0,Draw,1
2015,5,0,0.631104,6,2,2,15.4194,3.0,0,2,1.78051,13,5,3,3.6579,1.0,0,Away Win,2
2015,5,3,1.83778,18,4,5,11.7826,0.0,0,0,0.88042,14,2,4,15.3125,1.0,0,Home Win,0
2015,5,0,0.54891,12,2,4,6.24,2.0,0,1,1.33623,11,4,6,19.7143,3.0,0,Away Win,2
2015,5,2,0.616442,13,6,5,9.8261,0.0,0,0,0.0897244,4,0,3,23.2667,0.0,0,Home Win,0
2015,5,1,1.66935,21,6,9,6.0976,1.0,0,2,0.362657,7,5,1,13.2963,1.0,0,Away Win,2
2015,5,1,0.386919,9,2,3,19.8667,1.0,0,1,0.690247,10,2,3,3.6774,3.0,1,Draw,1
2015,5,1,1.64811,21,8,11,6.4444,1.0,0,1,0.513929,6,2,4,16.4,3.0,0,Draw,1
2015,5,0,0.93038,16,3,7,4.6842,4.0,0,0,0.338106,6,0,2,11.0,2.0,0,Draw,1
2015,5,1,0.745276,15,3,4,9.6047,2.0,0,4,2.09843,12,7,3,15.9286,2.0,0,Away Win,2
2015,5,0,1.20724,16,4,7,11.7333,1.0,0,2,1.46833,10,3,6,8.3333,2.0,0,Away Win,2
2015,5,3,2.27945,20,8,4,3.9211,1.0,0,0,0.726184,7,3,5,20.0625,4.0,0,Home Win,0
2015,5,1,1.26587,10,5,3,13.9615,0.0,1,1,0.926945,11,3,8,7.8485,0.0,1,Draw,1
2015,5,3,0.65245,13,5,5,14.3704,3.0,1,1,0.265865,8,1,3,7.0,3.0,0,Home Win,0
2015,5,2,0.369404,10,3,5,12.6087,1.0,0,0,0.896565,13,1,4,12.4,3.0,0,Home Win,0
2015,5,0,0.320128,10,2,7,11.5789,2.0,1,0,1.03781,10,2,7,9.3077,2.0,0,Draw,1
2015,5,0,1.3777,13,6,3,10.6818,1.0,1,1,1.69446,16,4,5,10.5357,2.0,0,Away Win,2
2015,5,1,0.975881,10,4,3,5.4063,3.0,0,2,1.30852,12,6,5,5.7813,4.0,0,Away Win,2
2015,5,1,0.738685,16,4,5,8.25,1.0,0,0,1.20367,11,2,4,9.0714,4.0,0,Home Win,0
2015,5,4,4.46576,21,10,5,8.6522,0.0,0,1,0.565349,14,6,0,15.3333,0.0,0,Home Win,0
2015,5,0,0.185016,5,2,1,10.186,0.0,0,1,0.699325,13,5,3,6.7222,0.0,0,Away Win,2
2015,5,3,3.28677,20,8,7,7.4286,1.0,0,0,0.336436,8,5,12,13.8421,1.0,0,Home Win,0
2015,5,1,0.704916,12,6,8,4.8235,1.0,0,0,0.282678,5,3,2,6.9286,2.0,0,Home Win,0
2015,5,2,0.269548,7,4,2,6.2813,3.0,1,0,0.285349,7,0,5,6.4483,4.0,0,Home Win,0
2015,5,2,0.964736,13,5,4,18.7222,3.0,1,2,1.66937,12,4,3,7.8947,1.0,1,Draw,1
2015,5,0,0.36672,8,2,3,18.6667,2.0,1,1,2.39165,30,6,10,6.0,0.0,0,Away Win,2
2015,5,1,0.709547,10,6,3,5.8108,4.0,0,1,0.356524,7,1,7,5.6944,2.0,0,Draw,1
2015,5,0,0.924375,9,4,7,4.1471,3.0,0,0,0.376406,9,1,5,7.0238,3.0,0,Draw,1
2015,5,1,2.10979,13,2,2,8.9667,3.0,0,0,0.688198,15,5,4,9.7667,4.0,0,Home Win,0
2015,5,0,0.376484,12,4,5,7.1463,2.0,0,1,0.538246,12,3,2,6.9,1.0,0,Away Win,2
2015,5,1,1.43923,9,3,3,6.52,1.0,0,2,1.94478,12,6,6,15.9091,3.0,0,Away Win,2
2015,5,0,1.61712,19,3,5,15.3043,1.0,0,2,0.803349,10,2,2,8.697,2.0,0,Away Win,2
2015,5,5,2.03364,15,9,5,5.3421,2.0,0,0,0.218218,7,0,0,28.3125,1.0,0,Home Win,0
2015,5,2,1.88516,10,4,2,10.52,0.0,0,1,0.583807,10,2,6,8.0333,4.0,0,Home Win,0
2015,5,4,3.25698,29,10,10,10.2917,0.0,0,1,1.50976,13,6,5,20.1111,0.0,0,Home Win,0
2015,5,2,1.23155,16,5,11,18.375,1.0,0,1,1.31109,13,6,6,5.9167,1.0,0,Home Win,0
2015,5,1,1.47952,10,2,5,5.3704,1.0,1,1,0.623895,9,2,5,20.2667,3.0,0,Draw,1
2015,5,1,1.40753,16,3,7,9.0476,3.0,0,2,0.900066,11,4,1,12.625,2.0,0,Away Win,2
2015,5,0,0.631141,14,3,7,7.1143,2.0,0,1,0.414738,9,4,5,15.6316,2.0,0,Away Win,2
2015,5,3,2.31074,17,8,5,4.8519,4.0,0,0,0.186858,6,1,3,8.3846,4.0,0,Home Win,0
2015,5,3,1.19574,9,4,5,8.8611,2.0,0,1,1.1594,14,7,10,6.4828,2.0,0,Home Win,0
2015,5,3,2.33671,13,8,3,14.9545,1.0,0,0,1.24162,13,1,2,10.5714,2.0,0,Home Win,0
2015,5,1,1.05284,13,6,3,19.7917,2.0,0,2,1.66927,8,3,2,5.5319,1.0,0,Away Win,2
2015,5,2,1.40676,7,5,3,6.6364,3.0,0,0,0.978971,13,3,7,6.2581,3.0,1,Home Win,0
2015,5,3,2.57283,11,4,3,9.7083,3.0,0,1,0.578896,11,4,4,10.7037,2.0,0,Home Win,0
2015,5,1,1.22637,8,4,6,9.2609,2.0,0,0,0.40002,11,2,3,14.8333,1.0,0,Home Win,0
2015,5,1,1.0881,10,5,6,8.08,2.0,0,1,1.36525,16,6,12,7.3429,1.0,0,Draw,1
2015,5,1,0.561993,9,5,2,12.1818,2.0,0,2,1.91295,15,4,4,7.6,1.0,0,Away Win,2
2015,5,0,0.508898,13,2,4,15.2727,1.0,1,0,0.379171,11,4,8,11.5909,1.0,0,Draw,1
2015,5,2,1.60804,8,4,5,9.1852,2.0,0,2,2.03833,8,5,2,11.85,2.0,1,Draw,1
2015,5,0,0.711899,12,4,5,10.7778,1.0,0,2,1.77851,15,6,7,10.875,1.0,0,Away Win,2
2015,5,2,1.64889,13,6,5,4.4615,3.0,0,4,3.42947,15,9,2,18.7,4.0,0,Away Win,2
2015,5,4,3.14432,21,9,7,5.8611,0.0,0,1,0.294756,11,3,2,15.3548,1.0,0,Home Win,0
2015,5,0,1.11673,14,3,7,6.625,2.0,1,0,0.227311,6,1,1,14.6842,2.0,0,Draw,1
2015,5,1,1.09623,18,3,4,11.7,2.0,0,1,0.987739,5,2,3,9.8519,1.0,0,Draw,1
2015,5,2,2.32171,11,6,3,10.4545,2.0,0,0,0.369796,8,3,3,7.7857,2.0,1,Home Win,0
2015,5,2,1.15581,12,4,3,8.0882,3.0,1,2,1.04313,11,6,2,9.56,4.0,0,Draw,1
2015,5,2,1.41771,9,5,1,9.2,2.0,0,0,0.397994,8,0,4,11.375,3.0,1,Home Win,0
2015,5,3,2.58964,10,7,4,6.5,2.0,1,0,1.78537,14,4,3,11.1667,3.0,0,Home Win,0
2015,5,1,0.720492,11,3,4,5.7308,3.0,1,4,1.73398,12,10,6,16.1,2.0,0,Away Win,2
2015,5,3,1.78687,12,6,3,3.4444,1.0,0,3,1.82368,10,5,4,7.8378,3.0,0,Draw,1
2015,5,0,0.589837,8,1,3,51.2,0.0,0,0,0.653705,12,3,12,4.5185,1.0,0,Draw,1
2015,5,0,0.361017,10,3,7,8.4444,2.0,0,0,1.03623,12,7,2,10.8077,5.0,0,Draw,1
2015,5,0,0.878455,9,3,3,10.6176,1.0,0,0,0.711974,10,5,1,8.3077,2.0,0,Draw,1
2015,5,0,1.02724,18,7,10,6.4444,0.0,1,3,2.22313,11,8,6,10.125,1.0,1,Away Win,2
2015,5,1,0.618885,10,4,4,11.5294,0.0,0,1,0.651609,8,3,4,15.0,2.0,0,Draw,1
2015,5,0,1.46601,16,6,9,5.8148,1.0,0,2,0.968115,6,3,0,17.3529,4.0,0,Away Win,2
2015,5,1,0.958588,9,4,7,8.6154,1.0,0,0,0.42822,6,2,6,11.3158,1.0,0,Home Win,0
2015,5,1,0.736905,8,2,4,5.5,2.0,1,2,0.872848,6,4,0,6.871,4.0,1,Away Win,2
2015,5,1,0.408642,13,5,6,4.9697,2.0,0,0,0.367291,9,0,4,4.5,2.0,0,Home Win,0
2015,5,0,1.06062,10,1,5,7.25,4.0,0,1,0.823838,11,5,3,8.3438,2.0,0,Away Win,2
2015,5,0,0.562786,7,2,3,34.3125,0.0,1,3,3.77388,15,6,2,7.9118,2.0,0,Away Win,2
2015,5,0,0.700009,14,1,7,6.0,3.0,0,2,0.69754,9,6,1,30.3333,1.0,0,Away Win,2
2015,5,1,1.40096,12,3,7,6.5,1.0,0,1,0.5584,14,4,2,11.3,1.0,0,Draw,1
2015,5,2,2.28205,20,3,10,5.1905,1.0,0,3,1.01913,5,4,2,9.4643,2.0,0,Away Win,2
2015,5,1,0.2207,5,2,2,8.9583,3.0,0,2,2.23633,7,2,3,12.1579,1.0,0,Away Win,2
2015,5,1,1.12223,15,5,14,7.8696,2.0,0,2,1.39295,12,5,2,9.6875,3.0,0,Away Win,2
2015,5,1,1.34719,25,6,5,7.6957,2.0,0,1,1.36347,12,3,2,10.3125,2.0,0,Draw,1
2015,5,2,1.5439,14,8,6,6.08,2.0,0,2,0.840059,6,2,3,17.8571,1.0,0,Draw,1
2015,5,1,0.696353,14,4,4,7.36,1.0,0,0,0.531661,8,2,2,14.0455,2.0,0,Home Win,0
2015,5,1,1.47089,14,4,12,6.4722,2.0,0,1,0.765019,5,3,3,13.0526,3.0,0,Draw,1
2015,5,1,1.68763,22,8,12,7.1667,1.0,0,1,0.991033,12,3,7,27.3333,0.0,1,Draw,1
2015,5,1,1.31908,17,5,3,13.0882,2.0,1,1,0.802532,7,3,2,7.1154,2.0,0,Draw,1
2015,5,1,1.06156,15,2,4,5.2571,4.0,0,1,0.663031,6,3,1,10.7826,4.0,1,Draw,1
2015,5,2,1.53801,9,6,1,5.069,3.0,0,1,0.233626,8,4,5,10.7353,2.0,1,Home Win,0
2015,5,1,1.38713,17,4,10,8.5238,2.0,0,1,0.48313,10,3,5,10.6522,4.0,0,Draw,1
2015,5,3,2.15989,17,7,3,9.7419,2.0,0,0,0.418619,11,3,6,20.9231,2.0,0,Home Win,0
2015,5,1,1.45029,10,4,10,6.4688,3.0,0,0,0.470198,5,0,5,9.8,2.0,1,Home Win,0
2015,5,1,1.22681,10,3,2,7.4688,2.0,1,1,1.17612,10,2,3,8.3611,4.0,0,Draw,1
2015,5,1,1.38052,7,3,5,8.9412,1.0,0,1,0.557138,3,2,4,12.5,2.0,0,Draw,1
2015,5,5,2.93193,11,8,6,3.9796,2.0,0,1,0.19264,9,3,1,22.3478,1.0,0,Home Win,0
2015,5,1,0.63676,9,4,9,9.44,2.0,0,0,0.765272,10,6,8,11.931,2.0,0,Home Win,0
2015,5,0,1.11522,8,1,7,19.6429,3.0,0,3,2.46206,18,10,7,4.0,2.0,0,Away Win,2
2015,5,2,0.595413,7,2,4,12.9091,3.0,0,0,0.724764,11,2,5,9.1,1.0,0,Home Win,0
2015,5,0,0.822078,12,4,10,6.2571,1.0,0,2,1.13123,9,5,3,11.625,2.0,0,Away Win,2
2015,5,0,1.84234,17,2,9,12.0,0.0,0,0,1.03257,12,6,7,9.0333,3.0,0,Draw,1
2015,5,1,1.09533,7,4,2,8.2333,2.0,1,1,1.53278,24,6,8,5.4516,1.0,0,Draw,1
2015,5,0,0.412486,12,2,6,14.1111,2.0,1,0,1.30889,15,5,15,2.5946,3.0,0,Draw,1
2015,5,1,1.10724,15,2,9,6.5862,3.0,0,0,0.421122,11,2,5,12.5455,3.0,0,Home Win,0
2015,5,2,1.49393,13,8,5,7.1622,3.0,0,1,1.1915,9,2,2,10.6,1.0,0,Home Win,0
2015,5,1,1.39029,10,3,3,9.9375,3.0,0,1,0.318664,6,4,6,7.3214,3.0,0,Draw,1
2015,5,2,2.58941,14,3,8,6.4583,1.0,0,0,0.227448,5,0,0,29.0,3.0,0,Home Win,0
2015,5,4,1.57896,22,8,4,5.3438,1.0,0,1,0.281148,9,3,1,13.8529,1.0,0,Home Win,0
2015,5,0,1.67221,12,4,8,8.9,2.0,0,1,1.76628,13,3,5,11.68,1.0,0,Away Win,2
2015,5,1,0.663137,8,3,2,5.027,2.0,1,3,1.79276,8,3,1,6.4242,4.0,0,Away Win,2
2015,5,2,0.866972,12,4,5,6.8286,0.0,0,2,0.998653,6,2,3,13.4545,1.0,0,Draw,1
2015,5,2,1.1889,13,5,7,11.8667,0.0,0,0,1.04746,16,3,8,14.0417,2.0,0,Home Win,0
2015,5,2,1.85303,11,4,6,8.0345,2.0,0,2,0.452751,10,2,1,11.7917,3.0,0,Draw,1
2015,5,2,1.96071,18,6,6,8.8182,1.0,0,1,1.2147,9,2,6,8.8,3.0,0,Home Win,0
2015,5,1,0.843157,10,3,2,9.697,3.0,0,1,0.362208,9,3,6,5.5,3.0,0,Draw,1
2015,5,0,1.01882,15,3,8,6.1923,2.0,0,0,0.492774,8,1,0,13.1,1.0,0,Draw,1
2015,5,2,1.80834,11,5,6,7.3571,2.0,0,1,0.622403,9,4,3,19.7619,3.0,0,Home Win,0
2015,5,0,0.672012,9,3,2,26.5455,1.0,0,1,0.851646,12,4,7,4.8846,0.0,0,Away Win,2
2015,5,1,0.520743,2,1,1,6.0444,3.0,1,0,0.845241,8,1,5,9.3043,1.0,1,Home Win,0
2015,5,2,2.46114,19,4,4,5.5,2.0,0,2,0.653273,10,6,2,10.48,0.0,0,Draw,1
2015,5,2,1.21979,8,4,7,9.8333,4.0,1,2,0.708649,8,1,7,5.3846,1.0,0,Draw,1
2015,5,2,0.87041,12,5,8,11.76,3.0,0,4,3.43107,19,13,7,11.0,1.0,0,Away Win,2
2015,5,1,0.760121,14,3,8,6.5882,2.0,0,0,0.215194,10,7,1,9.5294,1.0,0,Home Win,0
2015,5,0,0.661097,7,2,3,6.2564,2.0,0,2,0.688892,6,4,5,9.0,1.0,0,Away Win,2
2015,5,1,0.710914,7,3,0,7.675,2.0,0,3,1.98866,15,9,4,4.8,1.0,0,Away Win,2
2015,5,1,0.629161,9,2,2,11.7667,3.0,0,0,1.40956,19,5,8,4.8571,1.0,0,Home Win,0
2015,5,1,1.43229,10,3,8,8.5769,3.0,0,0,0.354163,8,2,2,12.625,3.0,0,Home Win,0
2015,5,5,2.62942,16,10,3,6.6471,0.0,0,1,0.338627,11,4,1,26.1538,1.0,0,Home Win,0
2015,5,1,2.02847,16,3,5,8.087,1.0,0,0,0.201846,4,1,0,14.0,1.0,2,Home Win,0
2015,5,2,0.946038,8,2,4,12.8462,2.0,0,2,0.868853,8,5,3,6.0455,4.0,0,Draw,1
2015,5,1,1.8398,21,5,9,7.4444,2.0,0,3,0.766181,7,4,3,13.4,1.0,0,Away Win,2
2015,5,1,1.94694,16,2,5,9.1176,2.0,0,2,0.597596,9,4,4,11.0882,1.0,0,Away Win,2
2015,5,2,0.467749,8,2,4,8.1389,1.0,0,1,1.23003,13,4,3,12.7576,2.0,0,Home Win,0
2015,5,4,3.0319,14,5,6,5.5789,4.0,0,0,1.39268,9,3,3,5.8182,1.0,0,Home Win,0
2015,5,1,1.93279,13,4,5,9.3448,2.0,0,1,0.279599,5,1,1,6.4545,2.0,0,Draw,1
2015,5,1,2.48082,22,9,8,3.6136,2.0,0,1,0.872984,7,4,2,14.5,2.0,0,Draw,1
2015,5,1,1.78823,16,3,7,6.1935,1.0,1,1,1.50673,12,4,1,8.6944,1.0,0,Draw,1
2015,5,3,2.36032,19,10,5,13.9565,2.0,0,0,0.451676,9,4,5,11.2105,3.0,0,Home Win,0
2015,5,0,0.77326,13,5,6,14.8421,1.0,0,1,0.804304,10,3,4,11.0,3.0,0,Away Win,2
2015,5,2,1.5107,9,4,6,10.7692,3.0,0,0,1.47085,12,3,6,7.1563,2.0,0,Home Win,0
2015,5,0,0.930389,16,3,5,7.1765,3.0,0,4,1.64948,8,4,4,23.1818,3.0,0,Away Win,2
2015,5,1,0.748198,7,3,1,13.8,3.0,1,0,0.408979,9,2,6,2.8158,2.0,0,Home Win,0
2015,5,1,2.35913,14,6,6,6.4286,1.0,1,2,1.18688,7,3,5,12.6957,4.0,0,Away Win,2
2015,5,2,2.23948,9,5,3,20.4,1.0,0,0,1.46292,15,6,15,3.4615,2.0,0,Home Win,0
2015,5,4,1.5538,21,7,3,14.2,2.0,0,0,0.72082,8,3,5,13.65,1.0,0,Home Win,0
2015,5,0,0.66288,12,3,7,12.7941,4.0,0,2,2.05075,12,5,6,7.9474,2.0,0,Away Win,2
2015,5,2,1.2268,7,4,4,8.1143,2.0,0,0,0.402997,11,3,1,13.5217,1.0,0,Home Win,0
2015,5,0,0.509503,12,3,6,8.075,2.0,0,1,0.141059,4,1,5,6.8966,3.0,1,Away Win,2
2015,5,1,1.26807,10,2,7,6.3333,1.0,0,0,0.736535,7,1,4,14.75,1.0,0,Home Win,0
2015,5,3,2.4848,17,5,3,4.5278,2.0,0,0,1.10364,12,3,8,10.5833,4.0,0,Home Win,0
2015,5,4,2.1887,12,5,3,11.619,1.0,0,0,1.28691,15,4,8,11.8846,3.0,0,Home Win,0
2015,5,3,1.88702,15,8,4,8.2963,1.0,0,1,0.515582,4,2,1,13.24,1.0,1,Home Win,0
2015,5,1,0.825199,12,6,9,4.1818,0.0,0,0,0.440985,10,2,4,13.6364,1.0,1,Home Win,0
2015,5,2,0.759326,13,4,8,7.2143,0.0,0,1,1.36757,11,5,5,15.3333,3.0,1,Home Win,0
2015,5,3,2.60881,16,7,4,7.6667,1.0,0,1,0.513408,11,4,8,19.6667,1.0,0,Home Win,0
2015,5,0,0.601554,5,0,4,16.2857,2.0,0,1,0.660476,13,4,8,7.1944,2.0,0,Away Win,2
2015,5,1,1.86111,8,4,5,10.55,4.0,1,0,0.838579,13,3,7,5.5357,6.0,0,Home Win,0
2015,5,0,0.3307,5,0,2,16.7692,1.0,1,3,0.586887,9,3,6,5.5,2.0,0,Away Win,2
2015,5,1,0.414402,6,4,7,13.619,1.0,1,1,0.638421,11,6,1,9.0,1.0,0,Draw,1
2015,5,0,0.838579,16,2,4,2.8529,1.0,0,0,0.0436037,3,0,2,28.7778,0.0,1,Draw,1
2015,5,2,2.19574,11,5,8,17.2222,0.0,1,0,0.352925,11,1,6,7.2,2.0,2,Home Win,0
2015,5,0,1.85273,14,4,6,5.7714,3.0,0,2,2.39774,12,5,2,8.2083,2.0,0,Away Win,2
2015,5,0,0.560312,9,2,5,6.9355,2.0,0,0,0.793973,15,7,7,6.0882,4.0,0,Draw,1
2015,5,1,1.67631,16,6,4,8.5,1.0,1,1,1.11632,10,3,4,12.0588,4.0,0,Draw,1
2015,5,1,0.852137,10,3,3,5.7931,4.0,1,4,3.2558,14,8,4,9.96,1.0,0,Away Win,2
2015,5,1,0.985051,18,7,6,15.8077,0.0,0,2,1.74708,11,3,2,9.68,1.0,0,Away Win,2
2015,5,1,0.706743,10,2,7,6.6364,0.0,0,0,0.65555,10,0,3,18.0455,1.0,0,Home Win,0
2015,5,0,1.71392,12,4,3,5.2353,2.0,0,0,0.0978456,5,0,2,13.7353,3.0,0,Draw,1
2015,5,0,1.45592,13,5,3,3.85,5.0,0,1,0.53604,12,3,5,9.3,3.0,0,Away Win,2
2015,5,2,0.813793,10,2,5,6.6176,1.0,0,4,2.10544,12,8,4,8.2083,0.0,0,Away Win,2
2015,5,2,1.33963,9,2,5,9.1176,1.0,0,1,0.842693,4,1,5,9.7826,3.0,1,Home Win,0
2015,5,2,1.1956,7,2,4,11.0385,0.0,0,0,0.508883,9,3,4,7.96,2.0,0,Home Win,0
2015,5,2,2.27489,19,6,11,4.1282,2.0,0,3,0.7699,6,3,1,9.0,3.0,0,Away Win,2
2015,5,4,3.89327,21,8,5,4.025,3.0,0,1,1.10005,15,6,7,13.8333,5.0,0,Home Win,0
2015,5,1,2.03388,18,6,12,5.6667,0.0,0,1,1.23838,8,2,6,10.4,1.0,0,Draw,1
2015,5,1,0.82826,9,3,0,7.4444,1.0,0,1,2.12875,12,6,6,10.1667,2.0,0,Draw,1
2015,5,0,1.24852,14,2,7,12.0313,0.0,0,0,0.478741,10,2,5,8.3929,2.0,0,Draw,1
2015,5,4,2.123,15,7,9,5.8667,2.0,0,1,0.678292,10,3,5,21.3929,0.0,0,Home Win,0
2015,5,4,2.44896,26,9,6,8.2381,4.0,0,3,0.879315,14,7,5,21.0,1.0,0,Home Win,0
2015,5,1,1.21292,13,3,5,5.9394,1.0,0,1,1.10248,9,2,3,10.1154,2.0,1,Draw,1
2015,5,2,1.59164,13,4,1,12.7391,0.0,0,3,1.63244,12,5,6,5.0526,1.0,0,Away Win,2
2015,5,3,3.25503,17,8,5,13.4231,2.0,0,1,1.19478,15,7,7,10.4615,0.0,0,Home Win,0
2015,5,1,0.839334,8,2,9,9.3462,0.0,1,1,0.984151,15,1,6,6.4167,1.0,0,Draw,1
2015,5,1,1.3894,12,6,8,9.7317,1.0,0,0,0.353428,7,1,2,5.4643,1.0,0,Home Win,0
2015,5,1,0.746493,9,2,8,9.2308,5.0,0,0,0.633253,12,4,7,4.5789,3.0,2,Home Win,0
2015,5,0,1.30364,11,5,5,4.2727,3.0,1,2,0.646332,11,4,1,12.2059,5.0,0,Away Win,2
2015,5,3,1.92669,10,5,3,6.3143,1.0,0,0,0.356202,6,2,3,7.8571,3.0,0,Home Win,0
2015,5,4,1.51818,15,7,7,15.3182,2.0,0,1,1.01931,6,1,1,6.3077,2.0,0,Home Win,0
2015,5,1,0.489643,6,1,4,7.7073,2.0,0,2,1.31675,18,5,5,8.4828,0.0,0,Away Win,2
2015,5,2,2.4048,16,3,8,12.0,3.0,0,2,1.02966,8,2,0,18.8125,3.0,1,Draw,1
2015,5,0,0.834748,12,6,5,9.1852,2.0,1,1,2.31848,19,7,7,18.9412,1.0,0,Away Win,2
2015,5,0,1.39127,14,4,8,9.9545,1.0,0,0,0.357798,4,1,3,9.6538,1.0,0,Draw,1
2015,5,1,1.76354,15,4,4,5.375,2.0,0,2,1.45084,16,6,3,18.5294,1.0,0,Away Win,2
2015,5,2,1.44709,14,7,6,10.5641,3.0,0,1,0.341938,7,3,2,6.5385,5.0,0,Home Win,0
2015,5,2,1.25259,14,6,4,12.6316,1.0,0,2,0.523789,9,3,2,7.3,4.0,0,Draw,1
2015,5,0,1.58349,7,5,5,6.5,0.0,0,0,0.238527,6,0,4,16.4242,1.0,0,Draw,1
2015,5,0,1.59793,24,7,8,6.7632,3.0,0,0,0.100743,2,1,2,10.625,4.0,0,Draw,1
2015,5,0,0.284604,7,1,4,21.3125,4.0,0,0,1.16763,7,1,5,5.4286,3.0,0,Draw,1
2015,5,1,1.96034,12,3,3,13.25,2.0,0,1,0.182807,4,2,2,8.5,2.0,0,Draw,1
2015,5,2,1.57572,8,5,2,9.1739,2.0,0,0,0.360193,9,5,6,3.68,2.0,1,Home Win,0
2015,5,2,1.89872,17,6,7,7.1071,1.0,0,1,1.00924,9,3,4,19.1852,1.0,0,Home Win,0
2015,5,1,1.60371,20,8,9,8.963,2.0,0,1,1.57247,18,7,3,8.5714,1.0,0,Draw,1
2015,5,4,1.21904,11,7,2,16.9091,1.0,1,1,0.827543,11,6,3,6.4138,2.0,0,Home Win,0
2015,5,5,3.25493,16,9,6,4.4524,2.0,0,1,1.7776,11,5,3,16.6667,3.0,0,Home Win,0
2015,5,0,0.183823,5,1,6,6.8,1.0,0,0,0.344478,8,2,1,6.4242,4.0,0,Draw,1
2015,5,1,1.35918,16,5,7,5.3889,2.0,0,1,1.1007,6,5,3,4.2647,2.0,0,Draw,1
2015,5,2,1.27343,12,7,10,7.2439,2.0,0,2,1.46734,10,4,7,9.25,2.0,0,Draw,1
2015,5,1,1.56973,15,10,7,10.8571,1.0,0,1,1.26139,10,2,5,9.7727,2.0,0,Draw,1
2015,5,1,1.1599,19,4,4,5.5357,0.0,0,0,0.901377,9,4,4,14.1765,0.0,0,Home Win,0
2015,5,2,1.4605,8,3,4,16.8571,0.0,0,0,0.636957,13,2,9,4.2941,2.0,0,Home Win,0
2015,5,0,1.16735,11,6,4,10.4,2.0,0,2,1.79157,10,3,4,14.4211,1.0,0,Away Win,2
2015,5,1,1.10643,10,1,5,10.0714,2.0,0,2,1.08963,9,4,4,7.7188,3.0,0,Away Win,2
2015,5,4,3.99474,21,11,3,6.4194,3.0,0,0,0.551943,13,2,3,8.9167,3.0,1,Home Win,0
2015,5,0,1.37172,16,3,5,19.2593,1.0,1,9,4.30333,22,15,8,6.2647,0.0,0,Away Win,2
2015,5,2,1.06253,11,7,6,7.4054,2.0,0,0,0.17099,6,0,0,10.4583,3.0,0,Home Win,0
2015,5,2,1.3809,13,3,2,9.1429,5.0,0,2,2.47073,17,7,8,4.5,4.0,0,Draw,1
2015,5,2,2.00585,14,5,11,7.4688,2.0,0,5,1.82004,13,8,3,15.6957,1.0,0,Away Win,2
2015,5,3,2.13151,9,5,5,7.5588,1.0,0,0,0.582112,7,1,7,7.9524,3.0,0,Home Win,0
2015,5,5,4.14206,23,10,6,7.9143,1.0,0,1,0.436345,5,2,2,8.15,4.0,0,Home Win,0
2015,5,1,0.263497,6,2,3,9.0,3.0,0,0,0.904971,10,3,3,8.8214,3.0,0,Home Win,0
2015,5,2,1.35728,23,6,7,8.3103,1.0,0,1,0.537588,4,2,2,8.6,2.0,0,Home Win,0
2015,5,0,1.64607,19,3,7,2.3846,4.0,0,1,0.216286,2,2,1,25.2308,2.0,0,Away Win,2
2015,5,2,2.33773,8,4,3,9.6667,1.0,0,0,0.293893,7,1,2,12.6552,2.0,0,Home Win,0
2015,5,1,1.00046,12,4,6,11.4444,2.0,0,1,1.01308,8,4,3,6.7714,2.0,0,Draw,1
2015,5,3,1.96796,10,5,3,14.7333,1.0,0,0,0.436238,12,2,5,16.5517,2.0,0,Home Win,0
2015,5,0,2.31249,23,4,10,4.303,1.0,0,2,1.90627,12,5,2,16.2727,1.0,0,Away Win,2
2015,5,1,1.1122,14,5,8,4.325,1.0,0,2,1.28525,10,4,3,7.4286,1.0,0,Away Win,2
2015,5,4,2.07953,13,7,7,12.5862,1.0,0,1,0.571402,6,4,6,15.3667,0.0,0,Home Win,0
2015,5,0,0.920517,17,5,7,5.7568,1.0,0,2,0.56491,7,4,6,13.1,0.0,0,Away Win,2
2015,5,2,0.63721,10,3,6,12.2632,2.0,0,2,0.950086,12,4,5,5.2222,2.0,0,Draw,1
2015,5,0,1.81211,12,7,5,10.2308,1.0,0,1,1.34081,17,3,4,14.4,1.0,0,Away Win,2
2015,5,3,1.13886,10,5,2,10.5,1.0,0,1,0.326441,10,4,6,6.8235,0.0,0,Home Win,0
2015,5,2,0.871213,7,1,4,7.3333,1.0,0,0,0.241685,6,1,5,4.25,1.0,0,Home Win,0
2015,5,0,0.530463,13,6,8,7.0323,2.0,0,3,0.963477,11,7,4,17.8235,1.0,0,Away Win,2
2015,5,2,0.967693,6,1,6,9.8333,3.0,0,1,0.534944,7,2,2,3.8276,2.0,1,Home Win,0
2015,5,1,0.840986,8,2,6,13.4194,0.0,0,3,2.26934,17,7,3,6.5152,0.0,0,Away Win,2
2015,5,0,0.475991,7,2,4,12.9706,1.0,0,2,2.96722,14,8,1,4.7,2.0,0,Away Win,2
2015,5,0,0.381495,8,2,9,13.8378,1.0,0,2,2.09637,14,6,4,4.2973,0.0,0,Away Win,2
2015,5,0,0.183063,7,1,2,7.6296,1.0,0,0,0.190747,2,1,6,7.3846,5.0,0,Draw,1
2015,5,1,2.04874,16,7,10,5.4,2.0,0,0,0.202203,9,1,5,11.7308,2.0,0,Home Win,0
2015,5,1,0.818975,17,4,6,6.4651,1.0,0,2,2.29063,17,7,5,10.0,0.0,0,Away Win,2
2015,5,2,0.692415,10,3,5,15.3529,2.0,0,1,1.64401,14,5,4,7.2105,3.0,1,Home Win,0
2015,5,4,1.24664,11,7,2,5.2,1.0,0,0,0.0534995,3,1,2,9.4737,0.0,1,Home Win,0
2015,5,4,2.61337,8,4,3,9.92,1.0,1,1,0.739505,7,4,4,9.4074,2.0,1,Home Win,0
2015,5,3,2.16871,11,8,2,9.4762,0.0,0,0,0.633499,8,3,7,12.6207,0.0,0,Home Win,0
2015,5,0,0.37461,7,4,9,4.1724,2.0,0,0,0.547844,9,3,5,18.3478,2.0,0,Draw,1
2015,5,1,1.84228,14,3,5,7.5366,2.0,1,1,0.694849,7,3,3,14.1667,2.0,0,Draw,1
2015,5,6,3.92379,21,9,4,7.95,0.0,0,0,0.801306,15,8,3,13.6341,0.0,0,Home Win,0
2015,5,0,0.926243,16,2,3,10.0,3.0,0,1,0.724081,9,4,4,6.4074,2.0,0,Away Win,2
2015,5,1,1.62389,16,3,9,6.0714,2.0,0,3,0.623143,4,4,0,15.5833,2.0,1,Away Win,2
2015,5,1,0.358837,11,4,2,6.75,1.0,0,1,0.739061,11,2,2,9.9118,2.0,0,Draw,1
2015,5,2,1.06386,14,4,1,9.2973,2.0,1,4,1.40357,13,5,6,7.64,2.0,0,Away Win,2
2015,5,2,2.98887,21,11,10,7.381,2.0,0,1,1.09089,15,4,7,7.7692,3.0,0,Home Win,0
2015,5,0,0.39658,9,0,6,7.5,1.0,0,2,0.861294,11,5,7,13.8095,2.0,0,Away Win,2
2015,5,0,0.486994,9,3,6,6.9167,3.0,0,3,2.23586,12,7,3,26.8182,2.0,0,Away Win,2
2015,5,2,1.0442,14,4,7,6.9811,1.0,0,1,0.469578,7,2,1,4.8387,0.0,0,Home Win,0
2015,5,2,2.08581,10,5,10,9.8421,1.0,0,0,0.785928,11,4,4,13.8333,3.0,0,Home Win,0
2015,5,2,1.50107,9,5,5,7.5641,2.0,0,3,1.08627,11,3,2,3.25,3.0,0,Away Win,2
2015,5,1,0.795714,7,3,4,5.5938,1.0,1,1,0.205873,7,3,2,5.8571,3.0,0,Draw,1
2015,5,4,1.61705,14,7,4,19.7059,0.0,1,1,2.12498,17,7,7,9.2381,2.0,0,Home Win,0
2015,5,2,0.980333,12,5,4,12.1538,2.0,0,0,0.291292,9,1,5,20.5,1.0,0,Home Win,0
2015,5,1,0.866074,11,1,9,5.6389,1.0,1,1,0.534691,12,5,0,11.5357,0.0,1,Draw,1
2015,5,3,1.52838,8,5,2,8.1071,4.0,0,2,1.71155,17,7,4,6.3214,2.0,0,Home Win,0
2015,5,1,0.915503,11,3,9,6.4231,1.0,0,1,1.56202,10,6,6,10.92,3.0,0,Draw,1
2015,5,0,0.902533,12,3,9,4.8889,1.0,0,0,0.239742,7,4,3,18.9048,4.0,0,Draw,1
2015,5,4,3.8578,27,12,5,6.9118,1.0,0,0,0.233848,9,2,2,27.2632,1.0,0,Home Win,0
2015,5,1,1.9503,18,4,7,13.2581,1.0,0,0,0.583675,5,2,6,17.0909,1.0,0,Home Win,0
2015,5,0,0.43469,9,0,2,5.1304,2.0,1,0,2.18848,9,7,6,9.2105,2.0,0,Draw,1
2015,5,3,1.29807,16,8,5,8.6429,2.0,0,2,0.951606,9,4,4,14.0,1.0,0,Home Win,0
2015,5,2,2.35658,18,7,9,7.9091,4.0,0,4,2.31203,13,9,3,12.7143,1.0,0,Away Win,2
2015,5,2,1.5813,15,7,9,10.0,2.0,0,3,1.19771,10,5,9,12.8889,1.0,0,Away Win,2
2015,5,0,0.500598,13,3,5,11.72,1.0,0,1,1.18283,14,5,6,10.4412,2.0,0,Away Win,2
2015,5,0,1.7164,14,5,4,7.8571,1.0,0,0,0.458586,7,2,3,11.125,3.0,0,Draw,1
2015,5,2,0.492569,6,2,5,3.325,1.0,0,1,0.252836,5,2,0,13.5758,2.0,0,Home Win,0
2015,5,0,0.464125,12,1,2,7.1212,2.0,0,1,1.40152,12,4,3,8.2258,4.0,0,Away Win,2
2015,5,2,2.0258,12,4,5,7.7826,2.0,0,0,0.520259,2,1,3,15.8095,3.0,2,Home Win,0
2015,5,1,2.14991,21,8,7,7.4138,2.0,0,0,1.64589,14,2,4,8.7778,1.0,0,Home Win,0
2015,5,3,1.49543,11,7,7,6.5385,0.0,0,0,1.3387,10,2,4,15.9048,1.0,0,Home Win,0
2015,5,1,0.883503,16,5,6,4.8333,2.0,0,2,1.33264,9,3,1,19.3889,2.0,0,Away Win,2
2015,5,0,0.360549,7,1,3,18.3235,1.0,0,4,2.04865,9,6,3,5.5714,1.0,0,Away Win,2
2015,5,0,1.26201,28,7,11,5.3667,1.0,0,0,0.0884296,2,0,3,13.6522,4.0,0,Draw,1
2015,5,2,1.28972,17,5,8,17.5625,0.0,0,0,0.520643,10,2,3,19.2941,0.0,0,Home Win,0
2015,5,1,1.04631,14,4,9,5.7576,2.0,0,0,0.142776,4,1,2,6.0645,3.0,0,Home Win,0
2015,5,1,1.32549,9,6,6,7.6667,1.0,0,0,1.53551,10,2,5,8.5429,1.0,0,Home Win,0
2015,5,6,4.30241,23,15,7,4.6667,0.0,0,1,1.05363,11,1,4,12.1613,3.0,1,Home Win,0
2015,5,1,0.869861,8,3,5,16.8438,1.0,0,1,2.09697,11,3,3,5.8333,2.0,0,Draw,1
2015,5,2,3.8289,15,7,5,12.0357,3.0,0,0,0.49041,10,4,7,7.5385,1.0,0,Home Win,0
2015,5,0,0.691544,12,3,7,4.8919,1.0,0,1,1.61764,12,6,3,14.2353,2.0,0,Away Win,2
2015,5,2,1.17136,14,3,4,14.6757,2.0,0,3,0.836067,10,3,2,6.7429,1.0,0,Away Win,2
2015,5,1,0.737584,9,4,5,28.5385,2.0,0,1,2.45564,18,6,13,8.7097,1.0,0,Draw,1
2015,5,1,1.28701,8,4,1,13.7647,1.0,0,0,1.46352,19,2,5,8.6579,1.0,0,Home Win,0
2015,5,4,4.17612,19,12,10,10.7222,1.0,0,0,0.561186,14,3,4,24.1053,1.0,0,Home Win,0
2015,5,1,1.93454,10,4,4,9.7429,1.0,0,0,2.02993,11,5,6,5.8788,4.0,0,Home Win,0
2015,5,4,2.4455,14,6,0,12.6129,4.0,0,1,1.3093,9,3,4,5.3125,2.0,0,Home Win,0
2015,5,1,1.33971,17,8,8,10.5652,3.0,0,2,1.32918,9,5,2,16.9412,5.0,0,Away Win,2
2015,5,2,0.21944,6,2,2,5.5652,4.0,0,3,2.12896,14,7,8,5.5185,1.0,0,Away Win,2
2016,5,0,0.828385,10,0,2,12.6667,3.0,0,1,0.664887,9,6,6,4.1154,3.0,0,Away Win,2
2016,5,2,2.49641,18,4,8,2.6053,3.0,0,2,0.699022,9,5,2,12.2857,4.0,0,Draw,1
2016,5,3,1.16592,11,6,3,11.5,1.0,0,2,1.50131,14,5,6,5.0313,2.0,0,Home Win,0
2016,5,1,0.879179,14,3,7,7.7241,1.0,0,0,0.49342,13,2,2,9.5769,2.0,0,Home Win,0
2016,5,3,2.27284,16,7,10,8.9583,1.0,0,2,1.9864,8,2,2,12.6667,2.0,1,Home Win,0
2016,5,3,2.31706,7,3,4,11.6667,2.0,0,2,1.87778,17,4,5,15.2143,2.0,0,Home Win,0
2016,5,0,0.294202,6,2,3,10.6333,0.0,0,1,1.31806,10,3,4,9.6857,2.0,0,Away Win,2
2016,5,0,0.378703,11,1,4,6.5952,4.0,0,3,2.32475,9,7,4,7.36,2.0,0,Away Win,2
2016,5,1,0.704696,7,1,4,11.4231,0.0,0,0,1.16856,19,4,8,11.0323,1.0,0,Home Win,0
2016,5,0,0.372135,10,2,9,5.1818,3.0,0,0,0.254141,6,2,6,6.925,1.0,0,Draw,1
2016,5,2,2.84412,22,7,13,3.8571,3.0,0,0,0.458346,7,1,3,10.75,4.0,0,Home Win,0
2016,5,0,0.322377,8,2,10,10.8182,2.0,0,1,0.545027,8,3,3,7.4375,4.0,0,Away Win,2
2016,5,4,1.58483,11,5,3,5.6452,1.0,0,1,0.7395,8,2,6,6.8077,3.0,1,Home Win,0
2016,5,0,1.21118,21,6,10,10.625,1.0,0,1,2.06104,14,8,3,13.1579,2.0,0,Away Win,2
2016,5,2,0.457521,9,3,3,18.125,4.0,0,0,0.968592,8,1,7,9.931,2.0,0,Home Win,0
2016,5,0,0.349438,10,3,2,11.24,2.0,2,3,2.25743,16,7,5,21.5833,4.0,0,Away Win,2
2016,5,1,0.877699,10,3,6,10.1481,1.0,0,0,0.524902,8,2,5,10.0909,2.0,0,Home Win,0
2016,5,2,1.24688,14,4,4,12.037,0.0,0,1,0.719975,8,3,6,3.8286,1.0,0,Home Win,0
2016,5,3,1.58901,14,5,4,5.5625,1.0,0,1,1.46843,13,3,6,10.3571,1.0,0,Home Win,0
2016,5,3,3.85662,28,8,15,5.1143,1.0,0,0,0.996438,11,6,2,31.0,1.0,0,Home Win,0
2016,5,2,1.46546,13,8,3,7.3824,1.0,0,0,0.486662,10,5,4,9.4231,1.0,0,Home Win,0
2016,5,4,1.99507,8,5,2,17.0,2.0,0,2,2.38079,25,9,10,8.4,2.0,0,Home Win,0
2016,5,2,2.04065,17,4,5,5.7778,1.0,0,0,0.376246,5,1,2,11.05,5.0,0,Home Win,0
2016,5,2,0.448001,7,2,5,19.7692,2.0,0,0,1.10689,23,7,9,9.5294,2.0,0,Home Win,0
2016,5,0,1.42221,19,3,5,6.5357,2.0,0,2,1.59434,14,6,3,20.4375,1.0,0,Away Win,2
2016,5,1,0.999105,11,5,4,8.6286,1.0,0,1,1.0107,12,2,4,8.28,2.0,0,Draw,1
2016,5,1,1.7221,13,6,4,12.3913,2.0,0,1,0.415974,8,3,6,10.6471,2.0,0,Draw,1
2016,5,1,1.70798,10,7,4,8.6333,2.0,0,0,0.74034,16,6,8,6.4054,1.0,0,Home Win,0
2016,5,0,0.920032,16,3,7,4.1667,2.0,0,0,0.395826,9,2,4,7.8824,1.0,0,Draw,1
2016,5,3,1.20927,9,2,2,13.9688,1.0,0,1,1.11721,6,1,7,6.6538,2.0,0,Home Win,0
2016,5,1,1.93914,15,4,4,15.9474,2.0,0,1,0.293162,5,2,1,15.5625,4.0,0,Draw,1
2016,5,1,0.993332,11,4,4,12.85,2.0,1,3,1.5749,10,6,4,16.3333,1.0,0,Away Win,2
2016,5,2,0.440568,5,4,5,4.2571,4.0,0,1,0.463047,8,3,1,5.5714,4.0,0,Home Win,0
2016,5,3,0.606116,13,7,6,15.7391,1.0,1,1,0.804238,6,2,1,9.8261,2.0,1,Home Win,0
2016,5,0,1.09603,9,2,8,5.75,0.0,0,2,0.737229,7,3,3,16.64,5.0,0,Away Win,2
2016,5,1,0.67898,6,3,8,8.0303,3.0,0,4,1.48764,9,6,1,10.9259,1.0,0,Away Win,2
2016,5,1,0.703262,12,4,7,7.12,1.0,0,1,0.161811,5,2,3,7.76,1.0,0,Draw,1
2016,5,0,0.853017,13,3,8,9.7368,1.0,0,3,1.31386,10,4,3,10.0625,4.0,0,Away Win,2
2016,5,2,0.715583,5,4,2,11.6,2.0,0,0,0.79827,8,4,8,12.2174,1.0,0,Home Win,0
2016,5,3,2.90937,18,7,6,7.0,2.0,0,2,2.01166,14,5,3,8.2128,3.0,0,Home Win,0
2016,5,0,1.00689,13,1,4,21.0,1.0,0,6,3.50276,21,9,3,7.6087,1.0,0,Away Win,2
2016,5,3,1.85529,17,7,3,8.0444,1.0,0,0,0.207382,5,3,4,12.0,1.0,0,Home Win,0
2016,5,1,0.329901,9,2,2,9.3448,0.0,0,1,1.52308,14,5,2,10.4706,0.0,0,Draw,1
2016,5,0,1.68116,15,6,8,4.8846,4.0,0,0,0.973689,7,3,3,9.625,3.0,1,Draw,1
2016,5,2,1.70053,13,5,8,8.8095,4.0,0,1,0.921267,5,3,1,20.0,3.0,1,Home Win,0
2016,5,1,1.29048,9,4,4,19.8182,2.0,0,0,0.5211,10,0,2,8.4,2.0,0,Home Win,0
2016,5,0,0.712968,11,4,3,7.7143,0.0,1,1,1.13896,5,5,5,11.3333,4.0,0,Away Win,2
2016,5,1,2.32844,15,5,6,7.1923,1.0,0,1,1.08766,9,4,3,15.6875,1.0,0,Draw,1
2016,5,1,2.2449,13,3,4,3.2286,2.0,0,0,0.991511,8,3,4,17.5294,4.0,0,Home Win,0
2016,5,0,0.793567,13,2,6,7.5152,3.0,0,0,0.980569,14,1,1,5.1081,2.0,0,Draw,1
2016,5,1,0.765814,19,5,5,6.0,2.0,0,2,1.4716,7,2,3,9.6875,5.0,0,Away Win,2
2016,5,3,2.11535,8,4,5,11.7097,1.0,0,0,0.300163,8,4,4,27.2632,0.0,0,Home Win,0
2016,5,0,0.319514,10,5,5,4.4688,0.0,0,0,0.0748124,4,2,3,9.3571,0.0,0,Draw,1
2016,5,2,1.31977,12,4,1,15.35,0.0,0,1,0.505767,6,1,4,8.0,1.0,0,Home Win,0
2016,5,0,2.22085,17,6,6,7.5185,4.0,0,0,0.189906,6,0,2,12.8125,0.0,1,Draw,1
2016,5,1,1.63848,8,4,4,21.1333,1.0,0,0,0.765705,13,3,7,11.2609,2.0,0,Home Win,0
2016,5,0,0.446493,11,4,1,11.8077,2.0,0,3,2.08591,20,7,6,12.95,0.0,0,Away Win,2
2016,5,4,2.20155,9,7,2,16.5714,1.0,0,0,1.1718,16,7,6,6.9167,1.0,1,Home Win,0
2016,5,5,2.33108,15,8,11,6.4688,0.0,0,1,0.510154,8,2,1,24.7059,1.0,1,Home Win,0
2016,5,3,2.07131,13,5,4,4.9512,1.0,0,2,1.4815,8,4,4,7.303,1.0,1,Home Win,0
2016,5,2,1.44408,11,3,3,12.375,3.0,0,0,1.04576,12,3,7,7.9,1.0,1,Home Win,0
2016,5,1,1.51128,11,2,3,12.9375,2.0,0,0,1.41603,18,8,8,8.9524,1.0,0,Home Win,0
2016,5,0,0.854776,12,2,4,5.9545,0.0,0,0,0.383979,13,4,5,14.05,2.0,0,Draw,1
2016,5,0,1.55117,16,2,7,3.0,2.0,0,1,1.09238,4,3,5,8.8,3.0,0,Away Win,2
2016,5,3,1.91376,14,5,7,19.5,1.0,0,0,1.11236,19,4,3,8.7037,1.0,0,Home Win,0
2016,5,1,0.98055,11,6,5,2.5263,1.0,1,0,0.0771213,3,3,1,4.9512,1.0,1,Home Win,0
2016,5,2,1.21319,14,4,12,8.7083,1.0,0,1,1.75544,11,4,7,19.6667,1.0,0,Home Win,0
2016,5,3,1.25811,9,3,4,6.1818,3.0,0,1,0.918539,12,3,5,18.2105,1.0,1,Home Win,0
2016,5,0,1.33737,16,0,6,9.0652,3.0,0,1,0.831812,13,4,2,10.0476,1.0,0,Away Win,2
2016,5,2,2.0157,14,5,5,7.4286,1.0,0,1,1.06771,13,4,5,8.5385,3.0,0,Home Win,0
2016,5,1,1.63564,13,3,6,4.6944,2.0,0,0,0.397185,6,1,2,16.8421,1.0,1,Home Win,0
2016,5,2,2.34986,14,7,11,7.4375,1.0,0,0,0.741264,6,2,2,31.2,1.0,0,Home Win,0
2016,5,3,0.539549,9,7,5,11.3158,2.0,0,3,1.40043,16,6,4,13.6667,2.0,0,Draw,1
2016,5,1,1.8156,14,4,8,4.6429,2.0,0,0,0.256363,4,3,4,13.5238,3.0,0,Home Win,0
2016,5,1,1.55012,19,8,3,6.4634,4.0,0,0,0.764407,12,6,2,10.5789,3.0,0,Home Win,0
2016,5,1,1.35095,12,3,4,11.5862,1.0,0,0,0.961493,9,1,2,5.7667,6.0,0,Home Win,0
2016,5,0,0.342435,14,2,7,14.9444,2.0,1,7,3.13454,14,9,4,6.5385,1.0,0,Away Win,2
2016,5,1,2.19247,17,5,3,19.1176,1.0,0,1,0.336879,9,2,7,10.04,0.0,0,Draw,1
2016,5,2,0.659556,8,2,3,12.6667,2.0,1,1,1.01408,17,4,5,13.9063,3.0,0,Home Win,0
2016,5,2,1.74626,14,7,7,7.75,3.0,0,0,1.07715,11,3,7,9.0,1.0,0,Home Win,0
2016,5,3,1.39766,17,6,6,6.1852,2.0,0,1,0.294757,4,1,1,8.75,1.0,0,Home Win,0
2016,5,2,1.67971,16,6,1,12.8182,3.0,0,0,0.232951,4,3,4,14.8125,3.0,1,Home Win,0
2016,5,1,0.203584,6,3,4,10.3043,1.0,0,2,0.603299,7,3,1,9.8421,1.0,0,Away Win,2
2016,5,1,0.718424,14,6,6,10.8095,4.0,0,2,0.455531,5,3,1,13.7143,4.0,0,Away Win,2
2016,5,3,1.31867,11,7,5,10.6842,0.0,1,2,1.30379,12,5,2,13.6111,0.0,0,Home Win,0
2016,5,1,1.23731,12,3,6,12.7778,2.0,0,2,0.950062,7,3,4,9.6071,0.0,0,Away Win,2
2016,5,1,1.8024,13,4,7,13.6471,1.0,0,0,0.605277,14,3,0,4.525,0.0,0,Home Win,0
2016,5,1,1.85899,15,4,8,9.8438,1.0,0,1,0.684781,7,1,3,12.0769,2.0,0,Draw,1
2016,5,1,1.41682,17,3,10,6.4,1.0,0,1,0.581944,11,3,4,27.2857,3.0,1,Draw,1
2016,5,1,1.96863,16,6,2,8.0769,1.0,0,0,0.943002,11,1,6,16.9545,2.0,0,Home Win,0
2016,5,6,2.8994,14,9,6,9.4,2.0,0,2,1.21149,9,3,2,17.6111,0.0,0,Home Win,0
2016,5,1,1.84645,18,6,9,7.2941,1.0,0,3,1.2213,6,5,5,16.2,3.0,0,Away Win,2
2016,5,1,0.903082,9,4,3,10.125,1.0,0,2,0.676405,7,3,0,9.6957,3.0,0,Away Win,2
2016,5,1,1.27082,12,2,5,6.1538,1.0,0,1,1.05802,12,3,4,9.4,3.0,0,Draw,1
2016,5,2,1.74418,17,8,8,6.4667,3.0,0,1,0.200333,5,1,4,9.88,1.0,0,Home Win,0
2016,5,1,1.40274,13,3,5,8.7917,1.0,0,0,2.36061,15,5,5,18.8,2.0,0,Home Win,0
2016,5,0,0.624843,11,3,4,13.05,2.0,0,0,0.453596,6,2,2,7.2941,4.0,0,Draw,1
2016,5,0,0.209806,8,1,4,19.2778,1.0,0,2,1.04776,14,6,5,10.0476,1.0,0,Away Win,2
2016,5,2,1.35865,9,5,4,15.7568,4.0,0,4,2.27838,17,8,3,16.1818,0.0,0,Away Win,2
2016,5,0,1.51451,16,2,9,6.3333,0.0,0,0,0.0,0,0,0,33.875,2.0,0,Draw,1
2016,1,1,0.853434,3,1,0,13.9565,4.0,0,4,2.48348,21,7,8,6.3333,3.0,0,Away Win,2
2016,1,1,1.69833,22,5,8,7.4,3.0,0,1,0.740987,6,1,1,8.0909,4.0,0,Draw,1
2016,1,1,1.14991,23,0,7,8.2727,1.0,0,0,0.251367,8,2,2,19.3333,2.0,0,Home Win,0
2016,1,0,0.596605,9,1,1,16.2083,4.0,0,4,2.48018,21,8,7,7.6818,3.0,0,Away Win,2
2016,1,2,1.44317,11,3,4,9.7917,1.0,0,0,1.54599,18,3,7,9.9048,1.0,0,Home Win,0
2016,1,0,2.72391,38,11,19,8.4615,1.0,1,0,0.327957,7,1,1,20.9333,3.0,0,Draw,1
2016,1,2,0.496044,7,6,3,10.913,1.0,0,4,2.26056,17,10,3,9.2609,2.0,0,Away Win,2
2016,1,2,2.0087,17,6,8,11.7619,2.0,0,0,0.944816,13,3,8,10.9,3.0,0,Home Win,0
2016,1,0,0.422364,10,1,7,7.1724,0.0,0,2,1.14759,13,7,3,12.4737,0.0,0,Away Win,2
2016,1,3,2.16407,17,4,6,17.9333,2.0,0,1,1.10058,14,6,4,7.875,0.0,0,Home Win,0
2016,1,1,2.6457,22,7,12,4.3,3.0,0,2,1.13672,9,4,2,10.2083,2.0,1,Away Win,2
2016,1,3,2.25738,14,7,4,19.6,1.0,0,2,2.05902,16,5,7,7.4545,2.0,0,Home Win,0
2016,1,1,2.49606,25,7,8,5.28,1.0,0,1,0.208762,5,3,2,11.6667,3.0,0,Draw,1
2016,1,1,0.404528,9,2,6,10.1176,4.0,0,1,0.81046,12,4,4,18.4706,1.0,0,Draw,1
2016,1,5,1.94078,21,9,4,13.0476,0.0,0,0,0.0131321,1,0,2,13.3571,3.0,0,Home Win,0
2016,1,1,0.675745,15,2,7,6.9512,1.0,0,1,1.19585,10,3,2,6.8,2.0,0,Draw,1
2016,1,6,4.18366,28,17,6,6.1613,1.0,0,1,0.771133,11,8,3,16.4706,2.0,0,Home Win,0
2016,1,2,0.561215,6,2,1,30.4545,0.0,0,1,2.03046,19,7,10,6.7692,5.0,0,Home Win,0
2016,1,1,0.51266,7,1,2,26.5882,0.0,0,3,1.00006,9,3,0,11.68,2.0,0,Away Win,2
2016,1,1,0.629678,5,2,5,8.7368,0.0,0,2,0.78196,11,5,6,9.8519,2.0,0,Away Win,2
2016,1,1,0.511462,12,5,10,6.3902,3.0,0,1,0.575813,5,1,4,10.6667,3.0,0,Draw,1
2016,1,0,0.0942055,3,0,1,19.1176,1.0,0,0,1.68802,15,2,8,4.439,1.0,0,Draw,1
2016,1,0,1.60429,14,6,3,6.5417,3.0,0,1,1.24012,8,2,4,6.0357,2.0,0,Away Win,2
2016,1,3,0.951511,11,4,2,16.0,1.0,1,0,1.25065,17,7,8,10.6667,0.0,0,Home Win,0
2016,1,2,0.7197,10,3,4,9.0952,2.0,0,1,1.19686,11,2,6,5.1071,3.0,0,Home Win,0
2016,1,1,1.54877,14,6,10,5.64,4.0,0,1,1.07471,6,3,3,12.95,2.0,0,Draw,1
2016,1,1,0.431559,8,2,2,6.7059,1.0,0,2,1.39421,10,4,7,5.4091,2.0,0,Away Win,2
2016,1,3,2.53396,14,6,4,4.7419,3.0,0,2,1.76706,11,3,5,14.5769,2.0,1,Home Win,0
2016,1,0,0.55976,12,1,2,12.4167,2.0,0,1,1.68738,13,3,3,10.3103,3.0,0,Away Win,2
2016,1,4,1.40512,16,6,4,21.4286,0.0,0,0,0.571005,5,2,3,8.7273,0.0,0,Home Win,0
2016,1,1,0.475642,10,5,5,14.85,2.0,0,2,2.25698,21,5,8,4.0,3.0,0,Away Win,2
2016,1,1,0.424457,10,4,2,10.15,3.0,0,1,1.40213,11,2,6,18.9333,2.0,0,Draw,1
2016,1,5,3.3955,18,9,10,5.1538,4.0,0,4,2.28156,12,4,6,8.5909,5.0,0,Home Win,0
2016,1,2,2.02461,27,7,9,4.3529,1.0,0,0,0.291073,6,1,4,25.9231,3.0,0,Home Win,0
2016,1,2,2.0478,11,3,2,11.8148,4.0,0,2,0.425252,6,2,3,6.7273,4.0,0,Draw,1
2016,1,2,1.24948,9,5,3,9.1538,2.0,0,1,0.422568,12,6,8,6.2727,1.0,0,Home Win,0
2016,1,0,0.541915,11,2,3,5.0263,3.0,1,1,0.704736,14,1,3,7.6818,0.0,0,Away Win,2
2016,1,3,2.8697,16,3,3,8.0741,3.0,0,1,2.0491,9,3,10,12.3889,5.0,0,Home Win,0
2016,1,1,2.80562,17,7,5,6.4286,0.0,0,0,0.615174,13,1,2,8.5769,2.0,0,Home Win,0
2016,1,1,1.44452,17,8,8,3.6176,3.0,0,1,0.749388,6,2,4,13.087,1.0,0,Draw,1
2016,2,2,0.672437,8,4,2,6.9524,5.0,0,1,0.701202,12,3,4,6.7917,3.0,0,Home Win,0
2016,2,5,2.84168,23,9,5,7.6061,1.0,0,1,0.46731,9,6,4,27.9333,2.0,1,Home Win,0
2016,2,1,0.713297,18,8,9,8.0313,0.0,0,1,0.414383,7,3,2,16.3846,2.0,0,Draw,1
2016,2,0,2.53565,23,6,8,6.3333,2.0,0,4,2.50908,9,6,1,10.64,2.0,0,Away Win,2
2016,2,1,1.03556,15,7,6,10.64,2.0,0,2,1.03836,12,6,5,11.6957,1.0,0,Away Win,2
2016,2,1,1.10586,9,2,2,15.2857,5.0,0,2,2.13748,17,6,4,7.8696,4.0,0,Away Win,2
2016,2,1,1.32186,17,4,3,6.0968,2.0,0,1,0.870902,10,3,1,14.0417,1.0,0,Draw,1
2016,2,0,1.04128,15,3,3,11.0952,4.0,0,3,1.3028,15,8,7,9.25,2.0,0,Away Win,2
2016,2,3,2.49682,25,9,18,2.8788,1.0,0,0,0.248518,4,0,4,30.5455,2.0,0,Home Win,0
2016,2,1,1.57162,21,5,11,8.1,3.0,0,1,0.799869,17,6,2,10.375,2.0,0,Draw,1
2016,2,3,3.45114,22,8,3,6.7879,1.0,0,0,0.78738,13,5,6,17.7059,0.0,0,Home Win,0
2016,2,1,1.20696,12,2,5,7.6154,3.0,0,0,0.319548,10,2,9,7.6061,3.0,0,Home Win,0
2016,2,1,0.336535,7,3,4,24.35,1.0,0,2,1.77046,10,4,7,9.4211,0.0,0,Away Win,2
2016,2,3,1.75422,14,5,5,9.2143,0.0,0,0,0.895007,9,3,1,17.4348,2.0,0,Home Win,0
2016,2,3,2.54447,21,8,9,4.5946,4.0,0,2,1.14682,11,5,1,11.2727,3.0,0,Home Win,0
2016,2,3,1.79807,18,4,3,12.7059,1.0,0,1,0.644182,13,3,5,6.75,3.0,1,Home Win,0
2016,2,0,1.36886,15,5,6,24.9286,1.0,0,2,1.0138,17,4,5,7.0588,1.0,0,Away Win,2
2016,2,0,0.773104,13,6,5,9.8438,1.0,0,4,3.89131,24,13,4,11.7917,3.0,0,Away Win,2
2016,2,2,1.6764,21,6,10,6.6216,1.0,0,1,1.54094,9,5,6,6.8929,2.0,0,Home Win,0
2016,2,3,0.604632,8,4,4,11.125,1.0,0,1,1.36701,8,4,6,9.0385,1.0,0,Home Win,0
2016,2,2,0.652106,10,4,1,9.1,2.0,0,2,1.59912,22,7,8,4.5,4.0,0,Draw,1
2016,2,2,1.0585,16,4,10,10.4815,2.0,0,1,0.902262,10,3,2,11.95,1.0,1,Home Win,0
2016,2,1,1.52699,15,4,2,14.5862,2.0,0,4,0.781264,16,6,6,10.6667,3.0,0,Away Win,2
2016,2,0,0.704882,18,4,4,11.069,3.0,1,1,1.51663,19,6,5,7.6364,1.0,0,Away Win,2
2016,2,2,2.05523,7,3,3,8.3103,4.0,0,1,0.920373,20,5,4,6.6774,3.0,0,Home Win,0
2016,2,1,0.573257,9,3,2,14.16,3.0,0,1,1.42112,15,6,6,6.6316,0.0,0,Draw,1
2016,2,3,3.14346,12,6,3,10.8261,3.0,0,1,1.35797,13,2,6,6.3043,2.0,0,Home Win,0
2016,2,0,0.272072,9,2,6,12.4211,5.0,0,2,1.31773,14,2,9,14.6111,2.0,0,Away Win,2
2016,2,3,3.03686,14,7,8,7.0741,3.0,0,2,1.20343,14,7,7,10.0303,3.0,0,Home Win,0
2016,2,1,1.23939,19,6,9,5.5161,3.0,0,1,0.520212,4,1,3,18.25,4.0,0,Draw,1
2016,2,4,3.58331,22,9,7,7.0,5.0,0,2,0.819314,12,6,2,6.4483,3.0,1,Home Win,0
2016,4,3,1.92978,22,7,9,5.7647,5.0,0,2,1.27243,7,4,2,6.8148,4.0,1,Home Win,0
2016,4,1,2.10437,14,5,7,6.625,1.0,0,1,1.71185,13,5,6,11.6316,2.0,0,Draw,1
2016,4,2,1.99325,12,3,6,5.9,2.0,0,0,0.581093,8,2,6,10.7333,4.0,0,Home Win,0
2016,4,0,0.471469,10,4,3,9.0,5.0,0,1,1.62667,12,3,4,5.625,2.0,0,Away Win,2
2016,4,1,1.59273,16,6,7,7.3889,1.0,0,0,0.983024,13,5,4,8.8333,4.0,0,Home Win,0
2016,4,3,2.62943,17,7,2,6.4545,3.0,0,0,0.273683,7,3,2,14.1875,5.0,0,Home Win,0
2016,4,0,0.277247,5,3,5,7.931,1.0,0,0,0.151209,4,0,3,9.1,2.0,0,Draw,1
2016,4,2,0.571273,7,4,4,5.3429,6.0,0,1,1.44482,13,4,3,10.7917,1.0,0,Home Win,0
2016,4,2,1.38858,15,7,10,7.7222,0.0,0,0,0.28961,7,3,1,10.7727,2.0,0,Home Win,0
2016,4,1,1.54978,16,4,3,9.129,4.0,0,2,2.17981,14,7,5,7.1892,6.0,0,Away Win,2
2016,4,2,0.590307,10,3,4,8.3404,0.0,0,0,0.358719,9,3,5,5.5,1.0,0,Home Win,0
2016,4,2,0.382392,4,3,3,14.55,3.0,0,3,2.28865,20,7,14,5.0476,2.0,0,Away Win,2
2016,4,0,1.44819,29,8,14,2.2692,0.0,0,0,0.55807,4,1,1,14.3158,2.0,2,Draw,1
2016,4,1,0.911921,12,6,7,11.88,2.0,0,0,0.589399,6,2,0,6.8333,5.0,2,Home Win,0
2016,4,0,1.0815,16,5,8,8.1316,4.0,0,3,2.03273,12,7,6,12.4444,2.0,0,Away Win,2
2016,4,0,0.570571,10,4,2,7.1034,5.0,0,1,1.26246,10,3,5,18.4118,2.0,0,Away Win,2
2016,4,1,1.58094,15,7,11,3.9302,1.0,0,1,0.622946,9,5,2,15.7727,5.0,0,Draw,1
2016,4,1,0.197028,4,1,3,14.32,2.0,0,3,2.1535,20,9,5,9.0952,1.0,0,Away Win,2
2016,4,1,2.15189,12,5,6,8.5,0.0,0,0,0.173272,6,2,5,10.7273,2.0,0,Home Win,0
2016,4,2,1.6402,15,5,3,6.4839,2.0,0,0,0.164701,5,2,2,6.6111,3.0,0,Home Win,0
2016,4,3,2.55337,16,9,5,7.4286,0.0,0,1,0.347362,7,2,1,13.9524,1.0,1,Home Win,0
2016,4,4,1.28044,10,4,2,13.4545,3.0,0,3,2.70531,24,8,5,6.0,1.0,0,Home Win,0
2016,4,2,2.90122,19,7,5,7.7813,1.0,0,1,1.46445,9,3,6,9.2581,3.0,0,Home Win,0
2016,4,3,1.21595,8,4,3,6.8235,1.0,0,0,0.205225,8,3,4,5.2407,2.0,0,Home Win,0
2016,4,2,0.217327,6,1,3,4.9032,0.0,0,1,0.481054,11,5,6,8.3784,1.0,0,Home Win,0
2016,4,0,1.92523,24,10,12,9.35,2.0,0,2,1.58373,10,7,1,13.7895,3.0,0,Away Win,2
2016,4,0,1.15264,11,1,7,12.8462,2.0,0,3,1.48301,7,5,4,10.8421,2.0,0,Away Win,2
2016,4,3,2.10383,16,6,5,12.625,0.0,0,1,0.761557,7,1,0,15.0909,3.0,0,Home Win,0
2016,4,1,1.0404,18,6,8,6.8788,2.0,0,1,0.648004,10,2,6,9.9167,4.0,0,Draw,1
2016,4,3,1.05931,10,4,5,5.3667,3.0,0,1,1.73341,10,3,3,6.6429,4.0,1,Home Win,0
2016,3,3,1.66602,12,6,4,9.6471,2.0,0,0,0.636014,11,2,1,10.5,2.0,1,Home Win,0
2016,3,2,0.716262,14,6,5,11.0323,2.0,0,5,2.88584,10,6,3,4.0278,0.0,0,Away Win,2
2016,3,0,0.587399,15,5,3,8.8261,2.0,1,2,1.15792,13,5,6,10.25,1.0,0,Away Win,2
2016,3,1,1.49595,21,5,8,7.2069,0.0,0,1,0.24666,5,3,1,11.6563,2.0,0,Draw,1
2016,3,3,0.674028,12,4,6,4.88,0.0,0,2,0.863248,6,3,5,13.3929,1.0,0,Home Win,0
2016,3,0,0.916201,13,2,6,9.4,3.0,1,3,2.12583,14,5,9,8.2121,2.0,0,Away Win,2
2016,3,1,0.860348,9,1,4,8.1842,3.0,0,0,0.638081,6,1,5,12.1364,3.0,0,Home Win,0
2016,3,3,2.98005,15,5,3,6.6486,0.0,0,1,0.510631,11,3,6,6.1714,3.0,0,Home Win,0
2016,3,3,2.84842,24,6,3,8.8571,2.0,0,1,1.0143,8,5,6,10.8333,3.0,0,Home Win,0
2016,3,2,1.85187,12,6,6,4.2857,1.0,0,3,1.13026,11,4,9,6.7778,3.0,0,Away Win,2
2016,3,1,2.04672,20,8,7,8.5455,1.0,0,2,0.413052,11,4,3,10.3871,5.0,0,Away Win,2
2016,3,4,2.51061,11,6,3,8.4857,4.0,0,2,2.46211,24,11,5,6.2381,3.0,0,Home Win,0
2016,3,0,0.273387,8,0,3,7.5,2.0,0,1,1.12414,19,4,5,4.3,2.0,0,Away Win,2
2016,3,0,1.1004,9,3,4,17.9,3.0,0,0,1.42162,10,4,3,9.8571,1.0,0,Draw,1
2016,3,0,1.92547,18,4,8,5.4643,1.0,0,1,1.18409,15,7,11,6.0556,4.0,0,Away Win,2
2016,3,1,1.55352,11,4,3,18.25,3.0,0,0,0.929514,18,3,9,5.1563,2.0,0,Home Win,0
2016,3,2,2.31892,17,5,8,7.4737,1.0,0,2,1.80116,14,4,6,8.2105,2.0,0,Draw,1
2016,3,1,1.03212,14,4,3,11.8,1.0,0,2,1.62014,18,9,6,6.3235,2.0,0,Away Win,2
2016,3,1,0.683397,9,3,4,12.2174,2.0,0,4,1.90539,16,7,5,9.5,3.0,0,Away Win,2
2016,3,0,1.38658,18,5,3,6.9545,2.0,0,0,0.50809,13,2,5,16.3478,3.0,0,Draw,1
2016,3,1,1.845,16,8,2,15.1071,0.0,0,1,0.827583,15,4,6,9.6429,2.0,0,Draw,1
2016,3,2,2.17271,17,7,5,6.2222,2.0,0,2,1.21396,12,4,3,7.6667,3.0,0,Draw,1
2016,3,1,3.68791,20,5,4,11.1071,2.0,0,1,0.504027,10,3,5,5.0769,1.0,0,Draw,1
2016,3,2,0.686336,12,4,4,10.5,4.0,0,1,1.66759,12,5,5,4.0,3.0,0,Home Win,0
2016,3,2,1.68783,13,8,6,13.1176,0.0,0,1,1.26793,13,4,3,15.3333,0.0,0,Home Win,0
2016,3,3,2.7318,20,7,5,6.7273,0.0,0,1,1.26539,9,2,6,21.3889,2.0,0,Home Win,0
2016,3,2,1.63472,16,5,5,7.7778,1.0,1,1,1.52234,9,4,3,11.0645,0.0,1,Home Win,0
2016,5,3,1.74085,13,4,1,21.5714,1.0,0,1,1.46558,10,2,5,7.35,1.0,0,Home Win,0
2016,5,6,4.50655,16,8,4,10.7368,0.0,0,0,0.327456,8,1,6,9.0,1.0,0,Home Win,0
2016,5,1,1.28322,14,2,6,6.25,4.0,0,1,1.25678,4,4,2,9.6552,2.0,0,Draw,1
2016,5,2,2.8154,23,7,9,5.5,1.0,0,1,0.643765,10,4,3,16.5714,2.0,2,Home Win,0
2016,5,3,2.31365,13,7,6,14.2609,0.0,0,3,0.556753,14,6,3,9.3182,1.0,0,Draw,1
2016,5,1,1.04359,9,1,2,21.0455,0.0,0,0,0.280156,6,1,3,9.2917,0.0,0,Home Win,0
2016,5,2,0.568407,12,6,4,14.0,3.0,0,1,0.341301,9,1,7,15.7143,2.0,1,Home Win,0
2016,5,1,1.85885,12,7,4,19.7727,2.0,0,0,0.276349,4,1,4,6.0,3.0,0,Home Win,0
2016,5,0,0.687109,15,2,2,10.3478,2.0,0,0,0.521897,8,2,1,10.6667,0.0,1,Draw,1
2016,5,4,2.56751,19,6,9,9.6667,1.0,0,0,0.181636,4,1,2,20.2727,2.0,0,Home Win,0
2016,5,0,1.14162,15,3,2,9.1667,0.0,0,3,1.59088,11,6,4,9.0417,1.0,0,Away Win,2
2016,5,0,0.517087,14,3,5,11.0313,2.0,1,1,1.57175,17,3,5,6.8571,3.0,0,Away Win,2
2016,5,2,1.52321,10,5,4,7.4167,0.0,0,0,0.665853,12,1,5,24.3478,1.0,0,Home Win,0
2016,5,1,0.701853,16,3,5,9.44,2.0,0,1,1.42011,11,4,6,13.4,0.0,0,Draw,1
2016,5,1,1.62946,11,2,6,9.3214,2.0,0,1,0.326614,7,4,2,13.4138,2.0,2,Draw,1
2016,5,1,1.12749,14,4,7,5.7308,1.0,0,0,1.17526,12,5,8,5.8929,3.0,0,Home Win,0
2016,5,1,0.924809,15,4,3,5.0,0.0,0,2,1.05651,4,2,0,15.5294,1.0,0,Away Win,2
2016,5,1,1.55541,16,4,7,9.32,2.0,0,1,1.21317,8,3,2,15.1579,1.0,0,Draw,1
2016,5,1,1.77295,14,1,8,5.65,2.0,0,0,0.0680543,3,0,2,21.9375,1.0,0,Home Win,0
2016,5,0,1.61342,8,1,1,11.9512,2.0,0,1,1.17968,15,5,4,18.0909,1.0,0,Away Win,2
2016,5,1,1.2415,11,3,4,11.619,2.0,0,0,1.70946,12,3,4,5.5,2.0,1,Home Win,0
2016,5,4,2.36362,16,9,3,9.2667,1.0,0,0,0.724288,9,3,4,16.5417,2.0,0,Home Win,0
2016,5,0,0.233622,8,1,4,5.6579,1.0,0,0,0.342108,9,3,3,11.64,2.0,0,Draw,1
2016,5,1,1.09524,19,4,5,14.3889,0.0,0,1,1.04415,11,4,2,10.875,2.0,0,Draw,1
2016,5,3,1.36754,11,6,6,16.5,2.0,0,3,2.24203,10,6,3,9.0,2.0,0,Draw,1
2016,5,3,1.68047,13,5,6,6.0625,0.0,0,2,0.762821,9,6,4,6.3721,2.0,0,Home Win,0
2016,5,0,0.642833,12,4,5,16.4615,2.0,1,0,0.3552,5,2,0,10.3571,3.0,0,Draw,1
2016,5,1,1.96494,14,6,6,9.5769,3.0,0,2,1.16621,8,5,5,9.8889,3.0,1,Away Win,2
2016,5,1,2.03598,12,7,5,8.85,0.0,0,1,1.03264,10,2,4,17.8929,3.0,0,Draw,1
2016,5,1,0.869106,14,3,6,15.6957,1.0,0,2,2.29947,11,5,8,9.5714,6.0,0,Away Win,2
2016,5,2,1.70587,10,3,2,12.8696,1.0,0,1,1.82082,15,8,3,10.0,1.0,0,Home Win,0
2016,5,4,1.69332,19,8,3,9.2222,0.0,0,2,1.30786,13,2,2,8.7907,1.0,0,Home Win,0
2016,5,1,1.17295,12,2,6,9.72,2.0,0,1,1.12554,9,4,4,16.45,0.0,0,Draw,1
2016,5,1,0.829543,5,3,1,7.1786,2.0,0,0,0.338433,11,2,6,5.8214,3.0,0,Home Win,0
2016,5,0,0.936737,12,1,5,17.0,1.0,0,6,4.07778,20,9,10,7.2609,1.0,0,Away Win,2
2016,5,0,0.589566,11,5,9,7.8611,2.0,0,1,0.893454,12,4,3,12.5882,1.0,0,Away Win,2
2016,5,1,0.941884,13,6,6,11.3478,2.0,1,1,1.12617,8,3,4,9.7273,4.0,0,Draw,1
2016,5,4,0.936859,17,7,6,4.9459,5.0,0,0,0.325539,8,4,3,8.95,2.0,1,Home Win,0
2016,5,0,0.767009,7,3,2,15.8571,0.0,0,0,1.30811,13,7,2,5.2258,1.0,0,Draw,1
2016,2,3,1.76933,19,11,5,13.8636,2.0,0,0,1.12104,18,6,7,10.1081,3.0,0,Home Win,0
2016,2,3,1.01442,12,7,6,5.5854,3.0,0,1,0.345085,7,2,4,9.5,2.0,0,Home Win,0
2016,2,2,1.58497,12,4,7,3.0667,4.0,0,1,0.765682,9,5,4,12.6087,4.0,0,Home Win,0
2016,2,0,0.575784,11,2,6,6.9643,4.0,1,2,0.995438,7,4,3,9.2273,3.0,0,Away Win,2
2016,2,1,1.43265,19,2,8,5.5,2.0,0,1,0.350794,6,2,2,10.9524,2.0,1,Draw,1
2016,2,2,0.945158,13,2,5,7.2353,1.0,0,0,0.733393,14,3,2,5.8485,4.0,0,Home Win,0
2016,2,3,2.75094,12,6,2,8.4054,4.0,0,0,1.20881,14,3,7,6.2069,6.0,0,Home Win,0
2016,2,2,1.89636,19,7,7,4.1724,2.0,0,1,0.395672,7,2,6,12.8636,2.0,0,Home Win,0
2016,2,0,1.0191,7,2,5,9.4545,2.0,0,0,0.493735,9,0,8,7.8148,3.0,0,Draw,1
2016,2,1,1.30253,19,9,5,9.7,3.0,0,0,0.595072,7,1,0,13.5,0.0,1,Home Win,0
2016,2,2,1.27078,9,4,1,15.7826,1.0,1,1,1.0284,6,2,4,4.087,3.0,1,Home Win,0
2016,2,1,0.524617,10,5,2,6.6207,2.0,0,2,2.12265,10,7,5,8.7222,4.0,0,Away Win,2
2016,2,0,0.215274,6,3,2,22.6,4.0,0,5,3.82193,23,11,10,9.5,3.0,0,Away Win,2
2016,2,1,0.407733,9,2,4,6.4,1.0,0,3,2.43229,17,8,3,10.0833,2.0,0,Away Win,2
2016,2,0,0.695367,16,3,8,8.2273,1.0,0,2,1.10723,9,3,3,13.619,1.0,0,Away Win,2
2016,2,1,2.6581,18,9,11,4.8519,1.0,0,3,1.03664,6,3,0,22.5333,2.0,0,Away Win,2
2016,2,0,1.3582,23,3,7,5.413,2.0,0,0,0.0997513,3,1,2,10.2273,4.0,0,Draw,1
2016,2,2,0.848838,13,3,5,9.7407,1.0,0,0,1.01464,11,4,5,13.1579,2.0,0,Home Win,0
2016,2,2,1.70698,14,6,5,5.7838,3.0,0,1,1.21595,16,4,5,9.625,1.0,0,Home Win,0
2016,2,1,0.554171,13,4,8,9.5,1.0,0,0,1.05015,8,4,4,7.8519,2.0,0,Home Win,0
2016,2,1,1.08245,9,4,4,9.6667,3.0,0,0,0.505706,9,3,3,6.1923,2.0,0,Home Win,0
2016,2,2,0.784596,7,2,3,8.5588,6.0,0,0,1.43479,10,2,2,6.9643,5.0,0,Home Win,0
2016,2,0,0.494299,11,3,6,3.625,3.0,0,0,0.603853,14,4,3,8.5556,6.0,0,Draw,1
2016,2,1,0.831542,7,6,5,7.9091,3.0,0,0,0.514906,10,2,8,5.1071,5.0,0,Home Win,0
2016,2,0,0.574257,11,4,3,12.0952,1.0,0,1,2.31308,20,6,8,5.6176,3.0,1,Away Win,2
2016,2,2,2.19719,14,8,5,7.9,0.0,0,0,1.00404,9,4,4,8.4545,4.0,1,Home Win,0
2016,2,5,3.96164,21,10,4,12.5789,0.0,0,3,2.44594,11,5,3,24.4737,3.0,0,Home Win,0
2016,2,0,0.26406,7,1,1,22.6,1.0,1,3,3.14833,17,8,7,6.6154,2.0,0,Away Win,2
2016,2,2,2.6292,13,5,3,17.3333,1.0,0,1,0.800999,21,6,10,5.3333,2.0,0,Home Win,0
2016,2,3,1.83592,12,5,5,9.2903,1.0,0,1,1.55704,13,6,5,6.8684,5.0,0,Home Win,0
2016,2,3,1.49844,15,7,5,7.0526,3.0,1,4,1.84868,13,4,5,8.1471,5.0,0,Away Win,2
2016,2,2,3.38037,31,10,14,4.9189,3.0,0,1,0.108162,3,1,2,19.125,4.0,0,Home Win,0
2016,2,3,1.03142,12,6,6,4.9583,2.0,0,0,0.557926,10,4,3,9.8182,2.0,0,Home Win,0
2016,2,1,0.477089,5,2,1,8.7241,4.0,0,1,1.17216,11,2,8,5.5926,5.0,0,Draw,1
2016,2,3,3.16305,25,9,9,5.4333,0.0,0,1,0.786071,6,2,1,21.4286,2.0,0,Home Win,0
2016,2,0,0.822645,14,3,6,7.9583,1.0,0,0,0.492442,11,3,2,19.5556,1.0,0,Draw,1
2016,2,1,1.40359,10,5,5,6.6364,2.0,0,0,0.813374,15,4,13,8.125,4.0,0,Home Win,0
2016,2,4,2.18282,18,10,5,8.4706,3.0,0,3,1.42871,12,4,4,14.0833,3.0,1,Home Win,0
2016,2,3,0.853715,15,5,3,14.7308,5.0,0,3,2.00595,9,8,2,16.0,3.0,0,Draw,1
2016,1,1,2.24061,14,5,9,5.7059,2.0,2,3,1.2848,10,4,2,13.4762,3.0,0,Away Win,2
2016,1,3,2.20073,9,4,4,8.3846,3.0,0,0,0.764357,17,3,9,5.2857,1.0,0,Home Win,0
2016,1,2,1.12929,10,4,4,11.5385,3.0,0,0,0.773995,14,4,9,8.6897,2.0,0,Home Win,0
2016,1,2,1.4282,22,6,3,11.4286,3.0,0,1,1.13791,17,5,4,6.8966,1.0,0,Home Win,0
2016,1,5,3.9767,28,15,5,8.4444,0.0,0,0,0.0342109,1,0,0,12.5556,4.0,0,Home Win,0
2016,1,3,1.17737,11,3,3,17.2857,2.0,0,1,1.476,17,5,4,7.4444,1.0,1,Home Win,0
2016,1,1,0.882486,10,3,3,7.6774,3.0,0,5,2.96923,19,10,2,13.6111,3.0,0,Away Win,2
2016,1,4,2.54396,12,8,4,16.2632,2.0,0,3,1.26532,10,3,9,6.9677,2.0,0,Home Win,0
2016,1,1,1.64985,13,6,6,8.3333,2.0,0,1,0.541299,10,2,3,6.6429,3.0,0,Draw,1
2016,1,1,1.94961,16,4,13,11.2727,1.0,0,0,0.221339,6,2,7,28.4167,1.0,0,Home Win,0
2016,1,3,1.49271,11,6,2,8.0,2.0,0,2,1.09675,11,4,4,8.85,2.0,0,Home Win,0
2016,1,3,2.16649,15,6,4,7.0,2.0,0,3,1.50059,15,6,7,17.4167,4.0,0,Draw,1
2016,1,3,2.18185,14,5,7,5.76,1.0,0,0,0.672058,11,2,4,13.6842,2.0,0,Home Win,0
2016,1,3,1.58027,21,6,7,5.44,0.0,0,1,1.29401,12,5,7,14.9375,0.0,0,Home Win,0
2016,1,3,2.15178,15,7,4,12.6111,2.0,0,2,1.00194,18,4,11,3.6364,2.0,0,Home Win,0
2016,1,4,2.60583,11,6,3,17.0,2.0,0,2,0.970372,19,4,11,6.5455,1.0,0,Home Win,0
2016,1,1,0.551109,12,2,3,5.8571,2.0,0,0,0.212574,6,1,1,10.6923,4.0,0,Home Win,0
2016,1,1,1.04894,14,5,3,6.1,3.0,0,0,0.720341,12,4,8,4.1667,3.0,0,Home Win,0
2016,1,1,1.72919,14,3,4,9.125,4.0,0,0,0.493941,6,2,2,9.9655,3.0,0,Home Win,0
2016,1,2,1.79134,18,3,11,9.7143,2.0,0,2,0.64998,7,3,4,21.9333,0.0,0,Draw,1
2016,1,1,0.64118,9,3,4,7.4444,0.0,0,0,1.6751,12,4,11,10.8519,3.0,0,Home Win,0
2016,1,2,1.46034,14,4,8,11.4583,1.0,1,1,1.3508,9,3,3,6.0741,1.0,0,Home Win,0
2016,1,0,0.161583,8,3,5,18.0,1.0,0,3,2.13526,15,4,2,7.0606,0.0,0,Away Win,2
2016,1,0,0.473979,8,3,5,16.7222,3.0,0,1,1.22459,19,6,5,8.7059,2.0,0,Away Win,2
2016,1,1,1.67016,20,7,6,15.8889,0.0,0,0,0.923353,8,2,1,12.35,2.0,0,Home Win,0
2016,1,1,0.710324,6,3,1,16.2105,2.0,0,2,1.27306,16,6,8,7.6897,2.0,0,Away Win,2
2016,1,3,1.78268,13,4,0,15.0,0.0,0,1,1.07221,8,4,11,10.0588,0.0,0,Home Win,0
2016,1,2,1.62359,13,7,5,3.4,1.0,0,0,0.497462,5,2,2,12.3333,2.0,0,Home Win,0
2016,1,0,0.333754,5,3,3,56.75,1.0,1,0,0.723114,15,4,11,3.1481,2.0,0,Draw,1
2016,1,3,2.83077,27,9,5,16.7273,0.0,0,0,0.570636,10,5,5,15.2963,2.0,0,Home Win,0
2016,1,0,0.356331,6,2,5,9.1429,2.0,0,1,0.81444,13,6,3,12.5238,3.0,0,Away Win,2
2016,1,3,1.71549,10,4,3,17.6875,1.0,0,0,0.602249,14,2,8,9.8,0.0,0,Home Win,0
2016,1,1,1.92151,19,6,10,8.0,2.0,0,0,1.13479,16,5,6,16.2143,4.0,0,Home Win,0
2016,1,2,2.518,16,7,9,9.4118,2.0,0,2,1.25572,14,8,9,16.7778,6.0,1,Draw,1
2016,1,1,1.13526,11,2,4,8.7143,1.0,0,0,1.07552,10,4,11,5.9,2.0,0,Home Win,0
2016,1,0,0.600426,10,1,2,15.9524,3.0,0,2,0.983306,10,5,3,8.087,3.0,0,Away Win,2
2016,1,1,0.492912,10,5,7,12.8182,0.0,0,3,1.69451,14,8,4,8.3913,2.0,0,Away Win,2
2016,1,2,1.5186,14,5,8,6.25,4.0,0,1,0.609893,6,1,1,17.4118,2.0,0,Home Win,0
2016,1,2,1.50755,30,9,11,8.9375,1.0,0,1,1.17031,5,2,2,8.6923,2.0,0,Home Win,0
2016,1,0,0.456788,6,1,1,14.5714,3.0,0,1,1.87823,11,4,6,5.7619,1.0,0,Away Win,2
2016,1,1,0.959496,9,3,7,5.0769,2.0,0,1,1.53834,10,4,3,7.381,4.0,0,Draw,1
2016,1,1,0.954864,14,7,8,9.08,0.0,0,4,3.40585,14,7,4,18.2222,0.0,0,Away Win,2
2016,1,3,2.32117,26,9,5,17.8182,1.0,0,1,0.488541,9,4,5,16.8889,1.0,0,Home Win,0
2016,1,0,0.377464,7,2,3,10.7308,3.0,0,2,1.25512,8,3,4,9.7647,0.0,0,Away Win,2
2016,1,1,1.97881,26,11,6,4.4483,2.0,0,0,0.687502,3,1,5,24.1538,1.0,0,Home Win,0
2016,1,1,0.275704,6,4,7,9.3636,6.0,0,0,0.698814,8,2,3,5.5833,5.0,0,Home Win,0
2016,1,3,1.71303,14,4,5,13.3704,1.0,0,0,0.650942,7,3,5,9.5652,1.0,0,Home Win,0
2016,1,0,0.350069,10,3,4,16.1667,1.0,0,3,2.22237,16,6,7,11.5385,0.0,0,Away Win,2
2016,1,4,1.66669,20,6,8,6.069,0.0,0,1,0.389104,6,2,2,15.9545,1.0,0,Home Win,0
2016,1,1,0.403743,9,2,2,15.2857,1.0,1,4,1.61035,17,5,10,6.0,4.0,0,Away Win,2
2016,1,2,0.852585,13,4,5,12.0,2.0,0,2,1.27757,20,7,5,7.6429,2.0,0,Draw,1
2016,1,1,1.10842,12,4,7,14.7368,5.0,0,0,1.58333,24,5,7,9.4286,3.0,0,Home Win,0
2016,1,4,2.72471,16,6,6,10.2174,1.0,0,1,0.465701,11,3,2,10.2353,1.0,0,Home Win,0
2016,1,4,1.94737,18,7,8,8.0,3.0,0,2,0.858417,5,2,3,19.9231,2.0,0,Home Win,0
2016,1,2,2.53996,32,12,12,8.5652,1.0,0,1,0.64492,9,2,2,15.1111,1.0,0,Home Win,0
2016,1,1,0.371668,10,1,8,3.8333,1.0,1,2,0.6675,7,3,3,9.3939,3.0,0,Away Win,2
2016,1,0,0.515218,14,5,4,12.5556,2.0,0,3,2.43608,11,6,3,12.25,0.0,0,Away Win,2
2016,1,1,0.256825,5,1,4,9.5135,2.0,0,0,0.352445,9,2,6,8.5455,1.0,0,Home Win,0
2016,4,2,1.90921,11,6,4,13.7826,5.0,0,1,1.92504,17,6,8,7.24,2.0,0,Home Win,0
2016,4,1,1.73984,11,3,5,5.4545,4.0,0,1,1.35909,14,5,7,10.8214,2.0,0,Draw,1
2016,4,0,0.679532,11,4,2,7.8065,6.0,0,0,0.296192,9,3,4,6.1786,3.0,0,Draw,1
2016,4,0,0.576659,11,3,9,4.4872,2.0,0,0,0.806691,6,3,2,13.4348,2.0,0,Draw,1
2016,4,3,2.0817,16,5,4,10.3793,4.0,1,3,1.49435,13,6,3,8.3158,1.0,0,Draw,1
2016,4,3,1.4438,12,5,2,10.5455,1.0,0,1,0.988471,9,4,2,5.3714,4.0,0,Home Win,0
2016,4,3,1.12982,9,5,2,8.0435,3.0,0,1,1.15825,15,2,5,7.4839,1.0,0,Home Win,0
2016,4,1,1.0718,10,2,3,17.5217,3.0,0,1,0.495163,10,3,5,7.8261,3.0,0,Draw,1
2016,4,2,0.524646,8,3,2,7.3667,5.0,0,2,0.849918,19,6,13,7.8571,1.0,0,Draw,1
2016,4,5,2.21106,15,10,8,9.4828,1.0,0,1,0.569103,14,3,6,8.4783,4.0,0,Home Win,0
2016,4,1,2.80255,16,6,6,10.3043,3.0,0,1,0.963052,8,2,2,8.3462,5.0,0,Draw,1
2016,4,0,0.146912,4,1,2,18.1481,3.0,0,3,3.17169,17,6,5,5.25,0.0,0,Away Win,2
2016,4,3,2.70322,15,6,8,6.375,4.0,0,2,1.58335,9,3,4,10.303,4.0,1,Home Win,0
2016,4,1,0.889018,5,1,6,4.4333,3.0,0,1,1.26322,11,6,4,16.2692,3.0,0,Draw,1
2016,4,3,1.17016,17,5,10,6.1714,3.0,0,2,0.648444,4,2,3,14.7727,4.0,0,Home Win,0
2016,4,0,0.482454,8,1,7,6.6,1.0,0,0,0.263174,3,3,2,17.6429,1.0,0,Draw,1
2016,4,0,0.710134,14,6,4,7.2258,3.0,0,3,2.58541,14,5,6,7.875,3.0,0,Away Win,2
2016,4,2,1.22846,12,6,4,8.125,1.0,0,1,0.585213,13,5,3,9.3333,2.0,0,Home Win,0
2016,4,1,0.684846,6,1,3,8.8966,3.0,0,0,0.562742,14,4,7,5.4138,2.0,0,Home Win,0
2016,4,3,1.25177,9,5,2,5.7188,3.0,0,0,0.725735,13,3,7,8.8182,3.0,0,Home Win,0
2016,4,1,0.854496,10,2,6,12.4211,6.0,0,0,0.523568,6,3,4,9.7083,1.0,0,Home Win,0
2016,4,1,1.18555,16,7,12,8.3333,2.0,0,3,3.11803,14,9,2,6.6786,1.0,0,Away Win,2
2016,4,1,0.86238,16,3,8,11.3824,2.0,0,0,0.516549,11,3,5,6.2222,1.0,0,Home Win,0
2016,4,0,0.649888,10,4,5,16.8095,0.0,0,2,2.10663,18,6,9,5.7778,1.0,0,Away Win,2
2016,4,4,2.71147,9,5,3,8.1,2.0,1,1,0.618725,16,3,6,9.3077,3.0,0,Home Win,0
2016,4,1,0.887175,8,2,3,16.9333,2.0,1,1,0.821631,15,4,6,3.9118,2.0,0,Draw,1
2016,4,2,1.12829,8,4,5,8.2,1.0,0,0,0.426863,13,3,1,13.9655,3.0,0,Home Win,0
2016,4,4,2.9504,14,7,5,5.7037,0.0,0,1,0.468152,4,1,2,11.8667,3.0,0,Home Win,0
2016,4,2,1.74819,18,7,9,7.2917,4.0,0,1,1.79023,10,4,7,9.2381,2.0,1,Home Win,0
2016,3,1,0.47533,9,3,1,16.7037,3.0,0,3,1.67552,15,6,5,5.3043,2.0,0,Away Win,2
2016,3,2,1.13683,6,4,0,22.4737,3.0,1,3,1.54821,18,8,2,8.15,2.0,0,Away Win,2
2016,3,4,2.39193,15,7,9,7.4118,1.0,0,1,0.731465,4,1,3,31.2353,1.0,0,Home Win,0
2016,3,1,3.31063,15,6,4,5.0741,0.0,0,1,0.599753,10,2,3,12.4688,1.0,0,Draw,1
2016,3,4,2.16731,10,6,3,12.6522,1.0,0,0,1.83627,10,1,4,19.6087,1.0,0,Home Win,0
2016,3,2,2.23558,13,5,3,8.48,0.0,0,1,1.09704,15,5,4,6.6667,3.0,0,Home Win,0
2016,3,2,1.8836,14,5,8,6.9118,1.0,0,1,1.12833,11,5,5,5.2059,5.0,0,Home Win,0
2016,3,0,0.567564,10,2,1,5.0,2.0,0,2,2.12004,21,5,4,6.9583,4.0,0,Away Win,2
2016,3,1,0.671214,14,5,5,9.6129,3.0,0,1,0.390793,7,4,2,6.7037,2.0,0,Draw,1
2016,3,0,0.582927,15,3,11,7.1739,4.0,1,0,0.212786,3,0,2,6.069,3.0,0,Draw,1
2016,3,1,1.61481,11,2,6,12.9167,3.0,0,0,0.604576,17,4,5,25.3077,4.0,0,Home Win,0
2016,3,1,0.905376,7,2,1,12.0,2.0,1,1,0.740252,11,4,6,3.2647,3.0,0,Draw,1
2016,3,1,0.886586,12,5,3,8.5,1.0,1,0,0.952731,11,1,5,6.6429,3.0,1,Home Win,0
2016,3,1,0.577386,4,1,3,8.6176,1.0,1,0,1.51305,13,3,4,2.8333,4.0,0,Home Win,0
2016,3,5,2.18433,19,10,10,6.2,1.0,0,0,0.422847,6,3,2,56.375,0.0,0,Home Win,0
2016,3,0,0.521946,11,4,5,6.7333,0.0,0,1,1.371,13,6,1,13.3333,3.0,0,Away Win,2
2016,3,1,0.355797,9,3,4,7.1786,2.0,0,0,0.530834,12,4,1,9.1429,0.0,1,Home Win,0
2016,3,0,0.699097,11,0,4,17.3478,3.0,1,1,1.23195,13,2,3,4.875,3.0,0,Away Win,2
2016,3,2,1.54298,13,5,2,5.7179,5.0,0,2,1.48937,14,4,4,10.2308,1.0,1,Draw,1
2016,3,1,0.34872,8,1,3,15.3667,0.0,0,0,0.283914,8,3,0,9.6563,0.0,0,Home Win,0
2016,3,1,0.377752,10,5,4,4.0952,1.0,0,1,1.84906,14,5,5,6.8788,4.0,0,Draw,1
2016,3,2,1.64142,16,8,9,5.6552,1.0,0,0,0.199768,3,0,1,15.7143,3.0,0,Home Win,0
2016,3,1,0.958265,17,2,9,6.0,1.0,0,1,1.25505,6,2,1,28.0,0.0,0,Draw,1
2016,3,3,1.36545,19,8,6,3.9333,2.0,0,1,0.900534,10,3,6,8.4583,3.0,0,Home Win,0
2016,3,1,1.75441,15,3,4,9.8485,3.0,0,0,1.38982,8,1,2,6.2,4.0,0,Home Win,0
2016,3,0,0.869666,10,2,3,21.1364,1.0,0,1,1.21772,13,2,1,6.8,2.0,0,Away Win,2
2016,3,1,0.571467,5,3,1,5.3333,1.0,1,2,2.29253,17,7,4,7.5313,2.0,0,Away Win,2
2016,3,3,1.76293,9,4,6,5.7059,3.0,0,0,1.05038,11,6,6,11.125,0.0,1,Home Win,0
2016,3,1,1.53544,20,4,5,6.7097,1.0,0,2,2.26217,18,7,6,13.1071,2.0,0,Away Win,2
2016,3,2,2.47737,11,7,4,7.0,2.0,0,1,0.439814,6,3,5,6.52,4.0,0,Home Win,0
2016,3,1,1.98186,23,8,6,4.3214,1.0,0,1,1.18385,8,3,2,14.875,2.0,0,Draw,1
2016,3,1,1.2843,17,6,6,6.25,4.0,0,2,1.5487,11,5,3,13.8571,2.0,0,Away Win,2
2016,3,1,1.51059,12,3,5,8.4815,2.0,0,1,0.546119,10,3,9,14.7667,2.0,0,Draw,1
2016,3,2,2.04959,16,5,6,7.0476,1.0,0,0,1.07625,5,0,4,30.5714,3.0,0,Home Win,0
2016,3,1,0.721118,11,2,4,11.85,0.0,0,1,1.45189,18,6,5,8.7407,0.0,0,Draw,1
2016,3,3,4.92205,24,11,9,5.6667,1.0,0,0,0.135897,4,2,4,20.7391,1.0,1,Home Win,0
2016,5,2,1.876,14,4,10,7.6207,2.0,0,0,0.301573,14,3,4,22.1176,1.0,0,Home Win,0
2016,5,3,2.02919,18,9,6,5.6757,4.0,0,3,1.30829,13,4,1,13.4118,2.0,1,Draw,1
2016,5,3,0.537489,6,3,3,21.2609,0.0,0,0,1.2177,10,3,2,4.6129,2.0,0,Home Win,0
2016,5,0,0.539316,15,3,7,9.6111,3.0,0,3,2.62115,18,6,6,9.1,1.0,0,Away Win,2
2016,5,2,1.95013,18,5,6,25.8333,0.0,0,2,0.711635,13,5,11,21.0,1.0,0,Draw,1
2016,5,2,1.41031,15,6,9,9.95,0.0,0,0,0.491439,8,2,1,15.6667,2.0,1,Home Win,0
2016,5,5,1.76729,12,7,6,7.871,3.0,0,0,0.311538,7,0,5,27.0,3.0,0,Home Win,0
2016,5,0,1.58825,8,1,5,8.5588,2.0,0,1,1.633,16,9,5,11.9444,4.0,0,Away Win,2
2016,5,2,1.30398,15,6,7,8.6452,3.0,0,0,0.444425,4,0,4,20.5,2.0,0,Home Win,0
2016,5,3,0.977434,19,9,6,7.0,1.0,0,0,0.701109,7,2,1,13.0909,1.0,1,Home Win,0
2016,5,3,1.4119,11,6,2,12.4,0.0,0,0,0.499023,12,0,2,15.0556,2.0,0,Home Win,0
2016,5,1,0.638652,14,5,7,6.6,1.0,0,2,2.50503,12,7,4,8.0625,2.0,0,Away Win,2
2016,5,0,0.672017,9,2,9,12.0,3.0,1,4,2.86318,16,6,9,7.8333,1.0,0,Away Win,2
2016,5,2,1.71742,12,4,1,13.25,1.0,0,1,1.33351,17,6,3,9.5517,1.0,0,Home Win,0
2016,5,2,1.69532,12,6,2,10.7917,1.0,0,0,0.33593,11,2,12,12.3684,1.0,0,Home Win,0
2016,5,1,2.04795,16,6,5,7.7241,2.0,0,0,0.451556,9,3,4,8.64,2.0,0,Home Win,0
2016,5,3,1.50587,10,5,3,13.9565,2.0,0,2,1.39793,17,8,8,11.6875,0.0,0,Home Win,0
2016,5,2,0.947577,16,6,5,7.7273,2.0,0,0,0.871122,8,1,5,5.9091,2.0,0,Home Win,0
2016,5,1,0.899201,5,4,4,11.0741,3.0,0,0,0.844759,12,5,6,5.5758,0.0,1,Home Win,0
2016,5,1,0.62768,7,2,4,12.25,0.0,0,0,1.5297,18,8,4,6.5625,2.0,0,Home Win,0
2016,5,2,3.50337,22,10,9,6.413,2.0,0,2,0.505159,5,3,0,16.7826,3.0,0,Draw,1
2016,5,0,0.780876,15,2,6,8.8,1.0,0,2,1.02988,11,4,1,8.5172,3.0,0,Away Win,2
2016,5,2,0.914417,11,2,4,17.36,0.0,0,1,1.69325,15,7,7,4.1923,0.0,0,Home Win,0
2016,5,3,2.0381,17,8,4,8.4762,2.0,0,0,0.610983,16,3,6,11.5,3.0,1,Home Win,0
2016,5,1,0.552439,5,2,3,8.7727,1.0,0,1,0.407775,10,3,3,7.8065,3.0,0,Draw,1
2016,5,1,1.36607,12,4,6,3.3243,1.0,0,2,1.29477,14,5,6,11.5357,0.0,0,Away Win,2
2016,5,2,2.16637,21,9,6,8.75,4.0,0,1,0.372589,9,3,3,26.8182,2.0,1,Home Win,0
2016,5,4,2.31433,22,8,5,16.7826,2.0,0,0,0.52356,11,3,1,7.3929,2.0,1,Home Win,0
2016,5,2,2.03736,8,3,3,7.7308,1.0,0,1,1.21955,11,4,3,12.3571,3.0,1,Home Win,0
2016,5,2,1.1828,13,5,6,7.1875,0.0,0,0,0.828531,13,4,2,13.25,0.0,0,Home Win,0
2016,5,1,1.27883,13,4,6,4.9677,4.0,1,3,1.81087,17,10,9,6.3103,2.0,0,Away Win,2
2016,5,0,1.38219,18,3,12,4.3,1.0,0,0,0.16258,5,3,2,7.2759,1.0,1,Draw,1
2016,5,0,1.74302,15,3,8,13.5,2.0,0,0,1.25509,15,4,0,14.6875,2.0,2,Draw,1
2016,5,1,2.35587,18,6,2,6.84,1.0,0,1,0.757351,10,4,1,7.8462,1.0,0,Draw,1
2016,5,2,1.4366,14,3,7,9.2083,0.0,0,0,0.762376,13,3,3,17.8,2.0,0,Home Win,0
2016,5,5,2.03863,19,7,13,9.7391,0.0,0,0,0.102987,4,1,3,25.8,1.0,0,Home Win,0
2016,5,1,2.35524,16,4,6,11.8966,1.0,0,2,1.52227,7,3,4,7.1724,3.0,0,Away Win,2
2016,5,2,1.34846,11,6,3,6.3846,2.0,0,0,1.15322,6,3,5,6.5357,4.0,0,Home Win,0
2016,5,2,3.35275,21,6,5,6.2143,3.0,0,1,2.02367,16,5,2,12.2778,0.0,1,Home Win,0
2016,5,1,0.920305,5,2,2,12.5217,2.0,0,0,1.3653,17,4,8,13.2381,0.0,0,Home Win,0
2016,5,2,1.11607,9,4,5,12.1786,2.0,0,2,1.6707,9,4,2,10.0,1.0,0,Draw,1
2016,2,2,2.39829,21,6,2,9.7097,0.0,0,1,0.547634,7,2,10,11.6818,4.0,0,Home Win,0
2016,2,4,2.13285,13,7,5,9.7273,0.0,0,1,0.347792,8,3,2,15.3846,3.0,0,Home Win,0
2016,2,4,3.41279,19,12,4,11.3684,2.0,0,1,1.28037,15,5,10,18.0,3.0,0,Home Win,0
2016,2,2,3.89995,36,10,11,5.8919,1.0,0,0,0.29497,8,2,8,25.0714,2.0,0,Home Win,0
2016,2,1,1.00976,10,3,6,8.3214,0.0,0,1,0.201128,8,4,4,10.25,4.0,0,Draw,1
2016,2,1,1.41393,26,11,14,4.087,1.0,0,1,0.725924,4,2,1,16.95,2.0,0,Draw,1
2016,2,0,0.22903,5,0,2,12.56,3.0,0,1,0.665026,13,3,8,10.1786,3.0,0,Away Win,2
2016,2,1,1.00699,16,3,5,13.9048,3.0,0,3,2.21845,16,5,11,7.6,0.0,0,Away Win,2
2016,2,1,0.59003,11,2,3,9.4074,2.0,1,3,0.990877,11,7,4,10.4074,2.0,0,Away Win,2
2016,2,0,0.225855,5,2,2,18.0,3.0,1,1,1.71314,12,5,5,7.2895,3.0,0,Away Win,2
2016,2,2,0.49027,10,2,3,12.3913,4.0,0,1,0.904839,12,2,4,13.5926,1.0,0,Home Win,0
2016,2,3,1.30193,15,9,3,10.0435,1.0,0,0,0.801499,10,2,3,7.2609,2.0,0,Home Win,0
2016,2,2,1.78915,14,6,10,9.0,2.0,0,1,1.2589,14,5,4,12.1364,1.0,0,Home Win,0
2016,2,1,1.74004,19,9,5,9.1923,1.0,0,0,0.736729,15,6,5,8.7037,2.0,0,Home Win,0
2016,2,2,1.72351,9,7,4,13.7917,1.0,0,0,0.659158,17,3,5,4.56,2.0,0,Home Win,0
2016,2,0,0.326558,8,3,4,10.5,6.0,0,0,1.44104,23,6,8,5.1667,3.0,0,Draw,1
2016,2,1,0.821852,9,3,4,8.6364,1.0,0,0,2.47165,14,3,5,11.9048,3.0,0,Home Win,0
2016,2,2,2.11839,16,5,4,20.7143,2.0,0,2,1.18042,13,3,4,6.8333,3.0,0,Draw,1
2016,3,0,0.605662,7,2,3,7.5833,1.0,0,0,0.388618,6,1,6,15.4333,2.0,0,Draw,1
2016,3,2,2.21072,17,8,5,4.9032,1.0,0,0,0.216935,5,2,0,9.3636,0.0,1,Home Win,0
2016,3,1,1.1136,6,2,1,4.6875,1.0,0,2,2.12119,18,6,4,5.9688,3.0,0,Away Win,2
2016,3,1,0.724858,7,3,4,20.24,2.0,0,3,3.47304,16,8,10,6.2308,0.0,0,Away Win,2
2016,3,1,1.29428,13,4,4,6.1923,1.0,0,3,1.71134,14,5,4,7.7353,3.0,0,Away Win,2
2016,3,0,0.199603,4,0,2,11.3333,4.0,0,2,1.64364,11,4,6,3.9643,2.0,0,Away Win,2
2016,3,0,0.816002,9,1,1,7.3704,4.0,0,0,0.46649,8,2,4,20.1,4.0,0,Draw,1
2016,3,1,2.77857,23,7,7,11.45,0.0,0,0,0.251867,5,2,3,10.1875,4.0,0,Home Win,0
2016,3,3,2.93112,18,6,7,6.9167,3.0,0,0,0.307566,9,2,4,14.4231,1.0,1,Home Win,0
2016,4,0,0.192695,7,4,1,8.5833,5.0,0,2,1.47952,9,5,4,5.7586,2.0,0,Away Win,2
2016,4,1,0.47946,9,5,3,10.5769,6.0,0,1,1.288,20,6,4,7.3529,2.0,0,Draw,1
2016,4,1,1.37267,8,3,4,11.1613,5.0,0,4,2.77099,15,5,3,12.1053,1.0,0,Away Win,2
2016,4,4,1.96583,16,7,6,10.087,2.0,1,2,0.244565,6,3,2,9.7308,4.0,1,Home Win,0
2016,4,1,1.75167,15,5,8,4.8966,1.0,0,0,0.0445853,1,0,1,25.7857,4.0,0,Home Win,0
2016,4,2,1.4571,13,9,3,7.1212,2.0,0,1,1.49906,6,1,7,8.1739,3.0,0,Home Win,0
2016,4,1,1.4373,18,4,9,3.32,2.0,0,1,0.338045,7,3,2,16.0556,1.0,0,Draw,1
2016,4,0,0.72975,13,5,8,6.92,3.0,0,1,0.750127,10,5,3,13.5,3.0,0,Away Win,2
2016,4,3,2.07556,17,8,8,2.6923,2.0,0,3,1.23697,9,6,1,16.6818,6.0,1,Draw,1
2016,4,1,1.3997,16,4,5,8.1429,1.0,0,1,1.03333,10,3,6,5.4828,5.0,0,Draw,1
2016,5,0,1.18702,10,2,2,13.6552,2.0,0,1,2.23771,17,7,4,5.1613,1.0,0,Away Win,2
2016,5,1,0.994552,12,1,3,6.16,2.0,0,2,1.78097,7,3,2,6.6,2.0,1,Away Win,2
2016,5,0,2.00977,19,11,13,6.7778,1.0,0,0,0.61738,8,2,5,6.2143,1.0,0,Draw,1
2016,5,1,1.14355,14,5,7,13.2609,1.0,0,0,1.1945,15,3,5,13.1429,3.0,0,Home Win,0
2016,5,2,1.86121,11,3,4,10.7308,3.0,0,0,1.13534,15,5,3,8.2222,3.0,0,Home Win,0
2016,5,1,0.299166,8,2,4,13.2222,0.0,0,1,1.24441,13,6,9,6.3125,4.0,0,Draw,1
2016,5,2,1.51804,16,3,5,9.125,2.0,0,2,1.3536,8,4,5,15.2381,1.0,0,Draw,1
2016,5,4,1.89491,12,7,2,16.7143,1.0,0,1,1.52908,16,4,4,10.6304,3.0,0,Home Win,0
2016,5,1,0.878057,10,4,3,9.7917,0.0,0,0,0.745738,8,2,4,11.913,3.0,0,Home Win,0
2016,5,0,0.67475,10,3,3,12.3182,1.0,0,0,0.155588,5,1,0,19.3478,1.0,0,Draw,1
2016,1,1,1.26331,6,2,0,15.3182,3.0,0,4,3.06509,19,6,3,7.9375,0.0,0,Away Win,2
2016,1,2,1.67138,22,7,8,6.2308,1.0,0,0,0.221469,7,4,4,22.8571,1.0,0,Home Win,0
2016,1,0,0.697108,9,1,2,7.0,3.0,0,0,0.477078,10,4,2,9.3667,0.0,0,Draw,1
2016,1,3,2.34997,17,6,10,11.0,0.0,0,0,1.01083,12,3,8,5.3947,1.0,0,Home Win,0
2016,1,2,0.617412,14,3,8,11.5294,4.0,1,1,0.642111,11,3,8,13.1579,3.0,0,Home Win,0
2016,1,3,0.883566,8,5,7,19.4,0.0,0,1,0.992341,17,6,9,11.8125,0.0,0,Home Win,0
2016,1,2,1.91057,10,5,2,19.5789,2.0,0,2,2.332,21,15,5,8.7059,3.0,0,Draw,1
2016,1,0,0.799911,8,2,2,19.5263,1.0,1,2,1.64905,13,6,1,7.0625,2.0,0,Away Win,2
2016,1,3,1.55859,13,6,4,11.6,3.0,1,3,1.12629,14,4,7,6.75,3.0,0,Draw,1
2016,1,1,0.331276,7,3,4,7.5152,2.0,0,2,1.18905,11,4,5,11.0952,1.0,0,Away Win,2
2016,1,2,1.85359,16,5,7,12.0,1.0,0,0,0.510395,9,2,6,7.963,2.0,0,Home Win,0
2016,1,2,1.00945,9,2,1,11.0714,3.0,0,0,0.912754,11,2,6,13.4211,2.0,0,Home Win,0
2016,1,4,2.65474,21,11,8,5.087,0.0,0,0,0.165019,3,0,0,12.6667,2.0,0,Home Win,0
2016,1,0,0.835827,12,5,3,11.1364,3.0,0,0,0.325347,5,1,1,9.7222,1.0,0,Draw,1
2016,1,1,1.1365,13,3,5,7.7931,3.0,0,3,1.22897,14,6,2,11.4,1.0,0,Away Win,2
2016,1,0,0.488485,12,3,3,14.0833,2.0,0,4,2.31811,14,6,2,7.6176,0.0,0,Away Win,2
2016,1,3,1.18904,14,3,4,12.9583,0.0,0,1,1.43455,8,6,5,12.4667,1.0,0,Home Win,0
2016,1,1,0.464555,9,3,2,9.0,1.0,0,0,0.962065,20,5,7,6.2857,2.0,0,Home Win,0
2016,1,3,1.72338,14,3,2,12.95,4.0,0,0,1.06181,10,1,2,8.0952,2.0,0,Home Win,0
2016,1,0,0.179144,7,2,3,21.7059,1.0,0,3,0.738826,8,3,5,8.25,0.0,0,Away Win,2
2016,1,4,0.572528,6,4,3,17.0,2.0,0,0,0.569286,13,5,6,5.6522,2.0,0,Home Win,0
2016,1,1,1.03178,9,3,5,6.5625,1.0,0,1,1.46058,13,4,7,9.8519,3.0,0,Draw,1
2016,1,2,1.24037,16,5,6,4.7813,1.0,0,3,1.60482,6,3,3,38.3636,1.0,0,Away Win,2
2016,1,1,0.958825,11,2,7,9.3333,2.0,0,3,2.6558,13,5,5,15.1053,1.0,0,Away Win,2
2016,1,2,1.14791,15,5,9,11.8462,1.0,0,2,1.08731,10,3,4,7.963,1.0,0,Draw,1
2016,1,0,0.463733,8,2,8,12.9412,0.0,0,1,0.949561,17,8,7,12.4,1.0,0,Away Win,2
2016,1,1,0.353777,6,1,1,12.1304,4.0,0,1,1.74295,25,8,7,7.2083,0.0,0,Draw,1
2016,1,2,1.3279,14,5,1,10.4286,1.0,0,0,0.440887,9,3,4,9.3333,1.0,0,Home Win,0
2016,1,2,2.52702,17,7,5,7.2581,2.0,0,2,1.12391,6,2,4,11.8421,4.0,0,Draw,1
2016,1,3,2.49923,20,7,7,5.6364,0.0,0,0,0.935866,11,2,2,11.6842,1.0,0,Home Win,0
2016,1,2,1.86443,24,8,10,8.2143,1.0,1,1,1.29948,13,7,4,17.7647,3.0,0,Home Win,0
2016,1,2,1.47165,9,5,9,15.2381,1.0,0,0,0.314532,9,4,7,9.6071,3.0,0,Home Win,0
2016,1,1,1.07765,20,5,9,4.1,3.0,0,2,0.918309,10,6,5,10.1515,3.0,0,Away Win,2
2016,1,0,0.32099,10,2,2,3.0909,0.0,0,2,1.60667,11,3,3,6.9355,4.0,0,Away Win,2
2016,1,1,1.82995,24,3,10,6.3158,1.0,0,0,0.775645,13,5,2,18.6667,0.0,0,Home Win,0
2016,1,1,1.18135,11,3,4,6.1765,2.0,0,1,1.25288,15,5,2,11.8182,1.0,0,Draw,1
2016,1,0,0.228009,3,1,2,11.5909,2.0,0,0,0.682758,14,3,12,7.5833,1.0,0,Draw,1
2016,1,2,0.760046,12,5,5,15.7727,2.0,0,1,0.907103,10,2,4,9.1538,0.0,0,Home Win,0
2016,1,1,1.20485,7,3,3,6.3871,2.0,0,1,1.0666,8,2,3,11.3929,1.0,0,Draw,1
2016,1,0,0.49472,6,1,2,14.6129,3.0,0,4,2.66472,11,4,4,6.5652,3.0,0,Away Win,2
2016,1,0,1.48151,16,6,7,5.7097,1.0,0,0,0.395896,6,2,1,19.5882,4.0,0,Draw,1
2016,1,1,1.7362,14,7,5,8.5313,1.0,0,1,0.870158,15,5,5,13.9333,0.0,0,Draw,1
2016,1,3,1.95451,13,6,10,7.9444,1.0,0,1,0.950035,9,5,13,9.0,1.0,0,Home Win,0
2016,1,0,2.45994,21,9,6,5.2414,3.0,0,4,0.837361,10,7,1,19.1538,3.0,0,Away Win,2
2016,1,6,2.75981,15,10,4,24.5,3.0,0,3,2.1501,18,8,8,11.08,1.0,0,Home Win,0
2016,1,2,1.88587,7,4,1,33.3333,2.0,0,0,1.12538,22,5,15,4.8182,1.0,0,Home Win,0
2016,1,2,1.66308,16,7,3,9.6111,5.0,0,1,1.4777,11,7,6,11.381,0.0,1,Home Win,0
2016,1,1,1.84983,15,4,5,29.875,2.0,0,0,1.10818,12,2,6,5.68,2.0,0,Home Win,0
2016,1,1,1.06276,21,7,3,10.1429,0.0,0,3,0.91785,6,4,2,9.4483,2.0,0,Away Win,2
2016,1,1,2.10053,17,5,11,7.1429,0.0,0,0,0.50484,8,0,2,18.5,1.0,0,Home Win,0
2016,1,2,2.87972,17,5,10,9.1765,2.0,0,1,0.11445,4,2,3,20.3889,3.0,0,Home Win,0
2016,1,0,0.492009,11,1,10,19.8235,2.0,0,3,1.98688,15,9,3,6.2,4.0,0,Away Win,2
2016,1,2,3.1235,17,7,3,10.7391,3.0,0,0,0.466403,9,4,8,11.3182,1.0,1,Home Win,0
2016,1,2,2.627,22,11,5,9.2593,1.0,0,0,0.641058,9,3,1,13.04,0.0,0,Home Win,0
2016,1,0,0.651056,9,3,5,13.8519,2.0,0,0,0.831644,7,3,2,7.2432,0.0,0,Draw,1
2016,1,1,0.720883,7,4,5,7.0769,1.0,0,0,0.202159,6,1,5,6.5152,3.0,0,Home Win,0
2016,1,0,0.197925,6,1,6,13.0,1.0,0,4,1.72717,15,8,2,8.3438,0.0,0,Away Win,2
2016,1,2,1.17553,16,4,7,7.1667,3.0,0,2,0.769974,8,3,5,13.8636,2.0,0,Draw,1
2016,1,2,2.38009,17,9,10,6.8125,3.0,0,0,0.622104,7,2,3,7.7143,4.0,0,Home Win,0
2016,1,1,0.906366,7,4,1,16.2917,3.0,0,1,0.800222,13,2,1,5.5455,2.0,0,Draw,1
2016,1,2,0.693376,10,4,7,13.8421,2.0,0,0,0.672883,9,1,3,11.7391,2.0,0,Home Win,0
2016,1,0,0.152385,5,1,3,16.0952,2.0,0,2,2.953,17,5,7,7.64,3.0,0,Away Win,2
2016,1,0,1.25259,14,3,8,16.3571,1.0,0,2,1.35954,11,4,5,11.7,2.0,0,Away Win,2
2016,1,3,1.22573,16,5,8,10.4286,1.0,0,1,0.280172,3,2,1,15.2963,3.0,0,Home Win,0
2016,1,1,0.808522,15,3,4,8.4194,3.0,0,0,0.82885,11,4,2,6.2273,1.0,0,Home Win,0
2016,1,2,1.70366,20,8,10,5.9524,0.0,0,0,0.505952,10,1,6,17.8824,2.0,0,Home Win,0
2016,1,1,1.59037,15,1,6,14.4286,1.0,0,1,0.473058,10,3,3,15.3125,1.0,1,Draw,1
2016,1,2,1.6124,13,4,8,16.381,2.0,0,1,1.22747,12,4,6,13.6,0.0,0,Home Win,0
2016,1,1,1.21279,9,1,4,11.5217,4.0,0,1,1.48144,13,2,6,4.2857,1.0,1,Draw,1
2016,1,4,1.89002,21,9,8,8.7143,2.0,0,0,0.743596,5,3,5,15.9545,3.0,0,Home Win,0
2016,1,0,1.41537,19,6,7,4.5667,1.0,0,0,0.421251,3,1,4,22.5714,0.0,1,Draw,1
2016,1,3,1.54732,14,8,5,13.8182,0.0,0,1,0.789939,17,7,12,3.7143,0.0,0,Home Win,0
2016,1,3,1.81255,17,5,10,8.2414,1.0,0,1,1.1216,10,4,4,6.9545,1.0,0,Home Win,0
2016,1,3,2.70435,18,7,9,10.3,1.0,0,1,0.729203,7,3,3,9.0952,2.0,0,Home Win,0
2016,1,1,2.5377,20,7,15,5.8276,3.0,0,1,0.816172,3,1,2,20.3333,2.0,1,Draw,1
2016,1,2,2.97584,13,8,6,6.7241,1.0,0,0,0.274611,8,2,1,5.8,2.0,0,Home Win,0
2016,1,0,0.737758,11,3,6,13.9677,1.0,0,2,2.48022,14,7,4,6.6364,0.0,0,Away Win,2
2016,1,3,1.44545,24,9,9,13.0,2.0,0,2,0.933851,6,4,2,12.5,2.0,0,Home Win,0
2016,1,3,1.70225,20,7,7,11.0,1.0,0,2,0.808013,8,4,2,9.52,2.0,0,Home Win,0
2016,1,3,1.40104,16,4,6,8.0345,3.0,0,4,1.33681,20,11,5,7.3333,2.0,0,Away Win,2
2016,1,0,0.3746,11,1,5,10.0,0.0,0,2,1.39171,10,4,5,5.7586,1.0,0,Away Win,2
2016,1,1,0.450583,11,2,6,13.08,0.0,0,2,2.01134,9,4,4,15.8636,1.0,0,Away Win,2
2016,1,1,0.410203,12,5,12,9.875,2.0,0,0,0.595173,7,3,1,23.7692,4.0,0,Home Win,0
2016,1,3,3.68186,22,9,5,5.4828,4.0,0,2,1.25315,16,7,6,6.4231,2.0,0,Home Win,0
2016,1,0,1.66533,17,6,7,13.2222,2.0,0,0,0.45805,11,1,3,16.8235,1.0,0,Draw,1
2016,1,1,0.825839,6,2,3,7.88,3.0,0,0,0.445766,10,4,5,8.8571,3.0,0,Home Win,0
2016,1,4,2.65315,24,9,8,16.5455,2.0,0,3,0.883368,9,3,3,11.0435,4.0,1,Home Win,0
2016,1,0,0.321722,6,1,2,8.4848,3.0,0,1,1.00589,18,4,11,3.3636,3.0,0,Away Win,2
2016,1,3,2.17521,16,5,4,9.7222,1.0,0,0,0.127321,5,2,6,17.2632,2.0,0,Home Win,0
2016,1,2,1.98818,15,7,2,10.5789,3.0,0,1,1.44148,11,3,7,13.1875,1.0,0,Home Win,0
2016,1,0,1.3049,12,1,8,5.6296,1.0,0,0,0.337194,5,2,1,17.3,3.0,0,Draw,1
2016,1,2,0.966335,10,3,11,10.7692,2.0,0,1,0.83474,11,1,1,12.6667,2.0,0,Home Win,0
2016,1,3,2.11737,12,8,4,20.3889,1.0,0,1,0.995221,11,2,5,4.9474,0.0,0,Home Win,0
2016,1,2,2.32174,20,7,6,7.6364,0.0,0,3,2.17004,11,5,5,15.5,1.0,0,Away Win,2
2016,1,2,1.64328,12,6,5,10.6957,3.0,0,1,0.839989,8,3,1,9.1304,3.0,0,Home Win,0
2016,1,0,1.03287,14,5,3,9.7059,2.0,0,0,1.18742,16,3,5,13.7778,1.0,0,Draw,1
2016,1,1,0.952053,5,1,5,11.8846,4.0,1,2,1.95538,20,7,11,4.9583,2.0,0,Away Win,2
2016,1,1,1.09037,10,3,8,6.9091,1.0,0,3,2.47484,14,6,3,14.7727,1.0,0,Away Win,2
2016,1,1,2.55464,13,3,9,6.2143,3.0,0,1,1.94116,13,4,8,17.7,3.0,0,Draw,1
2016,1,4,2.63141,14,8,5,10.0,2.0,0,0,0.528692,6,0,8,12.3,0.0,1,Home Win,0
2016,1,1,0.376326,7,0,3,12.0625,0.0,0,0,0.190648,6,2,2,7.8235,2.0,0,Home Win,0
2016,1,2,1.00816,12,6,2,8.8929,0.0,0,0,0.37687,10,1,4,9.8333,2.0,0,Home Win,0
2016,1,2,0.738497,8,3,3,7.6471,3.0,0,2,1.40021,14,5,8,6.7,2.0,0,Draw,1
2016,1,0,0.44677,13,2,3,16.619,2.0,0,2,2.36346,19,7,7,9.0,0.0,0,Away Win,2
2016,1,1,3.16805,24,11,9,4.4286,3.0,0,2,1.57423,8,3,3,13.2941,2.0,0,Away Win,2
2016,1,2,0.778704,7,3,5,11.0435,2.0,0,1,1.24571,12,4,5,8.1739,2.0,0,Home Win,0
2016,1,2,1.97444,23,10,10,13.3529,1.0,0,0,1.36671,10,2,4,9.05,4.0,0,Home Win,0
2016,1,3,0.625343,10,6,2,6.75,1.0,0,1,1.44152,9,4,3,10.8571,3.0,0,Home Win,0
2016,1,0,0.986683,18,3,6,4.125,3.0,0,0,0.200297,3,1,1,22.625,3.0,0,Draw,1
2016,1,0,1.00252,14,4,6,10.375,1.0,0,0,2.06307,12,3,3,15.6522,0.0,0,Draw,1
2016,1,0,0.64382,15,3,11,7.8,2.0,0,0,0.748206,8,1,3,11.3889,3.0,0,Draw,1
2016,1,1,1.95828,23,10,13,6.8947,1.0,0,0,0.349699,11,3,9,11.8235,3.0,0,Home Win,0
2016,1,3,2.16023,21,8,5,7.3333,2.0,0,0,0.303905,7,2,0,20.05,2.0,0,Home Win,0
2016,1,1,0.348885,7,3,3,6.2414,3.0,0,0,1.17275,15,2,5,7.7083,2.0,0,Home Win,0
2016,1,4,2.23261,17,5,8,10.913,2.0,0,2,1.30673,12,4,4,8.1538,1.0,0,Home Win,0
2016,1,2,0.691991,9,2,5,17.3333,1.0,1,0,1.48109,17,2,6,10.7692,4.0,0,Home Win,0
2016,1,1,0.872579,4,1,5,20.1875,1.0,0,3,2.2242,18,8,7,5.9,1.0,0,Away Win,2
2016,1,2,0.929134,19,8,5,12.5,0.0,0,0,0.7012,15,3,6,6.7857,1.0,0,Home Win,0
2016,1,1,1.67424,18,3,6,7.8462,1.0,0,1,0.589122,11,4,5,15.3333,4.0,1,Draw,1
2016,1,3,3.34327,25,9,11,4.5,2.0,0,1,1.73055,17,3,11,9.6667,1.0,0,Home Win,0
2016,1,2,1.36933,10,4,2,16.95,1.0,0,1,2.2614,17,7,9,9.9583,3.0,0,Home Win,0
2016,1,2,2.17263,20,8,7,4.6944,1.0,0,2,1.31233,8,2,2,23.3333,1.0,0,Draw,1
2016,1,1,0.384152,11,1,4,14.2,2.0,0,3,1.52126,15,5,4,18.125,3.0,0,Away Win,2
2016,1,1,2.13972,9,4,5,16.75,0.0,0,2,1.02225,14,4,8,8.5,2.0,0,Away Win,2
2016,1,0,0.977316,9,4,4,10.8846,1.0,1,3,1.6943,18,9,5,5.2273,5.0,0,Away Win,2
2016,1,4,1.18779,19,6,7,6.6364,0.0,0,0,0.369968,8,2,5,14.6111,1.0,0,Home Win,0
2016,1,0,2.01721,17,6,7,13.125,2.0,0,1,0.910339,10,3,3,5.88,2.0,0,Away Win,2
2016,1,1,1.20573,14,6,4,7.0625,5.0,0,0,0.307666,5,1,3,13.0,1.0,0,Home Win,0
2016,1,0,0.684683,12,5,4,13.5,0.0,0,0,0.809899,7,2,3,12.1739,3.0,0,Draw,1
2016,1,3,2.33731,23,7,7,7.625,0.0,0,1,0.358364,7,1,3,21.7368,2.0,0,Home Win,0
2016,1,4,2.64597,12,7,4,9.0,2.0,0,2,0.836095,6,4,6,13.6522,2.0,0,Home Win,0
2016,1,3,2.15968,17,6,5,11.5714,0.0,0,0,0.44226,11,3,8,4.35,1.0,0,Home Win,0
2016,1,2,0.807128,9,3,1,6.4872,3.0,0,0,0.132913,5,0,3,4.9189,3.0,0,Home Win,0
2016,1,1,1.72075,13,5,2,14.0,2.0,0,2,1.0689,12,4,4,4.1944,2.0,0,Away Win,2
2016,1,0,0.616753,8,1,3,15.8696,3.0,0,3,2.74188,18,5,8,12.8947,0.0,0,Away Win,2
2016,1,3,2.01829,14,4,3,8.9231,0.0,0,1,1.17696,14,3,7,8.2,2.0,0,Home Win,0
2016,1,2,1.14121,14,4,8,9.0385,1.0,0,2,1.42815,7,3,1,12.8667,0.0,1,Draw,1
2016,1,4,3.28588,24,14,13,8.6842,0.0,0,0,0.211502,5,1,1,22.75,1.0,0,Home Win,0
2016,1,1,1.22039,15,7,6,13.4667,0.0,0,0,0.641001,13,4,2,12.2609,0.0,0,Home Win,0
2016,1,3,1.67352,29,7,6,5.04,2.0,0,1,1.1469,13,6,7,10.375,0.0,0,Home Win,0
2016,1,2,1.67894,15,4,8,5.1304,0.0,0,2,0.467725,6,2,5,6.4839,2.0,0,Draw,1
2016,1,0,0.590375,7,2,4,16.05,3.0,0,1,1.30017,15,2,4,5.7308,1.0,0,Away Win,2
2016,1,2,3.83905,36,13,17,8.0,4.0,0,0,0.271744,6,2,3,22.1667,2.0,0,Home Win,0
2016,1,4,3.27712,21,10,4,7.12,0.0,0,0,0.2072,5,2,3,20.0714,2.0,1,Home Win,0
2016,1,0,0.342829,8,0,3,6.5,2.0,0,2,2.24747,12,6,3,7.9565,1.0,0,Away Win,2
2016,1,4,1.4438,17,7,6,20.4286,2.0,0,2,1.32952,12,4,7,14.9375,2.0,0,Home Win,0
2016,1,2,1.42309,8,3,4,27.6429,3.0,1,0,1.15869,14,2,7,5.5185,1.0,0,Home Win,0
2016,1,1,0.725721,12,5,4,11.6552,3.0,0,6,2.64912,26,12,4,7.6667,1.0,0,Away Win,2
2016,1,1,0.89449,14,1,4,3.8636,1.0,0,2,1.21741,7,3,3,10.7333,2.0,0,Away Win,2
2016,1,3,2.58035,21,10,7,5.0,1.0,0,1,0.387741,5,2,1,26.7857,2.0,0,Home Win,0
2016,1,2,0.475636,10,6,11,13.65,2.0,0,0,1.69454,9,3,4,16.2,2.0,0,Home Win,0
2016,1,0,0.668323,15,3,8,14.0417,2.0,0,0,0.104476,4,0,4,7.4167,3.0,0,Draw,1
2016,1,0,0.633469,15,5,14,7.0,2.0,0,2,1.38569,9,3,4,9.75,0.0,0,Away Win,2
2016,1,0,0.684516,12,3,2,9.52,3.0,0,3,1.81945,11,5,4,16.1875,4.0,0,Away Win,2
2016,1,1,1.99224,12,6,5,12.4444,2.0,0,1,0.775713,12,4,2,14.85,2.0,0,Draw,1
2016,1,2,1.17715,14,6,4,16.0,4.0,0,2,3.10725,22,4,11,6.6471,4.0,0,Draw,1
2016,1,0,1.24844,11,2,6,6.1429,0.0,0,0,0.472435,9,1,6,9.0714,3.0,0,Draw,1
2016,1,0,1.35509,19,4,5,8.0385,1.0,0,0,0.65149,12,4,3,11.7391,0.0,0,Draw,1
2016,1,0,1.6667,17,5,6,7.6296,3.0,0,1,1.53094,15,7,5,6.5417,2.0,0,Away Win,2
2016,1,2,3.46042,20,11,14,14.4,1.0,0,0,0.589537,12,4,5,8.0833,3.0,0,Home Win,0
2016,1,0,0.436648,9,2,3,16.6471,3.0,0,1,0.55669,12,8,5,9.1739,1.0,0,Away Win,2
2016,1,0,0.809101,16,4,5,7.0526,2.0,0,1,0.570664,6,1,6,8.0435,2.0,0,Away Win,2
2016,1,2,1.03986,9,4,5,16.0526,1.0,0,0,0.576173,10,4,9,15.2778,0.0,0,Home Win,0
2016,1,2,1.30668,12,2,0,10.8889,2.0,0,2,2.3019,14,3,7,9.6897,0.0,0,Draw,1
2016,1,2,1.08649,14,4,5,7.1875,1.0,0,2,0.82853,11,3,8,11.1765,3.0,0,Draw,1
2016,1,3,2.28046,21,7,8,22.4615,0.0,0,0,0.0718773,2,1,1,10.4242,2.0,0,Home Win,0
2016,1,0,1.21734,16,6,7,6.6842,3.0,0,2,1.95502,12,5,4,18.8462,1.0,0,Away Win,2
2016,1,3,1.00566,11,5,10,9.7143,0.0,0,0,0.512433,14,7,1,8.25,0.0,0,Home Win,0
2016,1,0,1.35967,17,8,3,6.52,1.0,0,0,0.182082,4,0,6,12.3043,3.0,0,Draw,1
2016,1,5,2.69837,26,12,9,5.2083,1.0,0,0,0.241571,5,2,3,13.9048,3.0,0,Home Win,0
2016,1,1,2.09244,9,4,9,23.6,0.0,0,0,0.270186,9,2,5,10.5263,0.0,0,Home Win,0
2016,1,1,2.21043,13,5,3,16.8333,4.0,0,0,0.451017,11,5,7,7.3125,2.0,0,Home Win,0
2016,1,2,1.5499,18,6,7,9.9,0.0,0,1,1.1511,14,3,1,9.0357,1.0,0,Home Win,0
2016,1,4,2.73274,12,4,3,10.0417,3.0,0,0,0.518148,9,0,7,4.1765,5.0,0,Home Win,0
2016,1,1,1.12984,15,6,9,7.2857,0.0,0,0,1.54861,14,2,8,14.65,3.0,0,Home Win,0
2016,1,2,1.98776,17,5,9,6.2609,3.0,0,1,1.62503,9,4,3,11.8077,3.0,0,Home Win,0
2016,1,1,1.32885,14,3,6,14.4762,3.0,0,2,1.52569,14,4,3,8.1818,0.0,0,Away Win,2
2016,1,1,1.30239,10,4,7,12.4815,1.0,0,4,2.63639,10,6,6,7.8235,2.0,0,Away Win,2
2016,1,0,1.03765,13,4,8,9.48,4.0,0,2,0.344096,3,3,4,17.2857,0.0,0,Away Win,2
2016,1,2,2.10698,14,7,8,8.5217,1.0,0,1,1.03696,8,2,3,21.4286,2.0,0,Home Win,0
2016,1,0,0.529155,7,2,5,21.4167,3.0,0,1,1.76954,24,5,8,13.8889,0.0,0,Away Win,2
2016,1,0,1.03963,10,3,4,24.2667,2.0,0,4,3.28962,26,11,6,10.0,0.0,0,Away Win,2
2016,1,3,3.35075,17,9,4,12.4118,2.0,1,1,1.8831,22,7,6,15.125,4.0,0,Home Win,0
2016,1,1,1.70802,9,1,2,12.0,2.0,0,2,1.67299,14,4,5,9.0,2.0,0,Away Win,2
2016,1,5,2.73947,28,8,11,10.3529,1.0,0,1,0.693994,7,3,1,12.8,1.0,0,Home Win,0
2016,1,1,0.812723,10,4,2,13.6957,0.0,0,7,3.89027,19,14,3,9.3182,0.0,0,Away Win,2
2016,1,1,2.45308,20,4,9,8.56,4.0,0,1,0.87072,10,4,1,8.8182,1.0,0,Draw,1
2016,1,3,2.16957,25,10,3,4.76,0.0,0,0,0.899691,9,3,3,23.0556,1.0,0,Home Win,0
2016,1,2,1.0386,9,2,3,9.8889,2.0,0,0,0.3016,6,1,6,10.1379,0.0,0,Home Win,0
2016,1,0,1.3554,15,6,4,5.4444,2.0,0,1,0.983464,14,3,10,12.7727,4.0,0,Away Win,2
2016,1,2,1.74555,12,2,7,9.0,1.0,0,1,1.60674,16,5,4,25.0714,1.0,0,Home Win,0
2016,1,0,0.826124,6,3,4,26.9286,1.0,0,5,3.26614,15,9,5,7.16,0.0,0,Away Win,2
2016,2,1,0.901728,6,2,6,9.8636,1.0,0,0,0.516544,13,4,2,8.5313,3.0,0,Home Win,0
2016,2,2,2.69988,23,9,9,4.7143,1.0,0,1,0.884655,9,2,3,10.4146,0.0,1,Home Win,0
2016,2,1,1.33028,12,3,3,12.56,3.0,0,2,1.26519,9,4,7,4.3235,2.0,0,Away Win,2
2016,2,1,0.430614,4,3,1,22.2667,4.0,0,2,0.726305,22,4,14,4.44,3.0,0,Away Win,2
2016,2,0,0.61014,7,2,1,10.5926,2.0,0,0,2.06808,24,1,8,7.3,3.0,0,Draw,1
2016,2,1,2.08654,22,5,14,3.931,2.0,0,0,0.484413,3,1,0,18.1053,2.0,0,Home Win,0
2016,2,0,0.438633,10,4,2,5.4839,2.0,0,1,1.21044,15,3,8,5.8,4.0,0,Away Win,2
2016,2,1,0.758192,7,2,4,11.5833,1.0,0,4,4.06123,18,7,3,19.3125,1.0,0,Away Win,2
2016,2,1,1.57357,29,4,11,5.9512,0.0,0,0,0.377279,7,1,3,16.0588,1.0,1,Home Win,0
2016,2,3,2.03122,13,4,6,11.0769,1.0,0,0,0.232929,7,2,2,11.9677,2.0,0,Home Win,0
2016,2,0,0.977165,17,6,6,10.2174,2.0,0,1,1.04914,14,7,5,15.4167,4.0,0,Away Win,2
2016,2,3,2.95782,31,14,12,4.6667,0.0,0,1,0.339844,5,4,2,15.3529,3.0,0,Home Win,0
2016,2,4,2.73584,20,12,3,16.0667,3.0,1,1,1.11726,12,4,14,7.3448,2.0,0,Home Win,0
2016,2,0,1.14331,17,2,6,6.2963,3.0,0,0,1.32527,14,2,8,9.4,3.0,0,Draw,1
2016,2,4,1.48319,14,7,8,12.375,2.0,0,1,1.32792,14,3,3,16.6111,2.0,0,Home Win,0
2016,2,3,3.42773,23,9,6,8.2609,1.0,0,1,1.25032,8,2,2,17.64,3.0,0,Home Win,0
2016,2,0,1.25353,10,5,4,14.7059,2.0,0,1,2.38721,13,4,7,7.2727,1.0,0,Away Win,2
2016,2,2,2.00872,21,5,7,4.98,5.0,0,1,0.372432,9,3,3,11.3333,2.0,0,Home Win,0
2016,2,2,0.762227,16,6,3,6.9444,3.0,0,1,1.78834,11,4,7,8.2667,5.0,0,Home Win,0
2016,2,2,2.67642,17,7,6,12.28,5.0,0,2,3.38884,23,8,6,9.2105,1.0,1,Draw,1
2016,2,0,1.53772,17,6,2,8.6944,3.0,0,3,1.30541,10,6,8,11.0,2.0,0,Away Win,2
2016,2,1,0.97198,13,4,7,10.7931,4.0,0,2,1.55269,9,5,1,11.1538,4.0,0,Away Win,2
2016,2,2,1.77194,7,2,0,10.4231,0.0,0,0,0.21704,11,2,4,13.2571,3.0,0,Home Win,0
2016,2,0,0.292892,6,0,7,8.5,5.0,1,1,1.83761,16,6,12,5.7857,1.0,1,Away Win,2
2016,2,2,2.48976,10,4,7,5.0769,1.0,0,2,1.55254,14,6,5,12.5455,2.0,0,Draw,1
2016,2,1,2.0633,19,5,5,9.68,4.0,0,3,1.21807,16,5,6,6.3871,5.0,0,Away Win,2
2016,2,2,1.1389,9,5,2,11.2857,2.0,0,0,0.601187,9,2,9,9.5263,2.0,0,Home Win,0
2016,2,1,0.315683,5,1,7,10.0,4.0,0,0,0.938473,9,2,3,7.7222,4.0,0,Home Win,0
2016,2,1,1.73684,13,6,5,8.36,1.0,0,0,1.08644,13,3,5,8.1923,3.0,0,Home Win,0
2016,2,1,2.10778,18,6,5,9.1154,1.0,0,0,0.368905,8,0,4,11.5417,3.0,1,Home Win,0
2016,2,0,2.08504,28,8,10,5.8718,2.0,0,1,0.641181,7,2,3,20.0714,2.0,0,Away Win,2
2016,2,3,3.12652,17,7,11,6.3143,1.0,0,0,0.53762,10,4,3,13.0909,1.0,0,Home Win,0
2016,2,1,0.740633,12,4,2,8.3448,1.0,0,1,1.02846,17,8,6,6.0,2.0,0,Draw,1
2016,2,1,0.931307,19,6,3,8.6364,2.0,0,1,1.04376,8,2,2,10.8889,3.0,2,Draw,1
2016,2,3,1.80231,18,7,7,10.5,2.0,0,2,1.32212,16,10,7,6.1852,3.0,0,Home Win,0
2016,2,4,2.47879,14,7,8,10.6129,3.0,0,1,0.208541,5,3,1,7.5,1.0,0,Home Win,0
2016,2,3,2.10754,22,8,5,10.2778,3.0,1,3,2.76031,7,3,0,14.4286,4.0,0,Draw,1
2016,2,0,0.62385,8,3,5,11.8276,3.0,0,2,1.53659,14,5,6,11.0476,1.0,0,Away Win,2
2016,2,2,1.88842,12,5,2,17.0952,3.0,0,1,1.10805,12,5,7,6.5714,2.0,0,Home Win,0
2016,2,1,1.809,19,10,14,5.1034,0.0,0,1,0.143541,3,2,2,47.1429,3.0,1,Draw,1
2016,2,1,1.86641,17,7,3,15.96,2.0,1,7,2.23611,14,9,0,25.1538,3.0,1,Away Win,2
2016,2,0,1.84656,20,6,8,5.2857,3.0,1,1,1.23634,7,3,3,20.5,2.0,0,Away Win,2
2016,2,0,0.771433,15,4,8,13.1538,2.0,0,1,0.916538,7,3,9,10.7826,1.0,0,Away Win,2
2016,2,1,1.95329,10,2,2,9.7273,6.0,0,1,1.93049,9,4,3,5.8621,4.0,0,Draw,1
2016,2,0,0.20522,6,0,5,5.9231,2.0,1,0,0.823909,12,1,6,11.2632,1.0,0,Draw,1
2016,2,2,1.75604,13,5,6,5.8684,4.0,0,0,0.144194,4,0,4,8.3824,2.0,0,Home Win,0
2016,2,2,1.82767,14,6,2,15.9091,0.0,0,6,3.84448,17,10,4,9.1935,1.0,0,Away Win,2
2016,2,1,0.765782,11,4,3,6.95,2.0,0,0,0.384211,9,1,2,8.8824,2.0,1,Home Win,0
2016,2,1,1.07568,14,6,6,11.0,5.0,0,0,0.75887,12,2,8,8.2857,3.0,1,Home Win,0
2016,2,4,3.58277,23,8,6,12.55,2.0,0,0,0.626366,13,2,3,8.12,3.0,0,Home Win,0
2016,2,0,0.124749,6,2,0,25.4545,0.0,0,2,1.84465,17,11,1,4.8947,1.0,0,Away Win,2
2016,2,0,1.58618,20,5,7,8.92,5.0,0,1,1.75201,5,4,9,11.7,2.0,2,Away Win,2
2016,2,2,1.88294,20,8,12,8.9286,1.0,0,0,0.115042,6,3,4,16.4091,2.0,0,Home Win,0
2016,2,3,1.6489,16,6,4,8.1333,2.0,0,0,0.72842,9,4,3,16.0833,2.0,0,Home Win,0
2016,2,0,0.45353,14,4,2,16.0556,0.0,0,2,2.34892,15,3,5,3.6774,0.0,0,Away Win,2
2016,2,5,2.48777,19,9,7,6.6176,1.0,0,3,0.862941,9,5,5,12.8571,3.0,0,Home Win,0
2016,2,1,2.00872,13,5,6,20.0526,0.0,1,3,2.83627,19,7,3,10.1579,3.0,0,Away Win,2
2016,2,2,3.08595,20,8,9,8.0882,1.0,0,0,0.435897,6,3,2,10.2273,2.0,0,Home Win,0
2016,2,1,0.744515,13,5,6,16.04,3.0,0,3,2.60419,21,5,3,7.4815,1.0,0,Away Win,2
2016,2,3,2.65182,19,5,11,6.7692,2.0,0,1,1.05142,10,2,4,13.7143,4.0,0,Home Win,0
2016,2,0,0.445215,14,3,6,12.7667,2.0,1,2,1.68248,13,3,1,7.25,5.0,0,Away Win,2
2016,2,1,2.48954,23,10,5,15.5238,2.0,0,1,0.301882,9,4,8,8.0,2.0,0,Draw,1
2016,2,4,1.65089,14,7,8,10.9167,1.0,0,1,0.557015,8,3,3,15.6,1.0,0,Home Win,0
2016,2,1,1.87331,14,3,4,7.1304,2.0,0,0,0.178478,5,2,3,7.5385,5.0,0,Home Win,0
2016,2,1,0.271107,6,2,1,12.0476,3.0,0,2,1.63167,21,8,9,8.5758,1.0,0,Away Win,2
2016,2,0,0.773628,8,1,1,6.7059,1.0,0,1,2.14631,16,5,7,5.2571,4.0,0,Away Win,2
2016,2,5,2.00611,8,6,5,15.8889,2.0,0,0,1.02749,13,2,9,7.56,1.0,0,Home Win,0
2016,2,1,1.13647,13,2,4,3.6286,4.0,0,1,0.851479,10,4,4,9.1304,6.0,0,Draw,1
2016,2,1,1.62501,10,5,7,13.9412,3.0,0,2,2.0648,14,6,8,8.6842,2.0,0,Away Win,2
2016,2,1,0.957971,13,3,6,18.52,1.0,0,3,1.27403,17,6,5,7.125,0.0,0,Away Win,2
2016,2,4,1.14579,20,7,5,12.9524,0.0,0,1,0.829091,12,4,6,10.6818,2.0,0,Home Win,0
2016,2,2,0.618731,6,4,3,17.9524,3.0,0,1,1.52955,18,7,7,6.5938,2.0,0,Home Win,0
2016,2,0,1.15396,20,8,7,7.1538,1.0,0,2,0.997,8,5,10,18.8095,1.0,1,Away Win,2
2016,2,1,2.77469,20,6,6,23.1765,1.0,0,1,0.902763,12,4,2,9.5,1.0,1,Draw,1
2016,2,1,1.07246,18,1,6,8.5417,3.0,0,2,0.814299,8,2,1,14.8667,1.0,0,Away Win,2
2016,2,2,2.36639,24,6,3,16.0526,0.0,0,0,0.206008,6,1,1,11.1613,1.0,0,Home Win,0
2016,2,0,1.24336,12,4,14,5.6842,6.0,0,1,2.24079,13,6,8,6.75,3.0,0,Away Win,2
2016,2,2,2.25385,20,8,6,10.1364,3.0,0,0,0.745747,13,3,6,15.2105,3.0,0,Home Win,0
2016,2,1,1.34431,14,4,10,9.4762,2.0,0,3,1.53335,12,5,2,6.625,2.0,0,Away Win,2
2016,2,1,2.10665,17,6,7,11.5185,2.0,0,1,1.24,11,3,5,6.375,2.0,0,Draw,1
2016,2,2,2.01903,19,7,9,6.2821,1.0,0,2,2.09324,13,5,6,11.5862,2.0,0,Draw,1
2016,2,1,1.02606,8,2,5,8.3913,2.0,0,0,0.613891,13,3,6,11.087,3.0,0,Home Win,0
2016,2,3,4.56809,22,6,11,9.1429,2.0,0,1,1.54732,10,3,7,11.5417,1.0,0,Home Win,0
2016,2,0,1.12297,16,4,9,6.5122,2.0,0,0,0.702152,9,2,5,9.3636,4.0,0,Draw,1
2016,2,0,0.396952,8,2,3,9.7368,3.0,0,2,0.620617,8,4,1,13.3043,2.0,0,Away Win,2
2016,2,1,0.953042,8,4,6,13.4762,2.0,0,5,2.29417,24,10,11,5.8966,0.0,0,Away Win,2
2016,2,1,0.475617,10,5,3,10.8462,2.0,0,1,0.819542,9,3,7,5.6667,2.0,0,Draw,1
2016,2,0,0.374856,9,3,1,11.3793,2.0,0,2,2.01601,13,6,6,8.7586,1.0,0,Away Win,2
2016,2,1,1.25976,22,4,6,10.52,3.0,0,2,1.73768,13,4,6,11.1852,2.0,0,Away Win,2
2016,2,3,3.04626,24,6,10,6.2857,0.0,0,1,0.290489,7,3,1,19.25,2.0,1,Home Win,0
2016,2,3,2.58116,19,7,7,6.0769,0.0,0,1,1.26255,10,4,2,13.5789,2.0,0,Home Win,0
2016,2,0,1.25058,16,1,8,6.5185,3.0,0,0,0.848716,9,1,9,4.48,1.0,0,Draw,1
2016,2,7,2.83767,13,8,6,10.8,3.0,0,1,0.82197,10,3,7,9.375,4.0,0,Home Win,0
2016,2,0,0.64108,13,5,7,8.5714,3.0,0,1,1.36613,11,1,7,8.0303,5.0,0,Away Win,2
2016,2,1,2.15582,26,9,8,7.55,2.0,0,0,1.87448,12,5,3,21.4,1.0,0,Home Win,0
2016,2,3,3.48367,15,6,10,3.8519,1.0,0,0,0.247221,6,2,2,46.3077,3.0,0,Home Win,0
2016,2,4,2.37494,13,9,2,11.3333,0.0,0,0,0.526966,13,4,6,10.1111,1.0,0,Home Win,0
2016,2,2,3.44756,24,12,10,9.44,3.0,0,1,0.78714,6,2,2,12.5926,4.0,1,Home Win,0
2016,2,0,0.70853,9,3,5,13.4583,2.0,0,3,2.40025,15,5,4,15.6875,3.0,0,Away Win,2
2016,2,0,0.642388,7,3,5,11.0,4.0,0,1,0.731228,13,4,2,10.6364,4.0,0,Away Win,2
2016,2,3,2.17289,23,5,6,7.5172,3.0,0,1,0.438121,6,2,2,14.95,1.0,0,Home Win,0
2016,2,1,0.517813,12,3,4,6.0,2.0,0,3,1.50196,10,6,3,9.0645,3.0,0,Away Win,2
2016,2,4,2.80483,18,5,8,10.1154,2.0,0,1,1.18396,11,4,3,10.3182,3.0,0,Home Win,0
2016,2,0,0.747159,11,1,2,13.069,1.0,0,1,2.82105,26,10,1,4.1818,1.0,0,Away Win,2
2016,2,1,1.89233,20,5,5,14.2143,1.0,0,0,0.300434,8,2,5,23.1667,2.0,0,Home Win,0
2016,2,2,1.12122,17,5,5,6.9394,1.0,0,2,1.75154,19,4,8,7.2,0.0,0,Draw,1
2016,2,0,0.455904,10,5,2,11.8333,1.0,0,1,1.97551,9,5,5,15.0476,1.0,0,Away Win,2
2016,2,0,0.138994,4,1,3,8.5667,3.0,0,0,0.885969,14,4,9,6.5862,2.0,0,Draw,1
2016,2,2,1.3559,10,4,2,11.9394,3.0,0,3,2.03736,12,6,1,11.25,4.0,0,Away Win,2
2016,2,4,2.53655,13,10,5,10.4167,3.0,0,1,0.479825,6,2,5,9.6667,2.0,1,Home Win,0
2016,2,3,2.49319,18,7,7,7.0345,2.0,0,0,0.304392,6,1,5,8.4615,2.0,0,Home Win,0
2016,2,3,2.39435,22,8,11,6.76,1.0,0,1,0.843526,9,4,7,12.3043,2.0,0,Home Win,0
2016,2,0,0.230489,8,4,3,19.8889,3.0,1,5,3.93791,22,13,7,6.56,1.0,0,Away Win,2
2016,2,1,0.783659,18,6,11,7.129,3.0,0,0,0.260932,5,1,1,11.72,2.0,0,Home Win,0
2016,2,1,1.4752,14,5,13,7.6296,3.0,0,3,1.59255,17,9,4,8.3462,1.0,0,Away Win,2
2016,2,1,1.02274,16,4,2,14.7273,2.0,0,2,0.815658,16,7,8,14.8947,2.0,0,Away Win,2
2016,2,2,1.32527,20,5,14,6.7879,0.0,0,0,0.50901,12,3,4,17.6875,1.0,0,Home Win,0
2016,2,1,1.3581,17,4,5,10.0909,1.0,0,1,0.468268,4,1,2,20.2778,0.0,0,Draw,1
2016,2,1,1.31718,9,3,2,12.7619,2.0,0,2,1.01814,12,4,3,8.2308,4.0,0,Away Win,2
2016,2,1,0.909616,8,3,5,12.1111,5.0,0,1,2.43524,26,5,7,4.6667,3.0,0,Draw,1
2016,2,1,1.85477,18,5,16,11.0435,2.0,0,2,2.38881,11,3,2,7.2667,0.0,0,Away Win,2
2016,2,2,2.3384,22,7,13,4.5769,1.0,0,2,2.18195,8,3,2,12.0417,3.0,0,Draw,1
2016,2,2,2.07439,17,6,10,12.65,1.0,0,0,0.448028,10,3,2,17.2381,2.0,0,Home Win,0
2016,2,2,0.816402,10,4,4,5.9767,2.0,0,2,1.50834,19,4,10,7.1176,1.0,0,Draw,1
2016,2,3,0.500072,10,4,7,17.1765,2.0,0,0,0.855251,13,3,5,6.0333,2.0,0,Home Win,0
2016,2,2,2.01501,12,7,3,13.3333,4.0,0,1,1.90585,17,4,7,4.15,2.0,0,Home Win,0
2016,2,0,1.13869,17,5,3,21.2,3.0,0,3,2.11338,12,7,4,14.4091,3.0,0,Away Win,2
2016,2,4,3.2201,14,10,8,10.6364,1.0,0,0,0.211395,8,2,5,11.6429,2.0,1,Home Win,0
2016,2,1,0.957,14,4,7,4.4706,2.0,0,1,1.9265,14,4,5,11.2727,3.0,0,Draw,1
2016,2,0,0.693578,13,4,6,12.9032,3.0,0,3,1.17911,11,5,5,9.7391,2.0,0,Away Win,2
2016,2,1,2.00136,18,7,11,4.1333,3.0,0,1,1.08328,4,2,2,7.7838,4.0,0,Draw,1
2016,2,2,1.53023,10,2,5,7.725,2.0,0,3,1.81261,13,5,2,7.4286,3.0,1,Away Win,2
2016,2,1,1.45462,21,5,11,9.2667,2.0,0,1,0.303399,6,1,3,13.5769,3.0,0,Draw,1
2016,2,0,1.2648,16,2,3,9.1579,4.0,0,0,0.59328,7,4,5,13.913,2.0,1,Draw,1
2016,2,4,2.8508,23,11,1,8.4444,2.0,0,0,1.39516,16,2,4,14.1053,2.0,0,Home Win,0
2016,2,1,2.66452,24,8,11,4.25,2.0,0,1,0.471117,8,1,5,18.6,3.0,0,Draw,1
2016,2,1,1.18615,18,7,8,7.9048,4.0,1,2,2.07354,11,5,7,16.35,5.0,0,Away Win,2
2016,2,0,0.17753,6,2,2,8.9111,4.0,0,2,2.39296,14,7,1,7.85,1.0,0,Away Win,2
2016,2,2,1.59986,13,6,7,13.5556,4.0,0,2,2.40716,20,6,7,6.4167,4.0,0,Draw,1
2016,2,2,1.51555,10,4,2,11.3571,3.0,0,2,1.64887,14,6,8,6.1481,2.0,0,Draw,1
2016,2,2,0.9903,8,3,11,9.8519,3.0,0,1,0.829293,13,3,6,10.0,2.0,0,Home Win,0
2016,2,3,1.50729,19,6,15,8.7826,0.0,0,0,0.417001,7,2,2,49.8,1.0,0,Home Win,0
2016,2,3,1.58238,5,3,3,12.8095,2.0,0,2,1.19908,12,6,3,6.7576,3.0,0,Home Win,0
2016,2,2,2.59075,17,6,7,13.16,1.0,0,1,1.08784,12,4,2,10.8421,1.0,0,Home Win,0
2016,2,1,1.65401,10,5,5,11.8,2.0,0,2,1.47185,13,6,9,14.6522,3.0,0,Away Win,2
2016,2,1,2.44994,28,12,10,6.0769,3.0,0,2,1.84101,11,7,4,13.1429,4.0,0,Away Win,2
2016,2,4,1.49756,18,4,4,9.125,0.0,0,0,0.449554,11,2,2,15.4615,1.0,0,Home Win,0
2016,2,5,2.33379,13,9,7,13.1304,3.0,0,4,1.58463,10,6,10,15.3333,1.0,0,Home Win,0
2016,2,2,0.996939,8,4,2,19.5238,3.0,0,2,2.68765,20,6,9,4.2432,1.0,0,Draw,1
2016,2,6,3.19271,17,7,5,10.72,1.0,0,2,0.602485,7,2,2,25.9286,1.0,0,Home Win,0
2016,2,1,2.35513,16,4,9,15.7826,2.0,0,4,2.85441,23,6,5,10.2941,0.0,0,Away Win,2
2016,2,1,0.974683,13,3,5,13.2273,1.0,0,3,1.22691,22,5,9,8.4762,1.0,0,Away Win,2
2016,2,1,1.48861,15,1,3,6.2222,1.0,0,2,0.391693,8,2,4,14.75,2.0,1,Away Win,2
2016,2,2,0.569668,10,2,1,39.1111,2.0,0,0,1.0708,13,3,9,7.7857,2.0,1,Home Win,0
2016,2,2,2.20698,14,7,7,14.84,3.0,0,2,1.38915,16,8,10,5.9,2.0,0,Draw,1
2016,2,1,1.61422,12,6,8,7.5,0.0,1,3,1.87267,14,7,5,11.5,4.0,0,Away Win,2
2016,2,1,0.522385,12,3,6,10.3077,3.0,0,1,2.17357,13,7,11,4.12,1.0,1,Draw,1
2016,2,0,0.380576,14,3,8,14.619,2.0,0,1,1.58536,16,4,4,13.9524,2.0,0,Away Win,2
2016,2,1,1.39112,15,4,3,6.8065,1.0,0,0,1.12404,14,8,5,9.2581,4.0,0,Home Win,0
2016,2,1,1.91369,25,5,4,8.4,1.0,0,1,0.496861,7,4,3,14.65,2.0,0,Draw,1
2016,2,1,2.32036,18,9,12,5.0294,2.0,0,3,1.89742,11,6,4,11.8333,3.0,0,Away Win,2
2016,2,4,1.46503,11,6,5,20.9167,1.0,0,0,0.584582,6,2,10,10.9474,3.0,0,Home Win,0
2016,2,1,1.03938,12,4,3,6.439,4.0,0,1,0.823184,9,3,5,7.3333,3.0,0,Draw,1
2016,2,3,2.15034,20,8,5,7.2273,1.0,0,1,0.128693,6,3,1,6.9655,2.0,0,Home Win,0
2016,2,3,2.69734,28,9,7,10.0,1.0,0,1,0.587871,8,3,2,46.1818,0.0,0,Home Win,0
2016,2,0,0.723682,10,2,5,6.44,3.0,1,1,0.468848,12,3,6,10.25,2.0,0,Away Win,2
2016,2,2,2.09332,12,8,10,5.0,5.0,0,2,2.06362,13,6,6,5.8966,2.0,1,Draw,1
2016,2,1,1.25833,10,5,4,20.0,4.0,0,0,1.33836,10,4,3,5.3636,2.0,1,Home Win,0
2016,2,1,0.874929,5,2,5,8.0833,3.0,0,1,1.26666,15,5,7,12.08,3.0,0,Draw,1
2016,2,1,0.950471,13,2,9,13.4444,4.0,1,4,3.28109,24,10,7,17.6429,1.0,0,Away Win,2
2016,2,7,4.24325,19,11,11,10.4412,0.0,0,3,1.71959,8,7,2,20.1429,1.0,1,Home Win,0
2016,2,1,3.08964,22,5,12,6.0714,3.0,0,1,0.340017,9,2,1,14.65,2.0,1,Draw,1
2016,2,1,1.12832,12,3,5,5.1622,2.0,0,1,0.218127,7,1,1,15.7368,4.0,0,Draw,1
2016,2,3,2.54479,15,6,1,10.8696,2.0,0,2,1.76599,12,3,5,7.0541,2.0,0,Home Win,0
2016,2,1,0.831425,10,3,3,20.0,1.0,0,0,1.69579,13,3,9,8.4737,1.0,0,Home Win,0
2016,2,3,1.67476,14,7,5,14.5263,3.0,0,1,1.13058,16,5,6,12.375,2.0,0,Home Win,0
2016,2,3,1.47066,18,9,4,13.2,2.0,0,2,0.869153,14,5,6,9.6667,3.0,0,Home Win,0
2016,2,1,1.66609,14,7,10,12.1538,2.0,0,1,0.957626,13,4,5,13.0,1.0,0,Draw,1
2016,2,0,0.375792,10,1,2,19.9048,2.0,0,5,2.32753,15,6,7,11.0714,1.0,0,Away Win,2
2016,2,3,1.61797,14,7,9,7.4074,2.0,0,1,0.959527,15,4,5,8.7941,2.0,0,Home Win,0
2016,2,1,1.17353,23,7,15,6.0,3.0,0,2,2.16401,12,4,2,10.3478,1.0,0,Away Win,2
2016,2,1,0.905799,11,7,4,15.0625,2.0,0,0,1.30692,13,4,8,7.5294,2.0,0,Home Win,0
2016,2,0,0.782484,8,3,6,14.1429,3.0,0,1,1.28253,13,5,5,8.6957,2.0,0,Away Win,2
2016,2,3,2.81515,23,6,10,13.625,2.0,0,0,0.271153,7,0,3,22.5,2.0,0,Home Win,0
2016,2,6,1.95344,13,8,4,5.9722,1.0,0,2,0.506734,14,6,10,8.5172,5.0,0,Home Win,0
2016,2,3,1.53587,18,7,9,6.875,1.0,0,0,0.261461,9,2,2,13.6296,1.0,0,Home Win,0
2016,2,4,4.33743,20,9,5,15.0,2.0,0,1,0.640954,15,5,6,20.5882,1.0,0,Home Win,0
2016,2,1,1.14821,7,1,6,11.2083,2.0,2,3,1.58862,9,3,6,12.8696,2.0,0,Away Win,2
2016,2,2,1.76092,12,4,2,11.5,2.0,0,0,0.662548,12,3,2,15.125,0.0,0,Home Win,0
2016,2,3,1.84761,11,4,3,26.8462,2.0,0,5,2.03489,19,11,6,10.8571,0.0,0,Away Win,2
2016,2,1,0.801765,12,3,6,33.8462,1.0,2,1,0.950522,8,4,5,7.0588,2.0,1,Draw,1
2016,2,2,2.03205,8,4,4,8.3871,2.0,0,1,0.261487,4,1,5,6.0333,5.0,0,Home Win,0
2016,2,1,1.44277,14,6,6,6.6857,1.0,0,0,0.726317,6,3,5,19.7,0.0,0,Home Win,0
2016,2,2,1.21155,10,5,0,12.375,3.0,0,1,1.89886,17,4,7,5.9688,4.0,0,Home Win,0
2016,2,3,3.76779,25,7,6,10.8667,2.0,0,2,1.55082,13,4,2,28.9231,0.0,0,Home Win,0
2016,2,1,0.367473,9,2,3,14.0769,3.0,0,2,2.48111,17,7,10,13.1875,1.0,0,Away Win,2
2016,2,3,0.993998,11,5,3,11.52,3.0,0,1,1.09216,10,3,5,9.1053,3.0,1,Home Win,0
2016,2,2,2.33678,17,9,6,14.0526,3.0,0,1,2.4428,18,7,6,5.5517,1.0,1,Home Win,0
2016,2,2,1.19571,13,2,5,17.4815,1.0,0,4,1.84052,22,7,10,6.4375,0.0,0,Away Win,2
2016,2,2,2.34729,24,8,6,6.3103,2.0,1,2,1.61468,15,5,10,12.7143,1.0,0,Draw,1
2016,2,5,2.54324,16,9,6,13.1579,2.0,0,3,3.45582,21,7,10,7.6522,0.0,0,Home Win,0
2016,2,5,3.44437,17,6,6,10.7391,2.0,0,2,2.68963,17,4,7,31.5833,1.0,0,Home Win,0
2016,3,1,0.696302,11,3,1,19.2414,2.0,0,2,0.60487,13,5,11,3.7222,2.0,0,Away Win,2
2016,3,1,2.02155,15,5,7,7.2222,1.0,0,0,0.522735,14,3,3,5.975,0.0,0,Home Win,0
2016,3,1,1.13564,11,3,5,3.4545,2.0,0,0,0.666936,11,1,3,8.2703,1.0,1,Home Win,0
2016,3,0,0.45179,10,2,4,8.1905,2.0,0,2,1.89483,13,3,4,16.8,4.0,0,Away Win,2
2016,3,1,0.683532,9,5,3,6.9706,3.0,1,2,2.86037,22,8,5,6.6087,1.0,0,Away Win,2
2016,3,0,0.802235,8,2,4,13.24,1.0,0,0,1.26715,14,4,6,3.8571,1.0,0,Draw,1
2016,3,3,3.05773,17,7,3,4.4762,1.0,0,0,0.617185,4,3,3,15.1905,2.0,1,Home Win,0
2016,3,3,2.20774,16,9,7,11.3478,0.0,0,1,1.18956,7,3,3,12.8182,2.0,0,Home Win,0
2016,3,0,0.489561,12,5,5,7.9211,1.0,0,0,0.407808,9,3,5,8.4231,1.0,0,Draw,1
2016,3,0,0.621137,12,2,3,5.0857,2.0,0,1,0.416066,8,1,2,5.9375,1.0,0,Away Win,2
2016,3,2,1.47923,14,5,7,4.4222,3.0,0,1,0.793259,5,2,4,13.0,3.0,1,Home Win,0
2016,3,1,1.51608,11,5,5,7.0345,2.0,0,2,2.03309,11,5,6,13.4,2.0,0,Away Win,2
2016,3,3,1.41586,15,7,1,7.1923,0.0,0,1,0.491104,11,3,6,5.7,2.0,0,Home Win,0
2016,3,1,0.740585,11,4,2,14.04,4.0,0,2,0.664364,13,4,7,6.1667,1.0,0,Away Win,2
2016,3,1,1.55993,10,4,3,7.1667,2.0,0,6,3.27302,14,7,4,5.1429,4.0,0,Away Win,2
2016,3,2,1.53578,12,3,9,5.5676,0.0,0,3,1.90101,12,7,5,9.3333,0.0,0,Away Win,2
2016,3,2,0.618883,11,4,6,24.9375,0.0,0,1,0.529186,11,2,4,6.3571,2.0,0,Home Win,0
2016,3,1,0.681513,9,1,2,12.9167,2.0,0,1,1.16864,13,4,4,5.76,1.0,0,Draw,1
2016,3,1,1.0957,11,3,4,6.5143,0.0,0,0,0.258906,5,0,3,2.122,3.0,0,Home Win,0
2016,3,1,1.1942,12,2,6,9.1923,4.0,0,0,0.620852,12,2,6,7.5926,3.0,0,Home Win,0
2016,3,4,2.43327,22,7,3,7.1,2.0,0,0,0.895123,13,2,6,9.3784,2.0,0,Home Win,0
2016,3,1,1.20803,12,4,8,7.25,1.0,0,1,0.933229,7,3,3,11.7931,1.0,0,Draw,1
2016,3,3,1.86188,11,3,3,16.1111,1.0,0,0,0.546023,14,4,8,12.8,1.0,0,Home Win,0
2016,3,1,0.810684,8,2,1,5.6429,2.0,0,0,0.523057,13,4,3,8.76,2.0,0,Home Win,0
2016,3,1,3.12438,11,4,5,5.1563,1.0,0,0,0.0680623,2,1,2,6.05,3.0,0,Home Win,0
2016,3,3,1.59519,15,7,2,9.8333,3.0,0,2,2.32944,19,4,4,12.4375,2.0,0,Home Win,0
2016,3,2,2.40111,15,6,8,4.9048,2.0,0,0,0.250504,4,0,2,22.2353,4.0,0,Home Win,0
2016,3,2,1.63564,8,4,6,6.55,1.0,0,0,0.427462,10,6,2,5.3636,3.0,0,Home Win,0
2016,3,3,2.54416,17,7,7,6.8571,2.0,0,0,0.632868,9,3,6,9.5217,1.0,0,Home Win,0
2016,3,2,1.93475,15,8,0,10.4242,2.0,0,1,0.746753,13,4,12,5.36,2.0,0,Home Win,0
2016,3,0,1.39703,15,0,3,3.4444,2.0,0,3,1.4821,11,5,6,11.4231,2.0,0,Away Win,2
2016,3,0,0.436757,8,0,2,12.8125,2.0,0,2,1.89105,17,5,4,4.4286,1.0,0,Away Win,2
2016,3,0,1.06174,16,6,9,9.6522,2.0,0,1,1.32359,12,3,3,17.55,2.0,0,Away Win,2
2016,3,2,1.20548,14,3,2,10.1154,1.0,0,0,0.577284,5,2,2,11.0,2.0,0,Home Win,0
2016,3,2,2.33121,13,7,4,9.5227,3.0,0,1,0.874317,14,7,5,11.5294,2.0,0,Home Win,0
2016,3,2,0.928509,12,6,7,8.6667,1.0,0,1,1.74238,12,5,1,12.2,1.0,0,Home Win,0
2016,3,1,1.44908,12,4,2,5.7188,3.0,0,3,3.27707,20,10,4,6.8056,1.0,0,Away Win,2
2016,3,0,2.1199,15,6,4,7.1852,4.0,1,2,1.37301,14,11,5,13.1875,0.0,1,Away Win,2
2016,3,2,1.73239,14,5,4,8.5357,3.0,0,0,0.316848,7,4,2,13.2593,4.0,0,Home Win,0
2016,3,0,0.855557,13,5,7,4.2188,3.0,0,2,0.560453,8,4,6,16.1111,4.0,0,Away Win,2
2016,3,1,0.925318,11,2,3,16.4,2.0,0,1,1.28308,16,7,4,6.9048,3.0,0,Draw,1
2016,3,3,2.5227,24,10,9,6.6667,2.0,0,0,0.213682,6,3,2,26.6429,1.0,0,Home Win,0
2016,3,2,1.63591,6,4,7,9.6087,3.0,0,2,0.940296,12,3,5,13.6154,2.0,0,Draw,1
2016,3,1,1.38933,12,3,8,6.3929,4.0,0,2,0.75509,9,5,3,10.3571,3.0,0,Away Win,2
2016,3,1,0.302197,8,4,5,8.4286,2.0,0,1,1.77578,12,4,0,11.1071,3.0,0,Draw,1
2016,3,1,2.1184,27,6,13,4.8621,1.0,0,2,1.05277,7,3,1,26.1667,3.0,0,Away Win,2
2016,3,1,0.680607,5,2,1,6.0968,1.0,0,2,1.81789,18,3,1,7.4474,0.0,0,Away Win,2
2016,3,3,0.94132,13,5,3,6.119,1.0,0,1,0.696948,5,1,0,10.1429,4.0,0,Home Win,0
2016,3,0,0.318406,7,3,5,19.2105,1.0,0,3,5.0778,27,10,3,4.9706,0.0,0,Away Win,2
2016,3,0,1.00907,12,3,9,1.8974,1.0,0,2,1.36951,11,5,8,7.3913,3.0,0,Away Win,2
2016,3,8,3.61743,18,12,4,5.6538,0.0,0,0,0.228928,5,1,4,21.4783,1.0,0,Home Win,0
2016,3,2,0.743606,6,4,3,9.4783,2.0,0,0,0.550767,8,2,6,9.1389,2.0,1,Home Win,0
2016,3,0,0.876174,14,3,6,7.1379,2.0,0,2,1.15857,10,4,4,11.4737,0.0,0,Away Win,2
2016,3,1,0.282474,7,2,6,11.4167,0.0,0,1,0.907791,14,4,3,9.5517,2.0,0,Draw,1
2016,3,2,0.825387,7,2,1,8.1389,4.0,0,2,1.38005,12,5,6,4.4783,2.0,0,Draw,1
2016,3,1,0.943015,10,2,4,11.2,0.0,0,1,0.753265,7,5,6,14.1,0.0,0,Draw,1
2016,3,0,0.184391,6,2,2,17.2273,0.0,0,3,1.609,20,8,9,5.6522,2.0,0,Away Win,2
2016,3,2,1.99892,9,4,2,11.0476,1.0,0,0,1.68003,15,3,7,4.4286,1.0,0,Home Win,0
2016,3,5,2.00625,17,12,3,4.6774,2.0,0,2,0.755565,8,4,6,7.2558,2.0,0,Home Win,0
2016,3,6,4.87346,20,12,7,13.8333,0.0,0,2,0.634697,12,3,3,7.8919,6.0,0,Home Win,0
2016,3,4,3.02164,19,7,3,20.2083,0.0,0,2,1.29836,8,2,2,6.6053,4.0,0,Home Win,0
2016,3,1,1.72726,15,3,12,9.5862,2.0,0,2,1.64187,10,3,1,12.2,1.0,0,Away Win,2
2016,3,1,0.696504,9,3,5,9.5152,1.0,0,0,0.385743,8,1,2,6.9655,2.0,0,Home Win,0
2016,3,1,1.64424,12,7,4,11.8929,0.0,1,1,0.977419,11,3,3,10.8529,2.0,0,Draw,1
2016,3,3,2.93121,16,7,3,4.5,2.0,0,0,0.753534,10,4,2,19.8333,3.0,0,Home Win,0
2016,3,2,1.66213,11,5,5,8.6667,3.0,1,1,1.29857,13,6,11,4.8214,2.0,1,Home Win,0
2016,3,1,1.14554,6,4,6,15.04,2.0,0,1,1.59538,23,7,6,11.1818,2.0,0,Draw,1
2016,3,0,0.594929,11,6,7,4.6829,3.0,0,1,1.70049,15,5,3,10.3214,4.0,0,Away Win,2
2016,3,2,1.73774,16,5,4,21.6842,2.0,0,1,1.08133,18,2,8,5.9048,4.0,0,Home Win,0
2016,3,2,1.42995,26,9,11,4.4545,4.0,0,2,1.28155,7,2,0,5.7619,3.0,0,Draw,1
2016,3,3,3.76518,25,7,7,5.9167,3.0,0,0,1.05335,9,3,4,14.2,0.0,0,Home Win,0
2016,3,2,1.4575,17,6,8,9.8333,1.0,0,1,1.31382,7,3,4,4.5,2.0,0,Home Win,0
2016,3,1,0.574065,10,2,4,6.2105,1.0,0,0,1.37608,14,2,2,5.9118,3.0,0,Home Win,0
2016,3,1,2.27784,20,4,6,8.2,2.0,0,0,0.745708,6,1,4,9.9688,3.0,0,Home Win,0
2016,3,4,1.0584,7,6,2,14.0,2.0,0,2,1.69998,8,6,9,10.125,3.0,0,Home Win,0
2016,3,1,1.13915,15,3,3,5.7105,2.0,0,1,1.03907,7,3,1,7.1034,2.0,0,Draw,1
2016,3,3,1.39387,9,4,4,10.04,2.0,0,0,0.689398,7,2,5,5.8824,1.0,0,Home Win,0
2016,3,1,1.75958,13,4,2,9.5,1.0,0,0,0.992443,16,7,7,15.2667,1.0,0,Home Win,0
2016,3,0,1.03591,7,1,4,3.4138,1.0,0,0,0.134726,5,0,7,4.6786,1.0,0,Draw,1
2016,3,0,0.645262,18,5,10,9.3636,2.0,0,1,1.04603,9,5,4,4.9318,4.0,0,Away Win,2
2016,3,0,0.75605,14,1,5,26.875,0.0,0,1,2.21621,19,6,4,7.1071,2.0,0,Away Win,2
2016,3,1,0.269789,5,3,0,12.6667,2.0,1,3,3.16527,28,8,8,7.8214,1.0,0,Away Win,2
2016,3,2,1.36149,14,4,5,5.2727,2.0,0,1,1.13052,7,1,1,7.0,3.0,0,Home Win,0
2016,3,6,3.67736,21,8,5,5.5,0.0,0,0,0.186673,6,2,1,29.75,2.0,0,Home Win,0
2016,3,1,0.578624,9,3,9,13.2273,1.0,0,1,0.916317,7,2,4,6.8667,2.0,0,Draw,1
2016,3,2,1.76818,13,4,5,11.5333,2.0,0,5,1.03239,11,7,5,20.2941,1.0,0,Away Win,2
2016,3,4,4.00225,25,10,10,5.325,1.0,0,0,1.05189,11,1,4,14.0952,2.0,1,Home Win,0
2016,3,0,2.70815,15,4,10,5.0,4.0,0,0,0.205804,6,1,1,19.3,2.0,1,Draw,1
2016,3,2,1.5092,12,5,4,6.7143,4.0,0,1,0.767112,10,1,4,3.7692,3.0,0,Home Win,0
2016,3,3,0.779828,8,5,2,11.9,1.0,0,3,1.79787,18,9,10,6.2857,2.0,0,Draw,1
2016,3,3,3.96885,17,10,6,7.5,1.0,0,0,1.01065,16,6,4,11.2222,3.0,0,Home Win,0
2016,3,1,0.731269,5,1,0,12.2188,0.0,0,0,0.651039,12,2,5,3.6579,2.0,0,Home Win,0
2016,3,3,2.02275,11,6,4,17.0952,0.0,0,0,0.731092,15,3,3,7.1786,2.0,0,Home Win,0
2016,3,1,0.972676,14,4,7,11.0,0.0,0,0,1.89107,21,6,9,5.0526,1.0,0,Home Win,0
2016,3,0,0.548735,13,2,3,9.3636,0.0,0,2,2.05324,14,7,8,9.5,2.0,0,Away Win,2
2016,3,2,1.36168,13,5,3,5.7917,3.0,0,3,1.76551,13,6,5,7.1795,2.0,0,Away Win,2
2016,3,2,2.90081,18,3,8,7.5,6.0,1,3,1.62551,15,7,3,5.2963,4.0,0,Away Win,2
2016,3,0,1.9679,17,4,6,4.4242,0.0,0,1,0.859006,16,5,3,18.75,1.0,0,Away Win,2
2016,3,1,1.82471,22,7,8,9.5217,1.0,0,0,0.863378,12,2,4,21.6,1.0,0,Home Win,0
2016,3,2,2.5197,16,7,4,4.1538,2.0,0,2,0.550904,8,4,1,14.1923,2.0,0,Draw,1
2016,3,1,0.937258,7,3,1,8.7333,0.0,0,0,0.851206,9,3,6,5.8519,3.0,0,Home Win,0
2016,3,1,1.51489,14,5,8,6.8621,0.0,1,0,0.629889,14,3,2,10.0714,1.0,0,Home Win,0
2016,3,4,1.64298,12,7,5,11.8571,1.0,0,1,1.59019,18,1,1,14.3478,2.0,0,Home Win,0
2016,3,2,0.968922,9,2,5,14.8214,2.0,0,3,0.615319,16,7,6,4.5556,2.0,0,Away Win,2
2016,3,2,0.920754,12,6,8,5.375,4.0,0,1,1.40908,12,4,4,3.75,4.0,0,Home Win,0
2016,3,4,1.9556,18,6,6,5.3333,2.0,0,1,0.696828,9,3,3,21.4583,3.0,0,Home Win,0
2016,3,2,1.87729,18,8,7,9.6207,1.0,0,0,0.668736,5,0,0,9.7647,2.0,0,Home Win,0
2016,3,3,3.65862,23,10,5,5.3103,1.0,1,2,0.980139,10,5,2,16.0,0.0,1,Home Win,0
2016,3,3,2.56997,15,7,4,5.44,0.0,0,1,0.981383,9,2,1,7.7907,0.0,0,Home Win,0
2016,3,0,0.380752,9,2,1,18.9545,1.0,1,0,2.14432,21,6,4,4.3333,0.0,0,Draw,1
2016,3,2,1.74435,13,5,4,5.8276,3.0,0,1,0.695911,6,4,3,6.8529,1.0,0,Home Win,0
2016,3,2,1.48412,11,5,2,11.3704,5.0,0,1,2.79502,26,8,9,4.4737,3.0,1,Home Win,0
2016,3,2,1.08513,7,6,2,7.9737,2.0,2,1,1.39565,12,0,8,4.3,3.0,0,Home Win,0
2016,3,1,1.02606,17,3,7,6.9394,1.0,0,0,0.261043,6,2,3,10.4211,3.0,0,Home Win,0
2016,3,3,1.60835,9,6,2,8.1667,2.0,0,0,0.155444,6,3,4,9.3333,3.0,0,Home Win,0
2016,3,4,1.19051,13,6,6,6.3529,1.0,0,0,0.690412,11,2,0,13.3478,2.0,0,Home Win,0
2016,3,5,2.0053,16,9,5,23.1333,2.0,0,3,2.23834,10,4,1,8.4722,4.0,0,Home Win,0
2016,3,2,0.916519,20,7,14,4.84,1.0,0,2,1.75151,10,5,2,31.7692,1.0,0,Draw,1
2016,3,2,0.855144,7,3,2,18.7727,2.0,0,3,1.94133,12,6,4,14.9524,3.0,0,Away Win,2
2016,3,1,1.14997,13,6,9,5.1538,3.0,0,2,1.31693,9,4,6,6.8462,2.0,0,Away Win,2
2016,3,1,1.18729,12,6,6,11.6071,2.0,0,1,1.16684,11,6,4,7.8571,0.0,0,Draw,1
2016,3,1,1.98048,14,5,5,17.6875,3.0,0,0,1.57197,10,2,2,15.1579,5.0,0,Home Win,0
2016,3,1,0.768932,11,1,5,10.1364,3.0,0,1,0.73343,9,1,5,7.1613,2.0,0,Draw,1
2016,3,3,2.01622,20,7,4,3.6452,2.0,0,1,0.793224,10,4,2,18.4091,1.0,0,Home Win,0
2016,3,2,2.2262,15,5,9,7.5926,3.0,0,4,2.20579,10,5,2,10.5,2.0,0,Away Win,2
2016,3,2,1.0518,11,5,5,12.5357,2.0,0,1,1.14702,11,4,5,7.8,2.0,0,Home Win,0
2016,3,0,2.67669,23,4,9,4.3103,2.0,0,0,0.275427,5,0,0,26.6154,2.0,0,Draw,1
2016,3,3,1.61424,15,4,7,15.55,2.0,0,0,1.11673,9,4,6,8.8947,0.0,0,Home Win,0
2016,3,2,1.83478,9,4,2,18.95,1.0,0,0,0.761313,10,2,2,7.9706,1.0,0,Home Win,0
2016,3,0,1.50493,15,3,5,2.963,3.0,0,0,0.593622,6,0,3,7.3429,4.0,1,Draw,1
2016,3,1,0.595004,8,1,3,3.6563,0.0,0,0,0.172208,4,2,4,12.6364,3.0,0,Home Win,0
2016,3,4,2.14215,17,9,4,5.0952,1.0,0,0,0.294926,9,4,4,7.72,4.0,0,Home Win,0
2016,3,0,0.364748,7,3,4,23.3529,0.0,1,6,2.26407,17,9,4,8.8846,0.0,0,Away Win,2
2016,3,1,2.1399,17,8,8,7.2,1.0,0,2,1.22816,13,5,3,13.8824,1.0,0,Away Win,2
2016,3,1,1.26441,13,4,2,10.4667,3.0,0,4,2.46126,12,8,3,9.0,0.0,0,Away Win,2
2016,3,0,1.14243,7,2,2,8.9667,1.0,0,2,1.41291,7,3,4,21.7857,2.0,0,Away Win,2
2016,3,2,2.48307,13,5,2,17.7826,0.0,0,0,0.422559,14,3,4,5.8649,2.0,0,Home Win,0
2016,3,1,2.4342,23,8,13,10.6429,1.0,0,0,1.1907,13,3,7,18.2778,1.0,0,Home Win,0
2016,3,2,2.58723,11,4,6,13.2069,4.0,0,1,1.03413,10,5,2,8.7273,2.0,0,Home Win,0
2016,3,1,1.36962,18,5,3,8.05,2.0,0,1,1.5852,11,4,5,14.8571,2.0,0,Draw,1
2016,3,1,0.23152,6,1,3,10.6071,3.0,0,4,2.56445,14,8,8,5.9268,3.0,0,Away Win,2
2016,3,4,2.86367,15,9,5,10.8571,0.0,0,3,1.59994,11,4,1,8.7895,2.0,0,Home Win,0
2016,3,0,0.327514,6,2,5,3.6842,2.0,0,0,1.37521,13,6,3,4.2174,1.0,0,Draw,1
2016,3,1,0.432267,8,2,7,9.3333,1.0,0,1,1.38231,12,6,6,11.3333,3.0,0,Draw,1
2016,3,2,2.64929,27,9,7,4.1212,0.0,0,2,0.970487,7,4,3,9.1667,2.0,0,Draw,1
2016,3,1,1.23798,12,1,5,7.3043,3.0,0,1,1.82811,18,4,7,6.2903,1.0,0,Draw,1
2016,3,4,1.77492,21,8,7,5.3333,4.0,0,2,1.64384,6,4,0,11.5238,4.0,0,Home Win,0
2016,3,1,1.26549,12,5,3,24.9286,3.0,0,1,1.65365,14,6,7,8.2188,1.0,0,Draw,1
2016,3,1,1.27027,5,3,2,16.2593,2.0,0,1,1.7547,16,5,3,5.8824,1.0,0,Draw,1
2016,3,3,1.44786,16,7,10,9.1389,1.0,0,5,1.01187,16,9,4,15.0,1.0,0,Away Win,2
2016,3,0,0.754449,11,2,4,8.3333,3.0,0,2,1.58846,16,5,6,11.4167,0.0,0,Away Win,2
2016,3,1,1.27196,11,4,4,4.4615,2.0,0,1,1.89065,23,9,3,3.9545,3.0,0,Draw,1
2016,3,4,2.0471,11,6,2,17.5,1.0,0,5,3.61687,20,9,6,8.3462,5.0,0,Away Win,2
2016,3,4,4.35162,28,11,9,5.7,4.0,0,3,1.6445,11,5,3,16.8,3.0,0,Home Win,0
2016,3,2,1.97938,18,10,5,7.2857,1.0,0,2,0.597895,14,5,3,17.7826,0.0,0,Draw,1
2016,3,2,3.7783,14,5,3,7.6098,3.0,0,6,4.4212,16,11,6,7.9189,1.0,0,Away Win,2
2016,3,2,1.29204,16,4,7,8.2069,2.0,0,0,0.141602,5,0,5,7.6957,1.0,0,Home Win,0
2016,3,2,0.566862,6,3,2,3.6,4.0,0,1,0.872557,12,5,8,4.6667,3.0,0,Home Win,0
2016,3,1,2.6011,18,8,6,7.2059,1.0,0,1,1.13122,9,3,6,16.8182,1.0,1,Draw,1
2016,3,0,0.825898,19,9,5,4.3636,2.0,0,0,0.264815,8,2,4,31.5625,1.0,0,Draw,1
2016,3,2,2.26092,17,3,4,7.1333,1.0,0,2,1.38077,7,5,3,6.4286,2.0,0,Draw,1
2016,3,4,3.93385,33,11,15,7.16,1.0,0,1,1.52892,19,8,7,19.4706,0.0,0,Home Win,0
2016,4,1,1.51212,14,4,2,9.8519,1.0,0,1,0.521167,13,3,8,13.7647,1.0,1,Draw,1
2016,4,5,4.18059,23,13,9,7.4848,1.0,0,0,0.415223,3,1,1,35.7273,4.0,0,Home Win,0
2016,4,0,0.647669,13,2,5,4.5641,2.0,0,2,1.08182,8,4,3,12.7368,2.0,0,Away Win,2
2016,4,1,2.50535,16,10,8,6.4286,2.0,0,0,0.715563,10,2,3,7.413,3.0,0,Home Win,0
2016,4,0,0.437028,11,5,7,6.8529,2.0,0,4,1.78204,11,10,4,10.3333,3.0,0,Away Win,2
2016,4,0,1.15744,15,4,13,5.2647,2.0,0,0,0.825588,11,4,4,16.2941,4.0,0,Draw,1
2016,4,2,1.4196,16,3,4,7.1538,2.0,0,0,0.345675,9,3,2,9.0455,6.0,0,Home Win,0
2016,4,3,1.81695,6,3,2,12.3333,1.0,0,1,0.713817,12,4,7,7.6765,4.0,0,Home Win,0
2016,4,1,0.358089,6,3,2,15.1905,1.0,1,1,1.07063,20,7,4,7.6818,2.0,0,Draw,1
2016,4,3,1.80424,22,4,7,5.0,2.0,0,3,1.45062,7,3,3,8.1364,5.0,0,Draw,1
2016,4,0,1.61086,15,5,4,8.1111,3.0,0,0,0.319775,10,2,8,5.25,3.0,0,Draw,1
2016,4,5,3.95422,22,10,5,6.0278,3.0,0,0,0.406868,7,1,1,17.8421,4.0,0,Home Win,0
2016,4,1,0.880766,6,3,9,7.8,1.0,0,0,0.429648,10,6,2,6.8,3.0,0,Home Win,0
2016,4,0,0.523704,13,3,10,16.35,0.0,0,0,0.144553,4,1,0,17.2941,1.0,0,Draw,1
2016,4,2,1.85655,10,5,6,6.425,5.0,0,1,0.92331,6,3,3,11.2917,0.0,0,Home Win,0
2016,4,1,1.4187,13,4,7,4.875,4.0,0,0,0.558191,9,1,4,12.4118,3.0,1,Home Win,0
2016,4,2,0.451995,10,4,2,6.5,4.0,0,3,2.47656,19,8,4,6.5667,0.0,0,Away Win,2
2016,4,1,1.66163,10,5,3,4.9565,2.0,2,1,1.16305,15,4,5,5.6,4.0,0,Draw,1
2016,4,2,0.452252,9,4,6,7.7879,3.0,0,1,2.0699,10,3,1,12.0357,1.0,0,Home Win,0
2016,4,0,0.67373,5,1,8,9.6333,0.0,0,2,0.927504,11,5,8,6.5217,2.0,0,Away Win,2
2016,4,1,0.510785,9,3,4,12.8571,0.0,1,1,0.329111,7,1,5,15.2,1.0,0,Draw,1
2016,4,3,0.833841,16,8,10,5.2927,0.0,0,1,0.280737,6,4,5,8.2121,3.0,0,Home Win,0
2016,4,2,1.98978,14,7,5,11.5263,2.0,0,1,0.399232,10,6,4,11.3548,3.0,0,Home Win,0
2016,4,2,1.00747,8,3,4,9.3,3.0,0,2,0.448681,13,4,3,7.8286,2.0,0,Draw,1
2016,4,0,1.21498,20,5,7,9.1304,2.0,0,2,1.46798,13,5,2,11.7857,2.0,0,Away Win,2
2016,4,3,0.612007,14,7,3,7.5313,5.0,0,4,1.16612,13,9,6,9.3,3.0,0,Away Win,2
2016,4,2,0.67787,8,5,2,8.8095,2.0,0,2,0.577363,11,5,6,10.1379,3.0,0,Draw,1
2016,4,0,1.22587,16,4,9,7.3,2.0,0,0,0.725506,7,1,5,8.2105,2.0,0,Draw,1
2016,4,0,0.730002,14,6,8,8.561,3.0,0,4,2.43993,14,7,5,14.0,1.0,0,Away Win,2
2016,4,1,1.37408,17,6,4,6.8571,2.0,0,0,0.664992,11,5,3,12.3182,2.0,0,Home Win,0
2016,4,1,0.814611,14,2,4,9.4762,1.0,0,1,1.86933,14,5,6,5.95,0.0,0,Draw,1
2016,4,2,2.4514,18,6,7,5.2727,3.0,0,0,0.317825,7,0,4,19.8947,2.0,0,Home Win,0
2016,4,0,1.25495,19,4,7,5.3214,3.0,0,0,0.320877,8,2,2,7.5946,2.0,0,Draw,1
2016,4,3,1.44709,12,6,9,10.2222,0.0,0,1,1.03408,20,7,10,5.3684,2.0,0,Home Win,0
2016,4,0,0.665632,6,0,8,5.1613,1.0,0,2,0.831373,3,3,0,7.3043,1.0,0,Away Win,2
2016,4,1,1.31719,17,7,8,12.24,2.0,0,1,1.12935,10,4,2,4.6087,3.0,0,Draw,1
2016,4,3,2.12021,16,8,7,12.5769,2.0,0,1,1.12576,12,5,4,9.3,2.0,1,Home Win,0
2016,4,2,2.01155,11,6,5,7.6,4.0,0,1,0.989558,5,3,0,9.069,3.0,0,Home Win,0
2016,4,3,1.06592,7,4,0,9.3548,2.0,0,0,0.250453,9,3,3,8.6071,1.0,1,Home Win,0
2016,4,3,0.864443,9,4,6,6.1935,1.0,0,1,0.984988,8,3,3,15.4583,3.0,1,Home Win,0
2016,4,1,0.901276,17,6,4,10.5185,4.0,1,4,3.64315,13,8,6,18.4118,2.0,0,Away Win,2
2016,4,2,1.10417,12,4,8,4.0968,7.0,0,4,3.304,14,7,4,8.48,3.0,0,Away Win,2
2016,4,3,1.54919,16,6,7,8.7407,1.0,0,0,0.733014,10,5,3,7.9487,3.0,0,Home Win,0
2016,4,1,1.42173,15,5,6,5.8214,4.0,0,1,0.569912,5,3,4,6.6897,7.0,0,Draw,1
2016,4,0,0.870776,8,1,2,10.75,2.0,1,4,1.2508,11,7,6,6.6,1.0,0,Away Win,2
2016,4,1,0.545986,12,4,6,7.1556,5.0,0,0,0.797005,15,5,5,4.5714,3.0,0,Home Win,0
2016,4,0,1.67146,14,4,9,8.7273,2.0,0,0,0.999917,11,4,0,19.3529,2.0,0,Draw,1
2016,4,0,1.46513,19,5,17,5.1429,1.0,0,1,0.115172,4,3,2,11.0833,4.0,0,Away Win,2
2016,4,3,1.00374,13,6,3,5.5185,2.0,0,2,0.985019,11,5,2,7.1935,2.0,0,Home Win,0
2016,4,2,1.8677,12,4,3,8.0,1.0,0,0,0.725425,15,2,6,9.8182,1.0,0,Home Win,0
2016,4,1,0.891933,11,8,3,18.3636,3.0,0,3,2.36434,12,6,2,5.88,2.0,0,Away Win,2
2016,4,0,0.421338,9,3,4,3.8077,3.0,0,2,0.172436,4,2,3,7.12,6.0,1,Away Win,2
2016,4,0,0.907655,9,4,3,15.2308,1.0,0,6,2.96499,21,9,9,7.4762,3.0,0,Away Win,2
2016,4,2,1.73424,13,5,3,11.1739,1.0,0,1,0.584147,8,3,2,9.913,2.0,0,Home Win,0
2016,4,0,1.51524,16,2,4,8.6667,4.0,0,0,0.291369,8,4,6,8.1667,3.0,0,Draw,1
2016,4,4,4.09351,25,9,7,5.3448,2.0,0,0,0.67033,13,3,8,8.7727,2.0,0,Home Win,0
2016,4,0,0.841648,15,7,1,7.4848,2.0,0,1,1.41556,12,3,4,7.9143,4.0,0,Away Win,2
2016,4,1,1.12992,12,5,9,5.8621,0.0,1,1,0.439488,11,5,9,9.24,5.0,0,Draw,1
2016,4,1,0.287829,7,2,5,9.6786,3.0,0,2,0.957027,15,5,6,7.0385,2.0,0,Away Win,2
2016,4,3,2.48076,16,5,3,9.4828,1.0,0,2,1.47065,14,6,3,6.5833,2.0,0,Home Win,0
2016,4,3,1.31171,11,4,3,5.1379,1.0,0,0,0.476623,8,3,5,11.68,0.0,0,Home Win,0
2016,4,2,2.60098,13,6,4,6.2692,1.0,0,1,0.840213,11,6,4,23.0,3.0,0,Home Win,0
2016,4,0,1.57995,16,4,10,6.5,5.0,0,1,1.33904,6,4,6,17.6,3.0,0,Away Win,2
2016,4,2,1.47536,15,5,3,6.8438,0.0,0,0,1.2272,15,5,1,10.8485,1.0,0,Home Win,0
2016,4,4,1.56422,10,8,4,8.75,4.0,1,1,0.249724,6,2,7,7.2857,1.0,1,Home Win,0
2016,4,2,1.81525,11,5,5,7.55,2.0,0,0,0.317281,11,3,2,6.8108,3.0,0,Home Win,0
2016,4,2,2.39662,13,6,2,7.1613,3.0,1,1,0.574955,13,4,6,8.6667,3.0,0,Home Win,0
2016,4,0,0.993635,16,0,7,7.7143,2.0,0,1,0.998736,7,3,4,16.8125,4.0,0,Away Win,2
2016,4,2,1.2723,13,3,13,5.7,3.0,0,0,0.070793,3,1,2,22.3529,4.0,0,Home Win,0
2016,4,1,1.62573,15,2,12,6.8378,1.0,0,4,2.49836,11,6,3,10.08,1.0,0,Away Win,2
2016,4,2,0.832853,8,5,3,18.8125,5.0,0,1,0.99003,22,5,11,4.5,2.0,0,Home Win,0
2016,4,3,2.0636,19,6,10,4.7143,1.0,0,0,0.134311,4,1,2,16.3478,4.0,1,Home Win,0
2016,4,1,0.775423,13,4,6,6.9762,4.0,0,2,1.82536,15,6,5,4.85,2.0,0,Away Win,2
2016,4,1,0.552998,14,4,4,6.1724,3.0,0,2,1.94867,13,4,4,5.5,3.0,0,Away Win,2
2016,4,3,1.72074,14,7,0,10.3333,1.0,0,1,0.520455,7,2,3,7.3571,5.0,0,Home Win,0
2016,4,2,1.33101,13,5,2,11.7188,4.0,0,1,0.634332,5,2,1,8.931,2.0,1,Home Win,0
2016,4,4,0.743759,7,5,2,5.2,2.0,0,0,1.13768,11,3,7,7.2963,5.0,1,Home Win,0
2016,4,1,2.32319,20,6,7,9.7586,2.0,1,1,1.18161,16,6,5,6.1176,4.0,0,Draw,1
2016,4,2,1.12868,11,4,5,23.0,4.0,0,3,3.35567,25,6,5,20.2667,1.0,0,Away Win,2
2016,4,0,1.71708,18,7,6,9.3636,2.0,0,1,0.900432,9,2,1,9.0,2.0,0,Away Win,2
2016,4,3,1.80008,8,4,2,7.381,2.0,0,0,0.136305,4,2,2,10.2174,4.0,1,Home Win,0
2016,4,3,3.09385,20,7,7,9.7895,4.0,1,3,2.1904,17,8,4,10.7273,3.0,0,Draw,1
2016,4,1,2.04719,17,3,8,10.4815,3.0,0,4,2.12981,12,6,2,7.9444,3.0,0,Away Win,2
2016,4,6,2.99036,25,10,10,3.7778,1.0,0,1,1.07573,5,2,3,17.9474,3.0,0,Home Win,0
2016,4,2,0.725904,8,4,1,9.2581,2.0,1,2,0.46046,8,2,3,17.8824,2.0,0,Draw,1
2016,4,1,1.23691,13,2,7,12.4211,2.0,0,1,0.370998,10,4,2,6.5333,1.0,0,Draw,1
2016,4,1,1.90734,16,6,7,8.6071,3.0,0,0,0.0399313,3,0,3,6.5,2.0,1,Home Win,0
2016,4,2,0.737167,13,6,4,4.3864,6.0,0,1,1.09303,11,5,4,6.0909,4.0,2,Home Win,0
2016,4,1,1.76475,14,4,6,8.125,6.0,0,0,0.514869,14,4,9,4.8889,2.0,0,Home Win,0
2016,4,1,1.00658,15,4,7,6.24,3.0,0,2,1.35901,11,5,5,8.64,5.0,0,Away Win,2
2016,4,2,1.97746,14,7,3,9.5,3.0,1,2,0.677011,12,4,5,9.7778,4.0,1,Draw,1
2016,4,2,1.62938,11,6,1,12.5,2.0,0,0,0.841776,8,2,1,11.7037,2.0,0,Home Win,0
2016,4,0,0.924431,9,2,6,11.4286,4.0,0,1,1.62631,7,3,4,8.8696,5.0,0,Away Win,2
2016,4,3,1.757,18,8,6,11.2727,1.0,0,0,0.315344,6,1,2,9.7391,2.0,0,Home Win,0
2016,4,1,2.11012,16,4,7,4.0,3.0,0,0,0.0529013,1,1,4,7.2581,2.0,0,Home Win,0
2016,4,1,2.42054,18,4,2,8.5625,2.0,0,1,0.532506,9,1,2,6.0,5.0,0,Draw,1
2016,4,1,1.51926,15,3,8,5.9,3.0,0,0,0.786509,8,2,2,13.875,5.0,0,Home Win,0
2016,4,2,1.0855,12,5,7,9.88,4.0,0,3,0.586888,9,6,6,4.9459,2.0,0,Away Win,2
2016,4,1,1.2014,13,2,4,13.3889,1.0,0,4,2.0593,12,7,4,8.15,1.0,0,Away Win,2
2016,4,5,1.52118,16,8,5,9.9231,4.0,0,2,1.30591,10,4,1,12.4286,4.0,0,Home Win,0
2016,4,5,2.8423,19,9,10,9.75,1.0,0,0,0.71755,7,2,1,11.125,3.0,0,Home Win,0
2016,4,2,1.38936,14,9,4,25.1667,2.0,0,1,1.50728,16,5,8,6.0455,0.0,0,Home Win,0
2016,4,0,0.543405,12,2,4,7.0,3.0,1,1,1.63235,15,6,9,5.1935,3.0,0,Away Win,2
2016,4,1,1.35316,12,4,4,6.2273,2.0,0,1,0.871554,12,4,1,7.8293,3.0,0,Draw,1
2016,4,0,0.651635,16,4,8,6.45,3.0,0,2,1.90097,9,5,3,5.6829,6.0,0,Away Win,2
2016,4,2,1.00957,14,4,8,5.2963,1.0,0,1,0.465085,9,4,4,13.1667,0.0,1,Home Win,0
2016,4,1,1.29637,10,6,6,7.28,4.0,0,1,0.993742,14,7,6,4.0,4.0,0,Draw,1
2016,4,4,1.66149,12,6,2,12.1563,2.0,0,3,1.21087,14,5,5,6.7241,4.0,0,Home Win,0
2016,4,0,0.5028,12,1,4,12.1429,4.0,0,1,0.795635,8,4,3,19.8,5.0,0,Away Win,2
2016,4,1,1.50045,15,9,5,7.2593,2.0,0,2,0.625695,4,2,3,12.7895,1.0,1,Away Win,2
2016,4,1,2.10881,20,8,7,6.1538,3.0,0,1,0.926125,10,4,9,7.4737,5.0,0,Draw,1
2016,4,1,0.917886,17,4,6,4.4516,2.0,0,1,0.229115,4,1,2,15.0,4.0,0,Draw,1
2016,4,1,1.57565,19,10,8,9.4348,2.0,0,0,0.339418,8,3,5,18.9375,2.0,1,Home Win,0
2016,4,0,0.806674,9,2,3,7.7241,4.0,0,1,0.868296,9,2,1,8.8947,4.0,0,Away Win,2
2016,4,2,1.90646,11,5,5,12.2632,0.0,0,0,0.670991,13,5,0,12.8261,3.0,0,Home Win,0
2016,4,1,1.96298,12,5,5,7.7143,1.0,0,2,2.09036,9,4,5,8.8696,4.0,0,Away Win,2
2016,4,0,0.767247,13,2,6,9.0,4.0,0,0,0.380419,8,1,7,5.75,2.0,0,Draw,1
2016,4,3,2.48581,15,8,2,11.3929,4.0,0,1,0.499596,9,2,2,10.8667,3.0,0,Home Win,0
2016,4,3,2.97883,15,11,6,8.6,2.0,0,1,1.16888,12,5,3,7.3043,4.0,0,Home Win,0
2016,4,4,4.18605,28,12,6,6.1111,3.0,0,2,1.02269,6,5,3,18.375,4.0,1,Home Win,0
2016,4,1,2.12281,10,5,5,15.1429,3.0,0,0,0.418478,11,2,8,5.7895,3.0,1,Home Win,0
2016,4,3,1.54447,18,6,3,6.4583,0.0,0,0,1.16793,12,3,3,10.8276,2.0,0,Home Win,0
2016,4,3,1.45999,14,8,3,9.8519,3.0,0,0,1.54959,13,5,6,9.96,1.0,0,Home Win,0
2016,4,0,0.96799,18,6,9,4.0,3.0,0,0,0.26865,8,2,5,8.1143,4.0,0,Draw,1
2016,4,0,0.844668,21,5,6,6.5769,2.0,0,2,1.05742,7,6,0,17.4286,2.0,0,Away Win,2
2016,4,1,1.53494,14,5,7,5.0345,2.0,0,1,0.391696,6,3,0,22.0526,3.0,0,Draw,1
2016,4,1,0.536243,8,6,6,7.9615,4.0,0,2,1.34566,9,4,3,6.5278,2.0,0,Away Win,2
2016,4,2,0.434253,8,5,4,11.5,3.0,0,1,1.18318,10,3,4,9.36,2.0,0,Home Win,0
2016,4,2,1.21195,15,7,11,8.3333,4.0,0,3,1.99175,14,4,5,9.0385,3.0,0,Away Win,2
2016,4,3,1.96679,13,6,4,9.9722,3.0,0,1,0.943845,12,5,6,7.92,3.0,0,Home Win,0
2016,4,1,0.513727,7,5,1,12.4615,1.0,1,4,3.20394,26,13,9,5.48,3.0,0,Away Win,2
2016,4,3,1.84235,11,6,9,7.0,2.0,0,1,0.811517,8,6,2,10.0,5.0,0,Home Win,0
2016,4,0,0.752025,16,3,5,7.3333,2.0,0,1,1.45363,6,2,2,9.0,2.0,0,Away Win,2
2016,4,3,2.06746,15,10,6,12.1818,1.0,0,2,1.68539,12,3,2,10.0,1.0,0,Home Win,0
2016,4,1,2.8366,20,8,6,9.9,0.0,0,0,0.354952,10,1,4,4.8889,4.0,0,Home Win,0
2016,4,2,1.67468,14,3,4,12.6875,2.0,0,4,2.43202,18,8,4,7.0,1.0,0,Away Win,2
2016,4,0,0.640826,15,3,5,4.3056,5.0,0,1,0.59864,7,6,1,12.7742,1.0,0,Away Win,2
2016,4,2,2.30916,13,5,5,6.1714,1.0,0,0,0.406301,5,2,1,14.6957,3.0,0,Home Win,0
2016,4,3,1.12667,15,7,4,8.7273,4.0,0,0,0.706087,7,3,4,10.6897,2.0,1,Home Win,0
2016,4,0,0.809443,14,5,7,9.2222,2.0,0,1,0.556202,11,3,1,9.2143,5.0,0,Away Win,2
2016,4,0,1.34824,12,3,6,6.1154,1.0,0,0,0.409132,10,2,3,12.9286,4.0,0,Draw,1
2016,4,0,0.626267,12,3,0,6.7391,1.0,0,2,0.521772,11,6,3,8.8788,3.0,0,Away Win,2
2016,4,1,1.35497,20,6,6,5.4242,2.0,0,1,1.08371,10,4,2,14.6957,3.0,0,Draw,1
2016,4,3,1.98867,20,7,7,5.3667,1.0,0,1,0.399035,10,3,4,10.7407,5.0,0,Home Win,0
2016,4,2,1.26059,8,4,2,9.3824,4.0,0,0,1.18346,11,3,3,4.2368,3.0,1,Home Win,0
2016,4,4,3.09093,19,13,4,4.1944,3.0,0,2,0.521612,9,4,2,8.72,3.0,0,Home Win,0
2016,4,2,1.58295,11,6,4,6.2143,3.0,0,1,1.40274,17,2,8,6.0,4.0,0,Home Win,0
2016,4,3,1.58988,10,5,4,9.0909,6.0,1,1,0.771423,11,5,5,8.7188,3.0,0,Home Win,0
2016,4,1,1.24148,15,6,5,8.8333,3.0,0,0,0.345434,9,0,3,7.2727,3.0,0,Home Win,0
2016,4,1,0.726489,21,5,5,12.2857,2.0,0,3,2.25028,17,8,2,14.5238,2.0,0,Away Win,2
2016,4,4,2.25513,9,6,2,8.0385,3.0,0,1,1.01656,13,5,6,8.1316,4.0,0,Home Win,0
2016,4,0,0.764084,14,3,4,11.2813,3.0,0,0,0.73681,10,2,2,7.7857,2.0,0,Draw,1
2016,4,2,0.309059,6,4,4,11.0909,4.0,0,0,0.431666,10,3,6,4.5556,4.0,0,Home Win,0
2016,4,3,2.86312,19,8,5,12.0455,1.0,0,0,0.117168,3,0,2,11.0,5.0,0,Home Win,0
2016,4,2,0.4652,4,2,4,14.1429,5.0,0,3,1.66979,18,6,8,3.9375,1.0,0,Away Win,2
2016,4,3,3.1445,16,9,5,10.12,3.0,0,2,1.33399,14,7,4,8.0625,2.0,0,Home Win,0
2016,4,2,0.97862,10,4,1,13.0,3.0,0,0,0.284772,11,3,4,7.087,4.0,0,Home Win,0
2016,4,2,1.31518,11,5,5,17.0588,2.0,0,1,1.33363,11,5,11,7.4839,4.0,0,Home Win,0
2016,4,5,3.27145,18,7,14,5.7966,1.0,0,1,0.665833,8,3,5,26.4286,2.0,0,Home Win,0
2016,4,0,0.936087,17,4,8,12.5,5.0,0,3,1.79036,15,4,1,5.7742,2.0,0,Away Win,2
2016,4,0,0.544707,13,5,5,5.2391,1.0,0,1,0.584488,7,2,1,6.9583,1.0,0,Away Win,2
2016,4,1,0.969015,14,3,3,7.55,4.0,1,1,0.488145,12,5,9,8.9722,1.0,0,Draw,1
2016,4,0,0.67659,8,4,5,12.3182,3.0,0,1,1.41484,17,6,6,6.6216,5.0,0,Away Win,2
2016,4,2,2.89974,22,14,7,10.5667,2.0,1,3,2.06086,16,9,4,8.0833,2.0,0,Away Win,2
2016,4,1,0.940566,17,3,11,7.0667,1.0,0,0,0.299326,5,1,1,8.52,3.0,0,Home Win,0
2016,4,2,0.795145,7,1,1,8.2963,3.0,0,2,2.22378,12,4,5,7.2381,4.0,0,Draw,1
2016,4,2,1.05969,10,4,7,6.5758,3.0,0,0,1.36814,13,2,6,12.2381,3.0,0,Home Win,0
2016,4,2,3.39839,28,12,7,5.7895,1.0,0,0,0.596929,9,2,2,30.0833,2.0,0,Home Win,0
2016,4,0,0.249566,7,2,5,7.0357,4.0,1,1,0.448314,9,3,5,7.9444,2.0,0,Away Win,2
2016,4,0,0.810026,10,2,5,8.069,3.0,0,1,0.868074,13,3,3,10.3462,2.0,0,Away Win,2
2016,4,2,0.763096,11,5,3,15.0909,1.0,0,1,0.747073,8,4,8,8.9091,3.0,0,Home Win,0
2016,4,7,3.74562,19,9,10,6.4286,0.0,0,1,0.096291,3,2,1,32.6,0.0,0,Home Win,0
2016,4,0,0.0912526,3,1,2,12.4,5.0,0,2,1.24601,17,6,4,10.0,0.0,0,Away Win,2
2016,4,2,2.32672,14,3,2,9.8889,4.0,0,3,1.68807,8,2,3,8.9524,3.0,0,Away Win,2
2016,4,2,1.39884,19,7,4,8.9286,3.0,0,6,4.95101,22,11,5,10.1667,1.0,0,Away Win,2
2016,4,1,0.552443,16,6,7,9.6667,1.0,0,1,1.71263,14,5,2,16.0625,2.0,0,Draw,1
2016,4,0,1.32237,23,9,5,6.9474,2.0,0,1,0.857961,6,2,1,9.0435,6.0,0,Away Win,2
2016,4,3,2.5676,16,5,6,7.5,1.0,0,0,0.116739,7,0,3,8.6364,0.0,0,Home Win,0
2016,4,0,1.61616,14,4,3,8.125,4.0,0,0,0.164559,6,4,2,17.05,2.0,1,Draw,1
2016,4,2,2.56597,18,9,11,10.8696,1.0,0,1,1.04653,9,3,1,9.913,3.0,0,Home Win,0
2016,4,2,2.31049,16,5,5,5.4667,1.0,0,1,1.17988,10,1,1,16.3529,2.0,1,Home Win,0
2016,4,0,0.531541,6,3,4,11.9643,3.0,0,3,1.82376,15,9,5,4.5455,0.0,0,Away Win,2
2016,4,4,1.44919,11,5,1,9.9583,3.0,0,2,1.55824,9,4,3,4.4054,5.0,0,Home Win,0
2016,4,2,2.10139,13,5,7,9.037,0.0,0,1,0.589329,6,4,1,10.8696,3.0,0,Home Win,0
2016,4,2,2.41841,20,5,2,10.6,3.0,0,1,0.973391,9,2,3,19.7333,4.0,0,Home Win,0
2016,4,2,1.45216,16,5,7,11.5263,2.0,0,2,1.56321,15,5,7,6.6154,3.0,0,Draw,1
2016,4,3,3.91003,19,6,4,8.5,2.0,0,1,1.03449,14,7,7,14.5238,1.0,0,Home Win,0
2016,4,0,0.530853,15,3,7,19.3684,4.0,1,5,2.6956,8,7,1,10.5806,4.0,0,Away Win,2
2016,4,2,1.08114,9,5,2,12.6316,1.0,0,0,0.893755,12,1,11,9.0,1.0,0,Home Win,0
2016,4,0,0.231412,5,0,0,9.4615,1.0,0,3,2.1267,22,12,11,13.1739,1.0,0,Away Win,2
2016,4,1,0.615113,11,3,4,6.5172,1.0,0,4,2.54109,9,5,0,9.963,5.0,0,Away Win,2
2016,4,4,3.26258,20,8,4,4.9756,2.0,0,1,1.17809,9,4,3,23.6875,4.0,0,Home Win,0
2016,4,1,1.0447,11,3,10,7.2188,4.0,0,1,0.908736,9,3,3,9.8,3.0,1,Draw,1
2016,4,0,0.798168,13,3,6,16.9167,1.0,0,4,4.01875,16,8,3,16.0526,0.0,0,Away Win,2
2016,4,4,3.01483,19,8,9,6.4828,3.0,0,1,0.841795,9,4,2,23.6667,2.0,0,Home Win,0
2016,4,1,1.58012,21,5,12,9.95,1.0,0,2,1.116,9,3,4,11.4167,2.0,0,Away Win,2
2016,4,1,1.55328,16,3,5,7.4318,4.0,0,0,0.298784,8,2,4,6.5769,3.0,0,Home Win,0
2016,4,1,1.30492,14,5,6,10.6667,3.0,1,0,0.286692,8,3,5,9.2414,3.0,0,Home Win,0
2016,4,4,1.63794,6,4,2,11.2083,3.0,0,0,0.596654,13,3,2,7.5,0.0,0,Home Win,0
2016,4,1,0.327836,9,3,3,8.28,1.0,0,0,1.07917,20,6,10,5.1667,4.0,0,Home Win,0
2016,4,3,2.20858,14,8,2,13.9583,2.0,0,0,0.582102,5,2,1,6.7222,4.0,0,Home Win,0
2016,4,1,0.614019,11,5,3,24.2941,0.0,0,4,1.60991,11,5,6,10.4545,1.0,0,Away Win,2
2016,4,4,1.89661,14,7,4,10.0333,4.0,0,1,0.878236,11,6,5,12.3636,2.0,0,Home Win,0
2016,4,2,2.1534,19,7,8,11.5455,1.0,0,1,0.823768,9,3,3,10.0,3.0,0,Home Win,0
2016,4,0,1.59622,16,3,7,9.963,0.0,0,1,0.481694,9,3,2,9.9259,4.0,0,Away Win,2
2016,4,0,1.5957,21,4,11,5.5556,2.0,0,0,0.0795451,3,1,3,12.2105,4.0,0,Draw,1
2016,4,0,0.516325,10,2,5,5.3462,2.0,0,1,1.13134,11,4,6,8.64,2.0,0,Away Win,2
2016,4,1,0.489181,13,5,3,8.7143,4.0,0,1,0.156793,5,2,5,10.7931,4.0,0,Draw,1
2016,4,1,1.40486,16,6,10,9.9524,2.0,0,1,0.533837,6,2,1,11.32,7.0,0,Draw,1
2016,4,3,1.45961,12,5,4,14.8261,1.0,0,1,1.54197,15,4,4,5.7586,3.0,0,Home Win,0
2016,4,2,1.85706,16,4,9,11.5,1.0,0,2,1.08273,9,4,3,12.15,2.0,0,Draw,1
2016,4,4,4.7816,18,11,10,5.7143,1.0,0,2,0.8164,6,4,4,12.7037,2.0,1,Home Win,0
2016,4,1,1.48798,16,5,9,10.3478,2.0,0,3,0.932558,14,6,0,9.1111,2.0,0,Away Win,2
2016,4,1,0.649902,16,7,3,15.9565,0.0,0,2,0.761851,5,2,3,18.7143,3.0,0,Away Win,2
2016,4,5,2.2749,18,7,1,5.4667,3.0,0,0,0.240405,5,2,1,23.4286,1.0,0,Home Win,0
2016,4,0,1.16006,22,6,9,12.913,2.0,0,2,2.55304,16,8,7,18.8,0.0,0,Away Win,2
2016,4,1,0.666963,15,4,8,14.9444,0.0,0,1,1.44228,17,5,4,12.7368,1.0,0,Draw,1
2016,4,3,3.08909,12,4,2,18.25,2.0,0,1,1.00363,16,1,5,6.8125,0.0,0,Home Win,0
2016,4,2,1.27001,11,5,2,8.6207,0.0,0,2,2.14979,21,9,3,11.3636,2.0,0,Draw,1
2016,4,3,1.56248,9,5,0,12.8077,4.0,0,0,0.990264,13,4,9,6.5758,2.0,1,Home Win,0
2016,4,2,1.30693,13,5,3,10.8889,2.0,0,2,1.43204,18,8,7,11.04,1.0,0,Draw,1
2016,5,1,1.35102,21,8,6,7.3667,0.0,0,1,0.469664,8,3,4,15.85,3.0,0,Draw,1
2016,5,0,0.381715,12,1,5,12.5806,0.0,0,1,0.757739,9,4,2,12.0,2.0,0,Away Win,2
2016,5,1,1.00063,24,3,14,13.7,0.0,0,1,0.952638,6,2,5,16.0,0.0,0,Draw,1
2016,5,0,0.875912,15,4,7,4.8966,1.0,0,1,0.721535,8,1,3,9.2,3.0,0,Away Win,2
2016,5,1,0.445787,7,3,2,9.75,4.0,0,1,1.23347,8,1,3,10.1,3.0,0,Draw,1
2016,5,1,2.04745,15,4,6,7.0,2.0,0,0,0.829962,11,2,5,12.1429,0.0,1,Home Win,0
2016,5,3,2.30164,16,5,3,9.0952,2.0,0,1,0.829481,12,7,6,10.75,3.0,0,Home Win,0
2016,5,0,0.537228,13,2,3,5.8621,2.0,0,0,0.983495,15,3,4,13.8077,1.0,0,Draw,1
2016,5,3,1.77199,12,5,7,6.9535,3.0,0,2,2.07985,16,5,5,2.9474,3.0,0,Home Win,0
2016,5,1,1.56833,8,3,11,12.2273,1.0,0,4,2.1894,14,9,6,21.5556,1.0,0,Away Win,2
2016,5,1,1.13456,11,2,0,12.575,1.0,1,1,1.49991,17,5,4,7.95,0.0,0,Draw,1
2016,5,0,0.728342,8,0,6,8.5385,2.0,0,2,1.97617,15,5,5,9.4,1.0,0,Away Win,2
2016,5,1,1.92684,15,6,5,9.4839,3.0,0,0,0.672166,6,2,6,7.4615,2.0,1,Home Win,0
2016,5,1,1.25686,15,4,4,4.4286,2.0,0,1,0.234038,7,3,1,11.2609,2.0,1,Draw,1
2016,5,2,1.25494,6,4,4,7.8148,1.0,0,0,1.09603,15,4,8,10.68,2.0,0,Home Win,0
2016,5,0,1.21244,19,4,10,5.3404,2.0,0,0,0.693361,11,3,7,15.6111,2.0,0,Draw,1
2016,5,1,2.30809,22,10,6,8.303,2.0,0,0,0.317713,8,6,4,4.3256,1.0,1,Home Win,0
2016,5,4,2.50542,16,8,3,9.7,1.0,0,0,0.202056,6,3,6,11.9091,1.0,0,Home Win,0
2016,5,2,1.33784,12,4,6,7.1379,2.0,0,1,1.06557,16,5,3,21.2857,3.0,0,Home Win,0
2016,5,3,1.98362,20,8,6,5.1176,1.0,0,1,0.923398,10,4,8,9.4,2.0,0,Home Win,0
2016,5,1,0.612197,7,1,3,6.7037,3.0,0,1,1.1526,10,3,2,7.1852,1.0,0,Draw,1
2016,5,2,2.97467,19,10,10,7.2143,0.0,0,1,0.169215,3,0,1,22.8,0.0,2,Home Win,0
2016,5,0,0.67863,13,3,3,7.2857,2.0,1,3,3.16214,20,6,3,4.8788,4.0,0,Away Win,2
2016,5,1,1.0684,11,3,4,10.8,2.0,0,1,2.08952,18,5,9,8.2917,2.0,0,Draw,1
2016,5,0,1.02531,11,1,6,7.4242,0.0,0,2,1.11632,9,3,8,15.625,2.0,0,Away Win,2
2016,5,2,2.64697,15,6,2,4.7333,4.0,0,3,1.50632,5,4,2,18.4706,3.0,0,Away Win,2
2016,5,3,1.64493,9,4,3,11.75,3.0,0,1,0.890076,13,4,7,10.697,3.0,0,Home Win,0
2016,5,5,3.57029,17,9,7,9.4762,1.0,0,1,0.852527,19,9,5,18.7619,1.0,1,Home Win,0
2016,5,1,1.93973,13,6,4,3.4359,1.0,0,2,1.63684,9,4,1,13.08,3.0,0,Away Win,2
2016,5,1,1.34725,11,4,4,7.3704,0.0,0,1,0.567186,14,7,13,13.1538,1.0,0,Draw,1
2016,5,2,1.50077,13,6,8,11.1429,2.0,1,0,1.44291,12,4,3,2.8649,2.0,2,Home Win,0
2016,5,1,1.25163,9,2,1,16.9474,1.0,0,1,1.60641,17,5,7,8.8261,1.0,0,Draw,1
2016,5,0,0.520617,15,3,5,12.45,1.0,0,1,1.85321,12,5,3,13.12,1.0,0,Away Win,2
2016,5,2,1.61454,13,5,2,8.7143,3.0,0,1,0.902962,15,2,4,9.8889,1.0,1,Home Win,0
2016,5,1,0.30456,7,1,2,22.3333,1.0,0,3,2.9385,21,8,9,6.4,2.0,0,Away Win,2
2016,5,4,2.59217,15,8,4,6.4242,2.0,0,0,0.43468,12,3,5,5.1724,4.0,0,Home Win,0
2016,5,3,1.86607,14,7,4,8.8636,1.0,0,0,1.28992,11,1,4,8.4211,1.0,0,Home Win,0
2016,5,0,0.90967,14,3,9,4.8333,2.0,1,2,0.423067,8,3,5,11.7778,1.0,1,Away Win,2
2016,5,0,1.04587,13,4,9,6.2917,1.0,0,1,1.02871,10,2,1,13.0,2.0,0,Away Win,2
2016,5,1,0.533257,9,3,0,15.8421,1.0,0,0,0.413869,11,2,7,3.5417,3.0,0,Home Win,0
2016,5,1,0.431062,10,5,9,7.8182,2.0,0,1,1.14622,12,4,4,9.125,2.0,0,Draw,1
2016,5,1,1.18513,11,2,6,6.0606,1.0,0,2,1.44159,11,5,3,6.6154,1.0,1,Away Win,2
2016,5,1,1.48828,14,5,2,9.4737,1.0,0,0,0.405161,10,2,6,14.2143,3.0,0,Home Win,0
2016,5,2,1.77041,20,5,4,7.1667,2.0,0,0,0.741991,6,1,4,13.7083,1.0,0,Home Win,0
2016,5,4,3.17148,19,6,8,5.0,1.0,0,0,0.320627,7,2,3,20.9412,1.0,0,Home Win,0
2016,5,2,2.8525,20,7,9,4.8148,1.0,0,1,0.317243,4,3,1,38.2308,3.0,0,Home Win,0
2016,5,2,1.73586,6,2,3,33.5,3.0,1,2,1.8348,13,3,7,6.25,1.0,0,Draw,1
2016,5,0,1.2211,12,2,6,8.6,2.0,0,0,0.628585,9,3,9,11.65,1.0,1,Draw,1
2016,5,0,0.549758,4,1,3,8.2121,1.0,0,4,1.81917,13,4,2,6.2308,1.0,0,Away Win,2
2016,5,2,1.70583,13,3,3,11.5,1.0,0,1,0.903103,12,5,1,8.4545,2.0,1,Home Win,0
2016,5,0,0.919617,15,3,5,12.2857,3.0,0,3,1.68431,10,5,2,11.0435,2.0,0,Away Win,2
2016,5,4,2.30427,11,5,4,5.3953,0.0,0,0,0.175945,5,2,2,21.25,0.0,0,Home Win,0
2016,5,0,0.930204,14,4,3,14.8125,0.0,0,3,1.0688,8,5,2,15.8125,1.0,0,Away Win,2
2016,5,1,1.05994,16,4,4,4.9667,1.0,1,2,1.0852,14,5,3,9.75,2.0,0,Away Win,2
2016,5,2,1.0632,8,3,2,7.0323,1.0,0,0,1.79181,12,5,5,8.7419,0.0,0,Home Win,0
2016,5,4,2.60558,18,7,7,8.2963,3.0,0,1,1.28147,12,4,3,15.7273,1.0,2,Home Win,0
2016,5,2,1.51754,14,6,6,17.4516,1.0,0,2,0.892946,6,3,0,8.7727,2.0,0,Draw,1
2016,5,5,2.37565,26,13,8,9.6316,1.0,0,0,0.332997,5,1,3,26.6154,3.0,0,Home Win,0
2016,5,3,2.35358,15,7,8,12.7308,1.0,0,2,1.07429,11,3,7,7.5294,1.0,0,Home Win,0
2016,5,2,1.3139,7,2,1,8.931,2.0,0,1,1.65117,15,5,11,4.2333,2.0,0,Home Win,0
2016,5,0,1.14696,16,5,5,10.8485,3.0,0,1,0.42579,5,4,1,17.1667,2.0,1,Away Win,2
2016,5,3,2.51269,21,7,5,6.8621,2.0,0,0,0.851591,14,4,6,11.1538,2.0,1,Home Win,0
2016,5,2,1.44407,17,4,4,8.9524,1.0,0,1,0.371081,7,4,5,10.5135,0.0,1,Home Win,0
2016,5,2,0.746708,11,5,3,6.8571,1.0,0,0,0.226219,8,1,5,18.9444,0.0,0,Home Win,0
2016,5,4,5.08781,33,13,9,11.7059,1.0,0,2,0.339918,8,3,2,13.6071,4.0,0,Home Win,0
2016,5,0,1.19449,14,3,7,3.5833,1.0,0,0,0.117021,3,1,2,17.48,3.0,0,Draw,1
2016,5,1,0.63905,9,3,3,21.25,2.0,0,1,1.23642,16,4,8,7.0952,0.0,0,Draw,1
2016,5,1,1.28764,14,5,7,22.0,0.0,0,0,0.695219,8,1,3,21.3333,1.0,0,Home Win,0
2016,5,0,0.486319,15,3,3,9.5862,1.0,0,1,0.319981,7,3,3,13.0588,1.0,1,Away Win,2
2016,5,1,1.34597,10,1,4,7.5385,1.0,0,1,0.469828,9,4,8,6.8636,4.0,0,Draw,1
2016,5,0,0.625172,9,2,5,8.3889,2.0,0,0,1.24905,10,4,6,7.7,3.0,0,Draw,1
2016,5,0,0.790358,12,1,5,5.4286,0.0,0,1,0.793246,10,3,2,12.6154,2.0,0,Away Win,2
2016,5,2,0.91954,7,2,3,6.2258,4.0,2,3,1.95309,14,9,3,10.3793,2.0,0,Away Win,2
2016,5,2,1.12386,12,4,1,8.8611,2.0,0,1,1.25788,11,1,3,21.6842,0.0,0,Home Win,0
2016,5,1,0.772502,12,3,4,13.1071,1.0,0,5,3.52241,20,13,7,14.3636,1.0,0,Away Win,2
2016,5,5,3.37742,27,7,10,6.0909,1.0,0,0,0.387516,9,2,1,24.2,3.0,0,Home Win,0
2016,5,3,2.81972,24,15,5,9.8276,2.0,0,0,0.504919,12,3,7,22.1538,0.0,1,Home Win,0
2016,5,1,1.50914,14,9,2,6.2609,0.0,0,0,0.238262,6,2,3,6.75,3.0,0,Home Win,0
2016,5,3,1.72203,20,6,3,10.4583,3.0,0,1,0.392187,9,3,1,9.04,2.0,1,Home Win,0
2016,5,1,0.312198,5,2,4,6.8947,3.0,0,2,2.07192,14,5,4,12.25,2.0,0,Away Win,2
2016,5,1,1.16006,11,4,5,8.2083,2.0,0,4,3.12605,15,7,8,17.6471,1.0,0,Away Win,2
2016,5,1,1.10352,15,4,5,10.25,5.0,0,1,1.68123,13,2,4,6.3077,4.0,0,Draw,1
2016,5,1,0.699091,11,2,9,21.1538,1.0,0,1,0.90611,5,3,7,16.4762,0.0,0,Draw,1
2016,5,1,3.26565,24,7,13,4.4545,2.0,0,0,0.583319,10,3,2,13.76,3.0,0,Home Win,0
2016,5,0,0.302025,5,1,4,16.875,1.0,1,0,1.29564,11,2,4,4.0,1.0,1,Draw,1
2016,5,0,0.895857,14,2,6,18.6,2.0,0,1,0.630889,11,5,4,20.4545,1.0,0,Away Win,2
2016,5,1,1.70316,10,5,3,6.4146,2.0,0,1,1.76835,14,5,3,3.2222,2.0,0,Draw,1
2016,5,4,2.48684,13,7,5,13.8421,2.0,0,0,0.49137,10,3,7,7.6207,2.0,0,Home Win,0
2016,5,2,1.60527,15,3,4,10.2778,1.0,0,3,1.43545,9,4,3,14.6471,2.0,0,Away Win,2
2016,5,1,1.85852,10,4,3,12.5455,3.0,0,1,1.69304,17,8,4,6.7143,3.0,0,Draw,1
2016,5,1,0.982705,16,3,5,10.625,4.0,0,2,1.28734,10,6,4,8.4667,2.0,0,Away Win,2
2016,5,2,1.95664,14,7,4,9.5294,0.0,0,2,1.36591,12,6,3,10.7308,1.0,0,Draw,1
2016,5,5,3.28474,21,8,5,7.75,0.0,0,0,0.0781356,2,1,8,26.1818,2.0,1,Home Win,0
2016,5,2,0.67835,10,6,10,7.1739,1.0,0,1,0.731056,9,2,3,17.4375,3.0,0,Home Win,0
2016,5,1,0.232821,7,2,3,18.5789,2.0,0,2,1.34893,12,6,9,13.875,1.0,0,Away Win,2
2016,5,2,1.34214,14,8,3,13.0,0.0,0,3,2.59914,14,7,5,9.1333,3.0,0,Away Win,2
2016,5,2,1.3385,14,4,6,8.7273,2.0,0,2,0.975008,6,2,0,22.7368,1.0,0,Draw,1
2016,5,3,1.48758,11,4,2,13.0,1.0,0,0,1.03614,14,7,4,11.8889,0.0,0,Home Win,0
2016,5,4,1.38503,12,7,4,6.7143,1.0,0,0,0.918752,10,4,3,10.5833,2.0,0,Home Win,0
2016,5,1,1.49788,15,4,1,6.9706,2.0,0,1,1.109,10,7,4,12.75,1.0,0,Draw,1
2016,5,1,0.894507,9,2,4,12.7273,2.0,0,0,0.157698,6,0,4,17.4375,2.0,0,Home Win,0
2016,5,0,0.246966,5,1,2,9.28,1.0,0,3,2.96012,17,7,7,8.2903,0.0,0,Away Win,2
2016,5,5,3.40561,13,7,5,14.28,0.0,0,1,1.19541,14,4,8,8.3704,0.0,1,Home Win,0
2016,5,2,1.86956,14,8,8,8.3056,1.0,0,3,1.57221,7,5,3,16.0833,2.0,0,Away Win,2
2016,5,1,1.33484,18,5,5,12.3235,3.0,0,1,0.152307,5,2,4,7.7368,1.0,0,Draw,1
2016,5,3,2.3846,15,5,8,12.5714,2.0,0,0,1.62869,10,1,3,17.5385,1.0,0,Home Win,0
2016,5,0,0.190329,6,0,5,9.6522,1.0,1,0,1.28422,17,3,9,5.3333,2.0,0,Draw,1
2016,5,0,0.844757,17,0,3,7.2857,2.0,0,1,1.67576,16,4,6,9.2917,1.0,0,Away Win,2
2016,5,2,1.4683,12,4,8,11.25,2.0,0,1,1.2114,11,2,10,9.9706,1.0,0,Home Win,0
2016,5,0,0.714781,9,2,7,9.0667,1.0,0,0,0.277246,7,4,8,8.5217,4.0,0,Draw,1
2016,5,1,1.71214,13,2,8,9.2593,1.0,1,0,1.20731,16,3,3,10.4286,1.0,1,Home Win,0
2016,5,0,1.08844,18,2,5,5.0417,2.0,0,1,0.847595,9,4,8,9.0,2.0,0,Away Win,2
2016,5,2,1.51499,10,4,3,24.9,2.0,0,1,2.54152,18,4,6,11.5143,1.0,0,Home Win,0
2016,5,1,1.46318,19,5,4,7.5652,2.0,0,1,0.428664,8,5,3,15.3182,4.0,0,Draw,1
2016,5,0,0.876256,14,2,5,10.3548,1.0,0,1,0.576916,9,3,0,5.8966,1.0,0,Away Win,2
2016,5,1,0.864423,7,2,4,24.3846,1.0,1,1,2.55248,20,6,8,7.5,1.0,0,Draw,1
2016,5,2,2.75951,14,5,10,9.1111,1.0,0,0,0.354639,5,3,4,23.4286,1.0,0,Home Win,0
2016,5,2,1.59706,13,3,4,7.3214,1.0,0,1,0.852502,18,3,3,8.0357,1.0,1,Home Win,0
2016,5,2,0.336657,6,2,1,19.4,1.0,0,3,2.67049,17,6,8,3.25,1.0,0,Away Win,2
2016,5,1,2.84931,17,3,12,3.4444,1.0,0,0,0.0776049,4,1,1,26.1538,2.0,1,Home Win,0
2016,5,3,1.25012,14,5,4,14.0435,2.0,0,0,0.701898,9,5,4,5.0741,1.0,0,Home Win,0
2016,5,1,0.893648,11,4,8,3.0217,3.0,0,1,0.578616,10,3,2,9.0333,2.0,0,Draw,1
2016,5,3,2.23832,17,6,4,7.6538,2.0,0,0,0.711913,9,5,2,11.375,2.0,1,Home Win,0
2016,5,1,0.71869,11,3,5,10.075,1.0,0,2,1.23056,12,7,3,9.7917,1.0,0,Away Win,2
2016,5,4,2.70624,17,7,7,7.0417,1.0,0,0,0.592491,12,4,4,15.16,2.0,0,Home Win,0
2016,5,1,1.14119,16,5,5,4.8214,3.0,0,4,1.79205,14,6,4,25.1429,1.0,0,Away Win,2
2016,5,1,1.5652,14,6,8,4.7742,2.0,0,2,1.24836,13,7,2,13.5,0.0,0,Away Win,2
2016,5,0,0.872961,11,4,7,10.1923,2.0,0,0,1.11022,15,3,7,8.4706,2.0,0,Draw,1
2016,5,0,1.50404,16,4,4,9.0,2.0,0,1,1.74598,11,6,6,13.2778,1.0,0,Away Win,2
2016,5,0,1.33697,14,4,2,8.375,4.0,0,2,0.989452,15,6,5,11.8,3.0,0,Away Win,2
2016,5,2,1.12102,10,5,3,21.3529,1.0,0,0,0.761605,11,3,8,7.3214,2.0,0,Home Win,0
2016,5,3,2.57126,14,4,1,10.6471,1.0,0,1,1.42075,8,3,7,16.5769,2.0,0,Home Win,0
2016,5,4,2.30835,12,7,3,8.8462,1.0,0,0,0.892463,7,3,3,13.1379,2.0,0,Home Win,0
2016,5,0,0.586893,17,4,5,14.9655,2.0,0,2,0.822594,10,2,1,8.6897,1.0,0,Away Win,2
2016,5,2,1.58464,10,3,1,11.16,1.0,0,0,0.979545,22,5,10,6.7407,2.0,0,Home Win,0
2016,5,2,2.11783,20,7,15,7.3333,1.0,0,1,1.30171,8,4,4,14.0588,3.0,0,Home Win,0
2016,5,0,0.414824,10,0,6,7.3182,1.0,0,1,0.813337,12,5,3,6.913,3.0,0,Away Win,2
2016,5,2,2.1061,20,8,11,7.85,3.0,0,1,1.05121,9,2,2,6.7273,2.0,0,Home Win,0
2016,5,2,0.72674,8,2,1,7.5484,1.0,0,2,0.781575,13,3,2,17.25,1.0,0,Draw,1
2016,5,0,0.754671,9,2,3,14.3571,0.0,0,0,0.710922,17,2,7,5.2857,2.0,0,Draw,1
2016,5,1,0.803736,8,2,6,11.0,1.0,0,1,0.568247,7,2,4,12.7368,3.0,0,Draw,1
2016,5,5,3.32905,19,9,8,9.4667,1.0,0,1,1.34808,7,3,4,22.9333,1.0,0,Home Win,0
2016,5,2,1.52837,14,6,5,7.6667,2.0,0,0,0.874853,13,1,7,13.6667,2.0,1,Home Win,0
2016,5,1,0.633767,8,3,7,7.0,2.0,0,2,1.58331,14,6,6,14.95,1.0,0,Away Win,2
2016,5,2,2.8096,19,9,6,6.7407,1.0,0,0,1.00547,14,4,6,35.2,0.0,0,Home Win,0
2016,5,3,1.25901,15,6,4,12.0345,2.0,0,2,1.27233,9,5,5,11.0,2.0,0,Home Win,0
2016,5,1,0.30062,5,4,6,15.8077,3.0,0,1,1.07864,16,4,5,5.0,5.0,0,Draw,1
2016,5,0,0.839616,13,2,8,7.3704,1.0,0,2,2.03308,16,8,2,13.85,1.0,0,Away Win,2
2016,5,3,3.54802,25,9,4,22.2857,0.0,0,0,1.35626,12,7,8,13.0625,2.0,0,Home Win,0
2016,5,0,1.64103,18,7,8,10.3333,1.0,0,3,2.02182,11,5,3,17.0,2.0,0,Away Win,2
2016,5,3,1.17983,6,3,2,20.1667,2.0,0,1,1.31731,16,5,8,5.5313,3.0,2,Home Win,0
2016,5,1,0.654212,4,3,2,21.4286,1.0,0,0,1.59306,12,4,7,9.2917,1.0,0,Home Win,0
2016,5,0,1.54624,16,6,5,7.913,0.0,0,0,0.547756,13,1,7,8.8095,1.0,0,Draw,1
2016,5,1,1.55303,23,7,8,10.5357,2.0,1,2,0.58407,8,3,8,7.96,3.0,0,Away Win,2
2016,5,3,2.80202,29,11,11,5.1304,1.0,0,1,0.974737,7,3,2,11.0455,4.0,0,Home Win,0
2016,5,1,1.67479,14,5,11,14.4091,2.0,0,5,2.87717,13,8,2,11.5238,4.0,0,Away Win,2
2016,5,1,1.43131,15,7,5,7.28,0.0,0,0,0.135433,4,0,6,26.3077,2.0,0,Home Win,0
2016,5,2,1.65516,12,7,8,8.375,2.0,0,1,0.682625,8,4,5,6.6667,3.0,0,Home Win,0
2016,5,0,0.804806,11,4,2,7.9565,0.0,0,2,2.86852,11,8,3,8.5357,0.0,0,Away Win,2
2016,5,0,0.500579,7,3,5,11.2609,1.0,0,3,3.36313,18,8,5,14.0526,1.0,0,Away Win,2
2016,5,2,2.24011,15,5,7,4.7879,1.0,0,2,2.05647,11,5,7,11.0,2.0,1,Draw,1
2016,5,1,0.806118,6,3,2,9.64,1.0,0,1,0.711157,9,4,7,16.6667,0.0,0,Draw,1
2016,5,0,0.754808,12,0,11,4.375,1.0,0,2,0.684583,7,3,2,14.9565,0.0,0,Away Win,2
2016,5,2,2.84773,18,7,4,19.1429,5.0,0,1,2.17235,17,5,5,14.5,1.0,0,Home Win,0
2016,5,3,2.56423,16,7,9,7.0476,0.0,0,2,0.276977,5,2,5,8.0,1.0,0,Home Win,0
2016,5,5,5.35893,27,12,11,4.9667,1.0,0,0,0.10292,6,0,4,35.7273,2.0,0,Home Win,0
2016,5,0,1.39029,9,5,5,9.0,3.0,0,1,1.21478,11,4,5,10.2727,2.0,0,Away Win,2
2016,5,1,0.867351,10,4,2,13.1538,3.0,0,0,0.350343,6,1,6,13.9286,2.0,0,Home Win,0
2016,5,4,2.96505,14,9,9,10.3913,0.0,0,0,0.870304,21,5,15,5.7188,0.0,0,Home Win,0
2016,5,0,0.308928,9,2,5,37.7333,1.0,0,5,5.06788,21,11,8,11.5714,1.0,0,Away Win,2
2016,5,1,1.81312,12,5,3,15.75,1.0,0,1,1.37853,14,3,4,5.9583,2.0,0,Draw,1
2016,5,1,1.23563,15,4,4,9.2813,3.0,0,3,2.08055,14,7,1,6.2414,1.0,0,Away Win,2
2016,5,0,1.11893,12,5,7,10.6875,1.0,0,2,1.91131,14,6,4,34.7143,1.0,0,Away Win,2
2016,5,2,1.12194,11,6,5,11.7368,3.0,0,0,0.357563,9,1,9,8.0357,2.0,0,Home Win,0
2016,5,2,0.87338,20,5,4,8.8636,2.0,0,0,1.40415,9,2,6,6.7667,2.0,0,Home Win,0
2016,5,4,2.29095,11,3,6,9.2333,1.0,0,0,0.609542,14,4,7,7.28,2.0,0,Home Win,0
2016,5,4,1.53743,14,5,9,11.5882,2.0,0,1,0.938703,8,2,6,12.7,4.0,0,Home Win,0
2016,5,0,0.919387,10,2,11,12.1481,2.0,0,1,1.2457,10,7,1,22.3846,1.0,0,Away Win,2
2016,5,1,0.611334,14,6,6,10.65,0.0,0,1,2.33883,17,6,3,23.7692,0.0,0,Draw,1
2016,5,3,1.98055,14,5,7,16.4783,2.0,0,1,0.552326,8,2,5,13.8571,0.0,0,Home Win,0
2016,5,1,0.694193,9,4,7,20.1579,2.0,0,1,1.30843,10,4,3,10.7059,2.0,0,Draw,1
2016,5,3,3.51019,17,6,2,16.0667,0.0,0,0,0.706308,9,2,10,10.9583,2.0,1,Home Win,0
2016,5,1,2.10282,12,3,6,5.0588,3.0,0,0,0.116759,4,0,1,18.0,2.0,0,Home Win,0
2016,5,3,1.58219,15,4,8,6.9333,0.0,0,3,2.01991,14,7,2,24.7857,1.0,0,Draw,1
2016,5,1,2.00237,18,5,8,6.8333,0.0,0,1,1.69999,16,6,5,23.7647,1.0,0,Draw,1
2016,5,0,1.46422,16,2,8,10.5789,1.0,0,0,0.627115,9,5,4,10.5172,2.0,0,Draw,1
2016,5,2,1.55289,18,5,6,24.4444,0.0,0,0,0.520709,12,5,4,11.65,2.0,0,Home Win,0
2016,5,2,2.25117,18,5,3,10.4231,0.0,0,3,2.59491,23,12,5,11.087,0.0,0,Away Win,2
2016,5,1,1.74895,21,6,7,10.2083,0.0,0,0,0.297072,8,0,3,10.625,2.0,0,Home Win,0
2014,1,3,4.02694,19,7,10,7.4091,1.0,0,0,0.485003,12,3,7,4.92,2.0,2,Home Win,0
2014,1,2,2.28745,25,8,9,5.381,2.0,0,1,0.386314,10,2,6,10.2609,3.0,1,Home Win,0
2014,1,3,1.56179,11,4,5,8.1429,2.0,0,2,1.4049,9,5,3,18.8182,1.0,0,Home Win,0
2014,1,2,1.97694,12,6,1,11.0417,2.0,0,1,0.906357,11,2,1,10.1,2.0,1,Home Win,0
2014,1,2,2.07645,17,4,6,11.6,1.0,0,0,0.324134,9,3,2,8.6538,2.0,1,Home Win,0
2014,1,1,3.23925,29,7,13,9.8235,3.0,0,0,0.758485,9,2,3,10.8571,2.0,1,Home Win,0
2014,1,0,2.10841,26,9,9,2.5556,1.0,0,1,0.317533,6,3,3,21.2857,0.0,0,Away Win,2
2014,1,1,1.5619,17,7,3,4.1429,2.0,0,0,0.41646,8,1,6,10.1923,2.0,0,Home Win,0
2014,1,0,2.07027,21,5,8,7.7778,3.0,0,1,1.80612,15,4,7,8.7333,4.0,0,Away Win,2
2014,1,1,0.474706,8,1,0,22.65,2.0,0,3,2.94938,22,9,5,6.48,0.0,0,Away Win,2
2014,1,0,1.14341,22,4,15,4.7059,2.0,0,2,1.19799,10,3,1,15.5714,3.0,0,Away Win,2
2014,1,0,1.12811,21,3,9,8.25,1.0,0,1,1.21303,8,2,3,11.8889,1.0,0,Away Win,2
2014,1,1,1.26585,14,5,2,12.8571,1.0,0,0,0.149381,6,1,6,12.1111,1.0,0,Home Win,0
2014,1,2,1.64129,10,3,4,13.9091,1.0,0,0,0.348109,10,3,8,3.6667,0.0,0,Home Win,0
2014,1,1,1.23706,15,5,7,4.7568,2.0,0,1,1.21081,8,3,2,10.4762,3.0,0,Draw,1
2014,1,3,2.138,16,8,6,12.5294,0.0,0,0,0.298008,9,3,8,9.9,0.0,1,Home Win,0
2014,1,1,1.04344,13,4,7,12.6,0.0,0,2,2.29775,13,4,6,5.3,1.0,0,Away Win,2
2014,1,6,5.35103,23,11,7,6.76,0.0,0,0,0.872314,9,3,4,12.7619,1.0,0,Home Win,0
2014,1,1,0.535272,8,3,6,10.7778,4.0,0,1,1.33324,15,4,4,10.2727,3.0,0,Draw,1
2014,1,0,1.88364,23,9,6,6.9688,0.0,0,1,0.347185,8,3,1,28.7857,1.0,0,Away Win,2
2014,1,6,3.59558,18,11,6,10.5357,1.0,0,1,1.18593,9,4,3,18.875,1.0,0,Home Win,0
2014,1,2,0.470106,8,4,3,2.95,2.0,0,1,2.11207,22,8,12,4.0,0.0,0,Home Win,0
2014,1,0,0.935248,13,3,8,5.1667,4.0,0,0,0.682972,11,0,9,4.68,1.0,0,Draw,1
2014,1,2,1.70119,10,3,6,9.32,3.0,0,0,1.13285,14,2,8,17.5556,1.0,0,Home Win,0
2014,1,1,0.813296,13,3,7,17.6429,1.0,0,2,2.07078,21,5,8,7.7273,4.0,0,Away Win,2
2014,1,0,0.909845,11,4,7,19.9231,1.0,0,0,1.76276,11,3,6,7.3478,2.0,0,Draw,1
2014,1,1,1.11415,18,3,4,7.8889,2.0,0,3,1.99504,15,6,5,11.5333,3.0,0,Away Win,2
2014,1,2,1.06125,13,9,11,10.9231,0.0,0,4,2.28119,22,11,7,13.2083,3.0,0,Away Win,2
2014,1,1,0.715214,12,4,5,5.0889,1.0,0,1,1.06814,5,3,5,14.2632,0.0,0,Draw,1
2014,1,3,1.22743,9,5,3,23.3333,3.0,0,0,1.07679,12,3,4,12.3158,2.0,1,Home Win,0
2014,1,0,1.68909,28,8,5,5.75,1.0,0,0,1.50177,7,3,2,27.8182,0.0,0,Draw,1
2014,1,0,0.654751,16,5,7,10.8,1.0,0,1,0.66113,6,3,2,19.6429,2.0,0,Away Win,2
2014,1,3,2.52912,24,8,11,10.4211,2.0,0,1,1.39272,17,9,3,19.9333,1.0,0,Home Win,0
2014,1,1,1.07504,13,7,7,6.1892,3.0,0,0,0.118613,5,2,3,9.1667,0.0,0,Home Win,0
2014,1,4,3.16614,24,13,7,9.2273,1.0,0,1,0.569092,14,5,3,25.0769,0.0,0,Home Win,0
2014,1,0,0.646215,9,1,3,10.8,1.0,0,1,1.39049,16,3,5,9.625,2.0,0,Away Win,2
2014,1,0,0.984196,16,6,8,14.0,2.0,0,0,0.399522,7,1,1,6.7917,2.0,1,Draw,1
2014,1,5,2.17428,22,7,5,10.619,0.0,0,1,1.26755,18,2,6,6.7407,0.0,0,Home Win,0
2014,1,2,2.44073,15,6,8,7.4444,1.0,0,0,0.775853,13,4,4,10.25,1.0,0,Home Win,0
2014,1,2,1.64216,17,4,2,10.1,2.0,0,0,0.416396,4,1,3,7.5789,1.0,0,Home Win,0
2014,1,6,2.15707,15,9,3,12.8696,4.0,0,1,1.02292,13,4,9,10.9167,2.0,0,Home Win,0
2014,1,4,1.45672,16,10,6,7.1795,1.0,0,1,1.21414,13,2,5,10.8182,0.0,1,Home Win,0
2014,1,1,1.02048,10,1,4,8.52,0.0,0,0,0.533646,11,2,10,4.4359,1.0,0,Home Win,0
2014,1,2,3.43561,20,7,7,7.9524,0.0,0,1,1.93553,14,7,6,6.6522,3.0,0,Home Win,0
2014,1,3,1.9836,20,7,10,3.5455,0.0,0,1,0.311787,5,2,2,25.0714,1.0,0,Home Win,0
2014,1,3,1.49943,9,4,4,10.1154,1.0,0,1,0.919329,10,1,7,21.4211,5.0,1,Home Win,0
2014,1,1,2.13361,21,6,2,11.375,2.0,1,4,1.20939,12,7,4,10.5714,3.0,0,Away Win,2
2014,1,2,3.28546,19,10,9,16.1111,1.0,0,1,0.277288,7,2,0,14.3,6.0,0,Home Win,0
2014,1,0,1.51355,15,4,5,10.7586,2.0,0,0,0.377376,12,2,3,11.8462,0.0,0,Draw,1
2014,1,1,0.829443,16,4,8,4.4194,5.0,0,0,0.798234,10,1,4,6.0714,2.0,0,Home Win,0
2014,1,2,1.32783,5,3,4,12.8696,2.0,0,1,1.1129,22,4,13,4.2593,1.0,0,Home Win,0
2014,1,3,1.86698,21,7,7,6.5,0.0,0,3,1.43061,11,5,3,8.8636,4.0,0,Draw,1
2014,1,1,1.09678,11,3,3,9.8333,3.0,0,1,0.842056,12,8,6,12.619,3.0,0,Draw,1
2014,1,1,0.617079,12,3,8,5.3226,2.0,0,4,2.34787,14,5,4,5.1463,2.0,0,Away Win,2
2014,1,2,2.37369,9,4,2,10.64,2.0,0,0,0.737337,15,4,5,16.0455,0.0,0,Home Win,0
2014,1,1,0.604708,11,3,4,9.8182,3.0,0,1,0.587985,18,2,10,5.0556,1.0,0,Draw,1
2014,1,0,0.621738,14,3,9,5.6296,3.0,0,1,0.860976,11,3,6,6.8684,2.0,1,Away Win,2
2014,1,2,0.968439,8,5,4,7.2174,2.0,0,3,1.6874,12,4,6,6.1905,2.0,0,Away Win,2
2014,1,0,0.65718,8,4,1,8.525,2.0,0,1,1.21096,17,5,6,5.3913,0.0,0,Away Win,2
2014,1,0,0.780982,15,4,5,7.0667,2.0,0,1,0.920984,9,1,6,6.8235,1.0,0,Away Win,2
2014,1,4,2.66017,11,7,1,6.8846,0.0,0,2,1.75844,10,3,5,10.6667,3.0,0,Home Win,0
2014,1,2,1.26534,14,6,6,6.64,2.0,0,0,0.363343,10,3,6,9.8485,0.0,1,Home Win,0
2014,1,1,2.36114,21,8,5,6.1667,1.0,0,0,1.06159,10,1,6,14.0952,2.0,1,Home Win,0
2014,1,0,2.0561,19,4,7,2.4412,3.0,0,2,0.698022,8,4,6,9.52,3.0,0,Away Win,2
2014,1,2,2.57043,18,6,6,10.9032,0.0,0,0,0.87346,10,6,3,17.0,2.0,0,Home Win,0
2014,1,2,2.26451,15,2,2,9.0,0.0,0,1,1.36108,12,6,5,8.0,4.0,0,Home Win,0
2014,1,1,1.1493,7,2,3,14.5926,7.0,0,0,0.744613,15,2,7,5.2069,1.0,0,Home Win,0
2014,1,2,2.05138,18,3,6,6.7778,2.0,0,0,0.738105,9,3,3,22.3333,2.0,0,Home Win,0
2014,1,1,0.938886,11,5,4,8.1538,2.0,0,3,1.99862,14,8,3,5.4483,4.0,0,Away Win,2
2014,1,2,1.39327,13,4,8,18.5,1.0,0,2,0.531276,7,2,3,10.4706,3.0,0,Draw,1
2014,1,0,2.28143,18,7,6,4.9,1.0,0,0,0.824309,8,2,6,4.7727,0.0,0,Draw,1
2014,1,2,1.54939,12,4,9,7.6154,1.0,0,3,1.58825,11,6,6,10.6316,2.0,0,Away Win,2
2014,1,0,0.507754,10,4,2,12.1034,1.0,0,0,1.41235,22,4,4,4.5556,0.0,0,Draw,1
2014,1,1,2.15079,23,8,9,5.2727,2.0,0,1,2.17523,15,5,8,7.8,3.0,0,Draw,1
2014,1,0,1.98975,12,4,6,4.0435,3.0,0,1,1.21926,8,4,4,7.2,0.0,0,Away Win,2
2014,1,0,0.913865,7,3,0,8.1818,0.0,0,2,2.37709,21,7,9,11.2,0.0,0,Away Win,2
2014,1,3,1.1892,11,4,7,16.1667,1.0,0,2,0.901376,13,4,6,12.0,2.0,0,Home Win,0
2014,1,3,1.07922,9,7,7,16.4375,0.0,0,0,0.750462,17,4,7,5.6207,2.0,0,Home Win,0
2014,1,0,1.07482,11,1,6,6.6061,4.0,0,0,0.853305,7,3,2,12.087,3.0,0,Draw,1
2014,1,1,0.730978,7,4,7,12.9231,2.0,0,0,0.523697,12,9,7,5.05,0.0,0,Home Win,0
2014,1,1,0.600074,8,2,2,10.0,1.0,0,3,1.51717,11,4,6,11.6923,0.0,0,Away Win,2
2014,1,2,0.769022,11,5,3,14.3158,1.0,0,1,1.12846,8,1,0,12.6842,3.0,0,Home Win,0
2014,1,2,1.39298,17,4,8,10.4,2.0,0,0,0.367813,8,2,9,5.8966,0.0,0,Home Win,0
2014,1,2,1.9201,16,8,0,8.2857,2.0,0,1,0.905628,3,1,3,19.2143,4.0,0,Home Win,0
2014,1,1,1.3938,14,5,6,11.4211,2.0,0,1,1.23136,9,3,4,7.5556,6.0,0,Draw,1
2014,1,1,2.22869,23,3,10,4.5385,0.0,0,0,0.392674,9,3,2,9.5417,2.0,0,Home Win,0
2014,1,0,1.46324,18,5,5,12.5294,3.0,0,1,2.38358,12,3,4,8.4118,4.0,0,Away Win,2
2014,1,2,2.91599,22,9,10,5.6538,0.0,0,0,0.217043,6,2,3,17.3333,1.0,0,Home Win,0
2014,1,0,1.19246,9,2,4,12.0435,1.0,0,1,1.68865,11,5,1,3.96,2.0,0,Away Win,2
2014,1,2,1.03921,11,3,5,13.2105,2.0,0,0,0.418315,10,5,6,8.95,2.0,0,Home Win,0
2014,1,3,2.13485,20,7,6,7.4242,1.0,0,2,0.708217,10,5,4,17.619,0.0,0,Home Win,0
2014,1,1,0.318849,10,3,1,7.0833,2.0,0,2,2.1651,20,9,6,8.85,1.0,0,Away Win,2
2014,1,2,1.30453,20,8,6,12.8824,0.0,0,0,0.319239,9,1,5,11.0556,1.0,0,Home Win,0
2014,1,1,1.49775,17,6,3,7.72,1.0,0,2,2.62405,13,6,5,3.5714,2.0,0,Away Win,2
2014,1,3,2.20095,15,4,6,9.0952,1.0,0,1,0.266048,11,4,3,4.7826,3.0,0,Home Win,0
2014,1,3,3.19619,19,9,7,3.4857,1.0,0,0,0.478172,7,1,5,15.9444,1.0,0,Home Win,0
2014,1,0,0.53913,15,3,7,8.2273,0.0,0,0,1.0475,12,5,5,7.6667,4.0,1,Draw,1
2014,1,1,0.958807,14,5,7,12.5,1.0,0,0,0.198751,9,2,5,5.04,2.0,0,Home Win,0
2014,1,0,0.472898,12,2,2,8.0882,1.0,0,4,1.50195,14,8,5,10.3158,1.0,0,Away Win,2
2014,1,1,0.242058,10,4,2,19.7368,2.0,0,0,1.2576,21,5,6,4.9655,1.0,0,Home Win,0
2014,1,1,3.19317,22,7,9,8.8696,3.0,0,1,1.82802,12,5,2,8.697,3.0,0,Draw,1
2014,1,3,2.25807,15,9,3,7.4194,1.0,0,0,0.809194,12,4,4,15.7778,2.0,1,Home Win,0
2014,1,3,1.02781,11,3,4,7.9722,1.0,0,0,0.206431,5,1,2,9.2414,1.0,0,Home Win,0
2014,1,0,0.438751,10,3,4,10.9667,0.0,0,1,1.69506,16,5,5,9.1875,3.0,0,Away Win,2
2014,1,3,4.90913,43,16,9,4.5217,0.0,0,0,0.775158,3,0,2,15.9412,0.0,1,Home Win,0
2014,1,0,0.762371,12,3,4,12.0,0.0,0,1,1.90437,9,6,9,7.7727,0.0,0,Away Win,2
2014,1,4,2.82935,10,4,4,5.8,2.0,0,3,2.722,14,5,4,11.4483,1.0,0,Home Win,0
2014,1,2,1.92097,20,3,10,12.4667,0.0,0,0,1.05022,15,3,5,17.1579,0.0,0,Home Win,0
2014,1,1,2.07851,17,4,8,7.2727,3.0,0,2,2.14974,12,3,4,10.6087,4.0,0,Away Win,2
2014,1,1,1.0068,16,4,9,8.2222,0.0,0,2,0.754782,7,3,4,7.0278,0.0,0,Away Win,2
2014,1,1,0.99619,15,4,6,5.9167,0.0,0,0,0.536562,7,3,4,8.0,1.0,0,Home Win,0
2014,1,1,0.557648,7,1,2,12.8636,2.0,1,2,1.22632,6,4,3,4.8222,2.0,0,Away Win,2
2014,1,2,1.32415,19,8,6,9.8,0.0,0,3,0.758601,8,3,6,19.1818,2.0,0,Away Win,2
2014,1,1,1.39318,14,1,1,5.0323,2.0,0,2,0.839996,8,3,3,5.5926,1.0,0,Away Win,2
2014,1,5,2.35805,13,8,7,19.2778,0.0,0,0,0.714521,9,2,7,13.6,2.0,0,Home Win,0
2014,1,0,1.62682,16,6,9,11.087,1.0,1,1,0.262557,6,1,0,35.1,1.0,0,Away Win,2
2014,1,2,1.2754,23,8,10,5.5161,3.0,0,1,0.834136,7,3,3,12.6111,5.0,0,Home Win,0
2014,1,1,0.707847,8,1,7,17.8824,3.0,0,2,1.11662,12,5,7,20.125,2.0,0,Away Win,2
2014,1,1,1.86428,16,7,7,6.3571,3.0,0,1,0.143279,4,1,1,21.5714,4.0,0,Draw,1
2014,1,0,0.7797,19,5,8,6.8571,4.0,0,1,1.00613,14,2,6,13.2941,1.0,0,Away Win,2
2014,1,1,0.992526,18,5,13,6.15,2.0,0,1,1.13348,7,3,1,28.25,4.0,0,Draw,1
2014,1,0,1.03037,12,3,3,9.6364,2.0,0,1,0.963892,16,5,4,6.4444,2.0,0,Away Win,2
2014,1,0,0.227711,6,1,3,13.2308,4.0,0,0,1.03601,17,6,6,17.0,1.0,0,Draw,1
2014,1,2,1.09795,12,5,5,9.7778,0.0,0,2,2.55442,12,5,6,13.4286,4.0,0,Draw,1
2014,1,1,0.789943,9,3,5,13.5,2.0,0,1,0.220357,7,3,8,4.2727,4.0,0,Draw,1
2014,1,1,0.86518,13,6,9,10.5,2.0,0,1,1.21344,18,6,9,5.8636,2.0,1,Draw,1
2014,1,2,1.77095,17,7,6,8.6296,2.0,0,1,0.799802,11,4,6,7.7188,2.0,0,Home Win,0
2014,1,0,1.80831,18,6,8,8.0741,2.0,0,2,1.26883,19,4,4,8.4,3.0,0,Away Win,2
2014,1,2,0.985975,10,4,3,10.08,1.0,0,0,0.423817,11,4,7,7.2778,2.0,0,Home Win,0
2014,1,3,2.76444,16,7,5,8.4583,3.0,0,2,1.71247,14,5,7,6.5588,6.0,0,Home Win,0
2014,1,1,0.89846,21,7,10,16.7143,3.0,0,0,0.706994,7,4,2,10.9048,3.0,1,Home Win,0
2014,1,1,0.745602,16,5,3,14.5882,1.0,0,4,2.13611,14,8,2,6.8286,2.0,0,Away Win,2
2014,1,3,1.62116,11,7,5,8.5417,4.0,0,1,1.85067,13,3,8,10.0645,3.0,0,Home Win,0
2014,1,0,1.68446,21,7,8,7.0,2.0,0,0,0.125464,4,1,2,16.125,1.0,1,Draw,1
2014,1,1,0.932684,7,3,5,5.9355,1.0,0,1,0.444535,5,1,2,11.6111,2.0,0,Draw,1
2014,1,2,0.685986,11,4,5,13.8462,2.0,0,0,0.438959,10,3,4,6.4762,1.0,0,Home Win,0
2014,1,1,0.234004,3,2,11,11.75,1.0,1,2,1.11955,11,6,3,9.9444,3.0,0,Away Win,2
2014,1,1,1.53973,14,5,7,8.8261,1.0,1,1,0.513251,10,5,7,10.3333,2.0,0,Draw,1
2014,1,1,2.26395,22,3,10,4.3333,1.0,0,2,2.08054,12,4,1,9.2353,3.0,0,Away Win,2
2014,1,0,0.699828,13,2,11,4.087,1.0,0,0,0.107318,5,1,2,13.625,2.0,0,Draw,1
2014,1,2,1.04218,11,6,4,20.7857,2.0,0,1,1.47171,18,3,10,5.0294,4.0,0,Home Win,0
2014,1,2,1.09259,16,6,5,6.4231,0.0,0,1,0.190631,8,3,7,9.6364,4.0,1,Home Win,0
2014,1,5,3.12533,16,9,7,10.7931,3.0,0,0,0.166685,8,1,3,24.0667,2.0,0,Home Win,0
2014,1,2,2.17554,27,8,7,5.2609,0.0,0,2,2.20831,12,5,9,14.2632,2.0,0,Draw,1
2014,1,2,2.05032,18,3,4,11.0556,0.0,0,2,1.99519,15,4,7,13.2083,1.0,0,Draw,1
2014,1,0,0.869183,13,5,6,7.9615,2.0,0,2,0.695778,6,4,1,14.9048,3.0,0,Away Win,2
2014,1,1,1.28506,22,5,11,5.2941,2.0,0,3,0.851359,12,5,7,7.7391,2.0,1,Away Win,2
2014,1,1,1.08916,7,3,2,16.2353,2.0,0,0,0.579867,12,2,3,4.8519,1.0,0,Home Win,0
2014,1,1,0.895577,17,2,5,11.1111,2.0,0,0,0.344489,1,0,2,33.2222,2.0,0,Home Win,0
2014,1,1,0.93198,14,5,9,13.5385,1.0,0,0,0.773437,14,3,5,7.3636,5.0,0,Home Win,0
2014,1,0,0.898885,13,6,6,9.32,0.0,0,1,1.41451,9,2,4,11.0588,0.0,0,Away Win,2
2014,1,2,3.03534,30,10,13,5.8095,1.0,0,0,0.272806,5,3,1,13.9474,1.0,1,Home Win,0
2014,1,1,1.4082,11,2,11,17.5625,0.0,0,1,0.932262,6,2,7,4.3913,0.0,0,Draw,1
2014,1,3,3.63333,32,12,10,6.6071,2.0,0,2,0.979558,4,4,4,23.7273,3.0,0,Home Win,0
2014,1,3,1.24639,10,4,5,12.6111,2.0,0,3,1.65582,15,4,5,6.6061,4.0,0,Draw,1
2014,1,1,3.16214,24,6,4,7.9189,4.0,0,1,1.69725,25,6,9,10.3333,0.0,1,Draw,1
2014,1,2,2.41442,13,6,2,10.4,2.0,0,0,0.849285,11,6,7,13.2222,1.0,0,Home Win,0
2014,1,1,1.13586,8,3,0,30.3333,1.0,0,1,1.1226,14,3,1,11.6316,0.0,0,Draw,1
2014,1,0,1.38709,14,3,5,4.963,1.0,0,0,0.575995,6,0,2,15.5417,1.0,0,Draw,1
2014,1,2,1.95682,14,5,4,7.6897,2.0,0,0,0.957698,9,3,8,6.4545,3.0,1,Home Win,0
2014,1,2,2.38944,18,6,4,6.9474,2.0,0,2,1.09438,16,3,5,14.3,2.0,0,Draw,1
2014,1,5,1.82436,11,8,5,9.1667,3.0,0,3,3.03274,19,7,3,8.9615,1.0,0,Home Win,0
2014,1,0,0.250077,5,1,6,15.5789,1.0,1,1,2.16251,21,4,6,11.625,4.0,0,Away Win,2
2014,1,1,1.54943,19,3,4,11.1053,0.0,0,1,0.731228,11,5,5,16.0909,1.0,0,Draw,1
2014,1,1,0.784159,9,3,5,20.4615,1.0,0,0,0.395844,12,2,2,13.6842,0.0,0,Home Win,0
2014,1,2,2.19126,18,7,10,6.2963,2.0,0,1,1.69555,17,7,6,11.5,2.0,0,Home Win,0
2014,1,2,1.08131,9,5,7,5.8485,2.0,0,0,0.394837,11,5,4,13.2,3.0,0,Home Win,0
2014,1,1,0.95041,11,4,4,11.4545,1.0,0,1,1.50724,18,2,9,8.1818,2.0,0,Draw,1
2014,1,1,2.36522,11,3,6,6.9091,1.0,1,0,0.606149,12,1,6,6.3158,1.0,1,Home Win,0
2014,1,2,2.85997,21,7,4,9.5,5.0,0,1,0.919178,9,5,6,7.4828,3.0,0,Home Win,0
2014,1,3,2.26889,14,6,9,9.56,0.0,0,0,0.39839,7,2,1,8.5161,3.0,0,Home Win,0
2014,1,0,1.19228,10,0,3,9.6,2.0,0,1,1.15706,9,1,5,20.0,3.0,0,Away Win,2
2014,1,0,0.845309,15,4,9,11.0,1.0,0,2,1.54424,12,5,5,7.4643,1.0,0,Away Win,2
2014,1,2,1.08428,8,4,5,6.1786,1.0,0,3,0.528431,11,4,7,7.3913,3.0,0,Away Win,2
2014,1,0,0.382481,7,3,6,8.3704,1.0,0,1,0.715634,13,3,5,11.75,0.0,0,Away Win,2
2014,1,0,0.929623,19,4,3,10.48,3.0,0,2,1.55645,13,7,3,5.7333,2.0,0,Away Win,2
2014,1,0,0.214209,11,0,1,10.5714,0.0,0,5,3.19733,21,11,2,11.3667,0.0,0,Away Win,2
2014,1,2,0.931537,26,7,6,5.6563,1.0,0,1,1.19577,8,4,6,13.8333,2.0,0,Home Win,0
2014,1,1,0.856732,16,3,9,7.6538,0.0,0,2,0.432026,5,3,0,12.7917,2.0,0,Away Win,2
2014,1,3,2.68629,17,6,4,9.2917,1.0,0,0,0.423719,9,3,7,11.7826,3.0,0,Home Win,0
2014,1,0,0.561966,12,4,16,3.7083,3.0,0,2,1.49476,9,3,3,11.0,3.0,0,Away Win,2
2014,1,0,1.4927,17,4,8,7.5,3.0,0,0,0.196316,5,0,1,19.125,2.0,0,Draw,1
2014,1,0,0.989377,13,8,3,7.1515,4.0,0,3,0.50926,12,5,3,10.1333,1.0,0,Away Win,2
2014,1,2,2.28203,21,7,5,5.0,1.0,0,0,0.383092,7,2,7,9.871,1.0,0,Home Win,0
2014,1,3,1.7369,12,5,4,4.6667,0.0,0,1,0.380882,4,1,3,15.4074,1.0,0,Home Win,0
2014,1,3,0.782569,15,3,3,7.5,2.0,0,1,1.11577,14,4,5,11.2941,2.0,0,Home Win,0
2014,1,2,1.89994,8,3,6,12.8235,3.0,0,0,1.34786,13,4,3,6.2778,1.0,0,Home Win,0
2014,1,0,0.808495,13,4,6,18.4286,2.0,0,3,1.34429,14,4,3,6.2414,1.0,0,Away Win,2
2014,1,0,1.21034,13,3,6,7.6429,0.0,0,1,1.35977,14,2,1,8.36,3.0,0,Away Win,2
2014,1,1,0.708923,3,2,1,11.1304,0.0,0,1,0.907151,10,5,4,6.1143,2.0,0,Draw,1
2014,1,1,0.678486,12,2,2,8.8571,2.0,0,1,1.0006,11,4,5,7.8125,2.0,0,Draw,1
2014,1,1,1.23928,20,4,7,11.3333,1.0,1,3,1.3012,11,3,4,9.0526,2.0,0,Away Win,2
2014,1,2,1.91104,10,3,2,7.5556,2.0,0,1,1.29092,5,4,2,21.2222,4.0,0,Home Win,0
2014,1,2,1.54207,19,7,9,7.75,2.0,0,0,0.789519,5,1,2,11.9643,2.0,0,Home Win,0
2014,1,0,0.801741,17,5,8,6.027,2.0,0,1,0.192439,5,3,2,6.6111,2.0,0,Away Win,2
2014,1,1,1.41302,22,5,7,9.5556,2.0,0,2,1.24431,12,6,3,8.2333,1.0,0,Away Win,2
2014,1,3,1.71947,12,8,1,12.8387,1.0,0,0,0.289204,10,2,6,7.9167,1.0,0,Home Win,0
2014,1,1,1.27965,13,5,6,11.2941,1.0,0,1,0.29547,8,1,4,8.8056,1.0,0,Draw,1
2014,1,1,0.412004,8,2,2,13.96,1.0,0,4,1.0386,15,4,0,7.5862,1.0,0,Away Win,2
2014,1,1,2.37332,19,8,9,8.25,0.0,0,0,0.570955,6,1,4,11.913,2.0,0,Home Win,0
2014,1,2,1.48574,10,3,1,15.0,2.0,1,1,2.16232,26,8,10,7.0952,3.0,0,Home Win,0
2014,1,2,1.63744,11,6,3,11.2143,1.0,1,0,1.2646,15,3,11,6.44,1.0,0,Home Win,0
2014,1,3,2.50357,13,4,3,10.087,3.0,0,2,2.02073,14,6,9,6.2069,2.0,1,Home Win,0
2014,1,0,0.958788,14,3,2,4.4583,1.0,0,0,1.17369,16,4,12,17.0,0.0,0,Draw,1
2014,1,0,0.586305,12,2,3,9.4688,1.0,0,0,1.06151,6,3,2,12.3913,1.0,0,Draw,1
2014,1,0,0.663875,15,2,5,6.9032,1.0,0,0,0.268395,7,1,7,7.9583,3.0,0,Draw,1
2014,1,1,2.2487,19,3,11,10.0,3.0,0,0,0.385845,9,2,7,9.4348,3.0,0,Home Win,0
2014,1,3,2.11509,15,7,7,7.4815,0.0,0,1,0.998148,11,2,4,7.52,1.0,1,Home Win,0
2014,1,2,1.97697,16,7,5,6.4286,4.0,0,1,1.0083,10,4,5,9.3429,4.0,1,Home Win,0
2014,1,1,1.8287,15,4,5,6.7105,2.0,0,2,0.799261,3,2,1,18.125,1.0,0,Away Win,2
2014,1,1,0.396158,7,2,2,8.0323,1.0,0,0,1.713,15,4,5,7.3158,3.0,0,Home Win,0
2014,1,2,1.21862,12,3,5,7.5333,3.0,0,0,0.435091,8,0,4,10.7143,3.0,1,Home Win,0
2014,1,1,0.498092,11,3,9,7.4194,2.0,0,1,0.898532,7,3,8,7.6111,0.0,0,Draw,1
2014,1,1,1.4373,13,5,4,8.2353,4.0,0,0,0.266303,7,2,2,15.5385,2.0,1,Home Win,0
2014,1,1,1.33557,13,4,6,8.2,2.0,0,1,0.870324,20,7,8,8.9643,2.0,0,Draw,1
2014,1,0,0.360608,7,1,8,9.6875,0.0,0,1,1.13411,9,4,2,8.3,2.0,0,Away Win,2
2014,1,4,2.38819,17,4,9,8.2759,2.0,0,1,0.938764,10,4,6,8.8846,2.0,0,Home Win,0
2014,1,3,1.79543,11,6,2,5.9512,4.0,0,0,1.87114,19,9,7,13.3913,3.0,0,Home Win,0
2014,1,1,1.67826,15,3,7,8.913,3.0,0,2,0.731022,10,4,9,7.7692,4.0,0,Away Win,2
2014,1,3,0.747708,13,5,1,8.0,1.0,0,1,0.972265,17,4,8,10.2143,1.0,0,Home Win,0
2014,1,3,1.41484,15,3,8,3.75,2.0,0,0,0.760531,6,1,6,19.0526,1.0,0,Home Win,0
2014,1,2,1.45134,10,2,9,9.0556,0.0,0,0,0.659983,10,4,4,5.7273,3.0,0,Home Win,0
2014,1,2,1.77346,23,6,9,7.9474,1.0,0,1,0.655135,9,5,6,11.7308,0.0,0,Home Win,0
2014,1,3,2.92864,17,7,5,8.3636,1.0,0,2,1.30117,16,6,11,9.2353,0.0,0,Home Win,0
2014,1,3,2.21266,11,3,4,8.1379,1.0,0,0,0.597999,13,4,6,16.25,1.0,0,Home Win,0
2014,1,1,0.575806,10,4,3,23.1538,1.0,1,1,1.06851,16,9,9,10.6316,1.0,0,Draw,1
2014,1,0,0.825885,11,3,4,7.8519,2.0,0,1,1.45331,13,3,5,14.8824,2.0,0,Away Win,2
2014,1,0,0.900259,15,7,7,9.6,4.0,0,1,2.18418,16,3,1,7.2222,4.0,0,Away Win,2
2014,1,2,1.31858,27,10,10,6.2593,0.0,1,2,0.754219,7,3,6,12.2581,3.0,0,Draw,1
2014,1,0,0.411669,13,2,6,11.0435,3.0,0,2,1.45482,15,6,5,10.84,0.0,0,Away Win,2
2014,1,2,3.56764,28,9,8,8.2273,0.0,0,0,0.45944,6,0,6,16.5263,3.0,0,Home Win,0
2014,1,0,0.61207,16,0,8,10.3226,0.0,0,1,1.06708,10,3,2,11.4286,1.0,0,Away Win,2
2014,1,1,0.601468,7,2,4,13.4286,1.0,0,0,1.41578,11,3,0,14.6316,4.0,0,Home Win,0
2014,1,1,1.35551,12,3,10,9.25,4.0,0,3,0.85573,13,5,4,13.4,2.0,0,Away Win,2
2014,1,1,2.64442,18,6,10,9.8,0.0,0,3,2.10224,9,5,6,10.2692,1.0,0,Away Win,2
2014,1,0,1.00929,16,5,9,5.5185,2.0,0,1,1.39552,12,2,3,14.7895,3.0,0,Away Win,2
2014,1,1,0.379447,12,4,8,11.5417,1.0,0,3,1.30288,13,6,4,12.25,0.0,0,Away Win,2
2014,1,3,1.86147,9,4,4,7.6667,1.0,0,1,1.03151,8,4,5,16.9524,2.0,0,Home Win,0
2014,1,1,1.47301,22,6,11,10.2,1.0,0,2,1.35719,8,3,1,9.2083,2.0,0,Away Win,2
2014,1,2,2.13888,15,5,6,12.2778,1.0,1,1,1.21752,16,2,2,8.6857,4.0,0,Home Win,0
2014,1,0,0.888,9,4,3,7.44,2.0,0,0,2.2613,9,5,6,4.9333,4.0,0,Draw,1
2014,1,1,0.528455,9,1,4,11.9583,2.0,1,1,0.521788,7,1,6,10.4545,2.0,0,Draw,1
2014,1,0,0.405679,11,3,9,4.6667,2.0,0,0,0.328577,10,3,4,8.0455,1.0,0,Draw,1
2014,1,0,1.72314,19,5,7,8.1364,0.0,1,1,0.180127,4,2,1,11.037,1.0,1,Away Win,2
2014,1,2,1.38586,17,6,10,7.3333,4.0,0,2,0.962215,12,3,3,15.4706,1.0,0,Draw,1
2014,1,0,0.650993,14,2,4,18.0,1.0,1,0,0.845626,14,3,4,13.1,4.0,0,Draw,1
2014,1,1,1.1084,14,4,7,5.0769,3.0,0,2,3.35886,21,7,8,10.5556,3.0,0,Away Win,2
2014,1,2,1.25399,13,3,5,6.9643,0.0,0,0,1.35813,15,4,3,6.4839,2.0,0,Home Win,0
2014,1,3,1.71345,13,6,8,7.1563,2.0,0,2,1.07321,9,2,3,18.7143,2.0,0,Home Win,0
2014,1,4,3.27658,21,11,6,23.8824,1.0,0,1,1.00374,11,4,3,15.3889,0.0,0,Home Win,0
2014,1,1,1.56863,14,3,7,13.75,4.0,0,0,0.258953,6,3,2,9.375,3.0,0,Home Win,0
2014,1,2,3.06954,21,6,9,5.2,1.0,0,2,0.528668,10,2,2,9.7619,1.0,0,Draw,1
2014,1,0,1.41001,14,5,8,8.3913,0.0,0,1,0.562442,8,3,3,7.2069,1.0,0,Away Win,2
2014,1,3,4.3298,32,12,18,8.4,0.0,0,0,0.684259,6,2,1,13.0,1.0,0,Home Win,0
2014,1,2,2.23703,18,8,13,5.5,0.0,0,1,0.510067,7,1,2,13.0435,0.0,0,Home Win,0
2014,1,0,1.14779,17,3,11,4.9063,2.0,0,0,0.694419,8,1,0,13.1818,3.0,1,Draw,1
2014,1,0,0.256678,8,1,7,25.6154,1.0,0,1,1.90484,10,3,4,8.2414,0.0,0,Away Win,2
2014,1,1,2.56723,17,6,7,7.3714,3.0,0,0,0.727924,9,2,4,13.3158,1.0,1,Home Win,0
2014,1,1,0.872267,12,1,3,14.3684,3.0,1,2,2.54173,18,7,9,8.0556,3.0,0,Away Win,2
2014,1,1,0.766023,9,1,11,7.5,0.0,1,3,0.727981,8,7,2,5.5667,3.0,0,Away Win,2
2014,1,1,0.531905,12,4,5,9.55,2.0,0,2,1.97201,15,5,7,11.9286,5.0,0,Away Win,2
2014,1,1,1.10315,14,3,7,8.28,6.0,0,0,0.526656,12,1,1,6.7368,4.0,0,Home Win,0
2014,1,1,0.956776,23,5,11,7.4706,1.0,0,0,0.400837,6,1,4,26.0,3.0,0,Home Win,0
2014,1,0,1.47873,21,5,13,7.5238,0.0,0,0,0.560875,12,4,2,14.1765,3.0,0,Draw,1
2014,1,2,1.00528,18,6,13,7.3913,2.0,0,0,0.540434,5,0,4,20.8824,2.0,0,Home Win,0
2014,1,2,1.86489,17,4,7,9.6786,4.0,0,2,1.70189,24,7,7,8.3333,2.0,0,Draw,1
2014,1,1,0.508326,10,3,5,11.4783,1.0,0,1,1.31898,16,7,4,8.32,2.0,0,Draw,1
2014,1,1,1.28384,14,4,5,4.3333,3.0,1,2,1.24867,11,4,5,11.4091,2.0,0,Away Win,2
2014,1,0,0.765208,10,2,7,9.6316,0.0,0,2,0.694441,8,3,4,12.75,0.0,0,Away Win,2
2014,1,2,0.520487,11,5,6,11.6522,5.0,0,1,1.77699,12,4,10,8.9677,5.0,0,Home Win,0
2014,1,1,1.94307,25,3,14,3.1538,2.0,0,2,1.27532,5,4,0,15.0526,2.0,0,Away Win,2
2014,1,1,1.47871,14,6,16,4.3824,2.0,0,0,0.402285,13,4,7,7.0769,3.0,0,Home Win,0
2014,1,2,2.26312,23,10,7,7.525,2.0,0,1,0.957011,8,3,3,16.3333,1.0,0,Home Win,0
2014,1,0,0.685893,13,4,6,8.6087,2.0,0,0,0.889971,11,5,9,5.5,3.0,0,Draw,1
2014,1,2,1.82651,14,4,1,5.2857,2.0,0,1,1.11958,14,3,5,13.8571,3.0,0,Home Win,0
2014,1,2,4.36607,21,8,15,10.8571,1.0,0,0,0.0930471,5,1,0,35.5455,0.0,1,Home Win,0
2014,1,1,2.00193,23,9,11,5.9565,2.0,0,2,1.2791,12,2,5,14.3333,1.0,0,Away Win,2
2014,1,3,1.47309,15,5,4,12.8519,1.0,0,1,0.952958,12,1,3,6.4737,2.0,0,Home Win,0
2014,1,1,0.94244,10,2,3,13.3333,3.0,1,2,2.16438,23,6,9,4.0,1.0,0,Away Win,2
2014,1,1,1.13228,7,1,2,20.8571,1.0,0,1,0.863156,16,4,8,6.2,2.0,0,Draw,1
2014,1,0,0.31526,8,1,4,15.1111,2.0,0,1,1.05603,17,5,4,11.9524,1.0,0,Away Win,2
2014,1,1,1.09981,12,3,6,16.0,3.0,0,0,0.246562,7,1,2,8.1905,2.0,1,Home Win,0
2014,1,1,1.4626,18,4,4,3.7647,0.0,0,1,1.50956,11,5,6,19.5,2.0,0,Draw,1
2014,1,1,1.71025,16,3,5,10.2963,0.0,0,0,0.875424,13,4,5,14.1765,3.0,0,Home Win,0
2014,1,3,1.76885,15,7,7,6.04,2.0,0,0,0.230407,4,2,0,19.5385,2.0,0,Home Win,0
2014,1,3,2.98194,33,6,11,8.0769,3.0,0,2,2.10013,19,5,5,6.0345,2.0,0,Home Win,0
2014,1,1,2.3058,11,4,1,10.52,3.0,0,1,1.0873,18,7,5,23.0909,4.0,0,Draw,1
2014,1,0,1.03133,12,3,2,13.6,3.0,0,0,0.761171,24,6,8,5.4516,2.0,0,Draw,1
2014,1,0,0.804381,13,4,8,9.25,1.0,0,3,2.13214,15,6,6,10.0714,2.0,1,Away Win,2
2014,1,2,1.13109,13,6,3,12.2,5.0,0,1,0.934335,10,5,4,13.375,1.0,0,Home Win,0
2014,1,2,1.07209,15,2,6,5.4074,1.0,0,0,0.616109,11,2,7,12.8846,2.0,0,Home Win,0
2014,1,2,1.57773,15,6,9,7.65,2.0,0,2,0.957718,10,4,3,6.7241,2.0,0,Draw,1
2014,1,2,1.56163,19,7,5,8.04,2.0,0,1,1.4384,8,4,5,8.0313,2.0,0,Home Win,0
2014,1,3,1.40551,8,3,7,7.5806,3.0,0,1,0.478187,11,5,4,4.8214,4.0,0,Home Win,0
2014,1,2,1.55242,11,5,3,7.0741,1.0,0,2,1.18603,9,4,1,13.5,3.0,0,Draw,1
2014,1,0,0.690283,6,1,0,25.7895,0.0,0,2,2.30634,27,7,7,7.7692,1.0,0,Away Win,2
2014,1,2,1.6239,15,4,11,7.4444,4.0,0,1,2.13558,10,6,6,13.45,3.0,0,Home Win,0
2014,1,1,0.898735,9,4,10,11.8571,2.0,0,0,1.14587,7,3,5,6.8077,1.0,0,Home Win,0
2014,1,2,1.40263,5,3,2,8.2258,4.0,0,0,0.330699,10,0,2,11.2857,3.0,0,Home Win,0
2014,1,2,1.64038,11,3,7,12.4091,2.0,0,0,0.697342,10,3,5,9.75,2.0,0,Home Win,0
2014,1,4,3.75041,20,12,3,5.5294,1.0,0,1,2.32314,19,7,4,17.35,2.0,1,Home Win,0
2014,1,3,1.67016,15,6,3,16.0833,2.0,0,0,0.37205,10,2,4,17.25,2.0,0,Home Win,0
2014,1,1,1.74404,17,3,5,17.3571,0.0,0,3,2.84138,22,6,7,9.2941,1.0,0,Away Win,2
2014,1,1,1.16779,7,4,3,20.8261,1.0,1,2,1.01515,14,5,2,7.5714,1.0,1,Away Win,2
2014,1,8,3.71097,21,10,5,10.36,1.0,0,0,0.92175,13,1,6,24.7273,3.0,0,Home Win,0
2014,1,1,2.1929,19,6,10,6.0345,0.0,0,0,0.650379,7,2,7,10.0,3.0,0,Home Win,0
2014,1,2,2.14845,25,9,10,6.325,2.0,0,2,0.552062,4,4,0,44.0,2.0,0,Draw,1
2014,1,2,2.60852,15,5,7,7.5882,2.0,0,3,1.51813,15,4,2,6.3,3.0,0,Away Win,2
2014,1,2,1.75841,17,3,3,10.6333,4.0,0,1,2.26827,13,5,5,11.0588,1.0,0,Home Win,0
2014,1,2,0.61662,8,2,0,17.875,1.0,0,2,0.934042,22,7,11,7.9259,2.0,0,Draw,1
2014,1,2,2.62631,12,4,4,12.1923,2.0,0,1,1.8643,21,5,8,3.9545,1.0,0,Home Win,0
2014,1,1,1.3758,20,2,6,8.1304,0.0,0,0,0.867568,8,1,3,21.3125,2.0,0,Home Win,0
2014,1,0,0.441491,11,3,3,7.6129,3.0,0,2,1.47081,15,5,3,4.7317,3.0,0,Away Win,2
2014,1,2,1.45724,17,4,6,4.4615,3.0,0,2,1.77354,8,6,3,24.7692,1.0,0,Draw,1
2014,1,0,0.678924,17,4,14,6.25,3.0,0,0,0.222999,6,3,1,10.4688,2.0,0,Draw,1
2014,1,2,1.05601,7,3,2,16.05,0.0,0,0,0.773436,9,4,2,14.5,0.0,0,Home Win,0
2014,1,1,2.03729,18,2,10,5.32,2.0,0,2,0.73967,8,2,2,9.375,4.0,0,Away Win,2
2014,1,1,1.55564,14,3,5,13.2903,4.0,0,3,1.32187,15,6,4,14.2308,2.0,0,Away Win,2
2014,1,1,1.84074,19,7,4,13.6111,3.0,0,1,0.989916,9,4,7,14.1111,5.0,1,Draw,1
2014,1,2,0.81667,11,4,2,13.6,0.0,0,0,1.18709,15,6,4,5.5909,2.0,0,Home Win,0
2014,1,2,2.07804,15,6,0,7.0811,3.0,0,2,2.30834,15,8,3,5.0227,4.0,0,Draw,1
2014,1,4,3.56581,30,9,7,12.2857,0.0,0,2,1.02153,12,2,4,14.8235,3.0,0,Home Win,0
2014,1,0,0.780534,16,3,5,12.7333,2.0,0,0,1.2493,11,3,5,7.5,3.0,0,Draw,1
2014,1,4,2.11739,10,7,5,11.8,0.0,0,0,1.15026,9,4,5,20.5556,2.0,0,Home Win,0
2014,1,0,1.64782,27,6,13,6.7826,3.0,0,1,0.598313,8,1,3,12.2105,0.0,0,Away Win,2
2014,1,2,0.338966,7,1,5,8.0,5.0,0,2,2.03694,16,6,5,5.9375,1.0,0,Draw,1
2014,1,0,0.602059,13,3,9,9.3824,2.0,0,2,0.807492,12,5,1,19.1538,3.0,0,Away Win,2
2014,1,0,0.728097,18,1,7,6.5,2.0,0,1,0.701676,5,1,6,54.0,1.0,0,Away Win,2
2014,1,4,2.20911,18,9,3,8.7692,1.0,0,0,0.563524,9,2,1,45.5,0.0,0,Home Win,0
2014,1,2,0.439084,11,6,3,7.3784,3.0,0,2,0.661678,17,5,10,8.3478,1.0,0,Draw,1
2014,1,2,1.05642,21,5,10,9.9167,2.0,0,2,1.45847,8,4,1,9.7917,4.0,0,Draw,1
2014,1,0,0.520262,5,2,2,17.5882,0.0,1,1,0.750244,11,4,4,7.8235,4.0,0,Away Win,2
2014,1,0,0.649013,6,2,5,44.25,1.0,0,3,1.36224,9,3,5,7.7273,3.0,0,Away Win,2
2014,1,0,0.710673,16,6,5,8.4,1.0,0,0,0.643512,14,6,1,11.2667,2.0,0,Draw,1
2014,1,2,1.91632,25,7,4,8.1304,4.0,0,2,0.854291,10,3,2,19.375,2.0,0,Draw,1
2014,1,3,1.26032,13,7,7,13.0417,4.0,0,1,0.37835,11,5,5,7.1765,1.0,0,Home Win,0
2014,1,0,0.438596,7,1,9,5.8261,2.0,0,1,1.08401,10,4,7,11.7778,2.0,0,Away Win,2
2014,1,5,2.5422,15,5,2,12.3913,1.0,0,3,1.71191,16,5,4,6.6923,1.0,1,Home Win,0
2014,1,1,1.05592,16,4,14,5.7179,3.0,1,1,1.02093,6,2,2,14.9048,4.0,0,Draw,1
2014,1,2,2.56122,17,6,7,5.2105,2.0,0,3,1.62886,10,3,1,22.95,2.0,0,Away Win,2
2014,1,1,1.5286,24,8,8,12.0,2.0,0,1,0.475885,11,5,2,10.85,1.0,0,Draw,1
2014,1,2,0.520246,8,3,7,14.5385,1.0,1,1,1.27452,13,4,10,15.0,3.0,0,Home Win,0
2014,1,2,2.34463,19,9,6,9.5455,2.0,0,1,0.456323,10,2,3,14.5556,1.0,0,Home Win,0
2014,1,3,3.14218,17,8,9,18.2,2.0,0,0,0.228896,7,1,2,49.375,2.0,0,Home Win,0
2014,1,2,2.1144,16,6,6,8.9655,0.0,0,0,0.453547,7,1,6,7.4375,2.0,0,Home Win,0
2014,1,2,1.12374,10,5,3,21.3,0.0,0,4,1.78953,20,6,8,11.2,2.0,0,Away Win,2
2014,1,0,1.39649,15,3,10,10.32,2.0,0,0,0.156398,7,1,1,6.8571,1.0,1,Draw,1
2014,1,1,1.2647,16,6,15,5.4643,3.0,0,1,0.673535,6,4,5,16.7,6.0,0,Draw,1
2014,1,4,1.81127,20,6,10,11.4,1.0,0,0,0.473814,10,2,2,19.0,2.0,0,Home Win,0
2014,1,1,1.56203,12,3,2,9.5417,1.0,0,0,1.13994,16,1,10,7.4348,2.0,0,Home Win,0
2014,1,1,1.16635,14,5,4,10.12,2.0,0,2,0.278076,5,4,0,17.9474,4.0,0,Away Win,2
2014,1,2,1.2783,11,3,3,14.48,1.0,0,2,0.613273,13,3,6,11.6875,1.0,0,Draw,1
2014,1,0,1.90067,19,6,8,12.8235,1.0,0,1,1.11757,11,4,9,10.2857,2.0,0,Away Win,2
2014,1,0,0.423368,12,2,2,4.125,0.0,0,1,0.909774,7,1,8,14.0435,3.0,0,Away Win,2
2014,1,2,1.68343,10,5,6,5.9355,3.0,0,2,0.991901,7,2,3,13.6875,1.0,0,Draw,1
2014,1,0,1.8531,18,4,8,11.25,1.0,1,1,1.01706,10,4,5,10.9565,0.0,1,Away Win,2
2014,1,2,1.55411,14,6,9,2.9333,2.0,0,1,0.158151,4,2,3,14.1724,2.0,1,Home Win,0
2014,1,2,1.33192,12,5,2,11.3333,1.0,0,1,1.55248,12,6,6,11.1389,2.0,0,Home Win,0
2014,1,0,0.965583,12,0,3,15.5909,1.0,0,2,1.48053,13,5,3,12.9091,5.0,0,Away Win,2
2014,1,1,0.371141,9,2,4,17.9524,1.0,0,3,2.12996,11,3,3,13.7333,1.0,0,Away Win,2
2014,1,0,0.507525,10,0,7,15.5238,4.0,0,0,0.699295,11,4,7,8.5714,0.0,1,Draw,1
2014,1,2,2.02939,27,10,8,7.0526,0.0,0,0,0.550894,6,4,7,9.1563,1.0,0,Home Win,0
2014,1,1,0.617283,9,4,6,8.1515,1.0,0,3,1.33957,17,8,9,9.0455,3.0,0,Away Win,2
2014,1,0,0.665853,9,2,1,7.4444,1.0,0,0,0.665791,8,2,5,12.3913,2.0,0,Draw,1
2014,1,1,0.914215,10,5,2,14.0,2.0,0,0,0.843331,12,1,3,13.75,1.0,0,Home Win,0
2014,1,2,1.33429,8,2,3,15.8824,1.0,0,2,1.43355,13,3,3,7.7879,4.0,0,Draw,1
2014,1,1,0.870175,9,2,4,20.5,1.0,1,1,1.60916,19,3,5,9.7895,3.0,0,Draw,1
2014,1,4,2.38894,18,5,7,7.7241,0.0,0,0,1.07617,9,1,6,16.2857,1.0,0,Home Win,0
2014,1,1,0.666489,11,3,4,12.7143,0.0,0,1,0.941557,10,3,4,11.0,2.0,0,Draw,1
2014,1,3,1.31375,9,4,6,17.0,1.0,0,1,0.901889,11,3,7,18.2222,1.0,0,Home Win,0
2014,1,0,0.513746,9,3,3,11.2963,2.0,0,0,0.467281,7,2,6,7.1429,2.0,0,Draw,1
2014,1,0,0.891768,16,2,11,3.4667,2.0,0,1,0.299792,7,2,4,27.1667,1.0,0,Away Win,2
2014,1,3,1.69776,18,4,11,4.5556,1.0,0,3,1.66056,12,7,4,9.76,3.0,0,Draw,1
2014,1,1,1.27277,18,5,4,12.3846,1.0,0,0,0.964343,16,6,6,7.9048,2.0,0,Home Win,0
2014,1,3,2.02641,15,8,0,13.0,1.0,0,0,0.696665,16,2,7,15.4643,2.0,0,Home Win,0
2014,1,1,0.635223,4,2,2,27.6667,2.0,0,3,1.57513,18,8,9,7.0769,1.0,0,Away Win,2
2014,1,3,1.4491,16,6,8,6.1852,1.0,0,6,2.02665,12,8,2,10.5862,3.0,0,Away Win,2
2014,1,2,0.639316,11,4,3,28.1538,1.0,0,1,0.28888,9,3,7,11.5833,4.0,0,Home Win,0
2014,1,0,0.48592,7,1,7,7.0714,0.0,0,3,2.74317,17,8,3,12.12,4.0,0,Away Win,2
2014,1,1,0.809743,9,3,5,11.0,3.0,0,1,2.29649,24,6,10,7.5,1.0,0,Draw,1
2014,2,0,0.912856,18,2,4,8.1818,4.0,0,1,1.15289,14,5,4,9.0952,1.0,0,Away Win,2
2014,2,0,0.400702,6,2,6,8.3571,2.0,0,0,1.65519,13,2,6,5.5185,3.0,0,Draw,1
2014,2,2,0.872024,15,6,7,8.1429,3.0,0,0,0.442319,10,3,8,6.9643,3.0,0,Home Win,0
2014,2,0,0.895308,23,3,11,5.2273,3.0,0,0,0.859563,11,4,5,22.4,1.0,0,Draw,1
2014,2,0,0.815884,14,3,6,10.6364,1.0,2,1,2.74677,20,4,5,9.1,4.0,0,Away Win,2
2014,2,1,1.59749,16,6,9,7.7419,2.0,0,1,1.56633,14,5,5,6.1429,6.0,0,Draw,1
2014,2,3,3.31326,24,12,9,9.4,1.0,0,1,0.90953,13,1,5,9.4074,1.0,0,Home Win,0
2014,2,3,3.13346,27,7,15,4.5938,2.0,0,0,0.112051,2,1,1,27.0909,0.0,1,Home Win,0
2014,2,4,2.08635,11,7,4,15.1111,3.0,0,0,0.991984,21,3,4,9.3077,1.0,0,Home Win,0
2014,2,0,0.961341,19,5,5,8.6667,3.0,0,1,1.26479,21,6,6,13.1333,1.0,0,Away Win,2
2014,2,1,0.410515,13,4,8,10.4231,1.0,0,1,1.81708,15,6,3,15.4545,1.0,0,Draw,1
2014,2,2,2.40295,11,4,6,15.6316,4.0,0,1,1.47723,15,3,5,9.35,3.0,0,Home Win,0
2014,2,2,1.99992,19,4,11,7.5238,3.0,0,2,2.07565,14,3,3,9.4211,5.0,0,Draw,1
2014,2,1,1.90478,15,3,5,7.0323,1.0,0,4,4.31492,20,11,6,7.0,4.0,0,Away Win,2
2014,2,2,4.53848,24,8,13,3.7941,1.0,0,3,1.40147,10,7,3,13.0,2.0,1,Away Win,2
2014,2,2,2.49522,13,6,3,10.2857,2.0,0,3,1.24035,12,7,4,7.1212,0.0,0,Away Win,2
2014,2,2,1.30038,13,5,4,13.0,2.0,0,2,1.45305,23,12,10,9.8333,1.0,0,Draw,1
2014,2,2,1.16432,16,3,8,10.5,1.0,0,3,1.12848,11,5,4,7.8,2.0,0,Away Win,2
2014,2,1,1.30251,11,6,8,19.8421,3.0,2,2,2.23366,14,7,3,6.5,3.0,0,Away Win,2
2014,2,5,1.55138,13,8,5,8.3929,2.0,0,1,0.535982,9,4,2,10.3182,4.0,0,Home Win,0
2014,2,1,1.95157,20,7,9,5.875,5.0,0,2,1.81655,14,4,3,26.4167,2.0,0,Away Win,2
2014,2,0,1.12115,8,1,5,5.6563,2.0,0,1,1.02847,14,2,6,4.1795,0.0,0,Away Win,2
2014,2,3,1.4837,6,5,3,11.0741,2.0,0,2,0.727682,11,3,4,9.5185,4.0,2,Home Win,0
2014,2,0,1.4523,19,7,4,9.0333,3.0,0,1,1.72871,17,6,3,8.303,3.0,0,Away Win,2
2014,2,1,2.54956,17,6,9,10.1111,3.0,0,4,1.23801,13,7,7,7.6,1.0,0,Away Win,2
2014,2,2,1.18511,14,4,5,8.6667,1.0,0,1,1.21175,16,6,4,7.875,2.0,0,Home Win,0
2014,2,2,2.88077,25,9,6,15.0,3.0,0,0,0.178332,7,1,1,16.5909,0.0,0,Home Win,0
2014,2,2,2.52509,19,6,10,5.2273,3.0,0,1,1.03058,8,3,5,21.6154,2.0,0,Home Win,0
2014,2,3,1.9529,22,10,12,7.7083,1.0,0,0,1.16854,16,4,4,21.1579,1.0,0,Home Win,0
2014,2,3,1.92107,15,4,6,6.9697,2.0,0,2,0.513771,7,4,1,20.375,2.0,0,Home Win,0
2014,2,3,1.70377,13,5,3,13.0,1.0,0,1,1.96746,20,8,8,9.439,1.0,1,Home Win,0
2014,2,3,2.08755,17,7,13,7.12,3.0,0,2,2.04042,16,5,5,6.8421,4.0,0,Home Win,0
2014,2,1,1.6605,18,4,4,6.0256,3.0,0,1,0.502291,11,5,5,11.25,3.0,0,Draw,1
2014,2,2,1.10361,14,7,6,15.6,1.0,0,2,1.41687,12,7,3,11.8571,2.0,0,Draw,1
2014,2,0,0.332122,11,2,4,9.3793,3.0,0,1,1.01404,13,4,8,11.1667,0.0,0,Away Win,2
2014,2,2,1.03835,9,5,7,8.2813,2.0,0,3,0.996373,10,4,8,8.8571,3.0,1,Away Win,2
2014,2,1,0.97759,14,8,6,11.5862,1.0,0,1,0.760081,11,3,5,10.45,0.0,0,Draw,1
2014,2,0,0.569603,15,3,11,7.8261,1.0,1,1,0.725339,12,3,4,9.4138,1.0,0,Away Win,2
2014,2,3,1.92705,15,5,5,17.125,4.0,1,0,1.01795,14,3,5,18.0,2.0,1,Home Win,0
2014,2,1,1.424,16,3,4,4.92,4.0,0,2,1.32911,6,2,8,12.0,4.0,0,Away Win,2
2014,2,2,1.29821,16,4,6,11.3448,3.0,0,2,1.98709,16,4,4,12.0714,1.0,1,Draw,1
2014,2,1,1.26851,16,1,5,8.9375,3.0,0,3,2.25291,9,5,6,7.0769,0.0,0,Away Win,2
2014,2,4,1.2052,14,5,4,7.2121,1.0,0,3,0.5464,11,6,5,14.9474,4.0,0,Home Win,0
2014,2,2,1.38898,17,7,7,7.5909,0.0,0,2,1.0172,10,3,4,18.3571,1.0,0,Draw,1
2014,2,1,0.50954,7,2,2,13.2632,2.0,0,2,2.88579,12,3,5,13.7308,3.0,0,Away Win,2
2014,2,2,2.95673,16,7,4,5.8333,0.0,1,4,1.64202,7,5,2,12.1538,4.0,1,Away Win,2
2014,2,3,2.65496,16,6,5,8.4643,3.0,0,1,2.20223,17,7,7,5.84,4.0,1,Home Win,0
2014,2,4,3.0703,32,9,6,6.4595,1.0,0,3,2.04109,11,5,0,11.7143,2.0,0,Home Win,0
2014,2,5,4.00732,18,9,5,25.8333,0.0,0,0,0.244172,7,1,1,15.5909,2.0,0,Home Win,0
2014,2,3,2.20556,26,13,3,7.7742,2.0,0,0,0.663704,13,2,3,24.4615,1.0,1,Home Win,0
2014,2,1,1.22732,7,2,2,7.0714,4.0,0,0,0.975768,13,5,5,10.2,1.0,0,Home Win,0
2014,2,1,1.05665,18,6,5,5.0,2.0,0,1,0.542964,13,2,2,22.1176,0.0,0,Draw,1
2014,2,1,0.368621,10,3,3,8.6571,4.0,1,3,4.45421,14,10,1,3.9048,4.0,0,Away Win,2
2014,2,1,1.82986,16,3,5,9.0952,2.0,0,2,1.72116,13,5,6,9.0,3.0,0,Away Win,2
2014,2,1,0.635446,12,4,6,6.697,3.0,1,2,0.675998,11,7,6,8.0741,5.0,1,Away Win,2
2014,2,1,1.26793,13,5,9,4.2105,2.0,0,1,1.64498,14,6,5,8.7037,3.0,0,Draw,1
2014,2,3,1.4245,15,5,7,13.2778,3.0,0,3,1.06234,20,8,4,5.2917,3.0,0,Draw,1
2014,2,1,1.47235,7,2,4,6.75,3.0,1,0,0.635164,14,3,9,4.5517,2.0,0,Home Win,0
2014,2,2,2.2646,20,5,6,4.4865,2.0,0,0,0.512445,9,0,3,11.7895,1.0,0,Home Win,0
2014,2,2,2.06686,16,7,5,11.0,2.0,0,0,0.445433,12,4,4,19.05,2.0,0,Home Win,0
2014,2,1,1.22121,17,7,2,16.4737,2.0,0,0,0.543698,7,0,4,7.6552,1.0,0,Home Win,0
2014,2,2,2.5631,19,6,7,4.5227,2.0,0,0,1.61385,14,6,8,6.6098,3.0,0,Home Win,0
2014,2,1,0.319367,9,1,4,16.7,3.0,0,0,0.914362,19,3,4,4.8077,3.0,0,Home Win,0
2014,2,0,1.46945,18,5,4,13.1923,2.0,0,3,2.38387,12,2,5,6.3333,4.0,0,Away Win,2
2014,2,0,0.476356,16,1,3,5.4545,2.0,0,1,1.81431,16,5,5,13.5833,1.0,0,Away Win,2
2014,2,4,1.65017,9,6,2,5.6364,3.0,1,0,0.897859,12,5,7,8.4333,0.0,0,Home Win,0
2014,2,3,1.1947,11,6,4,7.6279,3.0,0,0,0.253949,6,0,4,6.6154,1.0,0,Home Win,0
2014,2,1,0.44846,11,1,7,6.2727,3.0,0,3,1.86145,11,5,3,14.5789,0.0,0,Away Win,2
2014,2,1,1.13761,14,2,4,16.2667,5.0,0,1,1.90082,22,6,7,7.8571,3.0,0,Draw,1
2014,2,2,1.25964,11,5,2,6.6129,2.0,1,1,0.296081,7,2,1,3.3947,1.0,1,Home Win,0
2014,2,1,1.23075,26,6,7,7.3438,3.0,0,1,0.557741,11,3,5,11.5385,2.0,0,Draw,1
2014,2,2,2.78368,15,4,7,6.3235,3.0,0,0,0.595376,9,3,2,8.5789,5.0,0,Home Win,0
2014,2,0,1.20484,18,3,13,5.64,2.0,0,0,0.169192,5,3,4,9.0833,3.0,0,Draw,1
2014,2,2,0.635097,8,4,2,12.5,3.0,0,0,0.493742,17,3,9,4.58,4.0,1,Home Win,0
2014,2,1,1.09375,9,1,4,12.7778,2.0,0,1,1.98036,21,8,6,12.2778,3.0,0,Draw,1
2014,2,1,1.00434,16,7,4,7.5313,3.0,0,1,0.223826,8,1,3,7.6923,4.0,0,Draw,1
2014,2,2,1.06989,12,5,13,7.64,0.0,0,2,1.0285,15,5,2,12.0667,1.0,0,Draw,1
2014,2,2,1.86031,14,7,6,4.7317,4.0,0,1,0.907374,10,1,5,4.4667,3.0,0,Home Win,0
2014,2,1,1.56503,17,7,11,8.6296,4.0,0,1,0.919147,5,3,1,10.6923,5.0,0,Draw,1
2014,2,0,0.521935,7,3,6,11.9063,4.0,0,3,1.05458,14,4,5,12.087,1.0,1,Away Win,2
2014,2,0,1.49986,17,3,9,7.7059,4.0,0,0,0.171709,7,3,3,12.3333,2.0,0,Draw,1
2014,2,0,1.65828,21,3,11,4.4375,2.0,0,1,1.56963,12,4,7,9.2083,5.0,0,Away Win,2
2014,2,2,1.42973,21,5,9,5.9756,2.0,0,1,0.52334,6,1,1,8.0588,1.0,0,Home Win,0
2014,2,2,1.31242,11,3,4,6.4857,5.0,0,1,0.47498,11,4,4,8.0,4.0,0,Home Win,0
2014,2,2,1.88314,17,5,7,9.5385,3.0,0,2,2.44969,21,10,1,9.2273,1.0,0,Draw,1
2014,2,1,1.11507,8,5,3,11.6667,4.0,0,0,1.80235,13,3,5,8.375,0.0,0,Home Win,0
2014,2,2,1.70236,12,3,3,9.6296,3.0,0,1,1.62627,19,5,2,8.1429,1.0,0,Home Win,0
2014,2,3,3.40707,19,5,11,7.0952,2.0,0,1,1.24615,13,4,7,5.6207,3.0,1,Home Win,0
2014,2,1,1.88339,23,7,8,5.9032,2.0,0,1,0.201518,7,1,2,7.1563,5.0,0,Draw,1
2014,2,3,1.75876,15,9,6,18.6667,3.0,1,2,2.07561,18,7,4,5.0,2.0,0,Home Win,0
2014,2,1,2.12685,19,2,10,6.9545,1.0,0,3,2.16001,15,7,3,16.1765,5.0,0,Away Win,2
2014,2,4,2.34955,27,11,8,9.9091,1.0,0,2,0.274328,9,2,4,16.7826,2.0,0,Home Win,0
2014,2,1,0.593611,9,1,5,14.9091,4.0,2,2,2.26596,23,11,5,3.8529,4.0,0,Away Win,2
2014,2,0,0.447829,11,6,5,7.4054,3.0,0,3,0.801308,8,5,2,9.2593,3.0,0,Away Win,2
2014,2,4,1.87018,11,7,9,6.0,1.0,0,0,0.411529,11,3,2,29.7059,3.0,0,Home Win,0
2014,2,2,2.47886,16,3,8,14.3478,2.0,0,2,1.05702,14,4,4,15.0588,3.0,0,Draw,1
2014,2,2,2.63369,10,5,2,4.3,3.0,0,2,1.41317,16,7,3,4.8857,4.0,0,Draw,1
2014,2,1,0.960728,10,3,3,5.9459,2.0,0,0,0.404162,10,1,6,8.1905,4.0,2,Home Win,0
2014,2,3,1.69217,12,5,5,7.2692,1.0,0,2,2.05425,13,2,9,10.3214,3.0,0,Home Win,0
2014,2,1,0.96641,11,5,7,7.4091,2.0,1,3,3.01431,17,9,9,11.8077,4.0,0,Away Win,2
2014,2,1,1.51699,21,5,6,5.8519,2.0,1,1,1.01853,12,4,7,10.5714,4.0,0,Draw,1
2014,2,4,1.19679,10,4,6,10.3571,3.0,0,2,1.0197,14,5,4,9.8148,2.0,0,Home Win,0
2014,2,1,1.30221,22,5,10,3.92,3.0,0,2,1.52492,5,3,1,9.5556,3.0,0,Away Win,2
2014,2,0,1.15896,17,3,9,8.2593,3.0,0,0,1.18531,15,3,3,5.0,3.0,0,Draw,1
2014,2,1,1.83577,14,3,5,9.0909,2.0,0,2,2.12923,22,7,8,3.8649,4.0,0,Away Win,2
2014,2,1,1.26469,17,3,5,4.7826,4.0,0,0,0.378987,10,3,7,13.4,3.0,0,Home Win,0
2014,2,0,0.811845,10,4,0,15.0476,4.0,0,3,3.94782,18,6,3,6.6897,2.0,0,Away Win,2
2014,2,0,0.61408,12,5,5,7.3103,3.0,0,1,0.687722,8,4,1,20.6111,2.0,0,Away Win,2
2014,2,1,0.963003,10,4,2,12.9,2.0,0,0,0.727542,15,3,6,10.24,3.0,0,Home Win,0
2014,2,1,0.355629,8,3,1,8.1923,,1,1,0.63406,10,1,5,12.1818,5.0,0,Draw,1
2014,2,2,1.30566,17,5,7,8.6207,2.0,0,0,0.539042,10,4,1,5.5429,1.0,1,Home Win,0
2014,2,2,2.17254,18,4,9,12.1667,1.0,0,2,1.55229,13,4,3,11.5,3.0,0,Draw,1
2014,2,0,0.0514277,3,2,5,7.4865,1.0,0,0,0.275999,7,1,3,5.5769,2.0,0,Draw,1
2014,2,0,0.697014,10,2,4,8.8519,4.0,0,0,0.723373,11,2,8,3.8571,2.0,0,Draw,1
2014,2,1,1.17737,6,2,9,6.7917,2.0,0,1,0.915374,15,2,6,8.4138,2.0,0,Draw,1
2014,2,0,0.556685,14,4,5,7.1053,1.0,1,0,0.222416,8,2,4,8.4231,2.0,0,Draw,1
2014,2,3,1.2006,12,3,3,11.6667,3.0,0,2,1.11601,14,7,4,8.9545,2.0,0,Home Win,0
2014,2,2,1.46206,17,7,5,10.0882,1.0,1,2,1.48015,13,5,5,5.7308,3.0,0,Draw,1
2014,2,4,3.70253,16,13,3,14.3636,2.0,0,0,0.200536,6,0,5,7.7586,3.0,0,Home Win,0
2014,2,1,0.780512,16,4,13,4.4722,2.0,0,0,0.0929487,2,1,1,6.8684,4.0,0,Home Win,0
2014,2,0,0.247164,7,0,5,7.1379,3.0,0,1,0.510054,12,3,4,6.1892,4.0,0,Away Win,2
2014,2,1,0.976957,16,5,4,12.0,2.0,0,1,0.670824,14,2,5,4.9231,1.0,0,Draw,1
2014,2,0,1.10083,19,3,3,4.6667,4.0,0,2,1.28332,15,6,5,7.7,3.0,0,Away Win,2
2014,2,4,2.41615,15,7,4,7.6296,2.0,0,1,0.335275,8,3,3,8.6667,4.0,1,Home Win,0
2014,2,0,0.74162,19,5,5,8.44,2.0,1,0,0.270521,8,0,3,10.2632,3.0,0,Draw,1
2014,2,2,1.73297,12,5,5,13.8571,5.0,1,0,0.597828,16,7,6,4.3226,5.0,0,Home Win,0
2014,2,1,1.24118,19,4,7,5.3077,1.0,0,1,0.306265,9,1,2,12.0968,1.0,0,Draw,1
2014,2,0,0.400686,9,2,5,21.25,3.0,0,2,1.45192,16,5,6,6.0,2.0,0,Away Win,2
2014,2,2,1.7668,19,5,8,11.1364,3.0,0,1,0.790418,6,2,8,11.3913,4.0,0,Home Win,0
2014,2,0,1.81154,17,9,12,6.1143,2.0,1,2,1.13556,8,2,3,11.0385,3.0,0,Away Win,2
2014,2,1,1.78719,14,5,5,12.2692,1.0,0,0,1.25955,18,3,8,3.619,1.0,1,Home Win,0
2014,2,3,2.32036,14,7,10,6.5769,1.0,0,1,1.08885,11,1,5,8.0769,4.0,0,Home Win,0
2014,2,3,2.08642,14,6,10,8.9615,0.0,0,1,0.619932,11,1,4,8.4815,2.0,0,Home Win,0
2014,2,1,1.63976,13,4,5,7.2593,1.0,0,0,0.256135,9,1,4,7.9211,4.0,0,Home Win,0
2014,2,2,1.72379,23,7,12,7.9,0.0,0,0,0.140112,3,0,1,16.7368,1.0,0,Home Win,0
2014,2,1,1.4172,10,2,5,20.6667,3.0,0,0,0.404639,12,2,7,3.2059,6.0,0,Home Win,0
2014,2,0,0.231981,7,1,7,6.5714,3.0,0,1,1.02786,15,4,3,10.0,2.0,0,Away Win,2
2014,2,2,2.05116,11,5,8,16.7059,3.0,0,2,1.24406,13,5,6,6.2083,3.0,0,Draw,1
2014,2,1,1.61955,20,10,8,6.3158,4.0,0,1,0.740525,9,3,5,17.5625,4.0,1,Draw,1
2014,2,0,0.738142,16,1,8,16.7273,4.0,1,2,1.70895,15,5,5,8.8,2.0,0,Away Win,2
2014,2,3,1.32624,10,3,5,6.7368,3.0,1,1,1.30376,14,4,8,3.96,4.0,1,Home Win,0
2014,2,0,0.492428,11,2,5,18.1875,2.0,0,0,0.90458,13,2,9,4.0714,1.0,0,Draw,1
2014,2,2,0.973154,14,4,2,7.5152,1.0,0,1,0.282267,10,6,5,6.1579,3.0,0,Home Win,0
2014,2,1,0.590066,16,3,2,7.375,1.0,0,2,1.57003,12,4,6,9.9565,0.0,0,Away Win,2
2014,2,2,1.85613,14,6,13,6.0811,2.0,0,1,1.84093,13,6,4,9.3636,2.0,0,Home Win,0
2014,2,2,1.35764,14,5,10,5.2,1.0,0,1,0.471866,10,4,4,14.2727,2.0,0,Home Win,0
2014,2,5,3.50318,18,9,4,15.5714,1.0,0,1,0.468908,12,1,7,4.3333,2.0,0,Home Win,0
2014,2,3,2.0486,17,9,1,6.3824,2.0,0,1,1.38244,13,5,6,10.5,3.0,0,Home Win,0
2014,2,1,0.683941,17,5,8,6.3448,1.0,0,3,1.60437,13,5,4,7.9286,3.0,0,Away Win,2
2014,2,3,1.99657,20,8,7,8.2414,2.0,0,1,0.324559,11,3,6,10.6071,1.0,0,Home Win,0
2014,2,3,2.08375,18,8,7,4.8148,1.0,0,2,1.52805,12,4,7,9.6786,1.0,0,Home Win,0
2014,2,2,1.46461,14,5,4,9.3158,2.0,0,0,0.625894,11,2,3,8.4242,4.0,0,Home Win,0
2014,2,1,1.91512,17,6,5,13.0,2.0,0,2,1.20001,11,6,6,8.2069,3.0,0,Away Win,2
2014,2,1,1.19645,10,5,4,4.4194,4.0,0,1,1.76756,19,4,5,7.6522,5.0,0,Draw,1
2014,2,3,0.886946,10,4,1,4.9063,2.0,0,1,0.33825,11,3,7,11.0968,4.0,0,Home Win,0
2014,2,3,0.855097,17,5,8,4.9333,2.0,0,0,1.03268,8,1,3,9.2,3.0,0,Home Win,0
2014,2,0,0.719656,7,2,4,5.4872,4.0,1,1,1.56121,9,5,1,9.3214,5.0,0,Away Win,2
2014,2,0,0.742016,10,2,3,4.4286,3.0,1,1,1.72203,14,3,5,3.6222,3.0,0,Away Win,2
2014,2,1,0.74769,15,6,8,9.4483,3.0,0,3,1.77883,15,10,5,5.225,2.0,0,Away Win,2
2014,2,3,0.911378,7,4,1,10.9667,3.0,0,1,0.362823,8,3,7,5.4571,2.0,0,Home Win,0
2014,2,1,0.905576,7,2,2,13.4583,3.0,1,1,1.07186,16,3,3,7.1875,2.0,0,Draw,1
2014,2,1,1.42384,17,7,4,12.5,3.0,0,1,0.348185,11,3,5,11.8333,3.0,0,Draw,1
2014,2,5,1.44395,11,6,4,3.6389,2.0,0,2,1.07214,12,6,5,4.575,4.0,0,Home Win,0
2014,2,1,0.73064,9,2,6,21.8125,4.0,1,4,1.96151,18,7,9,5.8333,2.0,0,Away Win,2
2014,2,0,1.41197,19,4,10,5.64,0.0,0,0,0.105265,5,0,5,26.3077,4.0,0,Draw,1
2014,2,0,0.669025,12,6,3,8.9643,2.0,0,1,1.95381,12,2,2,5.0833,5.0,0,Away Win,2
2014,2,2,0.745644,8,4,2,16.5455,3.0,0,1,0.839752,13,3,11,5.3462,3.0,0,Home Win,0
2014,2,2,1.06157,12,6,4,17.2778,2.0,0,2,2.24449,15,4,3,5.7778,2.0,0,Draw,1
2014,2,2,2.43733,13,6,6,7.8095,5.0,0,1,0.856483,11,3,5,11.1786,3.0,0,Home Win,0
2014,2,2,1.25473,14,2,7,6.2414,1.0,0,0,0.494932,10,2,4,7.9412,5.0,0,Home Win,0
2014,2,3,2.17179,15,5,9,8.4118,0.0,0,0,0.286685,10,3,3,12.913,2.0,0,Home Win,0
2014,2,2,1.17258,16,8,6,4.2128,3.0,0,1,0.991252,9,6,2,7.7368,3.0,1,Home Win,0
2014,2,1,0.676633,8,2,6,16.8125,2.0,0,1,0.714031,16,7,8,3.68,3.0,0,Draw,1
2014,2,1,1.93718,23,4,8,5.6389,1.0,0,1,1.41838,11,5,1,18.1429,4.0,0,Draw,1
2014,2,2,1.09645,14,3,7,10.3333,3.0,1,0,0.298579,10,1,3,12.0476,2.0,0,Home Win,0
2014,2,1,1.35194,13,5,8,9.0882,2.0,0,2,2.42218,19,9,7,3.6739,2.0,0,Away Win,2
2014,2,1,1.52247,9,3,3,6.8462,4.0,0,1,2.43586,17,4,8,3.8387,1.0,0,Draw,1
2014,2,0,0.512856,11,3,6,9.2647,1.0,0,0,0.961368,11,2,4,7.0385,3.0,0,Draw,1
2014,2,3,2.03096,21,8,12,7.0625,2.0,0,0,0.0518842,2,1,1,11.8636,2.0,0,Home Win,0
2014,2,0,0.860799,8,2,5,14.0,1.0,0,1,0.896613,13,7,4,5.7692,5.0,0,Away Win,2
2014,2,1,0.880654,12,4,9,4.4242,3.0,0,2,0.626451,8,2,1,12.1304,3.0,0,Away Win,2
2014,2,5,3.19476,16,7,7,8.7241,3.0,0,0,0.984483,11,2,1,16.64,3.0,1,Home Win,0
2014,2,1,1.01072,6,2,3,16.0,6.0,0,0,2.82483,17,7,2,5.8636,1.0,2,Home Win,0
2014,2,0,1.39734,19,5,11,6.64,0.0,1,0,0.943501,10,5,1,9.8846,3.0,1,Draw,1
2014,2,2,2.62876,17,7,12,8.5714,4.0,0,2,0.952379,7,6,2,9.4091,4.0,0,Draw,1
2014,2,0,0.790719,18,6,9,7.2368,2.0,0,0,0.240292,8,3,0,11.1053,3.0,0,Draw,1
2014,2,1,0.47022,10,3,2,14.6522,2.0,0,4,1.78119,16,5,6,8.5455,2.0,0,Away Win,2
2014,2,1,1.64258,11,5,11,5.439,2.0,0,1,1.06956,13,2,3,7.9394,5.0,1,Draw,1
2014,2,1,1.27135,18,2,10,6.7273,3.0,0,1,0.72912,6,3,4,10.625,2.0,0,Draw,1
2014,2,1,2.8576,27,5,9,5.1786,1.0,0,1,1.03898,8,1,0,12.9091,3.0,1,Draw,1
2014,2,3,2.42963,16,7,5,6.3824,1.0,0,1,1.6443,13,6,5,13.069,2.0,0,Home Win,0
2014,2,1,0.940645,16,5,9,6.1786,3.0,1,1,1.03428,11,4,7,4.64,0.0,0,Draw,1
2014,2,2,1.87858,9,6,4,12.28,1.0,0,1,1.80994,16,5,11,5.5429,3.0,0,Home Win,0
2014,2,4,2.813,22,8,7,8.1111,4.0,0,3,1.64206,7,5,3,10.1818,2.0,0,Home Win,0
2014,2,3,2.47024,11,6,2,13.7727,1.0,0,1,0.466083,9,2,4,12.625,0.0,0,Home Win,0
2014,2,2,0.633109,11,4,3,8.0417,4.0,0,2,1.47703,13,7,5,11.1,4.0,0,Draw,1
2014,2,1,0.989643,17,6,8,8.3871,1.0,0,0,0.326387,7,2,2,10.0909,2.0,0,Home Win,0
2014,2,1,1.10384,10,2,9,7.9444,4.0,0,3,0.846872,8,5,2,8.84,2.0,0,Away Win,2
2014,2,0,0.752011,19,5,10,5.6875,1.0,0,0,0.956836,8,1,3,7.7143,2.0,0,Draw,1
2014,2,1,1.01386,6,3,1,16.5,2.0,0,1,0.908051,12,3,3,5.625,3.0,0,Draw,1
2014,2,0,1.0302,21,3,5,6.0741,3.0,0,1,0.991664,9,5,2,11.2414,3.0,0,Away Win,2
2014,2,0,0.657125,15,4,11,6.75,2.0,0,1,0.927306,15,5,4,13.0,5.0,0,Away Win,2
2014,2,3,3.14029,12,7,4,5.8462,1.0,0,3,2.78657,15,10,5,4.8095,4.0,0,Draw,1
2014,2,1,1.53326,17,7,4,6.375,2.0,0,2,1.94521,21,6,10,6.9524,1.0,0,Away Win,2
2014,2,2,2.67702,13,4,1,5.8824,5.0,0,3,1.53741,8,4,1,8.5652,5.0,0,Away Win,2
2014,2,0,0.933796,8,1,3,21.2857,2.0,0,2,2.59816,14,5,2,9.1818,1.0,0,Away Win,2
2014,2,2,0.902278,12,3,5,8.8333,1.0,0,2,1.08384,12,6,7,7.3846,4.0,0,Draw,1
2014,2,4,1.46036,18,8,6,10.3913,0.0,0,0,0.109495,5,1,0,34.1667,2.0,0,Home Win,0
2014,2,2,1.67837,10,4,4,14.8333,4.0,0,1,0.564835,13,3,6,5.2368,2.0,1,Home Win,0
2014,2,3,2.62355,18,6,5,6.6842,4.0,0,1,0.104831,2,2,1,10.9583,3.0,1,Home Win,0
2014,2,1,1.16405,14,6,11,4.2286,3.0,0,1,0.985018,16,6,8,7.0,3.0,1,Draw,1
2014,2,1,2.22323,17,6,0,13.6818,2.0,0,0,0.717053,16,3,3,18.5,2.0,0,Home Win,0
2014,2,1,1.0013,18,2,5,4.6923,4.0,0,2,0.764594,10,5,3,5.9286,3.0,0,Away Win,2
2014,2,2,2.33621,29,8,9,5.5185,2.0,0,0,0.633158,8,1,1,11.88,4.0,0,Home Win,0
2014,2,0,0.47051,14,2,8,4.5429,2.0,0,1,1.07197,9,2,5,19.625,2.0,0,Away Win,2
2014,2,1,1.12394,17,3,6,9.1786,2.0,0,1,1.25054,15,6,4,6.6538,2.0,0,Draw,1
2014,2,1,1.78285,17,4,6,4.7308,2.0,0,2,0.71193,10,3,4,16.8333,2.0,1,Away Win,2
2014,2,2,2.93897,16,5,6,10.08,3.0,0,1,0.574542,12,5,7,10.6957,4.0,0,Home Win,0
2014,2,1,2.29008,14,4,8,5.4419,1.0,1,1,0.766738,9,5,3,5.3158,1.0,0,Draw,1
2014,2,1,0.709503,19,3,7,10.6957,3.0,1,1,1.07254,7,1,3,10.8333,2.0,1,Draw,1
2014,2,1,0.858518,14,3,10,7.8214,3.0,0,1,0.902433,15,3,6,6.0,2.0,1,Draw,1
2014,2,0,0.300124,9,1,4,7.2813,2.0,0,0,0.380812,10,3,5,8.8636,3.0,0,Draw,1
2014,2,2,2.1508,21,5,11,3.5185,2.0,1,2,0.684934,6,3,1,18.95,2.0,1,Draw,1
2014,2,2,0.996123,21,6,6,16.4545,1.0,0,2,0.265528,7,3,1,19.7647,3.0,0,Draw,1
2014,2,2,1.36387,20,10,9,6.2609,2.0,0,2,1.95768,10,4,2,14.5789,2.0,0,Draw,1
2014,2,1,1.3355,8,1,1,7.8667,4.0,0,2,1.77716,15,5,3,5.4857,4.0,0,Away Win,2
2014,2,1,0.900312,13,4,12,9.16,3.0,0,0,1.74981,15,6,10,9.7895,2.0,0,Home Win,0
2014,2,3,3.60693,19,6,4,5.0,3.0,0,2,0.43169,8,3,3,7.0938,5.0,0,Home Win,0
2014,2,1,1.36914,15,2,9,3.7742,2.0,0,2,1.49489,16,6,4,8.7857,1.0,0,Away Win,2
2014,2,0,0.579955,10,1,6,5.2,6.0,0,2,0.980047,10,5,3,7.2941,3.0,0,Away Win,2
2014,2,1,1.57373,15,6,10,11.8261,2.0,1,3,2.97687,13,7,4,6.2917,3.0,0,Away Win,2
2014,2,2,1.84591,13,4,5,9.8214,1.0,0,1,0.810735,14,7,4,12.7059,3.0,2,Home Win,0
2014,2,3,2.32549,23,9,10,6.7297,0.0,0,0,0.223893,6,1,3,9.1304,2.0,0,Home Win,0
2014,2,1,1.63876,19,8,8,4.8824,2.0,0,1,0.247506,10,3,4,15.0,5.0,0,Draw,1
2014,2,0,0.293159,7,1,5,18.05,2.0,1,1,3.49576,19,6,6,4.4571,3.0,0,Away Win,2
2014,2,0,0.234186,6,0,4,8.3514,4.0,0,0,0.666448,12,3,3,9.1481,4.0,0,Draw,1
2014,2,1,0.805993,13,6,1,8.4286,2.0,0,2,0.827523,9,4,6,15.4,5.0,0,Away Win,2
2014,2,1,0.145477,5,0,3,16.0,2.0,1,4,2.02539,15,6,5,6.92,1.0,0,Away Win,2
2014,2,2,1.44635,11,3,3,16.0625,3.0,0,0,1.10808,14,7,5,12.0,2.0,0,Home Win,0
2014,2,0,1.04851,17,3,10,7.3793,2.0,0,0,0.446794,10,3,2,9.4211,3.0,1,Draw,1
2014,2,0,0.826912,9,3,7,12.4545,4.0,1,2,1.3205,18,8,12,2.5294,1.0,0,Away Win,2
2014,2,1,0.695565,16,2,8,16.8846,4.0,0,3,1.3105,13,7,7,7.3448,0.0,0,Away Win,2
2014,2,2,2.60803,18,7,3,9.2333,1.0,0,0,0.103642,3,0,2,14.1739,4.0,0,Home Win,0
2014,2,1,1.75755,17,9,12,9.0435,4.0,0,1,0.953614,6,2,6,13.1176,1.0,0,Draw,1
2014,2,0,1.05507,16,5,10,4.9429,4.0,0,0,0.225749,9,7,2,9.2692,2.0,1,Draw,1
2014,2,0,0.964895,11,1,6,10.5625,3.0,0,1,0.739269,10,4,4,6.9286,2.0,0,Away Win,2
2014,2,2,1.18398,20,5,13,3.875,3.0,0,2,1.48755,8,4,5,10.7727,4.0,1,Draw,1
2014,2,1,1.66301,18,6,11,6.3939,3.0,0,1,1.28163,9,4,3,13.0,4.0,0,Draw,1
2014,2,3,1.97467,13,5,3,5.9643,5.0,0,3,1.04151,15,5,6,9.0769,2.0,0,Draw,1
2014,2,2,1.82211,10,4,3,9.1852,1.0,0,1,0.584865,12,4,4,5.1212,4.0,0,Home Win,0
2014,2,2,1.06596,16,6,9,6.375,1.0,0,2,0.262502,5,2,0,15.2083,4.0,0,Draw,1
2014,2,2,2.64717,15,6,6,15.16,2.0,0,0,0.670975,8,2,5,9.5217,3.0,0,Home Win,0
2014,2,0,0.770663,12,4,6,13.037,2.0,1,2,1.51283,18,7,6,8.72,1.0,0,Away Win,2
2014,2,2,1.67779,11,4,5,35.2222,3.0,0,0,0.525,14,1,2,3.9259,1.0,0,Home Win,0
2014,2,3,1.8671,12,6,3,11.0,3.0,0,1,1.44975,15,5,10,3.8387,4.0,0,Home Win,0
2014,2,0,1.39976,20,2,10,7.4286,0.0,0,0,0.144278,7,1,6,15.8571,5.0,0,Draw,1
2014,2,2,1.13344,15,2,7,8.4348,2.0,0,4,1.90549,13,6,5,12.0,3.0,0,Away Win,2
2014,2,0,0.415151,12,1,5,7.6364,1.0,0,0,0.446127,10,3,5,4.5429,6.0,0,Draw,1
2014,2,0,1.12159,14,3,4,5.963,3.0,0,2,1.65067,13,7,4,14.04,3.0,0,Away Win,2
2014,2,1,0.901371,8,4,4,18.3571,1.0,0,1,0.654003,11,2,4,6.0,4.0,0,Draw,1
2014,2,4,2.21147,11,5,4,4.94,2.0,0,2,1.37643,9,4,7,8.037,3.0,1,Home Win,0
2014,2,0,0.631645,14,5,8,6.2727,3.0,0,0,0.390856,9,0,4,8.6071,1.0,0,Draw,1
2014,2,2,2.20963,19,8,5,13.7222,1.0,0,2,1.08993,10,3,5,8.7917,3.0,1,Draw,1
2014,2,1,2.57992,13,5,6,7.3571,5.0,0,1,0.345972,9,5,2,5.4194,4.0,1,Draw,1
2014,2,2,1.26794,19,6,5,12.4118,4.0,0,1,0.834337,9,3,2,12.4375,4.0,0,Home Win,0
2014,2,2,0.482375,7,2,3,5.9118,1.0,0,1,0.370879,7,1,4,7.56,2.0,0,Home Win,0
2014,2,7,2.12422,21,11,5,14.4667,0.0,0,0,0.137701,4,1,0,29.8,1.0,0,Home Win,0
2014,2,1,2.91017,20,4,7,5.2857,1.0,0,1,1.38613,12,6,5,9.3704,5.0,0,Draw,1
2014,2,0,0.640726,14,2,7,10.6842,3.0,0,1,2.33933,19,5,5,15.1667,3.0,0,Away Win,2
2014,2,2,2.06381,17,4,5,8.8824,0.0,1,2,2.15466,16,4,8,13.875,2.0,0,Draw,1
2014,2,3,0.873544,14,8,2,11.0,1.0,0,0,0.502666,12,4,5,18.0455,2.0,0,Home Win,0
2014,2,1,0.871376,9,1,3,6.1463,2.0,1,2,0.320212,6,2,3,7.375,5.0,0,Away Win,2
2014,2,0,0.592174,14,4,6,9.5556,2.0,0,3,1.28853,10,4,4,9.1538,2.0,1,Away Win,2
2014,2,0,1.65966,12,5,6,13.5556,2.0,0,1,1.3656,14,6,4,7.4324,3.0,0,Away Win,2
2014,2,1,0.399901,9,3,3,13.0,3.0,0,1,1.38085,14,5,5,12.0435,2.0,0,Draw,1
2014,2,3,1.45174,14,6,6,4.7674,1.0,0,3,2.70517,11,8,4,18.25,2.0,0,Draw,1
2014,2,0,0.807441,11,2,6,8.7,4.0,0,2,0.846637,6,5,10,9.3571,1.0,0,Away Win,2
2014,2,1,1.01428,8,3,4,9.2727,2.0,0,1,1.41176,19,6,4,6.75,0.0,0,Draw,1
2014,2,1,1.14508,10,3,6,11.3,2.0,0,2,2.84785,14,6,10,4.7778,4.0,0,Away Win,2
2014,2,1,0.834114,10,2,7,9.931,2.0,0,1,0.75884,8,3,4,8.2692,2.0,0,Draw,1
2014,2,1,1.51548,16,2,3,8.3929,2.0,0,1,1.58439,11,5,3,11.375,0.0,0,Draw,1
2014,2,2,1.47437,17,4,9,6.4194,4.0,0,1,0.66349,11,1,5,11.5,3.0,0,Home Win,0
2014,2,0,0.340276,8,2,1,9.0357,1.0,0,0,0.559908,12,4,13,6.3333,0.0,0,Draw,1
2014,2,0,1.28198,22,4,11,6.8,2.0,0,0,0.680702,6,1,2,14.0,3.0,0,Draw,1
2014,2,2,2.4423,18,6,7,12.5882,0.0,1,0,0.252527,6,0,0,23.7143,2.0,1,Home Win,0
2014,2,2,1.43758,15,4,9,9.2857,1.0,1,1,1.4149,14,5,2,10.5,1.0,1,Home Win,0
2014,2,0,2.26809,14,5,6,9.1071,2.0,0,4,2.80857,17,7,6,9.4138,2.0,0,Away Win,2
2014,2,0,1.06464,11,3,4,7.5806,3.0,0,3,2.71452,15,5,10,7.16,2.0,0,Away Win,2
2014,2,2,1.79946,16,3,8,6.2059,1.0,1,1,1.0594,16,5,4,24.6,4.0,0,Home Win,0
2014,2,4,1.97997,19,6,7,9.32,1.0,0,2,0.722743,10,4,4,8.3448,3.0,0,Home Win,0
2014,2,1,0.962968,13,5,5,7.125,1.0,0,0,2.01475,19,7,11,7.7419,3.0,0,Home Win,0
2014,2,2,1.60095,22,4,9,4.7083,2.0,0,0,0.552252,10,2,2,6.9286,5.0,0,Home Win,0
2014,2,3,1.99387,21,12,12,4.575,0.0,0,0,0.319965,7,2,4,9.2222,4.0,0,Home Win,0
2014,2,1,1.20463,12,2,6,7.0667,2.0,0,2,1.77324,14,5,3,14.0588,2.0,1,Away Win,2
2014,2,1,1.31389,16,3,3,11.72,3.0,0,0,0.586952,9,1,4,8.12,3.0,0,Home Win,0
2014,2,1,0.836953,14,3,7,17.0,3.0,0,1,2.08506,7,5,1,13.6364,3.0,0,Draw,1
2014,2,3,1.60341,13,9,4,7.0,2.0,1,2,1.67343,12,6,1,9.0,1.0,1,Home Win,0
2014,2,3,3.04854,20,5,5,16.0476,4.0,1,2,1.76638,8,2,5,15.4,3.0,1,Home Win,0
2014,2,3,2.12016,15,8,2,11.5417,2.0,0,0,0.617229,14,4,5,8.0,3.0,0,Home Win,0
2014,2,2,3.28365,24,9,9,9.8889,3.0,0,1,0.414036,8,2,2,23.2727,3.0,0,Home Win,0
2014,2,3,1.39349,14,8,6,7.1429,1.0,0,0,0.324071,11,3,2,17.0357,1.0,0,Home Win,0
2014,2,1,0.761956,7,2,2,9.4615,2.0,0,1,1.94022,19,6,6,6.0,2.0,1,Draw,1
2014,2,0,0.570608,15,2,6,7.76,1.0,0,2,1.86,10,5,4,13.381,5.0,0,Away Win,2
2014,2,2,0.995603,13,4,12,5.8056,5.0,0,1,1.13078,4,2,3,10.3333,3.0,1,Home Win,0
2014,2,1,1.52745,21,7,8,10.6957,2.0,1,3,2.17899,12,5,5,9.4231,1.0,0,Away Win,2
2014,2,1,1.37374,17,3,3,10.2222,2.0,0,0,0.306658,6,1,1,14.3529,3.0,0,Home Win,0
2014,2,2,1.51712,13,4,8,6.8889,3.0,0,2,2.72172,13,8,0,12.7222,5.0,1,Draw,1
2014,2,1,1.39322,23,5,8,11.8636,3.0,0,0,0.920075,11,3,5,8.625,2.0,0,Home Win,0
2014,2,2,1.55031,22,5,6,9.087,2.0,0,2,1.09733,13,5,4,10.44,3.0,0,Draw,1
2014,2,1,0.637598,12,3,10,8.3125,3.0,0,1,1.57434,9,4,4,8.913,1.0,0,Draw,1
2014,2,0,0.456529,9,5,6,12.4091,2.0,0,4,1.4998,15,6,6,11.5862,2.0,0,Away Win,2
2014,2,1,0.763954,11,4,7,9.2273,4.0,0,3,1.64283,8,3,3,11.8824,2.0,0,Away Win,2
2014,2,0,1.22488,12,2,6,15.3,2.0,0,0,1.23266,20,4,14,8.05,3.0,0,Draw,1
2014,2,2,0.888024,15,4,5,9.9643,2.0,0,0,0.513206,14,3,7,8.45,1.0,0,Home Win,0
2014,2,2,1.59355,20,5,6,6.6774,2.0,0,0,0.1661,6,1,1,19.55,1.0,0,Home Win,0
2014,2,1,1.20366,14,5,4,9.6897,2.0,1,2,2.38033,14,4,7,4.0303,3.0,0,Away Win,2
2014,2,6,4.61346,27,16,14,6.8519,1.0,0,2,0.796178,8,6,3,23.5833,1.0,0,Home Win,0
2014,2,2,1.17164,12,7,3,6.8182,2.0,0,1,0.495408,15,4,6,12.0435,1.0,0,Home Win,0
2014,2,0,0.645724,8,2,2,10.9355,5.0,1,1,2.06734,18,6,3,5.6538,1.0,0,Away Win,2
2014,2,1,0.857287,15,2,5,11.6667,2.0,0,1,0.359683,12,2,4,8.1563,2.0,0,Draw,1
2014,2,3,3.30543,23,6,6,11.0,2.0,0,1,1.83984,16,6,3,8.1212,3.0,0,Home Win,0
2014,2,1,1.33422,15,4,4,15.75,1.0,0,0,0.694268,10,2,7,10.5,3.0,1,Home Win,0
2014,2,1,2.31775,17,5,4,6.7037,2.0,0,0,0.529139,10,4,4,10.1563,2.0,0,Home Win,0
2014,2,1,1.42598,16,6,4,6.8148,2.0,0,0,0.444825,15,3,3,6.8387,1.0,0,Home Win,0
2014,2,2,2.93622,16,6,7,7.7647,1.0,0,0,0.167116,4,1,3,25.3333,1.0,0,Home Win,0
2014,2,1,0.756052,7,2,4,13.9615,3.0,1,1,2.55253,18,6,5,6.6111,2.0,0,Draw,1
2014,2,1,1.92852,15,5,6,11.92,3.0,0,1,0.499723,13,3,4,9.2,2.0,0,Draw,1
2014,2,3,2.83189,27,9,4,7.8929,2.0,0,0,0.26723,5,1,2,14.7059,3.0,0,Home Win,0
2014,2,1,1.05735,4,3,1,7.52,2.0,0,0,1.1507,16,4,13,5.2759,4.0,0,Home Win,0
2014,2,1,1.74791,11,3,2,11.2083,2.0,0,1,0.888443,10,3,3,7.5,2.0,1,Draw,1
2014,2,0,0.593046,16,4,7,11.9375,0.0,0,1,1.37321,8,3,0,8.7586,1.0,0,Away Win,2
2014,2,2,1.10828,18,7,4,13.9444,0.0,0,0,0.201525,9,1,6,13.7143,1.0,0,Home Win,0
2014,2,2,0.421195,8,4,3,10.7143,3.0,0,0,0.389513,8,0,5,10.35,4.0,0,Home Win,0
2014,2,3,1.55271,17,6,7,5.1739,3.0,0,0,0.154651,7,1,1,23.0833,1.0,0,Home Win,0
2014,2,0,2.2055,33,9,15,3.8929,2.0,0,1,0.667533,7,1,2,13.68,2.0,0,Away Win,2
2014,2,0,2.09923,22,6,12,5.4074,1.0,0,0,0.230085,6,1,3,14.0,3.0,1,Draw,1
2014,2,1,3.00775,19,9,7,5.6,4.0,0,2,0.616984,7,3,7,12.0,4.0,0,Away Win,2
2014,2,7,3.96571,22,11,6,4.6857,0.0,0,0,0.483421,13,2,1,9.9706,1.0,1,Home Win,0
2014,2,4,1.43019,11,3,5,11.5385,3.0,1,5,3.77794,12,8,4,14.5882,1.0,1,Away Win,2
2014,2,2,2.10454,14,5,10,10.1667,4.0,0,1,1.38681,18,4,5,8.8214,2.0,0,Home Win,0
2014,2,2,2.03766,8,5,3,14.25,4.0,0,2,2.57707,17,5,7,9.9412,1.0,0,Draw,1
2014,2,0,0.281427,10,3,3,10.6897,2.0,0,1,1.44109,14,4,4,7.1333,3.0,0,Away Win,2
2014,2,2,1.34921,10,4,4,12.2857,1.0,0,3,0.934229,12,4,5,5.0714,4.0,0,Away Win,2
2014,2,1,1.18602,9,4,3,12.6316,2.0,0,0,1.97129,18,7,7,4.175,1.0,1,Home Win,0
2014,2,2,1.52229,7,3,0,11.6957,1.0,0,0,0.493968,9,2,6,21.4762,1.0,0,Home Win,0
2014,2,0,0.656603,14,5,3,9.25,3.0,0,0,0.654804,12,3,7,7.1111,2.0,0,Draw,1
2014,2,1,0.693168,9,3,0,14.6316,1.0,0,0,0.436016,9,3,9,8.0938,3.0,0,Home Win,0
2014,2,0,1.1469,23,6,4,19.2143,1.0,0,1,1.02956,16,6,7,5.9545,4.0,0,Away Win,2
2014,2,0,2.62344,22,4,11,15.1111,3.0,0,1,1.22043,11,2,1,13.1111,1.0,0,Away Win,2
2014,2,1,0.584764,13,2,5,18.8889,2.0,0,1,0.477134,13,3,2,10.9231,4.0,0,Draw,1
2014,2,2,2.03406,13,6,3,9.6786,2.0,1,2,0.58264,15,6,5,4.9512,3.0,0,Draw,1
2014,2,0,1.0464,18,2,11,4.8,2.0,0,0,0.159402,5,0,3,20.125,2.0,0,Draw,1
2014,2,2,1.82598,17,7,7,8.2727,2.0,0,2,1.6167,16,9,4,9.125,2.0,0,Draw,1
2014,2,2,1.81087,21,6,6,12.1364,1.0,0,0,0.421513,13,2,13,9.4348,3.0,0,Home Win,0
2014,2,3,2.23177,29,13,6,4.2759,0.0,0,0,0.0127481,1,1,2,25.9286,3.0,0,Home Win,0
2014,2,1,0.775745,11,5,3,7.6571,2.0,0,2,1.296,12,4,6,16.5333,2.0,0,Away Win,2
2014,2,3,1.53135,17,8,6,13.0,1.0,0,3,1.11014,10,6,4,27.6923,4.0,0,Draw,1
2014,2,1,0.334683,6,4,6,14.8519,2.0,0,2,0.82541,12,4,9,5.8,3.0,0,Away Win,2
2014,2,2,1.78275,16,4,6,2.8298,1.0,0,1,0.270687,5,3,1,5.9722,3.0,0,Home Win,0
2014,2,0,0.940274,22,4,7,2.8065,3.0,0,1,1.062,7,3,3,34.375,1.0,0,Away Win,2
2014,2,2,2.69285,23,5,10,4.6207,1.0,0,0,0.353371,9,3,2,24.6429,1.0,0,Home Win,0
2014,2,0,1.01149,10,1,2,6.7188,2.0,0,3,2.69489,16,7,3,7.4333,3.0,0,Away Win,2
2014,2,0,0.759409,11,1,6,6.4571,4.0,0,1,1.39971,10,3,6,12.9524,2.0,0,Away Win,2
2014,2,1,1.04433,15,3,6,21.7273,3.0,0,1,1.37293,19,7,4,6.3077,2.0,0,Draw,1
2014,2,1,1.13049,10,2,4,11.4545,4.0,0,1,0.876708,11,4,9,7.6957,2.0,1,Draw,1
2014,2,1,0.837322,18,4,11,5.42,3.0,0,1,1.67402,6,3,1,6.3077,1.0,0,Draw,1
2014,2,1,1.30307,15,5,10,9.9286,1.0,1,4,3.32315,16,7,3,10.5909,3.0,0,Away Win,2
2014,2,0,0.203654,7,3,3,6.9615,3.0,0,1,0.252545,9,1,5,3.3846,4.0,0,Away Win,2
2014,2,4,1.05537,12,5,6,23.6667,2.0,0,2,1.86017,18,6,4,7.2174,0.0,1,Home Win,0
2014,2,0,1.5751,17,4,4,8.4483,2.0,0,4,2.43959,15,10,1,7.1379,4.0,0,Away Win,2
2014,2,0,0.502227,7,2,4,9.6486,2.0,0,1,2.37394,21,3,11,3.8276,1.0,0,Away Win,2
2014,2,2,2.24014,20,5,2,8.5714,4.0,0,0,0.377616,10,4,0,16.5,4.0,0,Home Win,0
2014,2,0,0.880993,11,1,6,8.32,2.0,0,0,0.727137,9,3,2,11.8095,3.0,0,Draw,1
2014,2,3,2.01129,7,4,0,11.8261,2.0,0,1,2.03815,20,4,10,6.8571,3.0,0,Home Win,0
2014,2,1,0.922943,8,1,1,12.7895,1.0,0,1,0.803464,10,3,7,6.6667,2.0,1,Draw,1
2014,2,1,1.09417,9,5,4,25.4167,2.0,0,0,0.438551,12,1,7,9.2174,1.0,0,Home Win,0
2014,2,1,0.520545,11,5,7,12.28,3.0,0,2,1.79022,15,5,5,9.7273,1.0,0,Away Win,2
2014,2,1,1.08028,13,5,4,13.0833,3.0,0,1,0.852461,10,4,4,5.1622,2.0,0,Draw,1
2014,2,0,1.09973,11,2,6,13.3889,1.0,0,0,1.31374,14,2,10,8.8696,1.0,1,Draw,1
2014,2,2,1.68654,15,5,3,12.087,2.0,0,0,0.68925,14,2,9,15.9412,2.0,0,Home Win,0
2014,3,3,2.46865,21,6,5,6.6957,1.0,0,2,1.13594,15,7,4,13.7917,0.0,0,Home Win,0
2014,3,2,1.52891,20,4,5,4.6,1.0,0,2,1.41691,14,8,5,15.3182,1.0,0,Draw,1
2014,3,0,1.43037,16,3,8,9.0476,0.0,0,0,0.292827,6,1,5,20.5556,0.0,0,Draw,1
2014,3,1,1.6206,15,4,8,5.0233,1.0,0,1,1.17707,11,3,5,9.4783,3.0,0,Draw,1
2014,3,1,2.86921,16,7,10,5.8205,2.0,0,0,1.2158,15,5,5,4.4138,2.0,0,Home Win,0
2014,3,1,1.70774,15,5,8,7.5789,1.0,0,2,1.3154,14,6,6,12.625,3.0,0,Away Win,2
2014,3,2,1.12021,20,8,12,5.0615,1.0,0,0,1.20915,9,5,4,4.875,4.0,0,Home Win,0
2014,3,1,0.667039,9,5,8,6.5217,4.0,1,2,0.602455,13,5,2,12.48,2.0,0,Away Win,2
2014,3,1,1.09646,10,3,3,12.125,2.0,0,2,2.19034,18,7,3,6.0,3.0,0,Away Win,2
2014,3,1,1.56791,16,8,5,4.3824,0.0,0,1,1.88887,15,7,6,10.7083,1.0,0,Draw,1
2014,3,0,1.17797,16,4,4,4.871,2.0,1,1,2.58299,12,4,5,23.0588,1.0,0,Away Win,2
2014,3,2,1.78902,14,4,7,8.3684,2.0,0,0,0.135418,3,0,3,8.4516,3.0,0,Home Win,0
2014,3,3,2.05603,10,7,6,8.0833,2.0,0,0,0.58536,18,2,10,6.075,3.0,0,Home Win,0
2014,3,1,1.17255,12,3,8,3.7273,4.0,0,1,0.490122,9,3,1,8.8,1.0,0,Draw,1
2014,3,3,0.906802,13,4,1,8.7097,3.0,0,1,0.788645,8,5,1,4.4865,3.0,0,Home Win,0
2014,3,2,2.70104,18,7,7,5.7949,2.0,0,0,0.278579,7,2,2,11.1667,1.0,0,Home Win,0
2014,3,1,1.26876,16,4,11,7.9697,0.0,0,3,1.68486,10,5,3,6.8333,3.0,0,Away Win,2
2014,3,2,1.52646,13,6,5,19.25,1.0,0,0,0.236428,5,1,6,6.2581,2.0,0,Home Win,0
2014,3,1,1.05307,19,2,10,5.6538,3.0,0,0,0.87016,22,4,9,6.2813,2.0,0,Home Win,0
2014,3,2,1.17358,13,4,4,2.8108,2.0,0,0,0.692454,16,5,9,4.5366,0.0,0,Home Win,0
2014,3,2,1.65992,12,8,6,12.52,4.0,0,1,1.77219,18,4,5,8.2778,2.0,0,Home Win,0
2014,3,1,1.03797,8,2,3,3.3571,1.0,2,2,0.466165,8,3,4,16.5714,4.0,1,Away Win,2
2014,3,2,1.67686,18,6,2,8.3929,1.0,0,0,1.01035,12,4,5,12.125,3.0,0,Home Win,0
2014,3,0,1.20572,19,3,5,17.3333,0.0,0,2,1.45177,14,4,4,6.9091,1.0,0,Away Win,2
2014,3,0,1.08366,9,2,4,6.8293,3.0,0,0,0.0408065,1,0,4,4.7037,5.0,0,Draw,1
2014,3,2,2.50374,22,11,9,7.625,1.0,0,1,0.197392,7,1,2,5.7143,5.0,0,Home Win,0
2014,3,2,0.656099,9,3,2,25.0,1.0,0,1,1.91964,19,6,10,4.4286,0.0,0,Home Win,0
2014,3,2,0.909494,12,3,4,20.6364,0.0,0,2,2.05941,15,5,8,15.2857,0.0,0,Draw,1
2014,3,2,1.10308,10,4,3,6.0606,1.0,0,0,1.09683,12,4,6,9.2593,2.0,0,Home Win,0
2014,3,2,1.11352,8,3,3,9.9259,2.0,0,1,0.836413,18,7,8,4.0455,0.0,0,Home Win,0
2014,3,2,0.593454,11,6,3,10.4783,3.0,0,1,0.661015,10,4,5,5.25,2.0,0,Home Win,0
2014,3,2,0.893112,16,5,1,3.7931,2.0,0,1,0.485545,4,1,2,25.1579,2.0,0,Home Win,0
2014,3,1,1.32784,10,3,1,23.0,4.0,1,3,0.664595,15,4,6,6.8684,2.0,0,Away Win,2
2014,3,2,2.34132,20,7,5,6.2,0.0,0,0,0.328659,7,5,3,26.7368,0.0,0,Home Win,0
2014,3,3,2.90398,23,8,9,6.28,0.0,0,2,0.964946,8,5,1,16.9091,0.0,0,Home Win,0
2014,3,1,0.538797,15,5,2,7.7727,2.0,0,2,2.42856,18,3,8,4.9524,2.0,0,Away Win,2
2014,3,0,0.718931,15,5,3,5.4865,4.0,0,0,0.92075,15,3,2,8.5789,2.0,0,Draw,1
2014,3,2,1.03699,14,7,4,13.4348,2.0,0,2,1.33074,15,6,9,4.0,3.0,0,Draw,1
2014,3,1,0.504147,11,4,5,12.1304,3.0,0,0,0.844825,19,5,7,8.2083,2.0,0,Home Win,0
2014,3,1,2.32046,22,6,5,9.766,3.0,0,4,3.20249,12,7,3,12.8421,2.0,0,Away Win,2
2014,3,4,3.81979,25,9,7,5.575,3.0,0,0,0.35348,4,1,2,10.0,2.0,0,Home Win,0
2014,3,3,3.74206,23,9,8,8.5882,1.0,0,1,1.92469,13,5,7,11.3333,2.0,0,Home Win,0
2014,3,0,0.51879,15,2,2,6.875,2.0,0,1,0.759126,7,2,1,7.6176,3.0,0,Away Win,2
2014,3,0,0.927284,21,3,4,4.75,3.0,0,0,0.933294,18,3,4,5.1667,3.0,0,Draw,1
2014,3,2,1.84498,13,5,3,8.4545,1.0,0,0,0.563136,8,2,2,11.75,4.0,0,Home Win,0
2014,3,1,1.67956,11,5,10,7.85,3.0,0,1,0.358149,9,3,2,11.8462,1.0,0,Draw,1
2014,3,3,2.15165,19,10,3,8.7813,1.0,0,0,0.243596,4,1,0,21.5455,3.0,0,Home Win,0
2014,3,0,1.06643,21,6,8,5.0417,2.0,0,0,1.26863,10,3,6,8.75,3.0,0,Draw,1
2014,3,3,2.08503,12,7,6,19.3125,1.0,0,1,0.699622,17,3,6,12.2759,0.0,0,Home Win,0
2014,3,2,2.21349,8,2,4,3.8065,1.0,0,3,0.970257,9,5,2,7.275,2.0,0,Away Win,2
2014,3,2,2.35597,14,4,6,8.4688,1.0,0,1,0.637449,16,5,7,3.25,2.0,0,Home Win,0
2014,3,0,0.141435,5,0,3,7.4138,3.0,1,2,2.16383,15,8,5,6.7429,1.0,0,Away Win,2
2014,3,3,2.55523,18,6,3,13.9565,4.0,1,2,2.32029,24,8,3,6.6087,2.0,0,Home Win,0
2014,3,3,2.35291,15,3,9,7.25,1.0,1,2,0.448325,12,3,3,7.6316,3.0,0,Home Win,0
2014,3,0,1.45853,18,5,8,8.4359,3.0,0,0,1.06606,11,4,5,12.5,2.0,0,Draw,1
2014,3,2,1.28235,25,10,10,5.1429,1.0,0,3,2.30496,12,5,5,10.76,1.0,0,Away Win,2
2014,3,0,0.668652,8,1,1,15.1538,3.0,0,2,1.52453,21,5,10,4.8889,3.0,0,Away Win,2
2014,3,0,1.06799,10,4,8,17.0476,0.0,0,0,0.54042,7,2,11,23.2308,1.0,0,Draw,1
2014,3,3,3.20767,22,8,5,6.625,1.0,0,0,0.123904,2,0,3,10.1852,0.0,0,Home Win,0
2014,3,4,2.60733,25,10,11,6.36,1.0,0,0,0.326006,5,1,0,8.0,3.0,0,Home Win,0
2014,3,2,1.14401,12,4,2,9.3684,2.0,0,1,2.41152,16,7,6,17.0,4.0,0,Home Win,0
2014,3,1,1.3478,11,5,3,4.2121,1.0,0,0,0.433841,8,2,0,6.2813,3.0,1,Home Win,0
2014,3,1,1.08185,26,9,7,11.4211,2.0,0,1,0.285232,7,2,1,11.2857,2.0,0,Draw,1
2014,3,2,1.53987,11,3,4,10.6154,0.0,0,0,1.25458,18,2,6,7.0645,2.0,0,Home Win,0
2014,3,1,1.30305,12,5,2,8.6316,5.0,0,2,1.26477,13,4,6,5.0741,2.0,0,Away Win,2
2014,3,2,1.20966,11,3,4,7.0,3.0,1,2,2.04706,14,7,6,6.1667,2.0,0,Draw,1
2014,3,3,1.7695,15,8,2,12.0741,3.0,0,2,1.44372,14,3,4,5.8889,1.0,0,Home Win,0
2014,3,1,1.30026,14,4,5,7.6786,2.0,0,1,1.19204,9,5,4,6.1333,3.0,0,Draw,1
2014,3,2,2.47437,13,4,2,10.9697,3.0,0,0,0.372545,11,0,2,7.6923,3.0,0,Home Win,0
2014,3,1,0.896545,16,7,5,3.625,0.0,0,0,0.951998,8,3,2,20.0,1.0,0,Home Win,0
2014,3,2,1.96537,20,8,14,8.1,1.0,1,2,0.959164,13,6,6,3.7586,1.0,0,Draw,1
2014,3,1,1.65493,19,5,4,10.4348,2.0,0,0,0.422562,9,0,5,15.3077,2.0,0,Home Win,0
2014,3,2,1.43897,20,7,10,12.1429,0.0,0,0,0.746314,17,3,8,13.3478,2.0,0,Home Win,0
2014,3,3,1.44281,10,5,6,7.7568,2.0,0,5,2.5513,13,6,3,7.7619,1.0,0,Away Win,2
2014,3,0,1.07906,14,3,8,2.4737,2.0,0,0,0.682492,7,2,2,14.8462,2.0,1,Draw,1
2014,3,0,0.735406,4,2,1,10.7308,5.0,0,0,0.505015,12,2,7,2.7097,2.0,0,Draw,1
2014,3,1,1.44291,12,6,4,8.3636,1.0,0,0,0.390951,10,2,5,8.1739,1.0,0,Home Win,0
2014,3,1,0.205925,3,1,2,40.4545,1.0,0,3,1.33559,13,3,3,4.0952,3.0,0,Away Win,2
2014,3,0,0.430875,14,5,6,5.1364,2.0,0,1,0.649704,16,4,5,4.6176,1.0,0,Away Win,2
2014,3,3,2.12473,14,5,3,4.8684,1.0,0,1,1.9462,18,7,4,7.1282,1.0,0,Home Win,0
2014,3,2,1.21471,23,7,7,10.2857,1.0,0,2,1.44907,6,3,4,7.92,2.0,0,Draw,1
2014,3,4,1.74567,9,6,4,9.6667,2.0,1,2,1.89213,12,5,10,4.5769,2.0,0,Home Win,0
2014,3,0,0.755297,9,2,9,9.48,1.0,0,3,1.17926,11,6,8,2.8511,1.0,0,Away Win,2
2014,3,4,1.59835,11,5,3,4.2222,3.0,0,0,1.03528,9,5,4,8.4231,3.0,0,Home Win,0
2014,3,0,0.94984,13,2,4,3.425,0.0,0,2,1.62842,12,7,2,9.1613,0.0,0,Away Win,2
2014,3,3,2.66878,19,7,9,3.6486,1.0,0,0,0.438761,10,2,6,15.05,2.0,1,Home Win,0
2014,3,2,1.64453,13,6,3,12.8333,3.0,0,2,1.99192,12,6,5,4.3333,2.0,0,Draw,1
2014,3,0,0.290321,6,3,3,12.2941,3.0,0,4,2.18396,13,7,3,4.7273,3.0,0,Away Win,2
2014,3,4,1.726,11,6,9,5.0,2.0,0,0,0.634028,8,3,3,12.5,6.0,0,Home Win,0
2014,3,0,0.5365,10,5,5,5.2903,2.0,0,0,0.938097,7,2,2,43.5556,0.0,0,Draw,1
2014,3,3,2.68949,25,8,5,10.4583,0.0,0,0,1.21009,16,5,5,11.6957,1.0,0,Home Win,0
2014,3,2,3.30586,23,8,2,8.0588,1.0,0,0,0.395038,7,1,5,15.08,0.0,0,Home Win,0
2014,3,0,0.482112,13,4,4,4.0882,2.0,1,1,0.7084,9,3,6,8.3636,1.0,0,Away Win,2
2014,3,1,1.76655,16,2,8,6.0952,2.0,0,1,0.570166,11,6,6,6.8333,2.0,0,Draw,1
2014,3,0,1.07174,15,7,9,7.1389,0.0,0,0,0.267507,8,2,4,6.7813,2.0,1,Draw,1
2014,3,2,0.927629,15,5,8,8.0,1.0,1,3,2.31429,13,6,4,9.1667,1.0,0,Away Win,2
2014,3,2,2.10189,15,8,4,9.52,1.0,0,0,1.10909,17,6,6,5.2059,0.0,0,Home Win,0
2014,3,3,2.22419,9,5,2,5.4737,2.0,0,1,1.35468,11,5,9,6.1304,2.0,0,Home Win,0
2014,3,0,1.79663,13,5,4,5.6786,2.0,0,1,1.3174,16,7,9,7.1351,4.0,0,Away Win,2
2014,3,1,1.02675,22,1,8,15.0,0.0,0,1,0.811129,8,3,4,4.4118,2.0,0,Draw,1
2014,3,0,0.70739,16,8,4,7.1818,0.0,0,2,0.604102,4,4,2,47.3,2.0,0,Away Win,2
2014,3,2,0.839904,19,8,6,4.4091,4.0,0,0,0.0990819,3,0,3,6.9286,3.0,0,Home Win,0
2014,3,3,2.39464,15,7,4,4.9583,2.0,0,1,0.609254,13,5,7,8.4167,3.0,0,Home Win,0
2014,3,1,1.7109,9,5,7,12.55,1.0,0,1,1.19042,18,7,4,16.0476,1.0,0,Draw,1
2014,3,1,0.948078,11,4,1,6.2439,2.0,0,1,1.8612,9,2,6,8.3636,2.0,0,Draw,1
2014,3,1,0.376661,10,2,5,9.9545,3.0,1,1,0.994575,8,5,1,12.6667,1.0,0,Draw,1
2014,3,1,1.28927,11,6,4,15.6154,1.0,0,0,0.884382,15,5,4,9.7143,2.0,0,Home Win,0
2014,3,0,0.943193,15,6,4,8.7879,0.0,0,1,1.04603,8,3,1,10.6087,1.0,1,Away Win,2
2014,3,0,0.310801,5,0,2,16.0435,2.0,0,0,0.621159,7,4,4,12.64,0.0,0,Draw,1
2014,3,0,0.81246,13,3,5,4.5,1.0,0,3,2.21275,12,4,5,9.8438,2.0,0,Away Win,2
2014,3,0,0.531751,2,0,4,7.6667,2.0,1,1,1.06863,9,3,2,6.5172,2.0,0,Away Win,2
2014,3,1,1.33156,13,5,7,3.8929,1.0,0,2,0.576349,11,6,1,8.0541,4.0,0,Away Win,2
2014,3,1,1.03139,10,4,5,11.2927,1.0,0,0,0.331344,8,1,3,6.0,0.0,0,Home Win,0
2014,3,0,1.03792,17,5,9,6.931,1.0,0,0,0.58064,9,3,4,12.0,2.0,0,Draw,1
2014,3,0,0.159475,7,1,3,6.0,1.0,0,3,2.1517,22,12,5,5.2558,2.0,0,Away Win,2
2014,3,0,0.132112,3,0,4,25.9091,1.0,0,2,0.0975022,3,1,1,4.1667,1.0,0,Away Win,2
2014,3,0,1.5201,12,4,4,7.0455,2.0,1,2,1.77083,11,3,2,15.5238,3.0,1,Away Win,2
2014,3,3,1.37453,9,5,2,6.4615,2.0,0,0,1.39639,16,4,4,7.925,1.0,0,Home Win,0
2014,3,2,0.674771,6,3,3,10.9459,1.0,0,1,2.24545,21,7,10,6.3158,0.0,0,Home Win,0
2014,3,2,0.885549,7,4,4,6.7419,1.0,0,1,1.74921,14,2,7,3.1875,3.0,0,Home Win,0
2014,3,2,1.76193,11,6,3,7.2759,3.0,0,2,2.01179,17,5,3,4.5946,3.0,0,Draw,1
2014,3,4,2.74589,21,10,7,7.303,0.0,0,2,0.691415,6,3,3,22.0714,1.0,0,Home Win,0
2014,3,1,0.795179,20,8,10,7.5294,2.0,0,0,0.390044,14,2,1,32.6429,4.0,0,Home Win,0
2014,3,4,1.98748,15,7,5,4.8936,4.0,1,5,2.08631,13,9,1,5.92,1.0,0,Away Win,2
2014,3,2,1.20262,21,6,10,5.4167,3.0,0,1,0.1911,7,3,2,4.9091,3.0,0,Home Win,0
2014,3,3,2.62945,19,9,5,5.7317,2.0,0,2,0.585109,16,4,10,5.8,2.0,0,Home Win,0
2014,3,8,4.17851,25,14,3,7.4583,0.0,0,0,0.230619,7,2,0,25.5455,1.0,0,Home Win,0
2014,3,1,1.11898,8,2,5,8.5926,5.0,0,0,1.09914,8,6,7,8.7241,1.0,0,Home Win,0
2014,3,0,0.491416,11,6,2,4.9487,2.0,0,2,0.927697,8,3,1,10.8077,2.0,0,Away Win,2
2014,3,1,0.858803,10,2,7,5.9259,3.0,0,2,0.98493,11,5,1,16.9583,1.0,0,Away Win,2
2014,3,2,1.55893,7,2,2,14.6957,1.0,0,3,1.56399,13,9,5,6.975,2.0,0,Away Win,2
2014,3,1,0.600548,10,5,4,11.1667,2.0,1,1,0.565627,14,5,1,12.9167,3.0,0,Draw,1
2014,3,2,1.92692,16,7,5,3.4872,0.0,0,2,1.93428,18,12,4,6.8696,3.0,0,Draw,1
2014,3,3,1.29637,13,6,6,13.7647,2.0,0,1,0.851176,8,1,1,5.1143,3.0,1,Home Win,0
2014,3,1,1.19124,24,5,7,5.5,1.0,0,1,1.38186,14,4,1,6.1071,2.0,0,Draw,1
2014,3,0,0.380499,13,3,4,33.5333,0.0,1,6,3.12815,17,9,4,4.1818,0.0,0,Away Win,2
2014,3,1,1.54226,16,7,3,12.2963,2.0,0,1,0.979608,7,5,5,7.3462,3.0,1,Draw,1
2014,3,1,1.04376,13,3,4,16.0476,3.0,0,1,0.657812,12,2,5,10.4348,3.0,0,Draw,1
2014,3,2,1.77626,17,5,6,9.4762,1.0,0,1,0.563215,3,2,3,19.2,2.0,0,Home Win,0
2014,3,4,3.92268,24,9,14,6.1111,0.0,0,1,0.494166,9,4,5,44.3,1.0,0,Home Win,0
2014,3,3,4.81308,31,13,9,5.1563,2.0,0,0,0.0386148,3,0,5,20.875,2.0,0,Home Win,0
2014,3,1,0.57152,11,5,3,6.2927,1.0,0,0,0.271169,3,2,2,12.4545,2.0,0,Home Win,0
2014,3,2,2.25024,16,5,6,9.1739,3.0,0,0,2.16818,19,5,9,8.9655,0.0,0,Home Win,0
2014,3,1,1.5399,17,5,8,4.7647,2.0,1,1,0.742277,9,1,4,8.2692,2.0,1,Draw,1
2014,3,1,1.26944,9,4,4,11.875,3.0,0,0,0.663246,11,3,5,8.6471,4.0,0,Home Win,0
2014,3,2,2.21323,19,7,4,4.8857,2.0,0,1,1.43145,9,5,3,9.1905,3.0,1,Home Win,0
2014,3,4,2.18248,13,6,1,13.8,2.0,0,1,1.91633,16,7,5,4.8788,2.0,0,Home Win,0
2014,3,5,2.8788,21,8,9,8.0,0.0,0,0,0.717538,10,2,4,8.4828,1.0,0,Home Win,0
2014,3,4,3.19272,15,8,3,11.1875,3.0,0,1,1.11886,14,7,5,6.2059,3.0,0,Home Win,0
2014,3,0,1.61352,12,1,4,16.75,3.0,0,1,1.27392,10,2,8,15.5,2.0,0,Away Win,2
2014,3,0,0.601293,10,3,3,12.8261,3.0,0,2,1.16042,15,6,3,13.3333,1.0,0,Away Win,2
2014,3,1,1.99671,15,5,5,16.2609,2.0,1,0,0.91702,12,1,7,7.5455,3.0,0,Home Win,0
2014,3,0,0.341818,7,3,4,2.4103,1.0,0,0,0.451401,10,2,3,5.4878,2.0,0,Draw,1
2014,3,1,1.58062,19,6,8,5.878,1.0,0,0,0.202706,6,1,3,8.2143,4.0,0,Home Win,0
2014,3,3,1.82786,13,10,4,10.7826,2.0,0,2,1.42138,11,3,3,13.3333,3.0,0,Home Win,0
2014,3,1,1.6788,16,6,11,7.2727,2.0,0,3,1.85576,15,7,9,8.7778,1.0,0,Away Win,2
2014,3,0,0.675308,13,3,4,9.6875,0.0,0,4,1.6953,13,6,6,13.7143,0.0,0,Away Win,2
2014,3,1,1.38276,24,8,6,5.0385,2.0,0,1,0.883469,4,2,1,10.6,4.0,0,Draw,1
2014,3,1,1.19112,12,4,5,19.1905,0.0,0,2,1.35221,14,4,9,7.4783,1.0,0,Away Win,2
2014,3,1,0.947473,9,3,8,7.1818,0.0,0,0,0.389245,3,1,3,11.7188,3.0,0,Home Win,0
2014,3,2,2.03325,19,7,6,5.775,1.0,0,1,1.02472,15,4,6,3.2333,0.0,0,Home Win,0
2014,3,5,3.8335,21,13,9,4.7273,2.0,0,2,1.44207,10,4,2,7.75,2.0,0,Home Win,0
2014,3,3,3.32968,20,8,4,6.1944,3.0,0,2,2.42804,19,7,6,5.7931,2.0,0,Home Win,0
2014,3,1,0.764752,5,3,2,27.7333,2.0,0,0,0.842366,18,5,9,4.6786,1.0,0,Home Win,0
2014,3,3,1.84609,18,7,10,8.375,3.0,0,3,1.54036,12,7,10,6.1154,3.0,0,Draw,1
2014,3,0,0.286173,6,3,1,14.9063,0.0,0,4,2.21868,26,9,7,5.6522,0.0,0,Away Win,2
2014,3,1,1.20569,15,3,2,9.8214,1.0,0,2,1.14183,6,5,1,31.5385,1.0,0,Away Win,2
2014,3,0,1.46439,11,4,4,7.5556,2.0,0,0,0.518828,12,1,2,7.4444,2.0,0,Draw,1
2014,3,1,1.35199,22,6,4,4.2368,2.0,0,1,0.54527,8,2,5,9.0,2.0,0,Draw,1
2014,3,1,1.01373,22,6,5,6.4545,4.0,0,1,1.15522,7,3,6,12.1579,1.0,0,Draw,1
2014,3,1,3.22294,21,8,11,3.9444,4.0,0,1,0.996117,6,3,1,10.3714,2.0,0,Draw,1
2014,3,2,1.33926,10,3,8,8.6429,0.0,0,0,0.693534,10,5,5,7.3784,3.0,0,Home Win,0
2014,3,0,0.436429,8,2,6,5.1563,1.0,0,1,1.36453,16,6,5,12.5,2.0,1,Away Win,2
2014,3,0,0.541438,11,1,9,9.2963,2.0,0,0,0.482622,13,1,3,14.7895,4.0,0,Draw,1
2014,3,2,2.98351,31,13,10,3.8519,1.0,0,0,0.0497566,2,0,1,91.8,1.0,0,Home Win,0
2014,3,4,2.73817,18,7,5,2.2432,3.0,0,4,2.04957,8,5,4,11.4667,2.0,0,Draw,1
2014,3,2,1.30339,17,6,4,11.9143,1.0,0,2,1.38959,10,4,5,6.8077,0.0,0,Draw,1
2014,3,4,2.06898,9,6,2,9.3793,1.0,0,1,0.308689,8,4,1,20.0455,1.0,1,Home Win,0
2014,3,0,0.443131,9,7,1,4.3333,1.0,0,1,2.17898,18,9,10,3.931,3.0,0,Away Win,2
2014,3,1,1.41446,21,4,5,7.0714,0.0,0,2,1.14959,16,8,7,8.0435,3.0,0,Away Win,2
2014,3,1,0.490212,5,3,4,18.9091,2.0,0,2,0.831278,12,5,10,4.2105,0.0,0,Away Win,2
2014,3,2,1.65561,18,6,4,15.85,3.0,0,1,2.17588,14,6,7,13.5238,2.0,0,Home Win,0
2014,3,2,2.36795,12,3,2,13.2083,0.0,0,1,0.602289,14,5,6,4.8966,0.0,0,Home Win,0
2014,3,0,1.52587,17,8,6,7.3438,1.0,0,0,1.3688,15,6,4,11.6538,2.0,0,Draw,1
2014,3,1,0.861769,16,3,4,3.8649,3.0,0,1,1.45883,9,5,1,5.8929,2.0,0,Draw,1
2014,3,0,0.772123,11,3,5,9.8148,1.0,0,0,0.933283,17,5,5,4.0286,3.0,0,Draw,1
2014,3,2,0.527607,14,3,4,7.68,0.0,0,1,0.401914,10,4,4,17.5417,0.0,0,Home Win,0
2014,3,0,0.706377,8,1,2,6.7273,3.0,0,5,3.62858,15,8,9,4.8684,1.0,0,Away Win,2
2014,3,2,1.28555,10,6,6,9.5484,3.0,0,2,1.52484,17,8,5,5.5556,3.0,0,Draw,1
2014,3,1,1.19297,21,3,8,4.2414,4.0,0,2,1.65943,9,7,1,9.0714,3.0,0,Away Win,2
2014,3,1,1.11725,14,3,10,6.5,2.0,0,0,0.353128,6,4,4,12.2692,2.0,0,Home Win,0
2014,3,0,0.924949,13,4,4,7.4688,1.0,0,4,2.69946,14,6,6,19.9375,0.0,0,Away Win,2
2014,3,1,1.33863,5,1,1,3.75,6.0,0,0,0.426376,11,2,3,3.4,3.0,0,Home Win,0
2014,3,2,2.64367,25,14,9,6.1935,1.0,0,1,0.942884,10,4,2,13.4,2.0,0,Home Win,0
2014,3,3,2.46276,13,7,6,10.0625,1.0,0,1,0.646539,16,3,3,8.2258,1.0,0,Home Win,0
2014,3,0,0.375065,10,3,5,8.1379,1.0,0,1,1.46003,8,3,2,28.9286,3.0,0,Away Win,2
2014,3,3,1.96835,18,6,6,8.9524,0.0,0,1,0.925677,10,4,1,4.3158,2.0,0,Home Win,0
2014,3,0,0.363993,7,1,4,7.55,3.0,0,2,1.09164,12,5,7,4.1667,2.0,0,Away Win,2
2014,3,3,1.66135,11,4,3,9.0833,2.0,0,0,0.968616,16,2,6,18.8,3.0,0,Home Win,0
2014,3,3,1.19994,23,6,7,5.7308,1.0,0,4,1.30702,11,7,4,24.0667,2.0,0,Away Win,2
2014,3,0,2.07319,24,6,13,8.8636,1.0,0,0,0.293271,6,1,0,5.1667,3.0,0,Draw,1
2014,3,0,0.222447,5,2,4,8.3265,2.0,0,4,3.03467,19,9,8,6.12,1.0,0,Away Win,2
2014,3,2,1.62257,18,9,3,17.7917,1.0,0,0,0.526997,11,4,1,10.7143,3.0,0,Home Win,0
2014,3,2,0.645076,12,4,4,13.6296,1.0,0,0,0.774005,8,1,4,5.5,1.0,0,Home Win,0
2014,3,2,1.95442,13,5,2,11.6818,2.0,0,0,0.488693,10,2,1,8.7097,3.0,0,Home Win,0
2014,3,1,2.28053,22,6,7,9.9394,3.0,0,0,0.0335359,1,0,0,14.95,2.0,0,Home Win,0
2014,3,4,2.08656,17,9,9,5.88,2.0,0,0,1.38014,11,4,5,9.0,2.0,1,Home Win,0
2014,3,3,1.12048,9,6,2,15.8636,1.0,0,2,1.23361,17,3,7,6.84,1.0,0,Home Win,0
2014,3,1,0.595484,10,4,8,11.7647,1.0,1,3,1.73996,25,13,11,9.375,3.0,0,Away Win,2
2014,3,2,1.79109,11,2,9,6.1724,0.0,0,2,0.691191,10,3,3,24.2,1.0,0,Draw,1
2014,3,1,0.780087,10,5,2,4.6923,3.0,0,3,2.36608,21,4,3,4.1429,1.0,0,Away Win,2
2014,3,2,0.638364,9,4,1,15.5,3.0,0,2,1.92358,12,5,6,7.3667,1.0,0,Draw,1
2014,3,1,1.12625,12,2,3,7.84,0.0,0,2,0.473541,10,6,5,11.5333,3.0,0,Away Win,2
2014,3,2,2.60596,14,5,6,4.0,4.0,0,0,1.14769,12,7,5,10.3571,3.0,1,Home Win,0
2014,3,0,0.382848,9,1,6,10.0,2.0,1,1,2.06226,17,6,3,5.4333,3.0,0,Away Win,2
2014,3,1,1.49535,16,6,9,10.619,2.0,1,4,3.36392,18,9,7,12.4615,1.0,0,Away Win,2
2014,3,3,2.79213,13,8,4,5.8824,1.0,0,1,1.12309,9,3,4,4.2619,4.0,0,Home Win,0
2014,3,4,1.55889,14,9,2,12.2,2.0,0,1,2.04969,22,10,5,7.5556,1.0,0,Home Win,0
2014,3,5,2.37812,25,10,7,4.8857,1.0,0,1,0.950144,5,1,3,24.9167,2.0,0,Home Win,0
2014,3,0,0.25622,4,1,2,20.6,1.0,0,1,1.94047,15,5,3,4.2692,0.0,0,Away Win,2
2014,3,4,4.47976,24,13,9,5.3333,2.0,0,0,0.839366,15,4,6,9.25,1.0,0,Home Win,0
2014,3,4,1.99562,16,7,5,6.7045,1.0,0,3,1.81072,13,5,3,3.3824,4.0,0,Home Win,0
2014,3,1,1.69265,23,12,9,12.3889,0.0,0,0,0.606945,10,2,5,6.4516,2.0,0,Home Win,0
2014,3,2,2.21905,10,3,1,8.3103,2.0,0,0,0.769829,17,6,8,7.4286,2.0,0,Home Win,0
2014,3,3,2.36582,12,9,3,13.2273,2.0,0,2,1.42919,9,2,7,5.9333,2.0,0,Home Win,0
2014,3,1,1.21503,19,7,10,5.6429,0.0,0,1,1.03746,7,3,5,9.1765,1.0,0,Draw,1
2014,3,4,2.69879,23,9,11,11.0,0.0,0,0,0.443178,6,3,1,52.375,0.0,0,Home Win,0
2014,3,0,1.20017,17,3,8,4.1429,2.0,0,1,1.42953,10,5,4,7.3333,4.0,0,Away Win,2
2014,3,2,1.60118,21,10,9,2.7551,3.0,0,2,1.12552,8,5,2,7.3529,3.0,1,Draw,1
2014,3,2,3.2287,20,8,5,9.4211,3.0,0,1,0.847395,13,3,3,11.2778,4.0,1,Home Win,0
2014,3,3,2.49948,19,8,6,13.5652,1.0,0,2,1.12408,12,7,2,12.84,1.0,0,Home Win,0
2014,3,1,0.684001,15,4,4,9.8333,0.0,0,0,0.666035,7,1,1,9.5357,2.0,0,Home Win,0
2014,3,1,1.66132,18,10,2,6.4412,0.0,0,1,1.10201,8,2,3,18.5,3.0,0,Draw,1
2014,3,6,2.49826,19,6,10,3.6333,0.0,0,0,0.0,0,0,0,28.8,1.0,0,Home Win,0
2014,3,2,1.06245,8,6,4,9.4,3.0,0,1,1.03873,15,6,6,11.0,2.0,0,Home Win,0
2014,3,0,0.558311,11,4,7,11.4783,1.0,0,3,1.61826,10,4,2,10.3571,1.0,0,Away Win,2
2014,3,1,1.00939,14,7,6,6.5294,1.0,0,2,1.45969,15,8,2,8.4286,1.0,0,Away Win,2
2014,3,3,1.30466,13,6,6,5.4516,3.0,0,3,1.86824,17,6,7,8.3636,2.0,0,Draw,1
2014,3,2,0.904346,6,2,3,13.3214,1.0,0,1,0.825853,16,3,6,6.72,3.0,0,Home Win,0
2014,3,2,0.80457,8,3,0,10.9167,1.0,0,0,0.848507,16,5,5,7.6923,1.0,0,Home Win,0
2014,3,1,1.82378,17,6,5,5.1786,1.0,0,1,1.55868,9,4,2,7.9714,3.0,0,Draw,1
2014,3,3,2.37575,14,5,3,9.7857,0.0,0,1,0.558647,11,3,4,8.6786,1.0,0,Home Win,0
2014,3,0,0.514564,11,4,8,4.4167,3.0,0,1,0.519282,10,4,1,11.5217,0.0,0,Away Win,2
2014,3,4,2.97969,20,12,3,6.963,5.0,1,5,3.13433,20,10,9,7.1,3.0,0,Away Win,2
2014,3,2,2.2412,15,4,2,9.5484,3.0,0,0,0.909372,10,2,5,13.8333,1.0,0,Home Win,0
2014,3,1,1.5035,19,4,6,5.1,2.0,0,0,0.673226,11,1,4,12.3684,3.0,0,Home Win,0
2014,3,3,2.51297,15,6,4,8.4138,0.0,0,0,0.784655,10,3,1,3.0,2.0,0,Home Win,0
2014,3,0,1.61946,18,4,14,8.6087,3.0,0,1,0.695852,7,3,1,8.04,4.0,1,Away Win,2
2014,3,1,0.837202,24,6,8,8.1154,1.0,1,0,0.145365,4,1,3,9.8571,4.0,0,Home Win,0
2014,3,3,4.06466,24,12,10,6.7353,1.0,0,0,1.6222,16,4,3,6.0244,3.0,0,Home Win,0
2014,3,0,0.648384,11,5,4,26.8571,1.0,0,0,1.2047,20,5,10,6.3,3.0,0,Draw,1
2014,3,1,1.71186,13,7,4,13.0476,2.0,0,0,0.688487,20,5,2,4.7561,2.0,0,Home Win,0
2014,3,3,1.98321,26,9,6,4.0667,4.0,0,3,1.72618,8,5,4,7.0,2.0,0,Draw,1
2014,3,1,1.15845,15,6,4,6.3077,1.0,0,1,1.63553,22,5,7,12.2,0.0,1,Draw,1
2014,3,2,1.22987,14,8,2,5.0606,1.0,0,0,0.310166,7,0,4,16.9615,2.0,0,Home Win,0
2014,3,3,1.71642,15,6,3,13.1176,1.0,0,1,0.261915,4,3,5,18.6957,4.0,0,Home Win,0
2014,3,1,1.71631,17,3,4,4.2439,3.0,0,3,2.36643,7,6,1,7.9545,3.0,0,Away Win,2
2014,3,0,0.327136,8,4,5,13.4,0.0,0,0,0.386458,4,1,1,6.9697,2.0,0,Draw,1
2014,3,4,3.37955,23,9,8,12.0714,2.0,0,1,1.81788,10,6,2,12.9091,3.0,0,Home Win,0
2014,3,0,0.845902,14,5,5,6.087,3.0,0,1,1.00028,17,7,6,6.1212,4.0,0,Away Win,2
2014,3,2,2.22631,11,4,4,5.0811,3.0,0,0,0.976735,11,0,2,6.2286,3.0,0,Home Win,0
2014,3,2,0.869782,15,5,7,8.2963,0.0,0,2,0.285542,7,2,6,10.2609,4.0,1,Draw,1
2014,3,0,1.32987,17,2,9,3.6471,0.0,0,2,1.15033,10,4,4,10.3871,2.0,0,Away Win,2
2014,3,0,0.203118,4,0,3,9.4468,4.0,0,0,1.03519,16,3,9,4.4231,2.0,0,Draw,1
2014,3,2,1.78008,8,3,1,9.5217,1.0,2,2,0.83546,15,4,3,16.35,2.0,1,Draw,1
2014,3,2,2.05175,18,4,7,12.55,1.0,0,0,0.550873,14,2,5,7.9474,0.0,0,Home Win,0
2014,3,4,2.91201,19,7,6,4.6774,1.0,0,2,2.02462,13,6,5,6.875,4.0,0,Home Win,0
2014,3,2,0.974914,9,5,1,9.3333,2.0,0,0,2.10376,19,4,7,5.0,1.0,0,Home Win,0
2014,3,4,1.55879,17,9,8,4.9032,1.0,0,1,0.616799,12,1,3,11.5161,1.0,1,Home Win,0
2014,3,0,0.551855,10,7,4,22.6,2.0,0,0,0.772177,10,1,3,7.5667,2.0,0,Draw,1
2014,3,3,1.81502,18,8,4,4.2286,3.0,0,3,2.44871,6,4,3,11.2609,3.0,1,Draw,1
2014,3,4,3.48286,25,9,9,4.25,0.0,0,0,0.402844,6,2,3,44.8,0.0,0,Home Win,0
2014,3,0,0.992105,12,4,6,8.3571,4.0,0,3,1.36741,11,4,5,6.8333,3.0,0,Away Win,2
2014,3,2,1.45137,16,8,9,9.3077,3.0,0,2,1.09799,5,5,3,7.8438,3.0,0,Draw,1
2014,3,2,2.13683,25,9,5,8.8636,2.0,0,2,1.48044,10,5,4,22.2353,2.0,0,Draw,1
2014,3,1,1.65235,17,3,6,6.125,3.0,0,0,0.571159,11,4,7,5.5714,2.0,0,Home Win,0
2014,3,1,2.38906,21,8,9,7.5333,1.0,0,0,0.560569,15,1,9,10.35,1.0,0,Home Win,0
2014,3,1,0.408032,9,4,2,19.6316,0.0,0,0,0.695122,10,3,6,11.1364,2.0,0,Home Win,0
2014,3,1,0.428365,3,3,6,12.48,3.0,0,0,0.855691,13,3,5,2.9677,2.0,0,Home Win,0
2014,3,0,0.614332,10,3,5,9.1429,1.0,0,0,1.08667,13,3,4,11.4483,2.0,0,Draw,1
2014,3,0,0.722358,8,3,5,6.6364,2.0,1,0,1.17679,16,8,3,7.8966,4.0,1,Draw,1
2014,3,1,0.826395,13,6,8,8.2424,3.0,0,0,0.853246,13,4,1,15.8571,2.0,0,Home Win,0
2014,3,2,1.07746,11,6,3,8.9259,1.0,0,1,0.662005,17,5,9,4.7778,1.0,0,Home Win,0
2014,3,0,0.821798,8,3,2,44.0909,0.0,0,2,3.46966,23,8,11,5.44,0.0,0,Away Win,2
2014,3,1,1.5747,24,8,9,11.0,1.0,0,2,1.43504,11,4,0,10.95,1.0,0,Away Win,2
2014,3,2,1.24302,17,8,8,4.561,0.0,0,1,0.32535,8,3,5,10.8667,0.0,0,Home Win,0
2014,3,1,1.25743,8,3,3,3.9167,2.0,0,0,0.283655,10,3,9,7.1667,4.0,0,Home Win,0
2014,3,1,1.09327,15,6,8,3.931,2.0,0,2,0.232889,7,4,3,8.2,2.0,0,Away Win,2
2014,3,2,2.57012,17,10,9,9.625,0.0,0,1,1.19842,9,4,3,21.85,2.0,0,Home Win,0
2014,3,2,1.52873,11,3,7,6.5882,2.0,0,0,0.280777,12,2,3,5.7391,3.0,0,Home Win,0
2014,3,2,1.17979,8,3,2,9.6429,2.0,0,1,0.956665,12,5,4,6.0556,1.0,0,Home Win,0
2014,3,2,1.75585,19,5,9,5.6857,1.0,0,2,1.19453,9,5,5,9.8696,2.0,0,Draw,1
2014,3,1,1.75331,10,3,6,10.5172,1.0,0,0,1.38084,13,6,5,3.4651,3.0,0,Home Win,0
2014,3,0,0.522276,10,3,3,13.08,2.0,0,0,0.913337,19,4,6,7.069,2.0,0,Draw,1
2014,3,0,0.482324,11,4,8,3.3333,1.0,0,2,1.14915,11,2,4,5.8,2.0,0,Away Win,2
2014,3,2,0.35254,10,3,4,7.275,2.0,0,2,1.84123,14,4,3,8.15,2.0,0,Draw,1
2014,3,1,2.40939,20,6,6,14.1053,2.0,0,1,0.433199,7,3,3,14.5,1.0,0,Draw,1
2014,3,2,1.00422,12,3,3,9.0417,2.0,0,3,2.30342,22,9,6,13.8148,3.0,0,Away Win,2
2014,3,1,2.51429,15,1,6,4.8889,3.0,0,1,1.29948,12,1,6,4.5854,0.0,0,Draw,1
2014,3,0,0.722885,14,5,7,6.2963,1.0,0,2,1.2983,11,5,4,26.0,2.0,0,Away Win,2
2014,3,0,1.14049,13,4,8,3.8286,0.0,0,3,2.37004,15,7,3,9.8286,0.0,0,Away Win,2
2014,3,4,2.53036,21,7,5,3.9565,0.0,0,2,0.712547,3,1,6,9.375,1.0,0,Home Win,0
2014,3,2,1.00484,14,11,4,4.9714,3.0,0,2,1.59633,8,4,3,12.75,1.0,0,Draw,1
2014,3,1,1.30795,8,4,1,17.6957,4.0,0,1,1.50328,10,4,3,4.7561,1.0,0,Draw,1
2014,3,0,1.0088,14,2,4,11.2941,0.0,0,0,0.561787,11,6,2,10.12,1.0,0,Draw,1
2014,3,0,1.30113,18,4,4,10.8696,1.0,0,0,0.321709,9,3,5,19.0,2.0,0,Draw,1
2014,4,3,1.12737,9,3,3,5.7059,2.0,0,0,0.469938,14,1,7,14.1,3.0,0,Home Win,0
2014,4,0,0.433609,5,1,5,25.2143,2.0,0,8,6.18696,27,11,8,5.3478,0.0,0,Away Win,2
2014,4,0,0.962339,10,3,9,12.7333,2.0,0,0,0.887369,7,0,2,7.6154,2.0,1,Draw,1
2014,4,2,2.92695,18,5,8,11.1818,4.0,0,3,1.7552,14,5,1,9.3636,2.0,0,Away Win,2
2014,4,1,0.610146,9,3,4,6.0,1.0,0,1,0.418168,7,2,2,8.9091,5.0,0,Draw,1
2014,4,1,0.760792,12,5,5,6.7895,3.0,1,1,0.614259,7,4,1,5.0357,1.0,0,Draw,1
2014,4,1,0.783329,17,5,4,5.7692,3.0,0,2,1.73377,14,6,6,6.2083,4.0,0,Away Win,2
2014,4,3,1.40783,13,6,7,7.2,2.0,0,1,0.996269,7,1,5,13.84,1.0,0,Home Win,0
2014,4,1,3.77025,21,9,5,4.2895,3.0,0,2,1.57961,7,3,2,10.7143,1.0,1,Away Win,2
2014,4,2,2.25388,12,3,3,11.6154,2.0,1,2,0.998686,7,3,6,10.45,3.0,1,Draw,1
2014,4,0,0.243878,7,3,4,7.775,2.0,0,2,1.46248,12,6,2,7.4231,4.0,0,Away Win,2
2014,4,2,3.14933,21,8,8,5.2813,2.0,0,0,0.0979845,4,1,1,14.9375,2.0,2,Home Win,0
2014,4,2,2.17671,15,8,10,7.8889,1.0,0,0,0.231803,5,1,3,11.8148,5.0,0,Home Win,0
2014,4,2,2.73249,27,10,12,6.0952,4.0,0,2,1.59908,13,4,9,17.0667,4.0,0,Draw,1
2014,4,1,0.764287,11,5,3,6.0625,4.0,0,1,0.443144,8,2,3,6.3529,4.0,0,Draw,1
2014,4,2,2.15407,8,5,2,16.8667,2.0,0,2,1.57159,15,7,6,4.3871,2.0,0,Draw,1
2014,4,1,1.53839,12,5,8,16.4545,1.0,0,0,1.06985,13,2,5,8.0556,2.0,0,Home Win,0
2014,4,1,1.84645,10,4,7,8.2105,3.0,0,2,2.14355,14,5,6,4.2692,4.0,0,Away Win,2
2014,4,1,1.62726,13,2,4,4.0571,3.0,0,1,1.67727,8,4,2,15.2381,5.0,0,Draw,1
2014,4,2,1.40202,15,5,8,3.5,2.0,1,0,0.866413,9,3,5,15.3158,1.0,1,Home Win,0
2014,4,2,1.15862,8,2,3,8.6087,3.0,0,1,0.853222,17,5,9,8.08,1.0,0,Home Win,0
2014,4,2,1.28526,10,3,1,9.85,2.0,0,3,1.27624,18,4,9,6.65,2.0,0,Away Win,2
2014,4,2,0.77058,10,3,8,9.087,3.0,0,0,0.0802943,5,1,3,12.1,2.0,0,Home Win,0
2014,4,0,0.516818,10,3,6,9.186,5.0,0,1,1.46846,14,5,5,3.4,3.0,0,Away Win,2
2014,4,0,0.276179,10,2,3,4.3077,2.0,0,3,1.58346,15,6,3,6.3333,2.0,0,Away Win,2
2014,4,1,1.05152,13,2,5,21.0588,0.0,0,2,2.20767,21,10,8,7.0303,0.0,0,Away Win,2
2014,4,1,1.04185,12,3,6,7.25,0.0,0,1,0.454082,4,1,4,9.6,2.0,0,Draw,1
2014,4,1,1.5021,15,3,2,11.25,2.0,0,4,2.42924,18,7,5,8.1111,4.0,0,Away Win,2
2014,4,1,2.1914,21,7,7,6.2059,1.0,0,1,0.594569,11,3,7,9.0,5.0,0,Draw,1
2014,4,2,2.3833,15,4,5,6.3929,0.0,0,1,1.19623,14,3,4,8.8077,4.0,1,Home Win,0
2014,4,0,0.829026,9,0,4,13.15,3.0,0,0,2.09849,15,6,4,9.5789,3.0,0,Draw,1
2014,4,2,2.43729,17,7,4,6.0588,1.0,0,2,0.605381,10,2,4,25.0,3.0,0,Draw,1
2014,4,0,0.0809351,2,0,4,21.4667,0.0,0,0,0.074881,3,1,0,15.7727,0.0,0,Draw,1
2014,4,4,2.45261,16,7,4,12.44,0.0,0,0,0.981771,13,2,5,27.0,1.0,0,Home Win,0
2014,4,2,0.698996,15,7,6,8.88,3.0,1,3,2.65132,12,6,1,8.9444,2.0,0,Away Win,2
2014,4,2,1.38838,9,3,3,3.3421,2.0,0,3,2.17387,9,5,6,4.9677,4.0,1,Away Win,2
2014,4,2,1.0083,13,3,9,4.625,1.0,0,4,1.55136,11,8,2,14.087,1.0,0,Away Win,2
2014,4,3,1.68473,12,6,4,12.7826,1.0,0,0,0.44487,15,5,5,9.1,0.0,0,Home Win,0
2014,4,3,1.28113,10,7,2,9.0833,2.0,1,2,2.36037,17,3,2,8.4848,1.0,0,Home Win,0
2014,4,7,3.13453,18,11,8,10.55,2.0,0,3,0.979312,14,6,7,10.5556,3.0,0,Home Win,0
2014,4,1,1.32137,12,4,4,10.7308,3.0,1,2,1.33096,13,8,4,5.4063,3.0,0,Away Win,2
2014,4,2,1.36462,9,5,6,8.9615,3.0,0,0,0.480128,14,2,7,8.3333,3.0,0,Home Win,0
2014,4,0,0.477035,11,2,3,10.3333,2.0,0,2,1.18641,8,4,5,12.24,1.0,0,Away Win,2
2014,4,1,1.34021,9,3,7,7.2667,4.0,1,4,2.45536,15,5,8,5.3846,2.0,0,Away Win,2
2014,4,1,1.94239,13,6,12,6.44,4.0,0,1,0.432609,9,3,3,5.0303,5.0,0,Draw,1
2014,4,9,6.61091,29,11,10,13.75,1.0,0,1,0.602945,11,6,1,19.125,2.0,0,Home Win,0
2014,4,0,1.26916,13,3,2,5.1538,2.0,0,0,0.278552,5,1,6,6.0909,5.0,0,Draw,1
2014,4,2,1.29359,11,4,5,6.7667,1.0,0,1,1.16571,9,2,1,4.5294,3.0,0,Home Win,0
2014,4,0,0.653911,7,1,4,7.4048,2.0,1,1,1.93453,12,3,3,5.7778,2.0,0,Away Win,2
2014,4,1,0.536142,5,3,4,10.6071,3.0,0,1,0.496354,8,2,4,6.7308,3.0,0,Draw,1
2014,4,2,1.31813,12,3,4,9.3889,1.0,0,0,0.436442,9,2,10,8.8387,0.0,0,Home Win,0
2014,4,1,1.66884,19,6,12,6.96,4.0,0,2,1.49345,12,5,3,7.4063,5.0,0,Away Win,2
2014,4,1,0.790085,8,5,4,8.5217,3.0,0,0,0.428638,14,4,2,6.8929,2.0,0,Home Win,0
2014,4,4,1.71657,19,12,14,3.9688,1.0,0,0,0.267948,6,3,5,12.1538,1.0,0,Home Win,0
2014,4,1,0.469966,8,2,6,6.0882,3.0,1,1,1.36851,16,7,5,6.6207,2.0,0,Draw,1
2014,4,1,1.66481,8,3,1,13.1667,4.0,1,1,1.04873,12,4,5,4.4444,5.0,0,Draw,1
2014,4,0,1.19622,20,8,8,7.4286,4.0,0,2,1.94497,17,5,1,12.6923,5.0,0,Away Win,2
2014,4,1,1.30831,12,4,8,8.35,5.0,0,1,1.12945,7,4,3,7.625,3.0,1,Draw,1
2014,4,0,0.552753,16,2,10,6.5769,2.0,0,1,1.01048,9,4,4,10.1852,3.0,0,Away Win,2
2014,4,0,0.259097,7,2,7,6.2258,1.0,0,3,1.95758,14,4,2,8.2857,1.0,0,Away Win,2
2014,4,3,2.99344,24,13,7,12.0952,0.0,0,0,0.143497,4,2,4,12.4444,3.0,0,Home Win,0
2014,4,2,0.670229,11,3,6,6.7083,2.0,0,2,2.52542,11,5,1,5.1579,3.0,0,Draw,1
2014,4,2,1.26597,11,2,2,10.4,5.0,0,2,1.76203,17,7,4,7.0,2.0,0,Draw,1
2014,4,3,2.26761,17,9,5,4.08,4.0,0,0,1.66924,15,3,6,7.5714,3.0,0,Home Win,0
2014,4,6,6.56908,17,10,3,8.0,1.0,0,1,0.962212,12,4,4,14.125,1.0,0,Home Win,0
2014,4,1,1.41544,12,2,11,9.1176,2.0,0,1,1.11289,9,4,5,7.2593,6.0,0,Draw,1
2014,4,1,0.512811,5,1,7,8.4688,2.0,0,0,0.269712,10,2,1,5.75,2.0,0,Home Win,0
2014,4,2,1.01446,9,4,5,12.1765,4.0,0,2,1.50991,16,5,7,11.8125,4.0,0,Draw,1
2014,4,0,1.00055,15,2,8,5.9667,0.0,1,2,1.18169,7,3,3,5.1667,2.0,0,Away Win,2
2014,4,3,0.822921,13,5,5,8.16,3.0,0,0,0.341912,11,1,4,10.3846,3.0,0,Home Win,0
2014,4,2,1.05378,14,3,8,9.7,1.0,0,2,1.71351,12,6,4,5.1707,3.0,0,Draw,1
2014,4,2,2.05137,11,5,6,4.2286,4.0,0,0,1.3841,11,3,3,15.0769,4.0,0,Home Win,0
2014,4,1,0.838632,9,2,5,8.4583,2.0,0,2,1.51593,15,10,6,8.0938,4.0,0,Away Win,2
2014,4,3,3.03655,12,6,4,5.2917,2.0,0,1,1.04346,11,2,3,12.5,2.0,0,Home Win,0
2014,4,4,4.04338,27,8,6,4.7568,2.0,0,0,0.0426725,1,1,1,17.5,4.0,1,Home Win,0
2014,4,2,2.62824,13,9,5,4.9444,1.0,0,0,0.372844,8,3,7,13.9091,2.0,0,Home Win,0
2014,4,1,0.31456,6,2,5,10.7391,2.0,0,1,0.750507,16,3,9,6.1364,2.0,0,Draw,1
2014,4,0,2.31812,28,7,12,6.1563,1.0,0,0,0.270253,10,4,3,12.4211,4.0,0,Draw,1
2014,4,0,0.496233,11,3,1,15.1905,2.0,0,1,2.19944,17,5,9,4.6774,2.0,0,Away Win,2
2014,4,1,0.635837,9,2,7,6.963,3.0,0,0,0.240527,4,2,4,8.6957,4.0,0,Home Win,0
2014,4,0,2.18715,21,2,9,10.0556,2.0,0,1,1.4308,15,4,5,6.2121,3.0,0,Away Win,2
2014,4,0,1.00138,7,2,5,11.4444,5.0,1,2,3.49523,12,5,3,6.5,1.0,1,Away Win,2
2014,4,3,2.30439,18,9,9,6.8438,3.0,0,0,1.10245,14,3,8,15.6667,2.0,0,Home Win,0
2014,4,0,0.827697,10,2,5,5.5,4.0,0,1,0.371997,9,3,5,16.25,3.0,0,Away Win,2
2014,4,0,0.648718,13,2,7,7.2,1.0,0,0,1.91558,19,4,9,15.8462,4.0,0,Draw,1
2014,4,1,1.32081,14,5,9,4.75,5.0,0,1,1.16186,12,3,5,8.2917,1.0,0,Draw,1
2014,4,2,1.6408,9,3,5,6.2917,4.0,0,0,0.325557,8,5,7,7.7742,3.0,0,Home Win,0
2014,4,2,3.21575,13,8,5,8.6667,0.0,0,0,1.37722,22,3,8,6.0,2.0,0,Home Win,0
2014,4,2,2.11816,20,4,5,7.027,3.0,0,4,2.11441,10,7,4,15.9474,2.0,0,Away Win,2
2014,4,4,1.9701,13,6,2,6.4545,3.0,0,0,0.209664,5,0,6,9.3548,3.0,0,Home Win,0
2014,4,6,2.78449,21,12,5,4.8966,0.0,0,0,0.576588,7,3,6,34.2727,0.0,0,Home Win,0
2014,4,1,1.32188,11,2,7,5.7857,2.0,0,1,0.41352,13,8,3,13.6667,2.0,1,Draw,1
2014,4,1,1.16982,12,3,6,9.5357,3.0,0,0,0.223601,8,1,5,11.7857,3.0,0,Home Win,0
2014,4,1,1.16322,15,3,4,4.4615,3.0,0,3,2.00481,13,6,2,22.0,2.0,0,Away Win,2
2014,4,3,2.72518,18,4,10,12.6364,1.0,0,0,0.248127,7,0,4,15.45,0.0,0,Home Win,0
2014,4,1,2.42446,14,2,3,6.85,2.0,0,0,1.16202,7,1,5,9.625,3.0,0,Home Win,0
2014,4,4,3.21848,12,7,3,13.0,1.0,0,0,0.734613,10,5,4,14.4583,2.0,0,Home Win,0
2014,4,0,0.75045,13,3,7,15.5882,0.0,0,1,1.64341,12,3,1,7.8,4.0,0,Away Win,2
2014,4,1,0.486759,9,3,4,6.7083,2.0,1,1,1.25767,13,5,8,5.8065,1.0,1,Draw,1
2014,4,1,1.23315,16,4,8,4.2941,2.0,0,2,0.862324,7,3,1,5.9412,3.0,0,Away Win,2
2014,4,3,1.61726,16,6,6,7.64,3.0,0,2,2.02132,10,6,5,6.0,1.0,0,Home Win,0
2014,4,2,1.34535,19,3,9,10.8696,3.0,0,0,0.377908,8,0,5,6.7333,3.0,0,Home Win,0
2014,4,0,0.282177,6,2,5,4.6154,3.0,0,1,1.81458,13,8,6,4.9024,2.0,0,Away Win,2
2014,4,0,0.864001,13,4,7,3.9259,4.0,0,0,0.387528,9,2,1,11.3636,7.0,0,Draw,1
2014,4,1,2.94269,25,7,10,7.3478,2.0,0,1,0.830645,9,4,4,9.0741,5.0,0,Draw,1
2014,4,1,1.3045,11,5,6,6.7667,5.0,0,1,0.913534,7,1,3,8.6774,3.0,0,Draw,1
2014,4,2,0.968252,12,4,6,7.6842,4.0,0,1,1.1246,14,3,7,5.0,5.0,1,Home Win,0
2014,4,3,2.49167,16,5,5,8.0,1.0,0,4,3.0458,11,6,1,8.7917,4.0,0,Away Win,2
2014,4,1,0.351052,6,2,1,12.2593,3.0,0,0,0.880869,13,2,9,5.9655,4.0,0,Home Win,0
2014,4,1,1.87874,15,4,6,6.7273,3.0,0,0,0.509389,9,2,5,9.6087,0.0,0,Home Win,0
2014,4,1,1.48614,14,4,8,4.0833,4.0,0,0,0.108569,4,1,1,6.037,5.0,0,Home Win,0
2014,4,6,5.199,19,12,4,10.1818,3.0,1,1,0.955753,7,3,1,9.0714,2.0,1,Home Win,0
2014,4,1,0.740356,10,4,6,9.8947,2.0,0,0,0.445724,9,4,5,18.5556,3.0,0,Home Win,0
2014,4,4,1.56688,12,8,3,10.2759,0.0,0,1,0.979286,13,4,2,5.2647,2.0,0,Home Win,0
2014,4,1,0.985146,8,3,6,7.0333,5.0,0,1,0.555779,3,1,1,4.6923,6.0,1,Draw,1
2014,4,1,1.134,18,4,5,6.0385,3.0,0,2,0.757081,15,7,6,7.7353,2.0,0,Away Win,2
2014,4,2,2.87108,16,8,5,10.8182,1.0,0,0,0.181554,5,2,5,6.5484,2.0,0,Home Win,0
2014,4,0,0.197774,7,1,6,6.0741,3.0,0,0,1.49831,14,6,7,6.4783,3.0,1,Draw,1
2014,4,0,0.714941,13,2,6,16.375,1.0,0,2,1.89195,12,4,3,5.9583,0.0,0,Away Win,2
2014,4,3,3.07872,16,8,6,3.4688,3.0,0,1,1.13426,11,3,6,10.0,2.0,0,Home Win,0
2014,4,1,1.93556,16,5,8,5.3846,3.0,0,2,2.77225,12,4,5,14.3478,3.0,1,Away Win,2
2014,4,0,1.3378,9,2,4,10.0,4.0,1,0,1.39493,18,7,3,4.875,4.0,1,Draw,1
2014,4,2,1.64345,19,6,2,5.8108,0.0,0,0,0.926039,4,2,3,7.2059,2.0,0,Home Win,0
2014,4,3,3.005,12,4,5,7.5,2.0,0,0,0.67376,13,3,9,10.92,3.0,0,Home Win,0
2014,4,2,2.53951,22,6,10,8.08,2.0,0,0,0.58311,8,0,4,23.3125,0.0,0,Home Win,0
2014,4,0,1.18559,14,5,6,4.5263,4.0,0,1,0.440657,10,4,5,5.0,1.0,0,Away Win,2
2014,4,0,0.247285,7,1,4,10.2143,1.0,0,4,2.37545,10,5,4,12.5,0.0,0,Away Win,2
2014,4,2,2.09938,15,6,10,9.4167,2.0,0,0,0.255093,6,2,5,7.7407,2.0,0,Home Win,0
2014,4,1,0.578125,11,2,7,3.0714,8.0,0,0,0.787002,6,2,4,4.4,0.0,1,Home Win,0
2014,4,0,0.434826,9,3,5,9.8065,4.0,0,1,2.92074,17,5,5,5.6538,3.0,0,Away Win,2
2014,4,2,1.43356,21,6,9,5.381,2.0,0,1,0.341584,7,1,6,7.7917,4.0,1,Home Win,0
2014,4,0,0.706268,17,4,7,4.5455,4.0,0,0,0.288646,4,1,5,10.0,1.0,0,Draw,1
2014,4,0,0.89593,14,1,2,5.8333,4.0,0,0,1.551,7,2,2,10.0833,4.0,0,Draw,1
2014,4,0,1.9763,23,5,8,5.3333,2.0,0,2,0.561801,9,5,2,9.4783,1.0,0,Away Win,2
2014,4,3,1.48367,19,3,9,4.3548,1.0,0,1,0.6619,11,6,5,14.375,5.0,3,Home Win,0
2014,4,2,2.29612,17,5,7,10.04,5.0,0,1,1.69907,13,4,10,8.3714,6.0,0,Home Win,0
2014,4,1,2.59613,19,9,8,7.4737,2.0,0,0,0.402388,8,3,2,15.05,6.0,0,Home Win,0
2014,4,0,1.0606,10,4,5,5.4815,2.0,0,2,1.65235,14,5,4,8.4762,5.0,0,Away Win,2
2014,4,1,1.93122,12,7,6,4.8261,3.0,1,0,0.822826,12,7,3,8.1579,3.0,1,Home Win,0
2014,4,3,3.32956,23,8,7,3.4722,8.0,0,2,0.904898,5,2,2,22.75,3.0,1,Home Win,0
2014,4,3,3.1169,19,7,8,7.2,1.0,0,2,0.958569,9,3,2,15.05,2.0,0,Home Win,0
2014,4,1,1.68775,12,6,5,5.3514,5.0,0,0,0.656199,10,3,3,6.72,3.0,1,Home Win,0
2014,4,2,2.44168,14,4,4,9.6875,3.0,0,1,2.47777,15,3,6,7.5526,6.0,0,Home Win,0
2014,4,2,2.24001,15,5,5,6.9583,2.0,0,0,0.0956199,4,2,3,10.4,3.0,0,Home Win,0
2014,4,4,2.27475,17,8,2,6.7838,5.0,0,0,0.102273,4,1,3,6.6667,2.0,0,Home Win,0
2014,4,2,1.54408,9,6,5,11.52,2.0,0,0,0.377127,11,3,8,4.2381,1.0,0,Home Win,0
2014,4,4,3.08668,11,6,2,8.36,2.0,0,1,0.44907,4,3,5,4.6667,1.0,0,Home Win,0
2014,4,1,0.981892,7,3,2,8.2593,5.0,0,1,0.574985,12,3,6,5.375,4.0,0,Draw,1
2014,4,1,1.02973,14,7,6,4.0714,2.0,0,2,1.37273,8,2,6,6.0741,5.0,0,Away Win,2
2014,4,2,3.04719,18,8,9,8.2609,1.0,0,1,0.401739,9,2,5,6.7391,2.0,0,Home Win,0
2014,4,1,1.57927,9,3,7,6.0968,5.0,0,2,1.49482,13,4,2,4.3871,4.0,0,Away Win,2
2014,4,2,1.8275,15,6,4,10.4889,3.0,1,5,4.6084,19,10,4,8.1429,1.0,0,Away Win,2
2014,4,2,2.96514,18,5,5,5.5789,2.0,0,0,0.406262,11,3,4,6.5238,3.0,1,Home Win,0
2014,4,2,1.1247,9,4,6,6.2895,5.0,0,2,0.912368,7,3,6,5.6538,4.0,0,Draw,1
2014,4,3,2.40554,18,6,8,5.375,0.0,1,0,0.320386,10,3,1,14.0476,1.0,1,Home Win,0
2014,4,2,1.47812,17,7,6,10.5,2.0,0,0,0.618923,15,4,6,12.5185,4.0,0,Home Win,0
2014,4,0,0.476819,11,4,4,6.5357,4.0,1,0,0.732856,10,0,4,8.2609,4.0,0,Draw,1
2014,4,0,1.56057,17,5,10,3.4815,3.0,0,2,0.6984,6,2,3,13.1765,7.0,1,Away Win,2
2014,4,1,2.14598,13,3,7,5.9697,3.0,0,0,0.649505,10,1,2,9.3704,4.0,0,Home Win,0
2014,4,5,3.66014,18,10,3,4.9545,1.0,0,0,0.247088,5,1,4,30.9231,2.0,0,Home Win,0
2014,4,2,1.25027,13,7,5,5.9615,2.0,0,0,2.06078,9,2,5,6.0625,2.0,0,Home Win,0
2014,4,2,2.0703,14,3,9,6.88,0.0,0,0,0.549303,10,5,2,15.2593,3.0,0,Home Win,0
2014,4,0,0.932447,17,6,5,6.0,3.0,1,1,0.434956,6,2,3,8.4545,1.0,0,Away Win,2
2014,4,2,1.43242,11,4,2,11.1364,3.0,0,1,0.705886,11,7,5,10.7391,3.0,0,Home Win,0
2014,4,0,1.22195,11,4,11,2.4571,4.0,0,1,1.63942,11,3,3,24.1667,3.0,0,Away Win,2
2014,4,1,1.08496,11,4,6,5.3333,1.0,0,2,1.89163,17,7,2,6.3667,2.0,0,Away Win,2
2014,4,3,1.7792,9,6,8,4.9655,1.0,1,0,0.331948,9,1,4,6.3548,1.0,0,Home Win,0
2014,4,0,1.08256,14,4,4,5.1277,2.0,1,2,1.92739,8,5,3,4.2,4.0,0,Away Win,2
2014,4,4,2.13723,17,8,5,7.16,5.0,0,3,2.49215,16,5,10,9.2,3.0,0,Home Win,0
2014,4,1,1.93713,19,6,11,5.5676,3.0,0,0,0.144942,5,1,4,8.8889,2.0,0,Home Win,0
2014,4,1,1.86055,20,6,8,20.3636,2.0,0,0,0.231931,10,1,3,17.75,0.0,0,Home Win,0
2014,4,0,0.113848,4,1,1,11.0667,4.0,0,2,1.93223,17,5,6,9.2917,1.0,0,Away Win,2
2014,4,2,0.925939,9,4,7,3.3333,3.0,1,1,1.58381,10,4,4,9.6667,5.0,2,Home Win,0
2014,4,1,0.579128,13,4,2,8.3667,5.0,0,0,1.14225,16,3,6,5.4688,4.0,0,Home Win,0
2014,4,1,1.05422,10,4,4,8.2424,2.0,0,3,3.76412,16,9,5,3.4545,3.0,0,Away Win,2
2014,4,4,2.10446,13,7,5,4.2703,2.0,0,2,1.5619,10,3,2,11.9688,2.0,0,Home Win,0
2014,4,0,0.385643,10,3,7,7.9583,2.0,2,0,1.93328,25,9,11,2.6452,3.0,0,Draw,1
2014,4,3,2.14869,13,5,7,8.1053,2.0,0,1,0.533056,10,4,6,30.4545,3.0,0,Home Win,0
2014,4,1,0.846357,10,4,1,4.2895,4.0,0,0,0.947026,16,2,8,6.1143,5.0,1,Home Win,0
2014,4,2,1.51945,18,8,6,7.4667,4.0,0,2,2.90415,18,5,9,6.5588,2.0,0,Draw,1
2014,4,1,0.604346,8,4,5,7.1071,1.0,0,0,0.999235,12,4,2,4.0286,1.0,0,Home Win,0
2014,4,1,0.574598,14,6,7,2.2759,5.0,0,2,1.38062,6,4,1,6.9667,4.0,1,Away Win,2
2014,4,1,0.518609,12,4,6,10.3226,3.0,0,2,2.5901,16,7,4,5.0,2.0,0,Away Win,2
2014,4,2,0.708983,11,3,3,6.8,6.0,0,1,2.63452,19,8,11,6.9,3.0,0,Home Win,0
2014,4,1,1.54932,15,6,6,6.0667,1.0,0,2,1.53054,13,6,3,7.4444,1.0,0,Away Win,2
2014,4,1,0.636981,6,1,6,12.6667,5.0,0,0,0.900848,17,4,8,3.125,4.0,0,Home Win,0
2014,4,2,0.980041,5,3,0,9.9615,2.0,0,0,0.501211,12,1,4,5.4865,0.0,0,Home Win,0
2014,4,0,0.766293,9,0,4,9.0,4.0,0,0,1.07012,13,6,3,5.2813,3.0,0,Draw,1
2014,4,3,1.73073,18,5,7,10.7083,1.0,1,0,0.367803,11,4,2,11.0667,4.0,0,Home Win,0
2014,4,1,0.496312,12,5,5,8.5517,4.0,0,1,0.732696,9,4,3,7.8846,4.0,0,Draw,1
2014,4,1,2.22601,14,4,11,3.973,3.0,0,1,0.29812,4,2,2,8.5313,3.0,0,Draw,1
2014,4,2,0.857562,12,5,2,8.7692,2.0,0,1,0.273647,7,3,3,9.7308,1.0,0,Home Win,0
2014,4,0,1.13032,19,6,5,10.65,1.0,0,2,1.07199,12,6,5,6.4583,2.0,0,Away Win,2
2014,4,1,1.29276,13,3,10,5.0968,2.0,0,2,1.18469,8,5,2,9.8333,6.0,0,Away Win,2
2014,4,1,2.64609,20,3,11,7.1579,2.0,0,1,1.15464,10,5,4,8.76,2.0,0,Draw,1
2014,4,3,3.72806,17,7,1,4.8182,3.0,0,1,0.87562,5,3,3,11.6667,6.0,0,Home Win,0
2014,4,0,1.78825,21,4,6,5.85,3.0,0,1,0.573866,9,3,2,14.4231,2.0,0,Away Win,2
2014,4,1,1.11225,14,5,2,9.5652,4.0,1,1,0.290839,6,1,3,11.4167,3.0,1,Draw,1
2014,4,0,0.569536,10,2,8,10.4231,0.0,0,1,0.710475,12,4,4,6.4286,4.0,0,Away Win,2
2014,4,3,2.23964,15,8,8,2.9231,2.0,0,2,0.822402,8,2,4,15.0,2.0,0,Home Win,0
2014,4,2,2.35698,19,6,9,10.7143,2.0,0,0,0.646477,11,5,6,8.7917,2.0,0,Home Win,0
2014,4,1,1.11281,15,3,9,6.8929,3.0,0,0,0.234731,3,2,1,7.037,3.0,0,Home Win,0
2014,4,0,0.544312,6,0,7,14.3043,2.0,0,3,2.41204,24,9,8,5.8571,2.0,0,Away Win,2
2014,4,2,1.68927,12,3,3,3.9184,3.0,0,0,0.129219,4,1,6,7.8519,3.0,0,Home Win,0
2014,4,0,0.582376,7,2,2,16.1739,2.0,0,4,2.25001,14,6,4,7.1304,2.0,0,Away Win,2
2014,4,1,1.91784,16,6,3,8.0476,3.0,0,0,1.0119,8,2,5,19.5294,3.0,1,Home Win,0
2014,4,2,1.94535,8,6,2,7.4615,3.0,0,0,0.364,12,2,0,6.4857,1.0,0,Home Win,0
2014,4,1,1.63834,16,4,3,10.7308,1.0,1,2,1.99717,13,4,9,4.069,3.0,1,Away Win,2
2014,4,0,0.347795,6,3,2,14.76,5.0,1,6,3.51478,11,8,3,4.6667,2.0,0,Away Win,2
2014,4,3,1.4904,12,5,8,12.4828,1.0,0,1,0.696507,10,3,5,5.0,1.0,0,Home Win,0
2014,4,1,0.845464,20,4,9,10.8,2.0,0,0,0.511777,9,4,5,9.8261,2.0,0,Home Win,0
2014,4,1,1.30052,15,4,6,8.2,0.0,0,0,1.02925,11,1,3,11.6522,3.0,0,Home Win,0
2014,4,2,1.86738,13,7,7,5.4038,3.0,1,2,0.264957,5,2,2,6.1724,3.0,0,Draw,1
2014,4,1,0.959466,11,5,8,7.4828,0.0,0,1,1.25659,8,3,2,6.0,1.0,0,Draw,1
2014,4,3,2.44178,18,9,9,4.7097,2.0,0,0,0.300551,9,1,7,12.9375,1.0,0,Home Win,0
2014,4,3,2.66487,13,8,3,5.8108,6.0,0,1,1.97883,10,6,7,6.2222,5.0,0,Home Win,0
2014,4,2,2.05397,13,6,6,10.6296,2.0,0,1,0.47185,7,2,2,4.3243,5.0,0,Home Win,0
2014,4,1,1.31894,11,4,10,9.6667,4.0,0,2,2.38957,13,6,7,5.6571,5.0,0,Away Win,2
2014,4,4,4.01477,26,11,10,13.4444,3.0,0,1,1.0602,8,2,3,17.9,1.0,0,Home Win,0
2014,4,1,1.16555,11,3,6,5.0476,3.0,0,3,0.842025,8,5,8,4.2083,3.0,0,Away Win,2
2014,4,1,1.51392,14,2,12,2.8,4.0,0,0,0.214841,5,0,4,10.68,4.0,1,Home Win,0
2014,4,0,0.80016,11,1,5,5.575,4.0,0,1,1.25863,11,4,6,4.0,4.0,0,Away Win,2
2014,4,0,0.424663,8,1,6,11.5,2.0,0,2,0.279031,4,3,1,9.3846,0.0,0,Away Win,2
2014,4,0,0.611024,15,3,15,6.75,4.0,0,1,1.1939,7,3,4,14.7895,6.0,0,Away Win,2
2014,4,3,2.59443,20,11,8,12.1111,4.0,0,0,0.552243,9,0,7,4.9773,4.0,0,Home Win,0
2014,4,0,2.64447,14,6,5,4.4231,4.0,0,1,0.375388,8,3,5,8.1667,3.0,0,Away Win,2
2014,4,0,1.41398,11,3,6,4.44,4.0,0,1,1.58437,11,6,2,7.1212,6.0,1,Away Win,2
2014,4,5,2.11804,15,7,5,3.8462,0.0,0,1,0.223494,3,2,2,24.4118,4.0,0,Home Win,0
2014,4,4,1.76594,24,9,8,6.5,2.0,0,0,0.336566,12,2,2,14.0,2.0,0,Home Win,0
2014,4,1,1.1801,9,2,4,6.6316,4.0,0,1,0.651538,9,1,4,7.0952,4.0,1,Draw,1
2014,4,5,1.57541,16,7,7,10.2727,4.0,0,2,1.39683,14,3,3,6.7826,3.0,0,Home Win,0
2014,4,1,1.1169,16,3,4,7.2581,3.0,0,1,0.24465,6,2,0,10.4118,4.0,0,Draw,1
2014,4,1,1.33389,16,3,2,9.7241,4.0,0,4,1.25169,15,8,8,8.8235,4.0,0,Away Win,2
2014,4,0,0.11349,4,2,4,17.5,2.0,0,0,1.87156,23,2,5,4.2308,0.0,0,Draw,1
2014,4,3,3.01549,14,6,6,11.8846,3.0,1,0,0.603533,19,4,2,7.0,3.0,0,Home Win,0
2014,4,0,0.806315,12,4,7,10.5,0.0,0,0,0.603413,12,4,6,10.963,3.0,0,Draw,1
2014,4,1,1.10137,11,4,1,10.2963,5.0,0,0,1.10271,14,8,9,5.7241,4.0,0,Home Win,0
2014,4,2,1.94193,12,4,2,13.35,2.0,0,1,0.699727,7,6,3,4.375,4.0,1,Home Win,0
2014,4,0,1.29083,16,2,11,5.9474,3.0,0,0,0.132624,6,2,2,10.16,6.0,0,Draw,1
2014,4,0,1.01723,11,2,7,6.5172,4.0,0,1,0.561906,7,4,2,5.8286,3.0,0,Away Win,2
2014,4,1,1.86676,14,4,3,6.5185,0.0,0,1,0.932204,12,5,6,4.4118,3.0,1,Draw,1
2014,4,1,0.761893,16,3,7,5.7931,5.0,0,0,0.909314,10,4,5,6.1935,2.0,0,Home Win,0
2014,4,0,1.44921,20,4,17,2.5926,6.0,0,1,1.36468,4,2,2,10.6,4.0,0,Away Win,2
2014,4,5,2.59358,16,9,8,4.9063,1.0,0,0,0.29662,7,2,0,39.2222,0.0,0,Home Win,0
2014,4,1,1.21074,11,2,3,13.0,3.0,0,1,0.150209,3,2,4,3.8387,5.0,0,Draw,1
2014,4,0,0.321199,8,2,2,4.1379,7.0,0,1,1.49491,10,3,5,13.8,3.0,0,Away Win,2
2014,4,1,1.37834,16,5,4,3.2692,3.0,0,3,2.25875,8,5,5,11.0286,4.0,1,Away Win,2
2014,4,3,2.74975,16,9,5,10.2857,1.0,1,0,0.669743,11,2,2,9.3871,3.0,0,Home Win,0
2014,4,1,1.52366,13,3,3,5.6571,4.0,0,1,0.923894,12,4,5,12.1111,2.0,0,Draw,1
2014,4,1,0.508293,10,3,5,7.1,2.0,0,2,1.43511,18,9,4,5.6154,1.0,0,Away Win,2
2014,4,1,0.294125,4,2,3,5.3667,3.0,0,4,2.16168,5,4,1,12.4444,4.0,0,Away Win,2
2014,4,0,1.07775,11,5,3,14.7692,1.0,0,4,2.84686,18,8,4,10.0625,2.0,0,Away Win,2
2014,4,4,1.77353,16,8,4,5.6216,0.0,0,2,0.785648,8,4,5,16.3333,2.0,0,Home Win,0
2014,4,0,2.66159,19,9,9,5.3333,1.0,0,1,1.55562,10,4,5,6.9286,2.0,0,Away Win,2
2014,4,0,0.112869,4,0,6,6.4074,2.0,0,1,1.46771,6,2,3,9.4091,5.0,0,Away Win,2
2014,4,1,0.43055,9,2,4,6.7368,4.0,0,0,0.151226,4,1,8,7.7143,3.0,0,Home Win,0
2014,4,1,0.95333,14,4,11,5.6296,2.0,0,3,0.339474,6,3,4,10.1071,3.0,0,Away Win,2
2014,4,2,1.46581,11,5,3,9.0333,3.0,0,1,1.32208,14,5,6,6.12,2.0,0,Home Win,0
2014,4,2,2.35234,10,4,4,8.6,2.0,2,1,2.01995,15,5,10,6.4348,2.0,0,Home Win,0
2014,4,2,1.21559,16,6,11,4.6,1.0,0,3,2.50481,8,5,2,11.7241,2.0,0,Away Win,2
2014,4,0,1.22585,14,6,3,4.2609,4.0,0,0,0.217729,6,2,2,22.6923,0.0,1,Draw,1
2014,4,1,0.710826,6,2,4,11.8333,2.0,0,2,2.88307,18,6,5,3.7826,0.0,0,Away Win,2
2014,4,0,0.701376,17,3,9,7.037,1.0,0,0,0.891117,11,5,2,12.0,2.0,0,Draw,1
2014,4,5,2.69643,16,11,4,21.2353,0.0,0,1,0.843676,15,6,6,8.4242,4.0,0,Home Win,0
2014,4,2,2.15625,15,8,5,7.4,3.0,0,1,0.783082,7,3,3,9.7727,2.0,1,Home Win,0
2014,4,0,1.3927,17,5,6,4.7857,1.0,0,0,1.30763,8,1,2,17.6667,5.0,0,Draw,1
2014,4,1,1.53921,15,6,6,8.0,2.0,0,1,1.11455,17,5,5,14.0,6.0,0,Draw,1
2014,4,1,0.926317,11,4,6,4.1176,3.0,0,1,2.12387,9,5,7,4.3415,3.0,0,Draw,1
2014,4,0,0.766329,8,1,2,7.0909,0.0,0,0,0.767828,4,1,4,7.0,2.0,0,Draw,1
2014,4,2,0.896143,11,5,2,6.1667,2.0,0,1,0.594573,4,2,1,13.2,6.0,1,Home Win,0
2014,4,3,0.829053,9,5,5,7.1875,0.0,0,1,0.746307,8,3,3,7.5405,5.0,0,Home Win,0
2014,4,3,2.30452,11,5,4,5.5366,1.0,1,1,0.172228,4,1,3,8.6087,3.0,1,Home Win,0
2014,4,0,0.87358,10,2,4,10.2414,4.0,0,4,4.68657,19,8,2,9.0,2.0,0,Away Win,2
2014,4,5,3.11963,16,10,5,5.4722,1.0,0,1,0.113587,2,0,4,14.72,2.0,0,Home Win,0
2014,4,0,0.431861,11,4,8,6.4167,3.0,0,0,0.629175,17,5,6,6.6552,1.0,0,Draw,1
2014,4,1,0.865947,9,3,2,6.3871,6.0,0,0,0.704494,15,4,9,5.3462,4.0,0,Home Win,0
2014,4,2,1.0788,10,5,4,10.1852,2.0,0,1,1.48232,17,6,5,4.2727,1.0,0,Home Win,0
2014,4,2,2.11064,17,6,6,8.2857,3.0,0,2,0.941968,10,3,2,9.9524,4.0,0,Draw,1
2014,4,2,0.655779,10,4,7,6.8667,3.0,0,1,0.580139,13,5,4,8.1667,2.0,0,Home Win,0
2014,4,0,1.26093,24,11,10,6.2609,4.0,0,0,0.0493305,3,1,5,14.7778,0.0,1,Draw,1
2014,4,3,1.32833,12,8,2,12.4444,2.0,0,0,0.749825,13,5,1,9.1429,4.0,0,Home Win,0
2014,4,1,0.704685,14,7,2,8.6429,7.0,0,2,0.518302,8,3,4,6.1282,5.0,0,Away Win,2
2014,4,2,1.12491,10,4,5,3.8261,2.0,0,1,1.64662,16,3,6,8.3889,3.0,0,Home Win,0
2014,4,1,1.16042,12,7,5,11.1538,2.0,0,2,4.15129,21,9,6,9.25,2.0,1,Away Win,2
2014,4,0,1.42996,29,9,15,6.0,4.0,0,1,1.06888,8,2,1,15.4762,5.0,0,Away Win,2
2014,4,2,1.07451,9,4,5,6.4773,2.0,0,0,0.103816,3,1,3,9.1515,2.0,0,Home Win,0
2014,4,5,3.80926,13,8,7,4.0968,1.0,0,1,1.19502,9,4,4,12.65,2.0,0,Home Win,0
2014,4,0,0.541323,11,2,9,12.6,2.0,0,2,0.84254,10,7,8,8.36,2.0,0,Away Win,2
2014,4,0,1.14991,12,4,5,22.3125,3.0,0,1,1.95194,11,3,5,4.963,3.0,0,Away Win,2
2014,4,1,1.4608,18,5,8,5.1613,1.0,0,1,0.377042,10,3,3,12.0455,2.0,0,Draw,1
2014,4,3,1.01863,6,3,1,9.9545,4.0,0,1,1.68827,19,5,6,5.6774,0.0,1,Home Win,0
2014,4,0,0.515599,14,4,6,9.6296,2.0,2,2,2.97834,18,7,7,7.5769,2.0,0,Away Win,2
2014,4,3,1.03989,14,6,4,4.4783,3.0,0,3,1.03547,13,5,4,9.2174,1.0,0,Draw,1
2014,4,2,2.34067,16,3,9,4.6563,2.0,0,2,0.511144,6,3,5,6.9167,4.0,1,Draw,1
2014,4,2,2.2003,17,3,3,7.1538,1.0,1,1,0.851565,8,5,3,8.36,4.0,0,Home Win,0
2014,4,4,3.9035,16,10,9,12.4091,2.0,0,1,0.227817,7,5,2,24.75,2.0,0,Home Win,0
2014,4,1,1.17846,16,5,11,3.9,3.0,1,3,2.02409,11,4,4,8.0606,4.0,0,Away Win,2
2014,4,2,1.39473,10,4,4,7.5333,6.0,0,0,0.481761,13,4,4,6.5,2.0,0,Home Win,0
2014,4,5,3.61471,19,14,8,14.5,1.0,0,0,0.744918,6,5,7,15.6,2.0,0,Home Win,0
2014,4,0,0.432469,9,1,3,7.075,4.0,0,1,0.471785,8,2,6,4.425,5.0,0,Away Win,2
2014,4,0,0.488171,11,1,6,17.7917,4.0,0,5,4.276,21,11,3,13.5333,0.0,0,Away Win,2
2014,4,1,2.66245,13,4,9,10.0,3.0,0,1,0.221015,4,1,2,5.8214,3.0,0,Draw,1
2014,4,3,3.09294,27,12,12,6.4348,2.0,0,0,0.929153,4,2,3,12.48,2.0,0,Home Win,0
2014,4,1,0.395949,8,2,6,3.7714,2.0,0,2,1.41292,8,4,13,6.5128,3.0,0,Away Win,2
2014,4,2,4.12804,20,9,12,5.9032,0.0,0,0,0.723748,7,1,1,10.1923,0.0,0,Home Win,0
2014,4,3,0.994809,12,5,3,10.6087,3.0,0,0,0.56407,8,1,5,4.871,3.0,0,Home Win,0
2014,4,0,0.47658,12,1,6,5.4583,5.0,0,2,2.52963,10,7,4,8.0,2.0,0,Away Win,2
2014,4,2,2.75077,17,8,6,4.8718,5.0,0,0,0.336251,10,3,4,6.2121,2.0,0,Home Win,0
2014,4,1,1.29417,13,2,8,5.1786,1.0,0,2,1.19816,16,7,4,9.2414,3.0,0,Away Win,2
2014,4,3,1.88024,13,4,7,5.3333,0.0,0,0,0.207108,4,0,0,17.0385,3.0,0,Home Win,0
2014,4,0,0.310169,8,3,4,6.7667,2.0,0,1,0.921626,6,1,8,4.303,1.0,0,Away Win,2
2014,4,3,1.87887,18,6,3,12.6667,2.0,0,1,1.30281,15,5,9,7.6176,4.0,0,Home Win,0
2014,4,3,1.18501,12,4,8,9.6538,0.0,0,1,0.498984,8,3,6,8.4138,2.0,0,Home Win,0
2014,4,1,2.09938,7,3,5,4.2,3.0,0,1,0.967731,7,1,4,7.7407,2.0,0,Draw,1
2014,4,1,0.738375,7,3,7,5.0714,3.0,0,1,0.542272,8,3,8,5.84,4.0,0,Draw,1
2014,4,4,3.90394,18,8,7,6.1622,1.0,0,0,0.395055,10,4,4,4.7241,4.0,0,Home Win,0
2014,4,0,0.410527,6,1,11,5.4444,2.0,0,0,0.0932128,2,1,0,24.5,4.0,0,Draw,1
2014,4,2,1.03012,8,4,3,5.8182,3.0,0,1,1.3659,10,4,2,10.0,4.0,0,Home Win,0
2014,4,0,0.42457,10,3,1,12.0435,3.0,1,1,1.57745,12,7,8,6.2143,3.0,0,Away Win,2
2014,4,1,0.760639,9,2,4,6.9048,2.0,0,2,1.5836,16,4,6,5.5814,1.0,0,Away Win,2
2014,4,1,1.35652,15,3,8,5.8966,4.0,0,1,0.762738,5,4,4,14.6316,4.0,0,Draw,1
2014,4,1,1.03628,12,2,8,6.0,4.0,0,1,0.763656,11,4,2,8.3333,4.0,0,Draw,1
2014,4,2,2.1772,14,8,5,8.4516,1.0,0,0,0.0979707,3,2,1,11.3529,1.0,0,Home Win,0
2014,4,0,0.819725,18,7,20,9.8462,1.0,0,0,0.358265,10,0,1,8.9259,2.0,0,Draw,1
2014,4,1,1.58778,21,4,4,4.8571,4.0,0,2,1.11054,9,2,4,22.6154,7.0,0,Away Win,2
2014,4,2,2.85395,13,6,5,7.5385,1.0,0,2,1.30012,19,5,8,13.375,5.0,0,Draw,1
2014,4,2,1.42044,14,4,6,2.5667,2.0,0,3,0.570631,11,5,5,6.1163,2.0,0,Away Win,2
2014,4,3,1.86199,11,6,7,7.7826,1.0,0,1,1.09215,8,3,8,10.9259,1.0,0,Home Win,0
2014,4,2,2.03978,12,4,8,7.3846,2.0,0,0,0.30148,7,1,5,15.3529,6.0,0,Home Win,0
2014,4,0,0.421198,9,3,9,8.3,3.0,0,0,0.634854,14,3,5,9.0526,2.0,0,Draw,1
2014,4,0,0.412722,14,2,4,7.7778,0.0,0,1,0.672578,4,1,8,8.6,5.0,0,Away Win,2
2014,4,0,1.03354,15,6,10,7.85,2.0,0,2,0.903058,8,4,7,13.5652,1.0,0,Away Win,2
2014,4,2,1.74836,14,5,2,23.3158,1.0,0,8,2.05644,19,13,3,12.7826,1.0,0,Away Win,2
2014,4,0,0.452668,13,5,7,4.5313,2.0,0,1,0.385966,3,2,5,9.96,4.0,0,Away Win,2
2014,4,2,2.42868,18,8,6,9.2308,1.0,0,2,0.926164,4,4,3,8.3889,3.0,0,Draw,1
2014,4,2,2.76188,13,8,7,8.0,2.0,0,2,0.446347,9,3,2,5.5,3.0,0,Draw,1
2014,4,1,1.67935,22,6,13,5.4091,1.0,0,2,0.603236,13,5,7,9.85,6.0,1,Away Win,2
2014,4,4,4.38395,19,9,11,10.3214,2.0,0,2,1.40506,10,3,5,7.3478,2.0,0,Home Win,0
2014,4,1,0.901931,9,3,7,8.7222,6.0,0,3,2.64146,15,8,4,9.5758,2.0,0,Away Win,2
2014,4,0,0.44198,9,2,3,23.8333,1.0,1,5,3.8229,17,8,6,7.0,2.0,0,Away Win,2
2014,4,0,0.23474,12,5,6,8.0,6.0,0,3,1.54259,7,3,1,13.1739,1.0,1,Away Win,2
2014,4,5,3.93785,23,12,8,10.2609,2.0,0,1,1.07447,10,3,2,23.9412,1.0,0,Home Win,0
2014,4,2,1.19299,11,4,13,4.8571,3.0,0,1,1.04057,5,3,4,9.5455,3.0,0,Home Win,0
2014,4,1,0.793018,7,3,2,10.68,4.0,0,1,0.662859,15,4,10,4.75,4.0,0,Draw,1
2014,4,2,3.17965,15,5,1,5.4722,2.0,0,1,1.06179,8,3,2,8.0741,2.0,0,Home Win,0
2014,4,0,0.263228,6,1,2,13.25,3.0,0,1,1.689,19,9,10,4.9032,6.0,0,Away Win,2
2014,4,1,2.02336,19,8,11,8.25,6.0,0,0,0.248733,8,1,4,11.6,2.0,0,Home Win,0
2014,4,0,0.636719,7,0,5,5.96,2.0,0,1,0.415162,10,4,3,8.069,6.0,0,Away Win,2
2014,4,0,0.278657,6,2,2,9.4516,2.0,0,0,0.646364,10,0,8,4.5714,2.0,0,Draw,1
2014,4,2,2.09364,8,3,6,6.9302,1.0,0,0,0.40196,7,2,4,4.875,2.0,0,Home Win,0
2014,4,3,1.26428,19,8,3,9.2632,1.0,0,0,0.116667,2,1,3,12.52,3.0,0,Home Win,0
2014,4,0,0.402099,14,3,0,11.1304,4.0,0,1,2.04008,16,4,4,7.0,2.0,0,Away Win,2
2014,4,0,0.951263,19,5,7,12.8571,0.0,0,2,0.976346,11,3,6,20.1667,1.0,0,Away Win,2
2014,4,6,4.92758,19,12,8,4.2955,1.0,0,0,0.445275,9,1,1,25.9091,3.0,0,Home Win,0
2014,4,4,2.70863,11,6,5,11.95,4.0,0,0,0.178376,4,1,3,7.5652,3.0,0,Home Win,0
2014,4,0,1.16599,13,1,6,3.9259,5.0,0,0,0.518244,10,2,2,11.3462,6.0,0,Draw,1
2014,4,0,0.637848,7,0,5,6.725,4.0,0,2,1.39355,13,5,7,9.0588,3.0,0,Away Win,2
2014,4,1,0.704397,9,3,4,11.3,0.0,0,0,0.619457,10,0,4,6.08,3.0,1,Home Win,0
2014,4,0,0.957268,8,1,6,6.6842,2.0,0,1,0.72135,15,6,5,9.4583,4.0,0,Away Win,2
2014,4,1,0.762877,18,5,11,6.4194,2.0,0,1,0.554817,7,2,4,12.8889,5.0,0,Draw,1
2014,4,0,0.137119,5,0,3,6.1111,2.0,0,0,0.112527,1,1,5,5.5,6.0,0,Draw,1
2014,4,1,1.32107,12,3,5,12.0714,3.0,2,0,1.14151,12,5,4,6.3,3.0,0,Home Win,0
2014,4,1,1.17197,12,3,3,9.4167,4.0,0,1,1.74903,11,1,3,10.65,2.0,1,Draw,1
2014,4,2,0.548351,10,3,5,4.775,1.0,0,1,0.379371,8,1,3,5.8,2.0,0,Home Win,0
2014,4,1,0.978788,19,6,11,6.6667,3.0,0,1,0.399306,12,2,7,15.8,2.0,1,Draw,1
2014,4,1,0.465398,12,5,5,8.7917,4.0,0,0,0.975523,19,4,6,6.6667,1.0,0,Home Win,0
2014,4,3,1.54124,12,6,3,6.5455,0.0,1,0,0.10804,3,0,1,18.3929,1.0,0,Home Win,0
2014,4,3,1.91721,20,9,4,5.3784,4.0,0,1,0.673965,12,3,4,12.4,1.0,0,Home Win,0
2014,4,0,0.345435,9,2,3,10.5,1.0,0,2,3.01412,12,6,4,19.5625,3.0,0,Away Win,2
2014,4,2,0.612645,14,8,8,8.48,1.0,0,0,0.37841,8,2,5,21.5625,2.0,0,Home Win,0
2014,4,0,0.357337,8,2,2,6.92,2.0,0,0,0.901586,9,2,4,10.5938,2.0,0,Draw,1
2014,4,1,1.31774,12,3,2,7.5556,3.0,0,0,1.31079,11,4,3,9.0769,2.0,0,Home Win,0
2014,4,3,1.96863,14,4,4,6.0667,1.0,0,0,1.13196,17,4,6,15.3684,2.0,1,Home Win,0
2014,4,1,0.241504,6,1,1,12.3704,1.0,0,1,0.786352,10,4,6,6.1212,4.0,0,Draw,1
2014,4,3,2.25621,10,5,2,8.8636,1.0,0,0,0.331502,10,2,11,9.5455,4.0,0,Home Win,0
2014,4,2,1.37146,14,6,5,11.7619,3.0,0,1,0.855113,8,2,5,4.4333,0.0,0,Home Win,0
2014,4,1,0.945745,4,2,3,7.0278,4.0,0,2,1.36011,13,6,7,6.68,2.0,0,Away Win,2
2014,4,0,1.10836,9,0,3,21.4,0.0,0,1,3.12545,20,8,10,3.75,2.0,0,Away Win,2
2014,4,2,1.89944,10,5,2,9.25,4.0,0,2,2.23586,12,2,4,7.7333,6.0,0,Draw,1
2014,4,4,2.74099,13,5,8,9.2917,1.0,0,2,2.31574,19,5,6,6.7931,2.0,0,Home Win,0
2014,5,0,0.716553,18,6,5,9.5217,1.0,0,2,1.33877,11,8,7,8.3462,3.0,0,Away Win,2
2014,5,2,2.65856,16,6,6,10.7391,1.0,0,0,0.657208,8,3,3,16.0,1.0,0,Home Win,0
2014,5,0,0.32339,5,2,6,13.0476,0.0,0,0,0.98639,14,4,11,18.0,1.0,0,Draw,1
2014,5,2,1.49746,9,3,3,6.0357,1.0,0,0,0.306909,6,1,5,7.2903,1.0,0,Home Win,0
2014,5,0,0.458981,11,1,9,13.3462,1.0,1,0,0.157906,4,1,4,16.375,0.0,0,Draw,1
2014,5,1,1.46257,11,4,2,6.8974,4.0,0,0,0.301232,7,1,5,15.2632,2.0,0,Home Win,0
2014,5,1,1.93969,16,1,5,3.9459,2.0,0,1,1.07766,16,5,10,9.08,1.0,0,Draw,1
2014,5,3,2.55504,14,9,7,8.1667,3.0,0,1,0.378157,4,1,3,11.4444,3.0,0,Home Win,0
2014,5,4,1.7647,6,6,2,7.1053,2.0,1,1,0.400624,11,4,5,9.871,0.0,1,Home Win,0
2014,5,0,0.51294,12,3,5,9.186,4.0,0,2,2.21276,14,7,4,15.6429,3.0,0,Away Win,2
2014,5,6,4.38112,14,10,3,5.2941,1.0,0,0,0.23496,6,2,2,25.7391,2.0,0,Home Win,0
2014,5,3,2.53929,18,9,4,22.0,1.0,0,0,1.22641,13,8,6,3.9643,1.0,0,Home Win,0
2014,5,2,1.13016,10,4,2,5.0769,2.0,0,3,2.18633,14,3,6,6.7368,3.0,0,Away Win,2
2014,5,0,3.09687,17,6,7,12.1875,4.0,0,1,0.265662,6,5,1,18.6667,2.0,1,Away Win,2
2014,5,3,1.73819,16,4,2,12.4231,1.0,0,2,1.42546,17,7,8,9.0,1.0,0,Home Win,0
2014,5,2,1.75746,14,7,6,9.0,3.0,0,1,0.970478,7,4,1,9.32,2.0,0,Home Win,0
2014,5,0,0.834694,18,7,3,15.2353,2.0,0,4,2.94476,18,11,11,22.7333,1.0,0,Away Win,2
2014,5,0,0.264804,6,4,2,15.75,0.0,1,1,1.72574,18,4,8,13.3125,2.0,0,Away Win,2
2014,5,5,2.78089,15,9,3,5.4194,2.0,0,0,0.866729,7,2,7,11.8636,2.0,0,Home Win,0
2014,5,2,1.24252,14,6,2,6.6667,3.0,0,1,1.32282,13,4,5,6.2927,2.0,0,Home Win,0
2014,5,2,2.68396,18,7,7,12.16,1.0,0,1,0.971766,9,4,1,13.25,1.0,0,Home Win,0
2014,5,1,0.406616,8,3,8,5.8148,1.0,0,1,0.53817,9,4,4,16.5556,1.0,0,Draw,1
2014,5,1,1.24292,15,3,8,8.7308,5.0,1,2,1.84086,19,4,3,9.05,1.0,0,Away Win,2
2014,5,2,1.18547,12,4,4,8.7308,1.0,1,1,2.3098,15,6,9,7.9091,1.0,0,Home Win,0
2014,5,0,1.08859,13,2,5,6.0,2.0,0,4,3.43302,16,5,2,4.5455,3.0,0,Away Win,2
2014,5,1,0.859619,10,4,5,6.4615,2.0,0,1,0.968181,14,5,5,8.7941,4.0,0,Draw,1
2014,5,2,3.51571,19,5,10,6.4167,0.0,0,0,0.619008,9,2,2,10.2963,2.0,0,Home Win,0
2014,5,1,0.344417,9,2,4,9.5,3.0,0,2,2.33917,13,4,4,7.2414,5.0,0,Away Win,2
2014,5,1,1.55602,11,6,8,13.7273,2.0,0,1,0.364488,3,1,3,26.1333,1.0,0,Draw,1
2014,5,1,1.98359,12,1,0,16.5833,2.0,0,0,0.224434,10,3,5,14.2857,2.0,0,Home Win,0
2014,5,2,2.67021,22,9,7,11.2692,0.0,0,1,0.815618,7,1,2,20.5789,1.0,0,Home Win,0
2014,5,3,2.02955,22,6,13,15.5625,0.0,0,2,1.84486,14,8,8,7.5455,1.0,0,Home Win,0
2014,5,1,0.955303,7,4,1,16.2174,2.0,0,0,1.00195,16,5,3,5.0968,2.0,0,Home Win,0
2014,5,3,2.06974,14,6,5,7.36,0.0,0,2,1.54416,10,4,8,23.2609,2.0,0,Home Win,0
2014,5,1,2.32939,16,4,4,16.2381,0.0,0,4,2.45554,20,10,7,17.0,0.0,0,Away Win,2
2014,5,3,1.07865,16,5,5,8.2917,1.0,0,0,0.216127,7,1,0,9.3158,1.0,0,Home Win,0
2014,5,0,0.313189,7,1,4,7.4762,2.0,0,1,1.8645,17,8,10,10.1818,3.0,0,Away Win,2
2014,5,2,1.10029,10,6,5,8.5758,2.0,0,1,1.35229,11,3,4,23.8462,1.0,0,Home Win,0
2014,5,2,1.4838,9,4,3,6.5429,2.0,0,3,1.78298,8,4,3,6.3,4.0,0,Away Win,2
2014,5,0,0.81154,10,2,5,23.0,0.0,0,1,0.861711,9,2,1,15.1667,0.0,0,Away Win,2
2014,5,1,0.824897,7,1,6,6.6129,3.0,0,1,0.651043,11,3,1,7.3158,1.0,0,Draw,1
2014,5,1,0.444604,4,1,0,20.1429,1.0,1,3,1.70947,10,6,3,4.1111,2.0,0,Away Win,2
2014,5,3,2.82156,14,8,0,7.56,1.0,0,1,0.943203,10,3,2,7.9706,3.0,0,Home Win,0
2014,5,0,1.17439,24,8,5,15.8182,1.0,0,3,0.406495,10,6,2,22.3571,1.0,0,Away Win,2
2014,5,3,2.6221,11,5,8,9.8077,1.0,0,1,0.227001,6,1,1,4.8108,2.0,0,Home Win,0
2014,5,3,1.18188,21,9,7,7.2903,2.0,0,2,1.02796,5,3,3,9.5714,3.0,1,Home Win,0
2014,5,2,1.28484,10,3,6,5.0323,5.0,0,2,1.60029,8,3,2,4.4595,4.0,0,Draw,1
2014,5,2,1.84297,17,8,3,7.4667,1.0,0,1,1.43634,9,2,8,7.5,2.0,0,Home Win,0
2014,5,1,1.22924,8,4,3,10.32,1.0,0,2,1.82125,11,3,12,10.6667,2.0,0,Away Win,2
2014,5,2,0.634944,8,2,3,9.8235,3.0,1,3,0.396874,4,2,2,4.5,2.0,0,Away Win,2
2014,5,0,0.758015,10,2,9,6.1818,1.0,0,0,1.24109,4,1,5,6.2857,2.0,0,Draw,1
2014,5,0,0.388163,8,2,5,12.0417,2.0,0,3,1.64324,11,5,3,10.25,0.0,0,Away Win,2
2014,5,1,0.359586,6,2,7,9.4839,4.0,0,0,0.44705,9,2,7,7.8,2.0,0,Home Win,0
2014,5,1,1.13569,10,3,4,5.9688,2.0,0,0,0.768385,9,2,6,4.7317,2.0,0,Home Win,0
2014,5,1,0.944457,11,5,7,5.5,3.0,0,0,0.156916,6,1,4,19.7647,3.0,1,Home Win,0
2014,5,0,1.31503,17,3,7,4.5625,3.0,0,1,1.67264,11,5,4,9.85,3.0,0,Away Win,2
2014,5,0,1.17213,9,3,8,14.7917,2.0,0,1,1.77445,9,1,1,10.3,2.0,0,Away Win,2
2014,5,0,0.711634,9,2,3,5.2895,3.0,0,0,0.487375,7,3,5,12.0769,1.0,0,Draw,1
2014,5,1,0.441498,11,1,5,8.303,2.0,0,0,0.804363,13,2,6,8.4,1.0,0,Home Win,0
2014,5,2,1.52986,15,7,9,5.5667,2.0,0,0,0.293852,6,3,4,14.2941,0.0,0,Home Win,0
2014,5,1,0.78163,8,2,4,7.8158,1.0,0,0,1.03163,6,2,7,5.9444,3.0,0,Home Win,0
2014,5,1,1.35219,17,4,3,14.3478,1.0,0,3,2.84076,15,8,8,5.4571,2.0,0,Away Win,2
2014,5,0,0.66899,13,1,9,6.2308,3.0,0,1,1.65061,9,3,3,7.3939,0.0,1,Away Win,2
2014,5,3,3.00002,18,7,5,11.5789,1.0,0,1,0.263045,6,2,4,10.0,2.0,0,Home Win,0
2014,5,1,0.88234,10,1,6,14.0385,1.0,0,1,2.02085,9,3,1,12.8889,2.0,0,Draw,1
2014,5,1,1.42866,11,6,5,9.0476,1.0,0,1,0.997207,7,3,0,8.4286,2.0,0,Draw,1
2014,5,1,0.590394,5,1,4,4.5417,3.0,0,2,1.89032,6,5,5,7.3871,5.0,0,Away Win,2
2014,5,2,1.28762,6,4,3,7.9355,3.0,0,0,1.39606,8,4,10,4.2308,3.0,0,Home Win,0
2014,5,1,0.784383,12,6,7,4.9583,1.0,0,0,0.272891,7,2,3,4.0588,1.0,0,Home Win,0
2014,5,2,2.17269,21,6,7,12.6471,2.0,1,2,1.93102,12,6,4,8.5833,5.0,0,Draw,1
2014,5,3,3.1251,12,5,5,4.027,1.0,0,5,1.72403,11,6,1,16.6818,5.0,0,Away Win,2
2014,5,6,2.94967,11,7,1,9.3235,1.0,0,1,0.30206,9,1,7,19.2174,3.0,1,Home Win,0
2014,5,2,0.606512,11,5,2,6.9063,1.0,0,1,1.21371,9,3,1,12.3125,2.0,0,Home Win,0
2014,5,1,1.258,18,4,13,6.2222,1.0,0,1,1.09106,7,3,2,11.6,3.0,0,Draw,1
2014,5,0,0.694684,12,0,13,7.4091,3.0,0,2,0.737686,8,3,2,7.9583,2.0,0,Away Win,2
2014,5,1,1.49347,12,2,6,9.5,0.0,0,2,1.35755,13,4,3,12.7895,2.0,0,Away Win,2
2014,5,1,0.830878,11,3,6,12.5882,1.0,0,1,0.531381,12,3,6,6.6897,2.0,0,Draw,1
2014,5,1,0.664788,8,3,3,7.4815,1.0,0,0,1.05147,11,3,8,11.4211,2.0,0,Home Win,0
2014,5,0,0.484653,8,1,3,10.72,3.0,0,3,2.34357,13,6,4,8.8846,1.0,0,Away Win,2
2014,5,2,1.20949,18,6,4,9.4194,1.0,0,4,3.1736,14,10,4,23.1,3.0,0,Away Win,2
2014,5,3,1.0084,11,5,11,8.28,1.0,0,1,0.447795,8,2,3,23.7143,1.0,0,Home Win,0
2014,5,1,0.313418,9,3,1,5.9091,4.0,1,0,0.194371,3,2,2,10.68,4.0,0,Home Win,0
2014,5,2,1.80655,12,5,1,6.7143,3.0,0,1,1.22264,15,7,1,3.5,4.0,0,Home Win,0
2014,5,0,0.269429,6,1,1,9.9211,1.0,0,0,1.25139,12,2,7,4.8718,2.0,0,Draw,1
2014,5,1,0.550926,7,2,4,8.5,3.0,0,0,0.561594,17,7,5,6.9,3.0,0,Home Win,0
2014,5,1,1.46982,16,2,4,5.5652,1.0,0,6,1.8118,11,8,4,5.1935,2.0,0,Away Win,2
2014,5,4,4.74794,28,14,7,6.1724,1.0,0,1,0.623449,8,3,3,33.5,3.0,0,Home Win,0
2014,5,3,2.72502,22,9,8,7.3448,4.0,0,1,0.912317,7,4,4,9.6538,2.0,1,Home Win,0
2014,5,1,1.24794,11,6,6,10.1667,0.0,0,3,1.68478,11,5,3,12.2667,1.0,0,Away Win,2
2014,5,2,1.12393,14,7,10,3.9615,3.0,0,1,0.711578,5,1,2,8.3,3.0,2,Home Win,0
2014,5,1,0.370071,7,5,3,16.5455,1.0,0,0,0.603088,16,4,3,15.5,1.0,0,Home Win,0
2014,5,1,0.491188,8,1,3,15.913,1.0,1,2,1.56487,15,5,4,5.1,3.0,0,Away Win,2
2014,5,2,1.79838,15,4,3,5.2105,3.0,0,0,0.42515,5,2,4,10.4615,0.0,1,Home Win,0
2014,5,0,0.209842,4,2,3,9.4138,2.0,0,1,0.546828,15,4,8,7.16,3.0,0,Away Win,2
2014,5,1,1.55979,10,4,1,9.1081,4.0,0,5,3.47495,15,8,1,3.3333,5.0,0,Away Win,2
2014,5,3,4.78539,16,9,8,6.4167,0.0,0,0,0.127961,6,0,1,15.0476,0.0,2,Home Win,0
2014,5,1,0.932215,12,2,4,3.0789,2.0,0,2,1.18537,10,5,4,12.1071,2.0,0,Away Win,2
2014,5,2,1.85037,13,4,8,7.7941,2.0,0,3,1.48298,7,4,4,8.3913,0.0,0,Away Win,2
2014,5,2,1.41533,28,8,9,4.4,0.0,0,1,1.32089,9,3,3,29.1667,1.0,1,Home Win,0
2014,5,3,3.27913,14,7,2,7.0323,1.0,0,1,1.43438,14,5,5,3.7727,1.0,0,Home Win,0
2014,5,2,1.36711,10,4,2,7.7826,2.0,0,1,0.788056,12,4,3,4.8846,4.0,0,Home Win,0
2014,5,1,0.674633,11,4,6,3.68,2.0,0,0,0.61914,12,2,6,5.24,1.0,0,Home Win,0
2014,5,3,1.86602,16,4,5,12.2727,1.0,0,0,0.426289,10,3,7,13.875,1.0,0,Home Win,0
2014,5,3,2.38445,22,6,6,6.0938,2.0,0,2,2.24977,7,5,3,10.3158,3.0,0,Home Win,0
2014,5,0,0.315525,6,4,5,2.3478,4.0,1,0,0.573691,4,2,7,4.7059,3.0,0,Draw,1
2014,5,3,3.60171,17,10,10,5.4103,2.0,0,1,0.385115,10,4,5,25.8947,3.0,0,Home Win,0
2014,5,1,1.41208,20,8,4,5.6923,4.0,0,2,1.79842,10,4,4,10.875,2.0,1,Away Win,2
2014,5,0,0.21106,8,2,5,6.52,0.0,0,0,0.282065,9,0,2,12.2692,2.0,0,Draw,1
2014,5,0,0.698853,15,5,3,6.8125,1.0,0,0,1.08129,12,4,7,8.9091,1.0,0,Draw,1
2014,5,2,0.915381,10,5,8,11.76,2.0,0,1,1.29075,14,7,9,6.1111,2.0,1,Home Win,0
2014,5,0,0.666206,15,4,8,9.1739,0.0,0,0,0.278793,9,2,2,12.6316,0.0,0,Draw,1
2014,5,1,1.34575,10,1,1,4.0833,2.0,0,0,0.230609,7,3,5,7.5417,0.0,0,Home Win,0
2014,5,2,1.21521,12,6,6,10.5517,3.0,0,0,0.234061,6,1,3,11.2143,1.0,1,Home Win,0
2014,5,1,1.14195,17,3,5,11.6667,3.0,0,3,1.79552,12,5,3,6.2333,2.0,0,Away Win,2
2014,5,0,0.345633,6,1,9,4.7917,3.0,0,4,0.383233,7,0,3,5.8333,2.0,0,Away Win,2
2014,5,1,2.22468,14,5,4,12.0909,2.0,0,0,1.00315,12,1,12,4.25,2.0,0,Home Win,0
2014,5,1,0.767491,14,3,7,8.7895,2.0,1,1,0.71638,9,5,4,26.75,4.0,0,Draw,1
2014,5,0,0.83513,9,1,5,8.1282,1.0,0,0,0.554624,6,3,2,7.24,1.0,0,Draw,1
2014,5,3,1.53111,14,6,3,6.129,3.0,0,3,1.66725,13,8,4,11.1154,2.0,0,Draw,1
2014,5,1,0.533668,11,2,4,6.7073,2.0,0,1,0.347751,10,2,4,7.5455,3.0,1,Draw,1
2014,5,1,1.71173,11,4,7,7.7037,1.0,0,3,1.0102,12,4,6,8.3824,1.0,0,Away Win,2
2014,5,2,1.56279,14,8,2,7.3,1.0,0,0,0.595647,8,5,2,16.2857,3.0,1,Home Win,0
2014,5,2,1.75465,12,4,3,5.7826,0.0,0,0,0.440619,14,1,8,4.9615,2.0,0,Home Win,0
2014,5,0,0.363124,8,4,5,5.5714,1.0,0,1,0.188163,4,1,1,8.1034,3.0,0,Away Win,2
2014,5,1,0.586876,13,7,9,7.3448,0.0,0,2,2.22525,9,5,1,8.0741,1.0,0,Away Win,2
2014,5,1,1.14607,7,2,2,14.6471,2.0,1,0,1.739,19,5,7,2.7568,2.0,0,Home Win,0
2014,5,0,1.22982,19,7,5,4.2927,2.0,0,0,0.18589,8,2,1,7.0263,2.0,0,Draw,1
2014,5,1,0.719121,7,2,3,24.3889,3.0,0,1,2.59822,14,6,3,4.9032,2.0,0,Draw,1
2014,5,2,2.10567,21,5,14,7.65,1.0,0,2,1.42842,14,5,4,14.5789,2.0,0,Draw,1
2014,5,2,1.58468,13,6,5,5.9032,1.0,0,2,0.674238,14,7,5,10.1136,2.0,0,Draw,1
2014,5,0,0.250159,11,3,0,12.92,3.0,1,2,0.639578,6,2,3,9.5556,2.0,0,Away Win,2
2014,5,2,1.0594,18,6,5,5.0,1.0,0,1,0.801069,11,3,5,4.8621,1.0,0,Home Win,0
2014,5,0,1.38094,13,3,5,5.4,1.0,1,2,0.81777,8,3,2,10.04,2.0,1,Away Win,2
2014,5,0,0.366899,8,1,5,5.0833,3.0,1,0,0.144349,5,1,3,4.1892,3.0,0,Draw,1
2014,5,1,1.07309,13,4,5,8.0,0.0,0,0,0.943341,11,4,3,14.1538,2.0,0,Home Win,0
2014,5,0,0.487235,14,2,7,4.2813,3.0,0,2,1.73901,13,5,3,15.4615,1.0,0,Away Win,2
2014,5,1,1.23844,13,3,3,11.0,1.0,0,1,0.709499,9,6,5,6.8125,3.0,0,Draw,1
2014,5,0,0.541836,11,3,7,7.3871,5.0,0,1,0.852581,10,2,3,8.6207,0.0,1,Away Win,2
2014,5,3,1.89117,8,4,7,7.1429,2.0,0,1,1.00428,8,3,3,15.24,1.0,0,Home Win,0
2014,5,1,0.872582,9,4,4,32.4,3.0,0,1,1.56069,21,7,9,6.9091,3.0,0,Draw,1
2014,5,2,0.442604,7,5,4,5.9143,0.0,0,1,0.368923,10,3,8,7.4286,1.0,0,Home Win,0
2014,5,4,1.84709,8,4,3,7.0588,1.0,0,1,1.37945,14,3,7,7.9167,2.0,0,Home Win,0
2014,5,0,0.311905,5,3,1,5.1923,0.0,0,2,2.26494,16,9,4,8.9697,1.0,0,Away Win,2
2014,5,0,0.730481,13,3,7,8.45,1.0,0,0,0.772318,12,6,6,12.913,2.0,0,Draw,1
2014,5,1,2.35303,15,3,5,5.25,2.0,0,0,0.2487,5,0,4,13.6071,5.0,0,Home Win,0
2014,5,2,1.7567,16,6,3,8.6296,1.0,0,2,1.5275,13,4,5,6.6154,4.0,0,Draw,1
2014,5,2,3.28904,21,9,4,4.3125,1.0,0,3,1.91638,15,10,6,10.2121,1.0,0,Away Win,2
2014,5,2,1.04431,13,3,0,10.1935,2.0,0,1,0.387306,10,4,5,4.8571,2.0,0,Home Win,0
2014,5,2,1.19939,18,6,7,13.7368,1.0,0,0,0.408568,8,4,8,12.4762,1.0,0,Home Win,0
2014,5,1,0.951469,14,6,6,6.75,1.0,0,1,0.791814,7,3,3,14.5667,1.0,0,Draw,1
2014,5,0,0.982123,13,3,1,4.6364,3.0,0,1,1.3562,8,2,2,9.1579,1.0,0,Away Win,2
2014,5,1,0.769832,13,5,3,9.24,3.0,0,2,0.917162,5,2,8,5.3514,1.0,0,Away Win,2
2014,5,1,0.400404,11,4,6,5.2333,2.0,0,1,1.01274,7,4,1,6.6071,1.0,0,Draw,1
2014,5,1,0.437156,11,3,3,6.3333,0.0,0,0,0.749129,6,2,6,10.0,1.0,0,Home Win,0
2014,5,2,0.160071,5,2,3,5.8846,0.0,0,1,0.221183,6,2,2,5.0,3.0,0,Home Win,0
2014,5,4,1.4467,6,4,2,8.9048,3.0,0,2,1.31274,10,4,0,7.9565,1.0,0,Home Win,0
2014,5,1,1.16628,9,3,6,11.5556,3.0,0,1,2.1526,11,7,5,14.3333,0.0,0,Draw,1
2014,5,2,2.27563,14,3,8,11.5455,1.0,0,0,0.493296,10,2,8,5.0741,3.0,0,Home Win,0
2014,5,1,1.18586,14,4,7,7.8462,1.0,0,0,0.194979,5,2,6,11.0333,1.0,0,Home Win,0
2014,5,3,2.64247,20,9,8,7.7576,1.0,0,1,0.198224,5,1,1,15.3636,0.0,0,Home Win,0
2014,5,1,1.23747,25,7,9,9.0435,3.0,1,2,1.25903,14,6,5,8.5,1.0,0,Away Win,2
2014,5,3,1.51779,8,5,2,8.25,1.0,0,0,0.508209,9,2,5,9.5778,3.0,0,Home Win,0
2014,5,0,0.67776,11,1,4,7.5714,1.0,0,0,0.850045,9,3,4,9.6923,3.0,0,Draw,1
2014,5,0,0.934172,14,4,13,6.1795,1.0,0,0,0.73411,9,5,2,15.6875,1.0,0,Draw,1
2014,5,1,1.19574,8,3,1,8.6667,2.0,0,2,0.940781,10,2,6,10.0,5.0,0,Away Win,2
2014,5,0,0.971433,12,5,7,7.5313,0.0,0,2,1.1716,8,4,1,6.1667,0.0,0,Away Win,2
2014,5,1,1.54815,15,7,6,6.7,2.0,0,0,0.686454,14,4,7,11.4286,1.0,0,Home Win,0
2014,5,1,0.267063,13,4,7,4.0385,1.0,0,1,0.760438,4,1,2,7.7692,1.0,0,Draw,1
2014,5,4,3.058,15,7,6,13.2381,1.0,0,1,1.56623,12,2,8,5.2083,3.0,0,Home Win,0
2014,5,2,1.47552,7,3,5,6.8966,0.0,0,3,2.64971,14,5,6,6.069,1.0,0,Away Win,2
2014,5,1,2.21733,12,4,3,6.4615,1.0,0,0,1.23269,13,2,5,11.0,1.0,0,Home Win,0
2014,5,4,3.42779,10,8,7,5.5588,3.0,0,2,0.39894,6,2,4,18.1154,1.0,0,Home Win,0
2014,5,0,0.604093,6,1,3,11.4286,1.0,0,0,0.533585,5,1,8,12.3182,1.0,0,Draw,1
2014,5,2,1.12799,16,7,5,4.3333,2.0,1,1,1.32457,11,4,4,9.963,1.0,0,Home Win,0
2014,5,2,2.00165,10,3,4,6.0345,3.0,1,1,1.59013,18,3,5,5.3333,3.0,0,Home Win,0
2014,5,0,0.744491,11,1,5,6.5,2.0,0,1,0.910793,9,2,4,7.2759,2.0,0,Away Win,2
2014,5,3,2.31354,11,6,5,11.0714,2.0,1,2,1.8591,17,5,2,8.2083,1.0,0,Home Win,0
2014,5,4,1.40846,9,6,2,9.3514,0.0,0,0,0.557405,14,6,2,5.025,2.0,0,Home Win,0
2014,5,0,1.38665,11,4,5,9.1304,1.0,1,0,0.961446,13,4,5,10.5,2.0,0,Draw,1
2014,5,1,0.438885,7,3,5,9.9,0.0,0,0,1.3373,9,4,4,5.303,2.0,1,Home Win,0
2014,5,2,1.49602,16,5,6,4.5833,2.0,0,0,0.186266,5,2,2,15.8636,2.0,1,Home Win,0
2014,5,1,0.821031,14,5,4,8.8333,0.0,0,4,1.21021,11,5,3,14.9333,0.0,0,Away Win,2
2014,5,0,0.962133,12,3,4,5.5,2.0,0,0,2.56238,20,7,6,8.2,1.0,0,Draw,1
2014,5,0,0.351107,10,1,8,22.0,2.0,0,1,2.36079,11,3,3,8.55,3.0,0,Away Win,2
2014,5,1,1.84905,8,2,5,10.7391,2.0,0,0,0.464159,7,2,6,13.12,1.0,0,Home Win,0
2014,5,1,2.36677,18,1,3,11.625,0.0,0,0,0.0877751,4,2,0,14.24,2.0,0,Home Win,0
2014,5,1,2.08817,20,5,5,6.5417,1.0,0,1,0.854747,4,1,2,8.0,2.0,0,Draw,1
2014,5,0,0.746701,13,5,9,4.475,2.0,0,0,0.135585,6,0,3,9.04,1.0,0,Draw,1
2014,5,1,1.07089,16,3,8,6.7667,3.0,0,0,0.27492,5,2,0,6.0,2.0,0,Home Win,0
2014,5,0,0.763854,9,3,4,4.6923,2.0,0,0,0.11521,4,0,1,6.2381,1.0,1,Draw,1
2014,5,1,1.38049,15,7,13,7.8571,1.0,0,1,0.630169,14,3,1,17.5,1.0,0,Draw,1
2014,5,1,1.01955,11,3,4,12.9048,0.0,0,1,1.93231,16,8,5,7.9524,1.0,0,Draw,1
2014,5,1,1.48238,18,4,3,6.0435,1.0,0,2,0.872311,8,2,4,7.0741,3.0,0,Away Win,2
2014,5,2,1.07556,8,4,5,9.913,0.0,1,0,1.29348,14,3,2,7.96,2.0,0,Home Win,0
2014,5,0,0.402363,9,3,6,9.3158,2.0,0,2,1.36398,9,6,3,6.4667,0.0,1,Away Win,2
2014,5,1,0.8181,9,3,7,7.6296,2.0,0,2,0.596867,4,2,0,9.7692,1.0,0,Away Win,2
2014,5,0,1.49865,11,5,4,9.1613,3.0,0,0,0.537624,13,1,3,3.88,2.0,0,Draw,1
2014,5,1,1.69568,10,3,10,4.2,4.0,0,2,1.15876,8,4,2,8.3889,3.0,0,Away Win,2
2014,5,5,2.5562,18,9,6,10.3913,2.0,0,1,0.585605,5,1,4,8.3333,1.0,1,Home Win,0
2014,5,1,1.32825,18,5,2,14.4167,0.0,0,1,3.24668,15,8,7,5.8065,1.0,0,Draw,1
2014,5,2,2.08293,17,4,4,9.5,1.0,0,1,0.972753,12,5,3,10.6667,1.0,0,Home Win,0
2014,5,0,0.342817,11,1,6,7.0,1.0,0,2,1.72686,10,5,7,9.24,2.0,0,Away Win,2
2014,5,2,1.86018,12,4,5,5.7826,1.0,0,1,0.152992,3,2,2,11.0556,2.0,0,Home Win,0
2014,5,0,1.46084,15,3,7,7.2308,2.0,0,4,4.23067,11,10,2,14.8421,1.0,0,Away Win,2
2014,5,1,0.855599,13,2,5,4.2703,1.0,0,0,1.38223,12,3,3,15.8333,1.0,0,Home Win,0
2014,5,3,2.72882,23,11,13,6.2593,0.0,0,2,1.50451,15,4,5,14.0,1.0,0,Home Win,0
2014,5,2,1.73894,15,5,7,8.3333,2.0,0,3,2.42286,18,10,5,4.6333,1.0,0,Away Win,2
2014,5,2,0.973267,6,2,1,9.2857,2.0,0,3,2.92037,20,8,6,2.8286,3.0,0,Away Win,2
2014,5,1,1.18959,14,3,10,6.0,4.0,0,1,0.723394,5,2,2,8.8261,1.0,0,Draw,1
2014,5,2,0.714267,14,5,7,5.3333,2.0,0,3,0.777862,7,5,3,9.9,3.0,0,Away Win,2
2014,5,3,1.84578,16,7,4,7.875,0.0,0,1,0.938293,14,5,5,8.7941,1.0,0,Home Win,0
2014,5,3,4.08802,23,12,7,6.0,1.0,0,0,0.374308,9,2,2,16.2963,2.0,0,Home Win,0
2014,5,2,0.164604,6,1,3,12.6,1.0,0,1,1.03315,11,5,4,9.4444,1.0,0,Home Win,0
2014,5,3,2.02229,11,5,5,5.6,2.0,0,3,1.3397,16,7,3,2.9231,2.0,0,Draw,1
2014,5,3,1.86473,14,5,5,11.5882,3.0,0,2,0.810448,11,6,3,9.7667,3.0,1,Home Win,0
2014,5,2,1.10213,14,6,6,5.3514,3.0,0,0,0.311319,4,1,2,18.5833,2.0,1,Home Win,0
2014,5,3,2.22037,21,8,3,9.9375,1.0,0,1,0.370375,11,2,7,9.3043,1.0,0,Home Win,0
2014,5,0,0.190566,5,3,7,6.381,1.0,1,0,0.297555,11,2,6,6.0,1.0,1,Draw,1
2014,5,1,0.67697,7,2,4,16.35,0.0,0,0,1.24333,15,3,5,2.8929,3.0,0,Home Win,0
2014,5,3,2.32341,15,7,4,4.0732,3.0,0,0,0.0757702,3,1,1,12.9667,2.0,1,Home Win,0
2014,5,1,1.03529,12,3,6,8.1667,3.0,0,0,1.47031,10,3,8,3.4571,2.0,0,Home Win,0
2014,5,2,1.45073,10,5,5,7.1429,3.0,0,0,0.639666,5,1,4,7.0833,2.0,0,Home Win,0
2014,5,0,0.514465,12,4,8,4.5128,1.0,0,0,0.0415991,1,0,5,12.9,4.0,0,Draw,1
2014,5,0,0.742352,19,7,7,8.2917,3.0,0,1,1.1,10,3,4,7.7727,1.0,0,Away Win,2
2014,5,1,2.85551,20,10,7,7.4194,0.0,0,2,1.06757,14,7,4,16.9444,0.0,0,Away Win,2
2014,5,1,0.446779,13,1,2,4.6207,1.0,0,1,1.17583,9,3,1,7.125,3.0,0,Draw,1
2014,5,1,1.20718,11,4,7,5.5185,2.0,0,1,1.22899,10,3,5,11.2,0.0,0,Draw,1
2014,5,1,0.343718,7,2,2,19.2381,2.0,0,3,0.695359,12,5,4,20.3,3.0,0,Away Win,2
2014,5,2,1.30672,13,1,10,5.3478,1.0,0,1,0.743826,10,2,1,9.0968,1.0,0,Home Win,0
2014,5,3,1.3033,7,4,7,10.3684,1.0,0,0,0.321493,6,1,2,12.8621,0.0,0,Home Win,0
2014,5,0,1.24417,11,4,3,12.25,1.0,1,5,3.16703,18,9,2,9.3846,1.0,0,Away Win,2
2014,5,1,1.17192,17,5,2,11.2308,2.0,0,2,1.72464,12,8,4,9.0,0.0,0,Away Win,2
2014,5,3,2.32422,10,4,0,6.7742,2.0,0,2,0.791375,12,3,5,5.4783,0.0,1,Home Win,0
2014,5,1,0.67025,9,2,4,13.5652,2.0,0,0,0.427032,7,3,5,7.0526,1.0,0,Home Win,0
2014,5,1,1.57174,17,8,6,14.4286,2.0,0,1,1.51419,7,3,7,20.2857,2.0,0,Draw,1
2014,5,2,2.13023,14,6,4,5.2059,2.0,0,0,0.196777,7,1,5,4.5366,1.0,0,Home Win,0
2014,5,1,1.39284,9,3,5,13.4348,3.0,0,3,1.8591,16,8,5,6.9643,2.0,0,Away Win,2
2014,5,1,0.993801,12,3,6,8.88,3.0,0,1,0.476723,2,1,2,11.5,3.0,0,Draw,1
2014,5,2,1.6268,13,3,4,12.2632,0.0,0,1,0.983897,10,2,9,6.9677,4.0,0,Home Win,0
2014,5,2,1.5579,15,6,9,6.3462,2.0,1,1,1.10067,15,4,2,6.3333,1.0,0,Home Win,0
2014,5,1,1.68988,8,3,1,8.9286,3.0,0,0,0.152455,6,2,3,17.625,3.0,0,Home Win,0
2014,5,1,1.04227,7,2,6,6.7742,2.0,0,2,1.51927,12,3,2,8.5833,3.0,0,Away Win,2
2014,5,3,1.21269,12,4,6,5.8571,1.0,0,0,0.416847,13,2,2,5.1613,1.0,0,Home Win,0
2014,5,2,1.50095,10,5,2,6.32,2.0,0,0,0.550295,7,1,5,4.8966,3.0,0,Home Win,0
2014,5,1,0.549958,13,5,10,5.8929,0.0,0,2,0.719069,7,3,1,6.5938,3.0,0,Away Win,2
2014,5,1,1.37071,10,2,3,5.9429,1.0,0,0,1.13378,8,4,5,5.95,3.0,0,Home Win,0
2014,5,3,0.7915,13,6,8,5.1923,1.0,0,1,1.13393,11,5,3,26.8571,1.0,0,Home Win,0
2014,5,2,2.3767,18,11,9,16.0625,2.0,0,0,0.580936,9,2,3,14.0,3.0,1,Home Win,0
2014,5,1,0.805668,11,3,5,8.64,2.0,0,1,0.589202,6,2,1,12.0833,2.0,1,Draw,1
2014,5,2,2.92373,22,10,6,6.0,1.0,0,0,0.757773,17,2,8,5.359,0.0,1,Home Win,0
2014,5,2,2.04314,14,4,3,17.4815,4.0,0,3,2.21682,14,9,3,6.8421,1.0,0,Away Win,2
2014,5,0,0.449604,9,2,4,6.1,4.0,0,0,0.345597,7,1,6,5.04,1.0,0,Draw,1
2014,5,0,0.86725,16,2,7,9.9231,2.0,0,1,1.07493,13,5,4,9.381,3.0,0,Away Win,2
2014,5,1,2.00993,24,12,8,7.75,1.0,0,0,0.382214,5,1,1,11.6071,0.0,1,Home Win,0
2014,5,0,1.3235,13,3,6,10.0,2.0,0,0,0.813343,10,2,5,7.9259,2.0,0,Draw,1
2014,5,2,3.04804,25,9,7,5.88,0.0,0,2,0.456666,13,3,4,7.9487,2.0,0,Draw,1
2014,5,0,1.0617,11,7,7,11.0952,2.0,0,0,1.47305,13,5,3,5.6552,3.0,0,Draw,1
2014,5,2,1.56753,19,7,2,11.65,1.0,0,0,0.796531,7,1,5,4.3333,2.0,0,Home Win,0
2014,5,3,3.01008,26,12,4,5.6087,0.0,0,1,0.961541,12,4,7,7.9,1.0,0,Home Win,0
2014,5,2,0.769279,15,4,5,4.3571,1.0,0,0,0.749454,13,4,8,14.625,2.0,0,Home Win,0
2014,5,1,1.77541,10,2,4,5.7632,1.0,0,0,0.367226,10,5,5,9.9512,2.0,0,Home Win,0
2014,5,2,1.08343,11,4,6,9.0741,0.0,0,1,1.13102,7,3,3,15.0,1.0,0,Home Win,0
2014,5,2,1.17457,6,3,5,18.3333,1.0,0,0,0.764203,8,3,7,13.0476,2.0,0,Home Win,0
2014,5,2,2.68262,14,4,1,6.7778,1.0,0,3,2.60595,16,9,4,17.125,0.0,0,Away Win,2
2014,5,2,1.52799,16,4,5,6.15,1.0,0,0,0.819458,6,1,1,7.1724,3.0,0,Home Win,0
2014,5,1,2.34821,21,8,7,6.68,2.0,0,1,0.618174,8,4,6,8.5417,0.0,0,Draw,1
2014,5,1,1.24129,13,2,5,11.8571,0.0,0,0,0.281944,7,1,2,13.0,1.0,0,Home Win,0
2014,5,2,0.910803,9,3,4,6.2424,1.0,0,0,0.583473,12,5,5,11.2857,1.0,0,Home Win,0
2014,5,3,2.12258,11,5,4,6.7632,1.0,0,0,1.85216,12,3,6,6.6667,0.0,0,Home Win,0
2014,5,1,0.457543,7,0,6,13.1923,2.0,0,0,0.617068,12,3,4,7.5,2.0,0,Home Win,0
2014,5,1,0.496129,11,4,4,8.0,0.0,0,2,2.73148,22,9,9,4.4167,1.0,0,Away Win,2
2014,5,1,1.13335,10,2,4,5.36,1.0,0,1,0.520645,7,2,3,6.4615,3.0,0,Draw,1
2014,5,0,0.307003,6,3,3,5.1379,1.0,0,2,0.692365,14,6,3,11.1852,2.0,0,Away Win,2
2014,5,2,2.26447,16,7,6,8.6364,1.0,0,0,0.191323,8,1,7,18.7143,1.0,0,Home Win,0
2014,5,3,1.25083,8,2,2,5.8077,1.0,0,0,0.334334,8,3,3,9.55,5.0,0,Home Win,0
2014,5,0,1.29929,21,1,10,4.8148,1.0,0,1,0.821394,7,1,2,10.8947,1.0,0,Away Win,2
2014,5,0,0.909291,16,4,6,7.15,1.0,0,1,0.720094,12,3,5,11.8696,3.0,0,Away Win,2
2014,5,3,2.33678,13,6,3,11.5,1.0,0,0,0.368029,12,2,1,6.2051,4.0,0,Home Win,0
2014,5,1,1.23205,8,2,2,7.8519,3.0,0,1,1.28795,15,5,7,9.4146,2.0,0,Draw,1
2014,5,1,0.887858,12,4,3,23.2105,0.0,2,3,2.32314,15,8,0,5.6296,0.0,1,Away Win,2
2014,5,0,0.179886,4,1,3,19.8667,2.0,0,1,1.46047,15,6,7,11.0,2.0,0,Away Win,2
2014,5,1,1.90889,30,10,9,6.5556,3.0,0,2,1.14653,6,4,1,15.9048,2.0,1,Away Win,2
2014,5,0,0.343316,13,3,6,17.1111,2.0,0,0,0.676471,14,3,7,9.25,0.0,0,Draw,1
2014,5,2,2.44399,9,4,0,7.069,3.0,0,0,1.3361,11,3,4,7.6452,3.0,0,Home Win,0
2014,5,1,0.36688,10,4,3,21.4375,2.0,0,1,1.07275,13,6,2,6.7727,4.0,0,Draw,1
2014,5,0,0.814842,20,5,7,3.15,3.0,0,1,0.15312,3,1,1,10.5,3.0,0,Away Win,2
2014,5,2,1.15665,15,5,9,6.2813,2.0,0,0,0.242119,7,1,3,5.5882,3.0,0,Home Win,0
2014,5,1,1.38912,12,1,5,14.7692,2.0,0,1,0.602559,11,4,6,8.3793,3.0,0,Draw,1
2014,5,5,2.47834,20,11,7,5.8462,6.0,0,1,1.23199,10,2,6,10.3333,3.0,0,Home Win,0
2014,5,0,0.868458,16,4,15,4.2,1.0,0,2,1.22242,7,2,2,50.0,2.0,0,Away Win,2
2014,5,3,2.26339,11,5,5,7.0588,2.0,1,0,0.451124,8,1,4,19.7727,0.0,1,Home Win,0
2014,5,1,0.716961,12,1,5,5.7241,3.0,0,0,0.705528,13,5,6,9.7857,0.0,0,Home Win,0
2014,5,1,0.983475,9,5,4,9.2857,3.0,0,3,2.2563,17,8,5,7.25,2.0,0,Away Win,2
2014,5,2,2.02942,14,5,3,11.0385,1.0,0,1,1.13471,8,2,4,12.35,3.0,0,Home Win,0
2014,5,0,0.258938,9,0,2,9.0476,2.0,0,2,2.12732,14,7,4,10.381,2.0,0,Away Win,2
2014,5,2,2.16826,12,6,5,8.7083,1.0,0,0,0.387805,7,3,4,13.4545,2.0,0,Home Win,0
2014,5,1,1.08553,12,5,12,9.6364,1.0,0,0,0.3693,10,1,1,13.04,2.0,0,Home Win,0
2014,5,2,2.11355,15,6,5,8.0286,0.0,0,7,3.68156,13,10,7,4.9412,1.0,0,Away Win,2
2014,5,1,0.780099,10,5,3,6.9063,1.0,0,0,1.13587,11,4,3,6.32,3.0,0,Home Win,0
2014,5,1,1.32581,12,5,6,8.8788,1.0,0,1,0.861794,7,1,5,13.2222,2.0,0,Draw,1
2014,5,2,1.78993,11,3,6,11.9444,1.0,0,1,0.920354,16,9,7,13.3478,1.0,0,Home Win,0
2014,5,1,0.28586,9,2,1,25.5,1.0,0,1,1.49453,14,8,2,7.9333,1.0,0,Draw,1
2014,5,1,1.40877,12,3,6,9.7222,0.0,0,0,0.54212,5,1,2,26.7273,2.0,0,Home Win,0
2014,5,2,0.295284,6,3,3,13.8636,0.0,0,0,1.54377,15,1,5,5.2857,0.0,0,Home Win,0
2014,5,1,1.48717,12,1,3,8.8125,1.0,0,0,0.37765,13,4,3,7.2143,2.0,0,Home Win,0
2014,5,1,0.787783,10,2,8,7.5455,1.0,0,0,0.509534,13,2,3,6.5526,2.0,0,Home Win,0
2014,5,1,0.689205,9,4,8,9.2941,1.0,0,1,0.302581,7,2,2,11.2308,2.0,0,Draw,1
2014,5,2,1.46293,13,6,5,6.7308,2.0,0,0,0.987708,11,3,5,13.9048,1.0,0,Home Win,0
2014,5,2,1.68757,11,6,2,11.7083,0.0,0,1,0.289488,7,2,4,5.5833,2.0,0,Home Win,0
2014,5,1,0.912171,11,1,5,10.0,1.0,0,3,1.12115,6,3,3,8.1739,0.0,0,Away Win,2
2014,5,2,0.539429,7,2,4,23.2222,0.0,0,1,0.365111,8,2,7,10.7308,2.0,0,Home Win,0
2014,5,3,1.4979,16,7,7,7.0385,1.0,0,0,1.37752,13,5,5,11.0,1.0,0,Home Win,0
2014,5,0,0.236254,6,0,3,13.9167,1.0,0,1,0.826222,7,3,1,21.1,2.0,0,Away Win,2
2014,5,3,1.75071,19,9,4,14.2778,1.0,0,1,0.445841,10,1,4,6.9048,2.0,0,Home Win,0
2014,5,2,1.9684,19,4,10,11.3667,0.0,0,1,0.0802175,4,2,4,8.1111,1.0,0,Home Win,0
2014,5,3,3.64275,23,7,4,5.2143,2.0,0,3,0.664786,12,5,6,15.4211,3.0,0,Draw,1
2014,5,0,0.816887,13,2,7,6.7273,0.0,0,0,0.349895,6,0,4,9.75,0.0,0,Draw,1
2014,5,0,0.880858,10,4,5,11.3043,2.0,0,1,1.03801,15,3,7,9.5909,2.0,0,Away Win,2
2014,5,1,1.44179,19,7,6,12.8421,3.0,0,0,0.0833917,3,2,2,11.0,2.0,0,Home Win,0
2014,5,1,1.71499,12,3,4,6.6571,3.0,0,1,0.538028,9,5,2,17.1538,1.0,0,Draw,1
2014,5,0,0.383029,10,3,3,9.3235,1.0,0,5,3.62665,21,11,6,8.125,1.0,0,Away Win,2
2014,5,0,0.642791,15,4,6,8.5263,3.0,0,3,0.479571,9,5,7,10.2,3.0,0,Away Win,2
2014,5,2,0.96835,14,3,4,10.6071,0.0,0,1,0.860457,9,4,2,8.3929,0.0,0,Home Win,0
2014,5,0,0.74288,13,2,7,5.875,1.0,0,1,0.329026,9,4,8,10.25,2.0,1,Away Win,2
2014,5,4,2.15635,14,9,5,28.3333,0.0,0,0,0.450279,13,2,7,17.2,1.0,0,Home Win,0
2014,5,0,0.381379,9,3,4,12.381,1.0,0,1,0.821933,12,7,4,5.75,1.0,0,Away Win,2
2014,5,1,0.86697,9,3,11,8.25,1.0,0,0,0.220894,6,3,2,6.9706,1.0,0,Home Win,0
2014,5,0,0.328904,4,0,4,8.8696,2.0,1,0,1.6641,15,3,6,5.931,2.0,0,Draw,1
2014,5,0,0.943355,14,3,2,20.9231,0.0,0,2,2.14743,16,8,3,8.1739,0.0,0,Away Win,2
2014,5,1,2.12624,19,6,11,7.4,1.0,0,1,1.03818,3,2,1,10.4167,3.0,0,Draw,1
2014,5,0,0.582276,8,1,5,4.697,2.0,0,1,0.392234,8,2,2,7.9375,4.0,0,Away Win,2
2014,5,1,0.661996,11,5,4,9.2286,0.0,0,1,0.504659,8,2,5,6.8824,3.0,0,Draw,1
2014,5,2,0.958,9,5,5,7.4583,0.0,0,1,0.440641,11,6,4,5.6207,3.0,1,Home Win,0
2014,5,3,1.57463,17,9,4,8.9,0.0,0,0,0.119753,4,1,3,16.0833,1.0,2,Home Win,0
2014,5,1,0.668915,19,6,5,6.4,3.0,0,0,0.464606,8,2,1,12.5,3.0,0,Home Win,0
2014,5,0,0.791519,16,4,9,9.2941,1.0,1,2,0.834365,5,3,3,11.1538,2.0,0,Away Win,2
2014,5,2,1.73816,14,4,3,18.4737,1.0,0,1,2.28274,12,6,3,12.4091,1.0,0,Home Win,0
2014,5,0,0.518773,9,2,1,12.3182,1.0,0,0,0.375391,13,2,0,10.4167,0.0,0,Draw,1
2014,5,1,1.90868,14,4,5,17.0952,2.0,0,1,0.693743,10,5,3,14.5625,1.0,0,Draw,1
2014,5,2,1.12373,15,8,6,7.6552,1.0,0,1,0.348437,11,5,1,10.7941,2.0,0,Home Win,0
2014,5,2,1.36787,9,3,1,31.6,0.0,0,2,2.65538,16,6,5,7.5,2.0,0,Draw,1
2014,5,3,1.39689,14,4,1,5.7429,3.0,0,3,1.31751,9,4,4,4.7826,1.0,0,Draw,1
2014,5,0,0.813737,9,2,5,7.0,1.0,0,3,1.23869,12,7,6,21.2143,1.0,0,Away Win,2
2014,5,0,0.63294,6,3,4,16.0625,3.0,0,2,1.49532,7,2,5,10.75,4.0,0,Away Win,2
2014,5,0,1.54468,14,3,8,3.6087,0.0,0,0,0.0571371,2,1,3,21.0556,1.0,0,Draw,1
2014,5,0,1.01756,15,3,5,11.2308,2.0,0,1,0.750184,7,3,1,10.2,2.0,0,Away Win,2
2014,5,1,1.025,14,4,3,11.84,0.0,0,0,0.167128,5,2,2,21.8571,1.0,0,Home Win,0
2014,5,3,2.21481,22,8,12,12.4444,0.0,0,2,1.56361,11,6,7,8.6,1.0,0,Home Win,0
2014,5,2,2.064,19,6,5,7.7419,2.0,0,0,0.375946,7,1,1,18.3125,1.0,0,Home Win,0
2014,5,1,2.09333,13,7,10,6.8667,3.0,1,2,1.6254,9,3,4,21.7647,2.0,0,Away Win,2
2014,5,0,0.273799,10,3,3,10.6486,2.0,1,1,0.945961,8,1,9,9.0476,2.0,0,Away Win,2
2014,5,2,1.50758,15,5,4,6.7407,1.0,0,0,0.164539,5,1,4,24.381,3.0,0,Home Win,0
2014,5,6,1.81988,9,7,6,14.5,0.0,0,2,1.06246,9,3,1,15.0417,1.0,0,Home Win,0
2014,5,2,1.43956,10,6,6,8.1304,3.0,0,1,1.28964,18,3,4,10.75,1.0,0,Home Win,0
2014,5,0,0.908766,14,3,7,9.2069,4.0,0,1,1.00409,10,4,2,15.0,1.0,0,Away Win,2
2014,5,0,1.03357,14,6,8,10.625,1.0,0,0,0.326763,10,2,2,17.3333,1.0,0,Draw,1
2014,5,1,1.21778,12,5,4,10.7692,2.0,0,1,0.623268,6,2,7,9.2083,1.0,0,Draw,1
2014,5,0,1.10223,22,5,6,5.1852,1.0,0,2,1.55953,10,3,1,7.0833,0.0,0,Away Win,2
2014,5,3,2.42892,19,9,6,13.0,2.0,0,1,0.285467,7,2,3,12.1053,2.0,0,Home Win,0
2014,5,4,3.76512,10,5,3,13.95,1.0,0,1,0.575148,9,3,4,7.0,3.0,0,Home Win,0
2014,5,0,0.632883,9,2,5,21.0,3.0,0,0,0.388902,7,3,0,9.0833,2.0,1,Draw,1
2014,5,0,0.452052,4,2,4,7.8485,1.0,0,1,0.708459,16,3,6,8.0,3.0,0,Away Win,2
2014,5,2,0.782421,13,6,2,6.0588,0.0,0,0,0.335937,7,1,3,29.6429,1.0,0,Home Win,0
2014,5,1,0.830133,11,2,7,9.125,2.0,0,3,1.39097,12,7,1,7.0345,4.0,1,Away Win,2
2014,5,0,1.8721,12,4,5,7.9524,1.0,0,2,1.80265,16,6,3,17.9333,0.0,0,Away Win,2
2014,5,2,1.59321,13,5,5,7.3333,0.0,0,0,1.5187,12,3,5,9.24,2.0,0,Home Win,0
2014,5,1,1.14876,8,3,3,7.8148,3.0,0,0,0.714399,14,3,0,5.6154,1.0,0,Home Win,0
2014,5,0,0.907071,16,4,5,4.25,1.0,0,1,1.83188,8,3,1,12.2727,3.0,0,Away Win,2
2014,5,0,1.16489,11,2,8,8.88,2.0,0,0,0.364811,5,0,3,10.1538,3.0,0,Draw,1
2014,5,0,2.58841,16,5,5,12.9355,0.0,0,1,0.835173,6,2,9,8.8214,2.0,0,Away Win,2
2014,5,4,4.68663,20,8,11,6.8929,1.0,0,0,0.699986,8,3,4,8.1667,2.0,0,Home Win,0
2014,5,1,1.74105,13,2,7,8.6154,1.0,0,1,0.209403,4,2,2,15.6667,3.0,0,Draw,1
2014,5,1,1.27017,14,5,7,5.4,2.0,0,0,0.127161,7,0,4,9.0,0.0,0,Home Win,0
2014,5,1,0.851431,10,5,2,4.92,1.0,0,0,0.710663,7,2,7,9.8571,2.0,1,Home Win,0
2014,5,0,0.419379,13,4,6,19.6111,0.0,1,1,1.17366,10,1,1,4.2963,2.0,0,Away Win,2
2014,5,4,2.67759,17,6,4,12.3333,2.0,0,2,1.28585,10,2,7,12.1364,2.0,1,Home Win,0
2014,5,4,2.04974,13,7,7,11.4286,2.0,0,0,0.607468,8,3,8,12.6522,1.0,0,Home Win,0
2014,5,1,1.35871,23,4,4,5.4643,0.0,0,1,1.03398,8,4,0,22.7143,3.0,0,Draw,1
2014,5,2,1.50793,7,3,7,11.963,1.0,0,1,2.14951,17,5,4,8.1818,0.0,0,Home Win,0
2014,5,5,1.60888,13,8,4,10.35,0.0,0,0,0.384577,8,2,7,16.9667,1.0,0,Home Win,0
2017,1,4,2.54329,27,10,9,5.4444,0.0,0,3,1.46495,6,3,4,13.5455,1.0,0,Home Win,0
2017,1,3,2.17647,9,4,3,11.2609,0.0,0,3,2.61549,14,5,3,14.7143,3.0,0,Draw,1
2017,1,1,1.18399,16,6,8,17.3889,3.0,0,0,0.378659,9,2,2,12.0,1.0,0,Home Win,0
2017,1,0,2.21748,29,2,13,8.52,2.0,0,0,0.406196,4,0,0,12.8824,1.0,0,Draw,1
2017,1,2,1.35651,19,6,8,9.9444,3.0,2,3,0.564237,10,5,5,23.75,3.0,0,Away Win,2
2017,1,0,0.988934,14,4,12,6.5,1.0,0,3,1.73657,9,6,9,6.9063,3.0,0,Away Win,2
2017,1,1,0.720574,9,4,6,6.1905,1.0,0,0,0.27644,9,1,7,14.45,1.0,0,Home Win,0
2017,1,0,0.276343,6,2,3,67.3333,0.0,0,2,1.86751,14,4,10,5.4444,2.0,0,Away Win,2
2017,1,0,0.634633,6,2,5,29.5,1.0,1,2,2.34418,18,6,7,7.125,2.0,0,Away Win,2
2017,1,4,2.63853,21,5,11,9.36,2.0,0,0,0.62654,9,1,1,13.35,2.0,0,Home Win,0
2017,1,0,0.304164,5,0,3,17.9474,1.0,0,4,3.41021,17,8,5,8.3462,1.0,0,Away Win,2
2017,1,3,2.1424,14,5,7,4.8519,1.0,0,2,1.53269,16,8,2,23.4615,1.0,1,Home Win,0
2017,1,0,0.766694,6,2,8,10.3125,1.0,0,2,2.17717,19,7,5,9.2,3.0,0,Away Win,2
2017,1,0,1.37242,20,0,5,5.5,1.0,0,1,0.653058,8,1,5,14.0,0.0,1,Away Win,2
2017,1,2,1.88355,14,4,6,20.8235,1.0,0,0,0.123075,5,2,2,19.2143,0.0,0,Home Win,0
2017,1,1,2.84978,23,13,4,4.0968,1.0,0,0,0.727364,4,1,2,21.1053,3.0,0,Home Win,0
2017,1,1,0.692644,11,4,2,24.0667,0.0,0,0,1.40658,18,6,9,5.1053,0.0,0,Home Win,0
2017,1,1,0.267008,7,3,7,7.7857,3.0,0,0,0.973322,13,5,3,13.8421,4.0,0,Home Win,0
2017,1,1,0.72428,18,6,14,8.3889,3.0,0,2,0.834423,9,2,3,14.1304,3.0,0,Away Win,2
2017,1,1,1.14216,19,6,7,11.4615,1.0,1,1,0.59971,7,2,1,21.4615,2.0,1,Draw,1
2017,1,1,0.415402,9,3,2,15.0476,5.0,0,2,1.76626,19,8,5,4.1379,4.0,1,Away Win,2
2017,1,2,1.16991,18,7,6,14.8421,2.0,0,0,0.326655,7,0,3,17.5,2.0,0,Home Win,0
2017,1,0,0.818951,16,3,1,15.3158,4.0,0,2,0.966783,7,3,1,24.0,1.0,0,Away Win,2
2017,1,3,2.76107,17,8,7,11.3462,1.0,0,0,0.558484,8,3,5,5.7059,3.0,0,Home Win,0
2017,1,0,0.281459,8,0,3,32.25,0.0,1,0,0.952357,16,2,11,7.0909,1.0,0,Draw,1
2017,1,0,1.51605,16,6,5,12.6154,0.0,0,0,0.795911,6,3,4,11.4615,1.0,0,Draw,1
2017,1,2,2.73725,22,7,9,8.1667,1.0,0,0,0.670573,11,4,3,17.1053,2.0,0,Home Win,0
2017,1,1,0.875132,10,2,10,12.0,2.0,0,1,0.980905,16,2,4,8.8947,2.0,0,Draw,1
2017,1,1,2.3497,28,5,10,6.9048,0.0,0,1,0.670943,13,3,7,17.7222,0.0,0,Draw,1
2017,1,4,3.45998,18,10,4,17.3158,2.0,0,0,0.484816,8,0,3,10.1852,4.0,0,Home Win,0
2017,1,5,3.14589,13,10,8,9.2609,2.0,0,0,0.665186,7,3,3,48.5455,2.0,1,Home Win,0
2017,1,0,0.331259,9,1,7,10.1053,0.0,0,2,0.57794,12,3,4,9.5714,0.0,0,Away Win,2
2017,1,1,1.34903,8,2,2,11.8333,1.0,0,2,1.03943,16,6,9,10.9333,0.0,0,Away Win,2
2017,1,3,2.48732,17,9,10,7.7333,0.0,0,0,0.577291,7,2,3,16.1053,1.0,0,Home Win,0
2017,1,3,0.396771,12,6,2,13.25,2.0,0,1,0.866679,12,3,6,30.5556,0.0,0,Home Win,0
2017,1,0,1.15144,12,1,7,10.5217,3.0,0,3,2.17535,15,6,3,10.5769,1.0,0,Away Win,2
2017,1,2,1.49928,10,5,5,15.5,0.0,0,2,1.96635,18,8,11,11.1176,0.0,0,Draw,1
2017,1,1,0.429329,4,2,3,8.0385,1.0,0,0,1.72996,23,4,13,4.6957,1.0,0,Home Win,0
2017,1,0,1.48574,10,4,7,8.0,2.0,0,1,1.03177,16,8,5,9.4688,3.0,0,Away Win,2
2017,1,2,1.94969,19,3,10,9.1111,1.0,0,0,0.339338,10,2,3,7.6316,2.0,0,Home Win,0
2017,1,2,1.39529,15,3,6,12.0556,0.0,0,1,0.874276,9,2,4,21.6667,0.0,0,Home Win,0
2017,1,0,2.03243,14,3,5,12.6818,5.0,0,1,1.11428,13,4,5,9.4,1.0,0,Away Win,2
2017,1,1,0.700349,15,3,8,14.0769,1.0,0,1,1.24181,10,1,4,15.6,1.0,0,Draw,1
2017,1,1,2.18727,35,9,12,13.1818,1.0,0,1,0.334402,5,4,2,20.3889,2.0,0,Draw,1
2017,1,2,2.6598,14,3,7,10.4,3.0,0,1,0.675783,13,4,5,7.2105,1.0,0,Home Win,0
2017,1,0,0.803933,7,1,3,29.5385,2.0,0,6,3.99349,28,10,11,8.1739,0.0,0,Away Win,2
2017,1,0,0.781891,6,1,2,26.9167,2.0,0,0,0.266344,9,1,3,8.4444,2.0,0,Draw,1
2017,1,0,1.17894,26,8,11,4.8077,1.0,0,0,0.154074,4,0,1,24.3571,3.0,0,Draw,1
2017,1,0,0.762129,13,4,5,16.7059,1.0,1,0,1.42208,11,2,1,10.0323,3.0,0,Draw,1
2017,1,4,3.28722,16,7,4,10.5161,1.0,0,0,1.06298,7,3,1,9.4783,1.0,0,Home Win,0
2017,1,2,0.67667,10,4,4,6.2571,4.0,0,3,1.45327,15,5,3,6.8462,2.0,1,Away Win,2
2017,1,0,0.600959,13,2,5,21.0588,2.0,0,4,1.59815,7,4,0,10.5,2.0,0,Away Win,2
2017,1,1,1.50811,10,3,5,11.7727,1.0,0,2,1.25817,8,4,4,9.5769,3.0,0,Away Win,2
2017,1,0,0.802062,14,4,8,8.95,1.0,0,1,1.07247,9,4,4,15.2632,4.0,0,Away Win,2
2017,1,5,5.72543,25,9,8,7.087,3.0,0,0,0.611018,5,0,2,29.0,1.0,0,Home Win,0
2017,1,0,0.369454,4,2,3,13.5294,3.0,0,0,0.312561,9,2,4,12.3,2.0,0,Draw,1
2017,1,2,2.21092,12,3,4,9.0435,3.0,0,1,0.384728,8,4,6,13.125,1.0,0,Home Win,0
2017,1,2,2.88766,12,7,3,11.9474,3.0,0,3,1.92902,23,6,6,8.4211,3.0,0,Away Win,2
2017,1,1,0.507341,7,3,2,15.7857,2.0,0,0,1.37001,17,5,8,14.625,1.0,0,Home Win,0
2017,1,2,2.39316,16,6,7,5.48,1.0,0,0,0.766652,7,3,4,11.25,4.0,0,Home Win,0
2017,1,0,0.196648,6,1,4,12.4643,1.0,0,4,1.56089,14,7,7,13.3333,1.0,0,Away Win,2
2017,1,4,3.47508,18,7,6,10.5263,0.0,0,0,0.244321,6,1,5,14.4615,0.0,0,Home Win,0
2017,1,2,2.68136,17,6,5,15.5833,1.0,0,1,1.42781,21,3,6,5.8947,2.0,0,Home Win,0
2017,1,2,1.93896,9,4,7,16.1,3.0,0,2,1.62462,15,3,6,8.25,0.0,0,Draw,1
2017,1,1,0.692185,9,4,2,11.4444,3.0,0,0,0.178568,6,1,1,8.3333,2.0,0,Home Win,0
2017,1,0,1.39901,19,4,7,11.0,1.0,0,0,0.594808,8,1,5,11.0,0.0,0,Draw,1
2017,1,0,0.911532,4,2,4,36.7273,0.0,0,1,1.23068,17,6,8,7.9,2.0,0,Away Win,2
2017,1,2,2.47818,25,11,6,8.4091,0.0,0,0,0.386343,9,1,5,28.1667,2.0,0,Home Win,0
2017,1,0,0.93376,25,4,9,8.7143,2.0,0,1,0.383977,5,2,3,16.1333,2.0,0,Away Win,2
2017,1,1,0.280437,8,5,1,21.375,1.0,0,1,1.64475,17,2,5,7.0476,1.0,0,Draw,1
2017,1,1,1.05884,12,3,7,14.9412,4.0,0,1,1.45518,13,6,1,8.8261,1.0,0,Draw,1
2017,1,1,0.70219,20,5,7,6.6667,2.0,0,1,0.835192,8,6,4,13.1765,2.0,1,Draw,1
2017,1,2,1.51873,14,5,5,9.3529,2.0,0,1,0.651919,15,5,8,8.2,1.0,0,Home Win,0
2017,1,1,0.964277,11,3,4,7.28,2.0,0,1,0.155254,5,1,1,10.8333,2.0,0,Draw,1
2017,1,0,1.92702,19,5,7,8.7273,0.0,0,0,0.230358,6,1,3,13.44,2.0,0,Draw,1
2017,1,7,4.45388,20,11,5,5.2083,0.0,0,2,0.681236,5,1,0,73.25,1.0,0,Home Win,0
2017,1,2,1.71445,12,2,3,7.1154,1.0,0,2,0.950997,19,5,8,17.95,2.0,0,Draw,1
2017,1,2,1.65446,7,3,5,10.3235,1.0,0,0,0.596086,7,2,3,11.0,5.0,0,Home Win,0
2017,1,1,1.95684,18,6,9,4.3333,1.0,0,0,0.17504,5,1,5,43.4444,3.0,0,Home Win,0
2017,1,2,1.63418,11,2,2,16.2632,1.0,0,1,0.988468,9,6,5,11.4783,0.0,0,Home Win,0
2017,1,4,1.78315,14,8,6,9.4091,2.0,0,2,1.79693,16,5,6,8.6452,3.0,0,Home Win,0
2017,1,2,0.810989,8,3,0,18.2105,1.0,1,5,3.86029,30,14,7,8.625,1.0,0,Away Win,2
2017,1,2,1.26744,5,3,4,20.9474,4.0,0,1,0.807135,9,3,7,3.7619,2.0,0,Home Win,0
2017,1,3,3.71812,15,10,4,5.6667,2.0,0,0,0.14859,6,0,5,20.92,3.0,0,Home Win,0
2017,1,1,0.270313,7,3,3,7.2,4.0,0,0,0.566845,10,0,5,10.3846,2.0,0,Home Win,0
2017,1,1,2.02288,20,6,8,4.8846,0.0,0,0,0.504128,7,2,3,16.6667,1.0,0,Home Win,0
2017,1,1,1.60117,10,2,8,7.7931,0.0,0,2,1.11834,7,3,3,7.5833,1.0,0,Away Win,2
2017,1,1,0.559618,19,4,7,13.25,0.0,0,2,1.80814,11,6,6,13.4444,1.0,0,Away Win,2
2017,1,4,2.62043,14,6,3,32.3333,0.0,0,1,0.667771,12,7,5,9.3333,1.0,0,Home Win,0
2017,1,0,0.569111,16,2,10,12.3125,1.0,0,3,1.98345,7,5,3,19.3529,0.0,0,Away Win,2
2017,1,2,2.37777,17,5,5,7.4545,0.0,0,1,0.8355,4,2,2,22.4118,0.0,0,Home Win,0
2017,1,0,0.455055,7,1,5,22.5,2.0,0,1,1.78362,18,5,5,22.0,0.0,0,Away Win,2
2017,1,1,1.50533,7,2,2,16.5882,3.0,0,1,0.54364,6,1,7,11.16,1.0,0,Draw,1
2017,1,1,1.0271,12,5,5,14.85,3.0,0,0,0.516369,12,5,3,11.85,0.0,0,Home Win,0
2017,1,2,2.91672,19,9,11,5.6333,1.0,0,2,0.742845,6,2,2,10.6667,2.0,0,Draw,1
2017,1,2,1.36768,9,3,3,19.4545,0.0,0,0,0.575236,16,2,10,4.8788,2.0,0,Home Win,0
2017,1,2,1.11852,6,4,1,21.6957,2.0,0,3,2.77085,15,5,2,4.2759,3.0,0,Away Win,2
2017,1,0,1.13448,13,0,8,6.3333,4.0,0,1,0.778883,6,2,1,32.7778,4.0,0,Away Win,2
2017,1,3,2.14257,16,8,9,6.4286,0.0,0,0,0.0554802,1,0,2,31.6,1.0,0,Home Win,0
2017,1,1,0.943496,11,3,6,10.4348,1.0,0,0,1.08708,13,4,3,7.2917,0.0,0,Home Win,0
2017,1,1,1.8417,18,8,4,5.8276,1.0,0,0,0.773586,10,2,7,6.4242,3.0,0,Home Win,0
2017,1,3,2.5796,9,5,2,7.2759,0.0,0,2,2.05534,11,3,5,9.2308,2.0,0,Home Win,0
2017,1,1,0.260436,7,3,3,12.3,1.0,1,0,0.382005,9,3,5,13.3333,4.0,0,Home Win,0
2017,1,0,0.676091,16,4,11,8.9048,2.0,0,1,1.28703,16,6,9,9.9474,2.0,0,Away Win,2
2017,1,0,0.789259,13,3,9,7.85,0.0,0,1,0.137743,5,1,1,37.625,0.0,0,Away Win,2
2017,1,2,1.22988,11,7,4,11.9524,0.0,0,2,1.39563,14,4,10,12.3571,0.0,0,Draw,1
2017,1,0,1.24557,10,2,8,9.95,2.0,0,1,0.874927,5,2,7,18.9286,1.0,0,Away Win,2
2017,1,1,0.991813,12,2,10,5.4783,0.0,0,0,1.10222,11,3,9,19.1765,2.0,0,Home Win,0
2017,1,1,1.13045,6,1,2,16.2778,3.0,0,4,2.8773,15,7,3,8.5862,0.0,0,Away Win,2
2017,1,3,2.15028,9,5,5,8.2333,1.0,0,1,0.340407,6,3,5,11.7188,6.0,0,Home Win,0
2017,1,0,0.590655,7,2,3,15.9583,2.0,0,4,1.71709,11,7,4,9.125,3.0,0,Away Win,2
2017,1,2,1.24547,17,7,3,9.52,1.0,0,0,1.43369,10,6,1,15.2105,4.0,0,Home Win,0
2017,1,3,2.06277,21,8,10,8.65,1.0,0,0,0.563886,5,0,2,11.25,1.0,0,Home Win,0
2017,1,4,2.57424,16,7,11,9.6,1.0,0,1,1.08708,12,5,4,21.625,1.0,0,Home Win,0
2017,1,2,1.5427,16,7,8,11.913,1.0,0,0,0.431402,13,1,6,8.8125,1.0,0,Home Win,0
2017,1,2,2.02983,16,7,9,5.7222,2.0,0,2,1.68728,8,5,4,8.1176,3.0,0,Draw,1
2017,1,0,0.0970457,2,0,1,27.0556,1.0,0,2,2.40056,12,4,7,5.88,1.0,0,Away Win,2
2017,1,2,2.24246,14,5,7,9.5862,4.0,0,0,0.591192,14,4,4,8.8636,1.0,0,Home Win,0
2017,1,4,1.38782,11,5,8,19.3571,3.0,1,0,1.1633,20,3,11,6.1765,2.0,0,Home Win,0
2017,1,2,0.490058,9,3,6,7.9286,1.0,0,2,1.20507,13,6,7,24.3636,0.0,0,Draw,1
2017,1,1,1.91526,25,5,8,6.3913,1.0,0,1,0.71711,5,2,0,17.1667,4.0,0,Draw,1
2017,1,0,0.879594,10,1,4,6.2619,4.0,0,0,0.449075,9,5,5,15.8571,2.0,0,Draw,1
2017,1,4,1.97034,17,5,7,11.8571,0.0,0,1,0.147724,5,2,2,18.2381,0.0,0,Home Win,0
2017,1,0,0.86002,12,2,6,9.48,1.0,0,3,2.05844,12,4,3,9.0714,2.0,0,Away Win,2
2017,1,1,1.50148,15,4,5,11.6667,0.0,0,0,0.565072,8,2,0,14.8947,2.0,0,Home Win,0
2017,1,1,1.50368,16,4,7,11.6923,0.0,0,1,0.739983,11,3,8,22.5,0.0,0,Draw,1
2017,1,1,0.537698,4,0,3,24.0,2.0,1,2,2.66178,14,5,7,2.5417,3.0,0,Away Win,2
2017,1,2,1.48339,10,5,5,8.7826,1.0,0,1,0.628292,9,3,2,12.15,1.0,0,Home Win,0
2017,1,1,0.775297,8,4,5,11.5455,1.0,0,1,0.453851,7,2,5,7.3478,1.0,0,Draw,1
2017,1,0,0.402745,8,2,5,15.9524,2.0,0,1,1.75184,17,2,5,12.0667,0.0,0,Away Win,2
2017,1,2,0.924575,7,4,4,20.8462,1.0,0,1,2.50552,18,6,9,7.56,2.0,0,Home Win,0
2017,1,0,0.475162,10,4,10,11.7895,2.0,0,0,0.584296,10,4,5,19.7692,0.0,0,Draw,1
2017,1,2,1.29277,12,3,5,8.9091,2.0,0,4,1.63491,15,7,5,16.375,1.0,0,Away Win,2
2017,1,2,0.845327,8,4,1,9.6087,0.0,0,2,1.1342,14,4,6,10.2857,0.0,0,Draw,1
2017,1,1,0.915088,10,2,4,10.25,0.0,0,2,1.08519,10,4,6,13.3478,1.0,0,Away Win,2
2017,1,5,4.47889,21,7,7,8.28,0.0,0,0,0.475716,7,2,2,27.4737,1.0,0,Home Win,0
2017,1,1,2.30012,21,10,15,9.875,1.0,0,0,0.0411427,2,0,1,21.0625,0.0,0,Home Win,0
2017,1,4,1.76497,8,5,2,9.1613,2.0,0,0,1.03658,7,3,6,16.5333,1.0,0,Home Win,0
2017,1,2,1.64952,26,12,6,3.9032,1.0,0,1,1.7066,6,2,5,17.8421,1.0,0,Home Win,0
2017,1,0,0.846748,10,1,5,22.2667,1.0,0,3,2.58757,14,7,9,8.0,5.0,0,Away Win,2
2017,1,3,3.07794,23,9,11,9.16,0.0,0,1,0.519549,8,2,4,14.0645,1.0,0,Home Win,0
2017,1,2,0.820024,6,4,2,8.0455,2.0,0,0,0.223429,5,3,5,10.5625,1.0,0,Home Win,0
2017,1,1,1.61269,16,3,10,19.0,0.0,0,0,0.789388,14,4,7,9.55,2.0,0,Home Win,0
2017,1,2,2.45603,24,8,10,4.68,2.0,0,1,0.474483,7,4,4,29.3,2.0,0,Home Win,0
2017,1,2,1.24743,10,3,2,15.9444,2.0,0,1,0.320601,10,3,6,7.0769,0.0,0,Home Win,0
2017,1,1,0.352672,6,2,7,10.2174,4.0,0,1,0.788817,8,2,2,9.9048,1.0,1,Draw,1
2017,1,0,1.65178,20,6,3,6.48,3.0,0,0,0.80924,10,2,7,13.4615,1.0,0,Draw,1
2017,1,1,4.24057,33,16,12,4.6,3.0,0,3,2.06831,8,4,1,19.6,2.0,1,Away Win,2
2017,1,1,1.11195,16,5,5,11.9048,2.0,0,1,1.00264,15,4,4,5.9355,1.0,0,Draw,1
2017,1,1,1.65878,6,2,2,40.9,1.0,0,5,1.77566,12,6,2,14.2273,0.0,0,Away Win,2
2017,1,1,0.418127,5,2,4,14.3478,6.0,0,0,1.18891,19,2,3,3.7895,1.0,0,Home Win,0
2017,1,5,4.01925,20,11,12,3.8276,1.0,0,1,0.749296,4,3,6,40.1,0.0,0,Home Win,0
2017,1,1,1.01101,18,3,6,9.2381,2.0,0,0,0.25228,7,1,3,10.1304,5.0,0,Home Win,0
2017,1,1,0.485632,8,5,3,11.0625,1.0,0,0,0.819233,11,2,5,11.5,0.0,1,Home Win,0
2017,1,2,4.61208,24,8,6,8.0714,5.0,0,2,0.962374,11,5,3,8.6667,2.0,0,Draw,1
2017,1,2,2.68125,19,6,8,9.9545,0.0,0,0,0.273809,7,2,1,13.9444,0.0,0,Home Win,0
2017,1,1,1.89569,23,3,12,3.8824,1.0,0,1,0.823217,3,2,1,17.1,3.0,0,Draw,1
2017,1,1,1.43756,8,5,2,12.96,4.0,0,2,2.03041,14,7,8,6.3571,2.0,0,Away Win,2
2017,1,2,0.964657,10,4,6,9.4848,2.0,0,3,0.444099,13,5,5,10.1176,1.0,0,Away Win,2
2017,1,1,1.21942,6,3,4,19.2778,2.0,0,1,0.608352,11,6,5,9.8182,2.0,0,Draw,1
2017,1,1,0.360081,10,2,6,8.5,0.0,0,0,0.916344,14,7,4,10.9412,0.0,0,Home Win,0
2017,1,1,0.476748,7,2,1,33.3333,0.0,0,3,1.8707,12,5,3,18.125,0.0,0,Away Win,2
2017,1,0,0.589496,7,3,2,28.8125,0.0,0,4,3.56828,23,10,5,5.4762,0.0,0,Away Win,2
2017,1,2,1.10545,14,4,4,8.7895,2.0,0,1,1.40441,7,2,6,10.7143,1.0,1,Home Win,0
2017,1,1,1.24043,9,2,4,8.9615,1.0,0,0,0.815792,14,7,9,25.7143,2.0,0,Home Win,0
2017,1,0,0.570658,16,4,4,11.8571,1.0,1,1,1.38719,7,4,1,10.5,2.0,0,Away Win,2
2017,1,1,1.11749,11,4,9,7.8462,1.0,0,4,2.24579,16,11,9,8.3333,0.0,0,Away Win,2
2017,1,0,0.405172,6,0,1,13.5238,1.0,0,0,1.02186,22,3,7,5.2963,0.0,0,Draw,1
2017,1,0,2.13915,14,5,5,4.0,1.0,0,0,0.520382,6,1,7,29.2857,0.0,0,Draw,1
2017,1,2,1.87344,25,8,10,6.0476,1.0,0,0,0.315616,7,4,2,59.0,1.0,0,Home Win,0
2017,1,1,2.02472,23,5,7,4.1471,2.0,0,0,0.286547,10,2,5,19.95,1.0,0,Home Win,0
2017,1,0,0.539178,6,2,2,83.2,1.0,0,4,3.25041,21,7,3,10.0,1.0,0,Away Win,2
2017,1,0,1.49029,12,2,8,10.5,4.0,0,0,1.32536,11,7,2,12.8571,2.0,0,Draw,1
2017,1,1,1.29018,24,8,8,17.2778,1.0,0,0,0.587081,6,2,4,9.6667,3.0,0,Home Win,0
2017,1,3,2.01756,12,7,6,10.0435,2.0,0,1,0.766224,8,3,3,14.5556,3.0,0,Home Win,0
2017,1,0,0.758241,11,2,6,4.5517,2.0,1,3,2.25889,13,6,4,10.5417,2.0,0,Away Win,2
2017,1,1,1.076,12,5,6,12.5833,1.0,0,2,0.898984,8,3,3,13.3333,3.0,0,Away Win,2
2017,1,1,0.589103,13,3,8,8.4444,2.0,1,4,3.49193,15,9,7,7.9091,1.0,1,Away Win,2
2017,1,0,0.983293,17,0,7,5.3,2.0,0,3,3.08244,14,7,9,13.0,1.0,0,Away Win,2
2017,1,4,4.14588,20,11,5,7.9677,2.0,0,1,0.182456,7,2,1,7.1875,4.0,0,Home Win,0
2017,1,1,0.546613,7,2,6,5.4483,2.0,0,1,1.25546,13,5,3,20.8824,3.0,0,Draw,1
2017,1,2,2.31898,19,6,6,6.5625,1.0,0,3,1.90622,11,4,3,12.1667,1.0,0,Away Win,2
2017,1,3,1.13104,11,4,7,9.16,1.0,0,3,2.05947,14,9,8,9.2333,0.0,0,Draw,1
2017,1,2,1.56465,11,3,4,8.1786,2.0,1,2,2.15281,19,6,6,13.6111,2.0,0,Draw,1
2017,1,0,0.342403,5,0,2,12.8,3.0,0,0,1.84971,25,8,7,9.8235,0.0,0,Draw,1
2017,1,0,0.159735,5,2,4,14.45,1.0,0,3,3.30947,18,8,4,12.0,2.0,0,Away Win,2
2017,1,1,1.40139,14,3,6,11.4375,0.0,0,0,1.30044,12,1,4,10.7619,0.0,0,Home Win,0
2017,1,3,1.7986,9,5,1,8.1852,1.0,0,1,2.0544,17,7,11,9.0,0.0,0,Home Win,0
2017,1,1,1.73805,12,6,9,5.0714,2.0,0,1,1.09381,10,2,1,7.9583,1.0,0,Draw,1
2017,1,4,1.55724,14,5,4,4.9231,0.0,0,0,0.334896,5,1,6,39.2308,1.0,0,Home Win,0
2017,1,3,2.84928,26,10,7,6.64,3.0,0,3,1.87596,10,5,4,7.4333,4.0,0,Draw,1
2017,1,2,2.16934,25,8,13,9.8,0.0,0,0,0.452601,8,1,1,39.4444,1.0,0,Home Win,0
2017,1,2,1.14522,16,2,5,10.2571,0.0,0,3,1.84104,16,9,4,9.6875,1.0,0,Away Win,2
2017,1,1,1.8756,18,8,8,8.3182,2.0,0,1,1.19984,15,7,5,14.4,4.0,0,Draw,1
2017,1,5,3.06422,22,9,4,14.375,0.0,0,0,0.2719,7,4,2,20.8421,1.0,0,Home Win,0
2017,1,2,1.80763,23,6,12,8.6429,3.0,0,2,0.786214,3,2,2,21.2143,7.0,0,Draw,1
2017,1,0,0.174705,6,2,3,28.0,1.0,0,1,1.93187,21,6,8,5.2778,0.0,0,Away Win,2
2017,1,5,3.08413,16,7,3,8.7619,0.0,0,2,0.591118,16,6,8,6.7,2.0,0,Home Win,0
2017,1,2,1.43009,11,1,8,5.9063,3.0,0,1,1.54771,11,5,8,7.3684,3.0,0,Home Win,0
2017,1,0,1.18168,17,3,10,7.6842,2.0,0,0,0.405775,7,3,2,8.6111,0.0,0,Draw,1
2017,1,2,1.39955,18,7,4,15.0556,0.0,0,1,0.599608,6,1,4,5.3929,0.0,0,Home Win,0
2017,1,5,3.09527,21,12,7,18.5,1.0,0,0,0.28218,1,1,0,21.3158,1.0,0,Home Win,0
2017,1,0,1.72153,10,1,7,21.375,5.0,0,0,1.09586,15,4,8,2.875,4.0,0,Draw,1
2017,1,0,0.049118,3,1,5,5.5455,2.0,0,0,1.20923,11,4,4,7.9615,1.0,0,Draw,1
2017,1,2,2.56607,17,6,7,9.8095,3.0,0,1,0.789667,7,1,1,34.875,2.0,0,Home Win,0
2017,1,0,1.87247,15,3,10,10.0455,2.0,0,0,0.85013,8,3,7,14.8889,4.0,0,Draw,1
2017,1,0,0.504379,11,2,3,13.6667,2.0,0,0,0.630058,10,3,6,13.4,2.0,0,Draw,1
2017,1,1,1.64908,31,8,7,5.1852,0.0,0,1,0.612933,3,1,1,22.2857,2.0,0,Draw,1
2017,1,1,1.17794,8,4,1,12.3704,4.0,0,2,1.31479,9,4,8,10.4286,2.0,0,Away Win,2
2017,1,1,1.39429,14,3,5,15.0476,3.0,0,1,0.917801,14,4,6,19.5,3.0,0,Draw,1
2017,1,2,1.0594,13,5,3,12.0,3.0,0,1,0.63538,10,3,4,11.7273,2.0,0,Home Win,0
2017,1,2,1.23205,14,6,10,11.0,3.0,0,2,3.0768,19,6,8,12.5385,2.0,0,Draw,1
2017,1,2,2.37332,15,7,5,9.8696,2.0,0,2,1.28248,27,9,12,10.9474,1.0,0,Draw,1
2017,1,1,0.900466,12,4,3,21.8571,0.0,0,2,1.62514,18,5,9,10.6667,0.0,0,Away Win,2
2017,1,0,1.23952,12,0,6,15.8889,2.0,0,2,1.26247,21,6,6,8.15,0.0,0,Away Win,2
2017,1,3,1.45074,11,5,4,13.5714,1.0,0,0,0.226625,6,1,1,9.0667,1.0,0,Home Win,0
2017,1,3,2.77398,17,7,9,5.4615,1.0,0,1,0.965283,7,4,1,25.5238,1.0,0,Home Win,0
2017,1,1,0.445301,10,3,4,5.8462,0.0,0,2,1.34294,11,4,7,16.1579,1.0,0,Away Win,2
2017,1,0,1.50029,11,4,10,8.3333,3.0,0,1,2.02028,14,6,5,12.4545,1.0,0,Away Win,2
2017,1,0,0.397789,8,1,6,20.8947,2.0,0,2,1.61843,12,5,5,6.129,2.0,0,Away Win,2
2017,1,2,0.822285,13,5,4,10.2069,2.0,0,1,1.00956,12,3,5,7.1905,2.0,0,Home Win,0
2017,1,0,0.622946,17,7,6,6.3429,2.0,0,0,1.36341,14,1,3,10.6522,2.0,1,Draw,1
2017,1,1,1.80971,17,2,3,10.4286,0.0,0,0,0.907849,8,2,2,7.0,3.0,0,Home Win,0
2017,1,1,0.681,8,2,7,5.7917,1.0,0,4,0.986853,8,6,3,14.8636,1.0,0,Away Win,2
2017,1,4,1.01595,16,7,5,13.5,2.0,0,3,0.722959,11,4,6,6.4333,3.0,0,Home Win,0
2017,1,3,1.9485,20,9,6,9.5769,2.0,0,0,1.47603,11,5,1,28.1538,1.0,0,Home Win,0
2017,1,1,1.8273,12,4,4,10.4828,0.0,0,1,0.895774,8,5,5,15.9167,3.0,0,Draw,1
2017,1,4,4.21366,20,10,3,6.8276,0.0,0,0,0.290345,7,0,3,10.6333,2.0,0,Home Win,0
2017,1,2,1.67369,16,4,5,7.4167,0.0,0,2,0.857637,10,4,4,11.0526,5.0,0,Draw,1
2017,1,2,1.38478,15,4,9,17.1538,0.0,0,0,0.530765,12,1,6,7.45,0.0,0,Home Win,0
2017,1,4,3.56519,15,10,5,12.4737,0.0,0,1,0.501202,9,5,10,21.1579,0.0,0,Home Win,0
2017,1,0,0.881174,10,3,5,11.4333,3.0,0,4,1.52008,14,10,3,16.0,0.0,0,Away Win,2
2017,1,0,0.568215,11,2,5,12.8824,3.0,0,1,0.860828,12,2,4,11.8947,3.0,0,Away Win,2
2017,1,1,0.92355,8,4,0,4.4595,2.0,0,1,1.34998,15,5,3,10.7619,1.0,0,Draw,1
2017,1,2,1.51932,9,5,4,8.7273,0.0,0,0,0.740795,11,3,5,11.1905,0.0,0,Home Win,0
2017,1,3,2.5505,21,9,18,3.8947,0.0,0,1,0.992018,6,4,0,16.5238,1.0,0,Home Win,0
2017,1,1,1.15209,10,4,2,15.5882,2.0,0,1,1.30653,17,2,9,7.125,3.0,0,Draw,1
2017,1,2,0.987799,11,6,3,4.8519,1.0,0,0,0.238458,6,3,2,9.875,1.0,0,Home Win,0
2017,1,1,0.498742,3,2,3,52.2857,0.0,0,0,2.19675,21,4,9,7.8421,2.0,0,Home Win,0
2017,1,1,0.980241,12,4,6,12.7647,3.0,0,1,0.501886,8,3,3,9.1667,1.0,0,Draw,1
2017,1,0,0.288048,5,1,1,43.5385,0.0,0,3,2.05148,14,7,4,8.65,0.0,0,Away Win,2
2017,1,1,1.11632,8,3,5,9.8333,1.0,0,1,1.15809,9,3,3,4.7917,3.0,0,Draw,1
2017,1,3,2.37911,12,4,4,52.0,0.0,0,1,1.15616,9,4,3,12.3077,3.0,0,Home Win,0
2017,1,0,1.14795,21,5,8,8.0,1.0,0,3,1.42447,11,5,5,9.2895,0.0,0,Away Win,2
2017,1,1,1.27393,18,3,7,5.8571,3.0,0,1,1.07907,9,2,2,12.0,1.0,0,Draw,1
2017,1,1,2.52275,14,4,7,7.5455,1.0,0,1,1.22828,11,2,4,6.6786,2.0,0,Draw,1
2017,1,2,1.53072,9,4,5,8.2,0.0,0,1,2.65018,8,2,5,9.8235,2.0,0,Home Win,0
2017,1,3,2.68955,19,10,9,4.8214,1.0,0,0,0.118043,3,1,1,28.0,3.0,0,Home Win,0
2017,1,2,2.0117,22,6,6,7.6286,2.0,0,0,0.817997,6,3,3,9.8889,2.0,0,Home Win,0
2017,1,0,0.722172,11,4,2,6.9375,4.0,0,0,0.740773,11,2,6,6.7222,3.0,0,Draw,1
2017,1,5,3.19622,15,7,4,14.7143,2.0,0,1,1.49065,10,2,6,14.4783,0.0,0,Home Win,0
2017,1,2,1.91091,15,8,8,7.7895,2.0,0,1,0.721222,13,4,1,6.6,3.0,0,Home Win,0
2017,1,3,1.64227,21,5,4,8.0833,3.0,0,1,0.443751,4,1,1,9.2727,1.0,0,Home Win,0
2017,1,1,0.795971,8,3,3,20.2105,4.0,0,1,2.24914,20,7,13,9.0,1.0,0,Draw,1
2017,1,1,3.00238,20,6,5,9.85,1.0,0,1,1.14408,12,8,6,14.4,1.0,0,Draw,1
2017,1,1,1.48466,13,5,3,6.9167,1.0,0,1,0.569943,3,1,3,14.1905,0.0,0,Draw,1
2017,1,2,1.28962,9,3,3,13.48,3.0,0,2,2.54392,13,6,7,10.0,1.0,0,Draw,1
2017,1,2,1.63389,16,7,5,7.9444,2.0,0,0,0.13049,4,0,2,19.2174,4.0,0,Home Win,0
2017,1,4,2.12696,21,8,6,9.75,2.0,0,1,0.573557,7,3,2,11.4737,2.0,1,Home Win,0
2017,1,2,0.876603,9,3,5,11.1667,2.0,0,3,0.99695,13,5,7,8.0,1.0,0,Away Win,2
2017,1,3,2.37995,20,8,8,10.1667,0.0,0,0,0.628806,8,1,7,8.4706,2.0,0,Home Win,0
2017,1,3,1.48792,11,5,8,4.3947,1.0,0,1,1.65713,16,4,7,6.9286,1.0,0,Home Win,0
2017,1,4,2.56699,15,4,2,6.6061,0.0,0,1,0.433555,7,2,6,11.3158,3.0,0,Home Win,0
2017,1,5,2.59121,19,11,8,6.1154,2.0,0,1,0.109716,2,2,2,28.6154,3.0,0,Home Win,0
2017,1,1,0.676656,10,3,0,13.4167,0.0,0,0,1.71995,13,4,10,7.7273,2.0,0,Home Win,0
2017,1,0,0.854343,6,4,3,13.1429,1.0,0,2,2.35575,16,4,1,10.9655,2.0,0,Away Win,2
2017,1,1,1.39547,15,3,7,11.0,0.0,0,1,0.897856,14,6,4,10.0476,0.0,0,Draw,1
2017,1,1,0.843332,13,4,5,15.7273,2.0,0,0,0.430729,13,1,2,14.5,1.0,0,Home Win,0
2017,1,1,2.63564,18,6,10,10.5667,2.0,0,0,0.487297,6,1,2,15.6471,1.0,0,Home Win,0
2017,1,2,1.83359,8,4,8,9.0435,1.0,0,0,0.799928,11,4,7,5.3684,1.0,0,Home Win,0
2017,1,0,1.30172,10,5,6,10.6923,1.0,0,3,1.92605,9,5,1,21.0714,1.0,0,Away Win,2
2017,1,2,1.20646,15,5,8,6.92,1.0,0,2,4.23567,15,4,1,13.9048,4.0,0,Draw,1
2017,1,4,3.2913,16,5,3,10.5909,1.0,0,1,0.443169,11,1,5,9.1739,0.0,0,Home Win,0
2017,1,1,0.606929,13,5,6,5.4839,3.0,0,0,0.665127,5,1,5,7.1071,1.0,0,Home Win,0
2017,1,2,1.30036,10,5,3,10.2258,2.0,0,1,1.68958,14,7,4,9.6667,2.0,0,Home Win,0
2017,1,1,1.50162,10,3,6,5.7826,1.0,0,2,1.18101,16,7,3,8.913,1.0,0,Away Win,2
2017,1,4,3.9205,21,12,8,5.3333,0.0,0,1,0.33527,7,4,2,21.4706,2.0,0,Home Win,0
2017,1,1,1.12487,19,9,13,3.7308,1.0,0,1,0.166078,6,2,1,7.3333,3.0,0,Draw,1
2017,1,0,0.184958,5,3,2,15.0,0.0,0,1,1.65074,14,4,13,4.15,1.0,0,Away Win,2
2017,1,1,1.28178,9,3,7,12.4615,1.0,0,1,0.65898,13,6,5,8.8421,0.0,0,Draw,1
2017,1,2,1.48498,13,6,6,12.6522,3.0,0,1,0.801513,15,7,11,5.36,3.0,0,Home Win,0
2017,1,2,2.33524,21,8,10,9.3529,1.0,0,1,1.79993,10,4,4,10.1667,1.0,1,Home Win,0
2017,1,2,0.74138,10,4,3,15.2273,1.0,0,3,1.25439,17,8,7,6.4118,3.0,0,Away Win,2
2017,1,1,2.97799,22,4,13,6.25,2.0,0,1,1.4035,9,3,1,19.8889,1.0,0,Draw,1
2017,1,2,1.56935,14,3,8,4.6667,0.0,0,0,0.255322,7,2,3,29.125,0.0,0,Home Win,0
2017,1,1,0.953312,13,3,5,8.7241,2.0,0,0,0.118301,3,0,2,82.8571,1.0,0,Home Win,0
2017,1,0,0.982895,18,6,15,4.087,0.0,0,0,0.385303,12,3,4,11.2222,1.0,0,Draw,1
2017,1,4,2.30838,9,8,4,14.1739,0.0,0,1,0.497211,7,2,5,10.0,3.0,0,Home Win,0
2017,1,2,1.63794,15,7,8,5.5,1.0,0,0,0.138106,3,3,1,24.9524,1.0,0,Home Win,0
2017,1,1,1.23526,15,4,4,8.3,2.0,0,0,1.09115,9,2,6,5.6765,0.0,0,Home Win,0
2017,1,3,2.38263,11,7,4,7.55,2.0,0,0,1.54676,11,4,9,16.7059,1.0,0,Home Win,0
2017,1,1,1.17387,14,3,4,11.5926,1.0,0,4,2.53124,12,8,5,8.45,1.0,0,Away Win,2
2017,1,2,3.87829,27,11,12,7.625,1.0,0,1,1.13893,9,2,3,12.6522,2.0,0,Home Win,0
2017,1,2,1.68868,13,3,10,7.6111,0.0,0,0,0.321797,10,4,3,12.3529,1.0,1,Home Win,0
2017,1,0,1.39381,28,4,12,4.3125,2.0,0,0,0.0,0,0,0,36.5,3.0,1,Draw,1
2017,1,2,0.845051,5,2,1,16.0588,2.0,0,1,0.777089,14,2,13,5.8261,1.0,0,Home Win,0
2017,1,3,1.35847,7,5,2,10.7083,0.0,0,0,0.496723,6,2,6,5.6,2.0,0,Home Win,0
2017,1,0,0.157023,3,0,3,45.0833,1.0,0,2,1.64562,17,6,10,5.1739,0.0,0,Away Win,2
2017,1,1,0.360925,6,2,7,10.4,1.0,0,4,1.86524,15,6,6,11.875,3.0,0,Away Win,2
2017,1,0,0.72673,13,4,5,10.5,2.0,0,3,1.41929,7,4,1,15.2,2.0,0,Away Win,2
2017,1,2,0.685329,17,5,3,8.6,1.0,0,1,1.74488,11,6,2,16.2941,2.0,0,Home Win,0
2017,1,1,0.221642,5,2,3,19.7,1.0,0,2,1.7717,16,5,2,13.1176,0.0,0,Away Win,2
2017,1,0,0.220381,6,2,4,4.7436,3.0,0,2,2.74705,17,6,7,10.381,2.0,0,Away Win,2
2017,1,3,2.19801,19,10,6,11.7826,2.0,0,1,1.54443,14,7,6,8.4706,2.0,1,Home Win,0
2017,1,5,1.81208,13,10,6,11.7895,1.0,0,0,0.35476,4,1,1,19.5263,0.0,0,Home Win,0
2017,1,3,1.64765,19,7,4,9.3333,0.0,0,1,1.00939,6,3,3,51.125,1.0,0,Home Win,0
2017,1,1,0.894266,9,4,1,11.5714,1.0,1,2,2.97881,17,9,9,7.6087,1.0,0,Away Win,2
2017,1,0,0.389621,11,3,7,15.8182,2.0,0,1,1.48865,13,8,6,12.6875,1.0,0,Away Win,2
2017,1,1,0.835241,11,7,6,4.8276,2.0,0,0,0.829699,14,3,4,19.1333,3.0,0,Home Win,0
2017,1,0,0.783043,9,2,1,9.6129,1.0,0,0,0.596075,16,6,6,9.8214,1.0,0,Draw,1
2017,1,3,3.56649,24,11,6,5.4737,1.0,0,0,0.342516,8,2,5,19.0476,2.0,0,Home Win,0
2017,1,0,1.60322,15,3,6,9.2174,2.0,0,2,1.26582,6,4,1,9.3182,4.0,1,Away Win,2
2017,1,1,1.209,14,4,5,11.48,0.0,0,3,1.3895,12,6,5,8.4194,1.0,0,Away Win,2
2017,1,1,1.90868,6,3,4,17.2727,2.0,0,2,1.72037,16,6,6,6.3333,2.0,0,Away Win,2
2017,1,1,0.859628,6,2,2,28.0,0.0,0,3,1.91312,18,4,11,6.6154,0.0,0,Away Win,2
2017,1,3,1.44971,12,5,5,8.25,0.0,0,0,0.446641,9,0,9,6.8846,3.0,0,Home Win,0
2017,1,2,2.14368,11,5,3,8.68,0.0,0,0,0.138813,3,2,3,25.0,0.0,0,Home Win,0
2017,1,1,2.53617,18,3,3,5.8696,1.0,0,0,0.280847,4,0,3,13.8077,4.0,0,Home Win,0
2017,1,2,0.76133,16,5,7,7.1471,4.0,0,2,2.1146,13,6,4,17.6,0.0,0,Draw,1
2017,1,1,0.394723,8,3,1,14.7059,1.0,0,2,1.41534,11,4,6,13.25,3.0,0,Away Win,2
2017,1,3,1.58895,13,7,8,11.3333,2.0,1,2,2.16699,15,8,6,23.2,1.0,1,Home Win,0
2017,1,2,2.09227,21,5,11,14.1333,2.0,0,2,1.14558,13,6,3,17.375,2.0,0,Draw,1
2017,1,1,1.53244,13,4,5,18.4667,1.0,1,1,1.48964,15,5,3,7.7619,0.0,0,Draw,1
2017,1,1,2.12073,23,6,10,10.125,0.0,0,1,0.302554,5,2,6,15.4211,1.0,0,Draw,1
2017,1,0,0.723427,6,1,3,14.2609,0.0,0,0,0.947321,10,3,2,13.7273,0.0,0,Draw,1
2017,1,1,1.09224,8,1,7,7.7333,1.0,0,2,0.285116,8,4,5,17.625,3.0,0,Away Win,2
2017,1,2,3.42967,20,6,8,7.0833,6.0,0,3,1.21683,5,4,4,12.5517,3.0,0,Away Win,2
2017,1,1,1.40115,10,4,6,9.8065,4.0,0,2,1.79894,15,4,3,6.0,3.0,0,Away Win,2
2017,1,1,1.36685,14,5,11,5.6957,2.0,0,2,1.38319,7,4,1,7.1429,2.0,0,Away Win,2
2017,1,1,1.22912,15,3,5,9.3929,3.0,0,1,0.655729,7,1,1,17.4375,2.0,0,Draw,1
2017,1,2,1.05951,8,3,4,13.0,2.0,0,1,1.99812,15,6,8,9.7692,1.0,0,Home Win,0
2017,1,3,2.49925,15,8,5,7.4348,3.0,0,2,1.54485,12,3,6,6.9167,2.0,0,Home Win,0
2017,1,1,0.929512,9,1,9,8.16,2.0,0,0,0.306273,4,2,6,9.0625,2.0,0,Home Win,0
2017,1,3,2.6402,20,7,7,7.84,1.0,0,0,0.540593,6,1,5,35.6,1.0,0,Home Win,0
2017,1,0,0.639748,14,4,4,5.7778,1.0,0,1,0.824508,10,4,4,19.7895,1.0,0,Away Win,2
2017,1,2,0.888452,8,4,2,15.6296,1.0,0,1,1.41538,15,3,5,4.8889,0.0,0,Home Win,0
2017,1,2,1.2922,10,7,4,11.1364,5.0,0,3,0.663817,17,5,7,8.4348,3.0,0,Away Win,2
2017,1,1,1.19751,17,7,6,7.8387,1.0,0,1,1.61456,12,3,3,14.7333,1.0,0,Draw,1
2017,1,1,0.445014,8,3,5,12.4483,3.0,0,3,3.61987,17,6,7,10.7727,4.0,0,Away Win,2
2017,1,1,0.807456,18,6,10,5.4783,2.0,0,1,1.41085,11,7,1,8.96,3.0,0,Draw,1
2017,1,4,2.07299,20,8,8,8.3684,3.0,0,1,0.623161,11,4,6,32.8,2.0,0,Home Win,0
2017,1,1,2.25256,22,5,9,7.7857,0.0,0,1,0.631021,3,2,0,18.8571,1.0,0,Draw,1
2017,1,1,0.948534,9,1,4,6.1429,2.0,0,0,0.480957,10,2,6,10.7037,1.0,0,Home Win,0
2017,1,1,0.988099,8,5,3,14.7391,1.0,0,1,1.36248,16,6,4,8.6957,0.0,0,Draw,1
2017,1,0,1.18301,13,2,8,20.9333,3.0,0,2,1.61597,13,4,5,8.7778,1.0,0,Away Win,2
2017,1,0,0.515248,11,3,11,6.7143,0.0,0,0,0.651171,6,2,3,9.4348,0.0,0,Draw,1
2017,1,5,3.41675,19,12,5,4.1379,0.0,0,0,0.297493,4,1,1,39.6,1.0,0,Home Win,0
2017,1,1,0.356095,8,3,3,11.375,2.0,0,1,1.61309,16,7,8,13.2222,1.0,0,Draw,1
2017,1,0,0.59455,14,4,4,3.9545,3.0,0,0,0.182325,6,1,3,8.6667,5.0,0,Draw,1
2017,1,2,1.39669,13,6,7,17.5714,0.0,0,2,1.6393,9,3,4,12.2667,1.0,0,Draw,1
2017,1,0,1.54596,10,4,3,29.0,0.0,0,0,0.378409,9,1,4,9.9375,2.0,0,Draw,1
2017,1,5,2.7876,15,9,8,9.5417,1.0,0,0,0.941395,6,1,2,21.1111,1.0,1,Home Win,0
2017,1,0,0.56538,9,2,4,7.9643,1.0,0,2,0.943754,7,5,3,10.5,0.0,0,Away Win,2
2017,1,0,2.11658,20,2,9,8.5455,1.0,0,0,0.777827,5,1,2,15.75,2.0,0,Draw,1
2017,1,2,1.54667,17,3,9,8.7188,0.0,0,1,0.651541,8,3,0,17.4762,1.0,0,Home Win,0
2017,1,0,1.58397,17,2,5,8.3333,1.0,0,1,0.703096,9,2,1,14.0952,3.0,0,Away Win,2
2017,1,2,1.72584,14,6,5,13.381,5.0,0,1,1.01741,14,7,8,7.04,1.0,0,Home Win,0
2017,1,0,0.502964,10,3,1,12.5333,1.0,0,1,1.45426,11,3,2,32.4,1.0,0,Away Win,2
2017,1,2,1.76757,13,3,4,5.6774,1.0,0,0,1.36928,13,5,0,14.9545,0.0,0,Home Win,0
2017,1,1,0.228917,4,1,0,31.375,0.0,0,4,2.29076,19,7,7,5.8148,1.0,0,Away Win,2
2017,1,0,0.391738,11,1,8,7.4783,1.0,0,2,1.43027,13,3,3,9.2083,2.0,0,Away Win,2
2017,1,0,0.78641,15,2,10,3.4118,0.0,0,0,0.54565,5,3,1,23.2308,3.0,0,Draw,1
2017,1,1,0.750175,7,2,1,6.5667,5.0,0,2,1.31471,13,2,7,9.2143,2.0,0,Away Win,2
2017,1,2,2.81246,11,8,2,17.6667,2.0,0,1,0.613901,8,1,5,15.3571,1.0,0,Home Win,0
2017,1,1,1.21792,6,1,5,19.8333,4.0,0,0,0.969481,15,5,9,4.5909,1.0,0,Home Win,0
2017,1,1,0.922771,11,4,5,22.2353,2.0,0,0,0.652444,16,3,6,8.4211,0.0,0,Home Win,0
2017,1,1,0.806168,12,4,3,21.9,3.0,0,0,0.427002,10,5,1,6.037,2.0,0,Home Win,0
2017,1,1,0.420891,9,3,3,7.7917,2.0,0,1,0.634996,10,5,4,12.1667,4.0,1,Draw,1
2017,1,5,2.92408,16,8,4,11.0476,0.0,0,0,0.21671,6,2,5,26.4667,1.0,0,Home Win,0
2017,1,1,1.69618,12,5,11,24.0,1.0,0,0,1.0138,12,3,6,11.375,4.0,0,Home Win,0
2017,1,3,1.18299,15,4,6,12.5333,0.0,0,1,1.67867,14,7,6,14.125,1.0,0,Home Win,0
2017,1,5,1.83248,14,6,4,5.5714,1.0,0,4,1.27359,16,9,4,9.3103,2.0,0,Home Win,0
2017,1,1,1.70936,25,11,6,9.6071,1.0,0,2,1.75436,8,5,0,21.2308,2.0,0,Away Win,2
2017,1,1,1.16179,12,4,7,8.44,0.0,0,2,1.38551,16,5,8,14.2308,0.0,0,Away Win,2
2017,1,2,2.36491,11,5,4,6.1389,2.0,0,0,0.216004,7,1,2,9.5,3.0,0,Home Win,0
2017,1,0,1.31031,18,3,7,9.6563,1.0,0,1,2.3322,9,4,4,16.4167,0.0,0,Away Win,2
2017,1,4,3.50981,22,11,7,7.8571,0.0,0,0,0.0408165,2,1,3,49.0,0.0,0,Home Win,0
2017,1,1,0.45805,7,1,6,18.7143,4.0,0,0,0.654288,7,3,5,9.2593,0.0,0,Home Win,0
2017,1,3,2.24197,16,6,4,10.3548,0.0,0,0,0.843284,6,2,2,8.5652,1.0,0,Home Win,0
2017,1,0,0.506624,8,3,1,17.75,3.0,0,1,0.765614,13,2,12,10.3,1.0,0,Away Win,2
2017,2,3,1.27155,17,7,4,9.9583,1.0,0,0,1.39829,5,2,1,16.6538,0.0,0,Home Win,0
2017,2,1,1.39528,12,4,3,31.5833,2.0,0,3,2.62234,22,12,6,10.0,2.0,1,Away Win,2
2017,2,0,1.48324,16,6,4,5.8276,1.0,0,1,0.362356,6,1,1,9.2692,2.0,0,Away Win,2
2017,2,1,0.568427,13,3,0,15.0,2.0,0,1,0.314472,9,3,8,10.15,1.0,0,Draw,1
2017,2,3,2.71454,16,6,9,18.4375,0.0,0,0,0.411971,15,3,7,13.4,1.0,0,Home Win,0
2017,2,0,0.757926,22,10,9,6.9231,2.0,0,0,0.625722,9,2,5,22.8182,2.0,0,Draw,1
2017,2,2,2.84573,16,6,6,6.6,1.0,0,1,1.05409,18,7,7,18.2727,2.0,0,Home Win,0
2017,2,0,0.448836,14,3,2,16.9286,2.0,0,0,0.973373,12,4,5,9.6087,3.0,0,Draw,1
2017,2,1,0.725552,18,5,5,12.3,2.0,0,2,0.422866,10,3,4,13.85,2.0,0,Away Win,2
2017,2,0,0.302867,6,2,2,38.1818,1.0,1,3,2.0921,19,10,9,4.2222,3.0,0,Away Win,2
2017,2,2,1.21323,9,3,1,25.8824,4.0,0,4,2.13228,17,7,4,16.9333,3.0,0,Away Win,2
2017,2,1,1.34009,18,3,12,12.4545,1.0,0,3,2.45224,14,8,6,14.0,1.0,0,Away Win,2
2017,2,3,1.24379,14,5,5,9.6111,1.0,0,0,0.823815,19,2,11,8.2105,1.0,0,Home Win,0
2017,2,3,1.63964,10,4,0,12.65,3.0,0,2,1.11091,11,3,7,10.8696,1.0,0,Home Win,0
2017,2,2,1.42114,15,5,2,9.8519,2.0,0,1,0.559323,14,4,6,10.5455,1.0,0,Home Win,0
2017,2,3,1.1536,10,4,9,7.3125,1.0,0,1,0.633447,14,2,6,10.6667,2.0,0,Home Win,0
2017,2,0,0.798588,18,6,6,9.0,1.0,0,1,1.79492,14,4,2,11.5789,3.0,0,Away Win,2
2017,2,1,0.772094,13,4,9,10.2692,1.0,0,2,1.36642,13,3,6,13.7895,1.0,0,Away Win,2
2017,2,0,0.74833,12,3,1,10.9286,1.0,0,0,0.227079,5,0,3,8.6667,3.0,0,Draw,1
2017,2,1,1.86088,25,10,14,7.0741,3.0,0,2,2.14547,12,5,7,14.7222,4.0,0,Away Win,2
2017,2,2,0.614603,9,3,3,7.88,0.0,0,1,1.28796,16,3,7,6.0333,1.0,0,Home Win,0
2017,2,0,1.20053,15,5,2,11.92,2.0,0,1,0.999531,16,6,10,5.75,2.0,0,Away Win,2
2017,2,0,0.242533,5,2,5,24.4737,5.0,0,3,1.64648,17,7,7,6.9474,1.0,0,Away Win,2
2017,2,1,1.22886,13,4,6,5.7586,2.0,0,0,0.316314,9,2,4,10.1786,1.0,0,Home Win,0
2017,2,0,0.953786,14,2,8,17.4286,2.0,0,5,2.89134,20,10,6,12.45,1.0,0,Away Win,2
2017,2,2,2.08048,19,7,8,9.5926,2.0,0,0,0.375089,10,1,5,27.25,2.0,0,Home Win,0
2017,2,3,1.25158,15,4,10,8.24,2.0,0,0,0.910665,15,2,6,12.6071,1.0,0,Home Win,0
2017,2,4,2.35955,12,7,3,16.0,1.0,0,1,1.20558,18,6,5,13.5,1.0,0,Home Win,0
2017,2,1,1.98069,13,3,6,6.5152,1.0,0,1,2.28714,20,4,7,8.3889,3.0,0,Draw,1
2017,2,1,1.48614,14,5,1,16.9,4.0,1,0,0.52818,14,2,8,8.0,0.0,1,Home Win,0
2017,2,1,1.23045,15,4,6,15.3077,2.0,0,1,1.61081,10,6,5,8.0,0.0,0,Draw,1
2017,2,0,1.01223,12,4,8,17.8571,1.0,0,2,0.736631,6,3,6,7.4667,2.0,0,Away Win,2
2017,2,2,0.580446,15,3,7,5.3902,1.0,0,1,0.305501,6,2,3,20.7143,3.0,0,Home Win,0
2017,2,2,0.548626,5,4,2,11.5172,1.0,0,3,3.11315,18,6,1,11.1667,2.0,0,Away Win,2
2017,2,2,2.77644,21,7,10,10.125,1.0,0,1,0.221787,4,2,3,17.7368,2.0,0,Home Win,0
2017,2,6,5.46073,27,14,8,7.9032,0.0,0,0,0.211585,6,0,1,81.2857,1.0,0,Home Win,0
2017,2,3,3.67224,30,10,8,11.4737,1.0,0,0,0.197492,8,0,1,25.5714,1.0,1,Home Win,0
2017,2,1,1.87483,13,4,3,12.8571,1.0,0,3,1.07552,14,6,4,9.45,2.0,0,Away Win,2
2017,2,0,0.551736,12,3,7,11.6667,1.0,0,2,1.09462,11,3,4,9.4167,3.0,0,Away Win,2
2017,2,2,1.32766,13,3,3,14.6111,2.0,0,2,0.910733,11,5,6,7.5,1.0,0,Draw,1
2017,2,5,2.78559,14,11,3,13.4762,0.0,0,1,0.333622,7,5,3,18.2609,1.0,0,Home Win,0
2017,2,0,0.717607,16,5,2,19.4444,2.0,0,4,2.23834,21,7,9,6.0833,0.0,0,Away Win,2
2017,2,1,0.890588,14,3,4,13.3636,4.0,0,1,1.06724,10,3,11,10.4545,3.0,0,Draw,1
2017,2,0,2.25874,17,3,5,5.8485,3.0,0,1,2.62921,14,6,2,9.3704,3.0,0,Away Win,2
2017,2,1,0.566572,11,2,6,11.4762,1.0,0,1,1.29546,16,7,2,20.5385,2.0,0,Draw,1
2017,2,0,0.989514,14,6,4,13.0741,3.0,0,0,1.58432,17,5,7,8.3333,1.0,0,Draw,1
2017,2,1,1.01003,12,5,3,12.2105,1.0,0,0,0.503787,9,0,1,14.4615,2.0,1,Home Win,0
2017,2,1,0.282218,4,2,3,46.9091,2.0,0,4,2.65015,17,11,2,9.0588,3.0,0,Away Win,2
2017,2,2,2.13498,20,7,9,6.6176,1.0,0,0,0.158147,6,0,8,20.9333,2.0,0,Home Win,0
2017,2,2,2.52674,16,6,12,9.3846,1.0,0,3,1.48506,13,8,1,11.4211,5.0,0,Away Win,2
2017,2,0,1.01627,15,3,6,5.6897,2.0,1,2,1.41724,16,4,2,7.4,2.0,0,Away Win,2
2017,2,2,1.48495,17,4,2,7.2258,0.0,0,0,1.97551,16,2,7,9.45,0.0,0,Home Win,0
2017,2,1,0.346227,10,2,3,9.5185,2.0,0,1,2.53446,16,5,8,6.0,5.0,0,Draw,1
2017,2,0,0.349857,9,2,3,11.3438,2.0,0,3,2.15974,12,5,4,10.6957,2.0,0,Away Win,2
2017,2,1,0.614281,14,7,8,8.8696,0.0,0,0,0.829654,9,3,4,23.7333,2.0,2,Home Win,0
2017,2,4,2.78732,23,10,6,6.0,1.0,0,0,0.205593,6,1,3,18.7826,4.0,1,Home Win,0
2017,2,3,2.98551,19,8,5,11.2105,0.0,0,1,1.28539,14,5,8,25.5385,1.0,0,Home Win,0
2017,2,2,1.73266,12,4,7,13.1905,0.0,0,0,0.270138,6,0,4,9.6364,2.0,0,Home Win,0
2017,2,0,0.359334,8,3,3,10.6923,3.0,1,1,1.81659,9,5,6,10.12,4.0,0,Away Win,2
2017,2,2,0.263465,6,2,4,21.5714,3.0,0,3,1.90566,21,12,6,11.9615,1.0,0,Away Win,2
2017,2,2,1.35989,7,3,0,9.7143,3.0,0,2,3.15377,17,8,3,6.3235,1.0,0,Draw,1
2017,2,1,1.28824,11,2,1,20.6875,2.0,0,2,1.95792,22,7,11,11.3,3.0,0,Away Win,2
2017,2,2,1.14303,13,6,3,22.5385,2.0,0,1,1.44549,22,4,7,10.9474,1.0,0,Home Win,0
2017,2,0,1.5093,18,7,10,10.9444,4.0,0,1,0.869953,8,4,3,16.6154,2.0,0,Away Win,2
2017,2,6,4.08123,22,12,5,11.5417,2.0,0,1,1.72059,8,6,4,22.4615,3.0,0,Home Win,0
2017,2,0,0.781639,18,3,5,13.3333,3.0,1,2,1.18948,11,6,5,15.0714,1.0,0,Away Win,2
2017,2,3,2.97407,25,6,7,11.8947,0.0,0,0,0.10693,4,0,2,58.3333,0.0,0,Home Win,0
2017,2,1,2.51356,18,5,12,5.5769,2.0,0,1,0.539744,13,4,6,12.0833,1.0,0,Draw,1
2017,2,2,1.5648,12,5,6,8.2,1.0,0,2,3.21572,20,6,5,8.5143,4.0,1,Draw,1
2017,2,4,3.62989,14,7,3,24.7333,4.0,0,0,0.521379,13,2,4,12.8824,2.0,1,Home Win,0
2017,2,2,1.93187,14,2,2,9.7308,2.0,0,1,0.382431,7,2,5,9.375,2.0,0,Home Win,0
2017,2,2,1.2394,13,7,6,10.75,2.0,0,3,1.97903,18,11,7,16.8824,0.0,0,Away Win,2
2017,2,2,0.389049,9,3,3,13.1739,1.0,0,2,2.00671,21,9,8,5.0417,0.0,0,Draw,1
2017,2,2,2.78325,13,6,4,8.8261,1.0,0,1,0.333391,7,2,4,13.1379,1.0,0,Home Win,0
2017,2,1,1.23201,13,3,5,7.6333,4.0,0,0,0.262024,8,1,3,13.65,3.0,1,Home Win,0
2017,2,3,2.24514,15,6,2,10.84,6.0,0,2,0.839877,21,6,7,10.5882,2.0,0,Home Win,0
2017,2,1,2.32779,18,6,4,8.9655,2.0,0,2,1.68134,10,5,2,14.5,1.0,0,Away Win,2
2017,2,0,0.331133,10,2,5,15.6429,2.0,0,1,1.49475,16,6,2,15.8182,2.0,0,Away Win,2
2017,2,3,1.52162,11,7,4,10.5,3.0,0,1,3.12444,21,11,6,10.16,3.0,0,Home Win,0
2017,2,0,1.69541,18,4,6,12.0556,2.0,0,0,0.511616,9,2,8,11.1579,0.0,0,Draw,1
2017,2,1,1.95199,21,3,10,6.5769,3.0,0,0,0.242781,6,0,3,25.6923,4.0,1,Home Win,0
2017,2,0,0.182665,9,1,3,8.4063,2.0,0,3,2.49371,14,7,5,9.2333,1.0,0,Away Win,2
2017,2,3,2.90477,22,8,5,10.7,2.0,0,2,1.33058,11,3,4,33.7778,3.0,1,Home Win,0
2017,2,3,2.06641,10,3,4,18.5625,1.0,0,0,0.637448,16,6,5,13.7917,4.0,0,Home Win,0
2017,2,0,0.724916,17,7,5,8.2857,0.0,1,0,0.410308,9,1,3,9.2692,2.0,0,Draw,1
2017,2,0,1.20848,13,4,5,8.4857,1.0,0,0,0.436205,11,2,7,25.6667,1.0,0,Draw,1
2017,2,5,2.28786,6,5,4,7.5385,1.0,0,0,0.589592,8,2,0,15.5946,3.0,0,Home Win,0
2017,2,0,0.481741,14,3,10,10.5625,3.0,0,1,2.52212,15,5,3,8.8571,3.0,1,Away Win,2
2017,2,0,0.490918,5,0,0,6.2558,1.0,0,1,0.864033,14,3,5,4.7667,1.0,0,Away Win,2
2017,2,2,1.28225,11,4,1,6.3667,6.0,0,6,1.58883,13,5,6,13.7778,3.0,1,Away Win,2
2017,2,3,2.21406,23,7,5,7.8387,0.0,0,0,1.41371,11,3,5,14.2083,0.0,0,Home Win,0
2017,2,1,0.887713,9,3,10,11.7097,2.0,0,2,2.73733,14,3,4,12.12,2.0,0,Away Win,2
2017,2,2,1.89299,13,5,5,11.4118,5.0,0,1,1.30579,8,3,2,9.8182,1.0,0,Home Win,0
2017,2,1,0.735034,9,3,1,31.4545,2.0,0,4,1.43727,18,4,1,8.2813,3.0,0,Away Win,2
2017,2,3,1.33893,16,7,5,6.6667,1.0,0,0,0.875229,5,0,6,8.129,3.0,1,Home Win,0
2017,2,2,1.28272,8,4,1,97.3333,1.0,0,3,1.19271,19,6,4,12.6471,1.0,0,Away Win,2
2017,2,3,3.08506,24,8,8,10.4615,2.0,0,2,1.06402,12,2,4,11.3462,2.0,0,Home Win,0
2017,2,4,1.25151,16,6,5,8.1304,1.0,0,1,0.910025,6,2,2,25.0588,0.0,0,Home Win,0
2017,2,1,2.40967,20,4,10,6.8,0.0,0,0,0.435674,3,2,1,32.7692,1.0,0,Home Win,0
2017,2,0,0.574034,11,3,6,6.2273,2.0,0,1,0.909645,8,2,3,14.3333,3.0,0,Away Win,2
2017,2,1,0.603107,19,6,2,19.8824,1.0,0,5,2.92387,12,9,6,13.4348,1.0,0,Away Win,2
2017,2,2,0.985009,11,5,3,9.5926,3.0,0,1,0.764825,17,3,5,6.2941,3.0,0,Home Win,0
2017,2,1,1.01025,10,2,4,14.9545,4.0,0,2,1.11384,17,4,7,10.1739,2.0,0,Away Win,2
2017,2,0,1.18528,12,4,5,6.25,2.0,0,2,0.463087,9,4,6,14.35,0.0,0,Away Win,2
2017,2,3,2.97741,26,9,6,4.8065,2.0,0,1,0.343592,7,1,5,17.6522,2.0,0,Home Win,0
2017,2,1,0.889903,15,3,7,14.0,1.0,0,0,0.568815,10,2,5,10.5417,4.0,0,Home Win,0
2017,2,4,1.98109,15,7,8,10.087,2.0,0,1,2.02467,13,6,6,14.375,3.0,0,Home Win,0
2017,2,1,0.334111,8,4,4,23.7692,4.0,0,0,1.32901,13,2,5,5.4583,3.0,0,Home Win,0
2017,2,2,2.64656,20,6,7,14.6667,4.0,0,1,0.685883,9,3,6,9.28,3.0,0,Home Win,0
2017,2,2,1.36229,7,4,5,17.2,0.0,0,1,1.36478,7,2,7,5.28,2.0,0,Home Win,0
2017,2,1,0.823876,9,3,3,19.8,0.0,1,1,0.898073,11,3,3,11.2,2.0,0,Draw,1
2017,2,2,0.953537,15,5,5,5.6087,2.0,0,3,2.02039,10,6,2,20.8667,3.0,0,Away Win,2
2017,2,2,2.37656,22,9,8,9.3333,2.0,0,1,0.773273,9,2,2,17.8667,4.0,0,Home Win,0
2017,2,0,0.646501,3,1,2,28.1875,1.0,0,0,0.707574,19,5,11,10.0667,3.0,0,Draw,1
2017,2,2,1.19222,19,6,6,6.5333,1.0,0,4,2.30318,21,10,9,9.4783,1.0,0,Away Win,2
2017,2,0,1.03708,14,2,5,10.1818,4.0,0,2,1.68517,11,5,2,10.0909,2.0,0,Away Win,2
2017,2,1,1.63539,20,5,8,9.1923,3.0,0,1,1.12737,8,3,3,12.0,5.0,0,Draw,1
2017,2,2,3.09066,27,8,8,9.2727,3.0,0,1,0.114939,3,1,2,26.8182,3.0,0,Home Win,0
2017,2,3,1.28935,10,6,3,17.0455,0.0,0,0,0.788178,12,4,6,10.3333,2.0,0,Home Win,0
2017,2,0,0.30335,6,1,7,7.3125,2.0,0,2,1.21969,14,10,10,8.1667,3.0,0,Away Win,2
2017,2,1,1.11066,13,6,6,8.6522,4.0,1,2,2.70254,16,5,5,12.8947,1.0,0,Away Win,2
2017,2,0,0.28561,11,5,5,8.2222,1.0,0,1,1.79504,10,7,2,15.9474,3.0,0,Away Win,2
2017,2,2,1.72292,17,5,6,12.1111,2.0,0,3,1.25314,12,5,4,13.0667,1.0,0,Away Win,2
2017,2,2,1.13454,8,4,1,9.3636,0.0,0,0,0.357219,8,1,2,11.2903,2.0,0,Home Win,0
2017,2,2,1.55302,16,10,3,13.6429,2.0,0,1,0.308691,13,3,1,18.6875,1.0,0,Home Win,0
2017,2,2,1.56699,16,7,6,9.6818,2.0,0,1,1.18881,12,2,7,9.5,4.0,0,Home Win,0
2017,2,3,1.83799,9,5,3,11.7813,4.0,0,2,1.88477,18,4,4,9.2308,3.0,0,Home Win,0
2017,2,1,1.06473,7,1,1,26.25,4.0,1,1,1.22467,20,5,8,3.3429,3.0,0,Draw,1
2017,2,1,2.85934,19,4,5,11.2222,1.0,0,1,1.38363,12,4,1,14.0435,1.0,1,Draw,1
2017,2,0,0.677196,14,5,6,17.6154,1.0,1,1,1.14946,12,4,4,14.5,0.0,0,Away Win,2
2017,2,1,1.56055,14,4,9,4.8696,1.0,0,0,0.501253,6,2,3,16.125,2.0,0,Home Win,0
2017,2,3,1.2325,11,6,5,44.0,2.0,1,0,0.734063,20,7,12,7.3333,2.0,0,Home Win,0
2017,2,1,1.1677,15,4,7,10.3125,2.0,0,3,1.21177,10,4,5,9.08,2.0,0,Away Win,2
2017,2,2,1.69642,13,3,2,5.6176,0.0,0,1,0.857429,14,5,8,13.2857,1.0,0,Home Win,0
2017,2,1,1.1212,9,4,1,21.2667,1.0,0,1,1.28891,14,4,4,5.7826,3.0,1,Draw,1
2017,2,3,2.13806,25,10,7,3.9167,2.0,0,0,0.140287,4,1,0,34.5333,2.0,0,Home Win,0
2017,2,1,1.74404,13,7,6,9.3571,2.0,0,1,1.28061,16,8,5,16.2941,2.0,0,Draw,1
2017,2,0,1.16035,17,6,5,8.2,0.0,0,0,1.00238,8,2,4,7.0625,2.0,0,Draw,1
2017,2,0,1.15509,22,3,10,8.0526,0.0,0,2,2.04042,10,5,6,20.8667,3.0,1,Away Win,2
2017,2,0,0.324147,10,2,3,14.8929,5.0,0,1,1.69953,9,4,7,7.7083,1.0,0,Away Win,2
2017,2,2,1.20398,17,6,4,15.75,3.0,0,2,1.74779,12,7,3,13.125,5.0,1,Draw,1
2017,2,1,1.20764,13,3,5,4.875,6.0,0,1,1.13076,8,2,3,12.2963,2.0,0,Draw,1
2017,2,0,0.37493,9,2,7,10.2069,0.0,0,3,1.95853,15,6,7,10.95,0.0,0,Away Win,2
2017,2,3,2.45812,24,9,13,8.8,1.0,0,0,0.42042,8,1,8,17.6,3.0,0,Home Win,0
2017,2,0,0.670401,15,3,2,7.3929,2.0,0,1,1.07147,9,1,3,10.2903,4.0,0,Away Win,2
2017,2,5,3.78874,39,13,18,7.1786,1.0,0,0,0.459896,7,4,2,25.6923,0.0,0,Home Win,0
2017,2,0,0.756615,21,6,10,7.1176,2.0,0,1,0.995708,7,4,3,29.4167,1.0,0,Away Win,2
2017,2,3,4.70632,37,15,10,4.4583,1.0,0,1,1.32164,3,2,0,31.5833,2.0,1,Home Win,0
2017,2,1,1.19278,16,3,5,7.6364,0.0,0,2,2.13576,14,3,6,9.15,1.0,0,Away Win,2
2017,2,1,0.854058,11,6,5,6.25,2.0,0,1,1.03851,15,7,7,9.0741,2.0,0,Draw,1
2017,2,2,1.24898,13,6,6,11.1,3.0,0,2,1.65409,16,9,4,10.0,0.0,0,Draw,1
2017,2,0,1.02062,11,1,1,7.2692,1.0,0,0,2.50473,26,8,13,6.0,2.0,0,Draw,1
2017,2,1,1.30143,17,4,7,8.1,3.0,0,2,1.37392,13,7,5,8.3333,2.0,0,Away Win,2
2017,2,0,0.989111,19,8,3,10.4643,2.0,0,0,0.282797,6,1,4,8.4444,5.0,0,Draw,1
2017,2,1,1.41644,20,7,13,11.4783,1.0,1,3,1.06702,19,5,2,10.0455,1.0,0,Away Win,2
2017,2,2,0.882433,21,7,12,8.6364,0.0,0,1,1.19101,11,3,7,27.6,0.0,0,Home Win,0
2017,2,0,0.985555,10,4,4,9.3704,3.0,0,0,0.205609,6,3,2,23.6875,3.0,0,Draw,1
2017,2,2,2.25122,16,7,8,9.7826,3.0,0,1,0.707932,8,1,6,7.2917,2.0,0,Home Win,0
2017,2,2,2.09068,19,9,8,10.6471,3.0,0,2,2.31724,16,8,6,14.1176,2.0,0,Draw,1
2017,2,2,0.455472,9,2,3,9.3103,1.0,0,0,1.52222,21,5,9,13.8095,2.0,0,Home Win,0
2017,2,3,2.43027,13,6,5,11.2917,2.0,0,3,1.05616,13,4,7,8.3,2.0,0,Draw,1
2017,2,1,1.08334,16,4,6,10.9565,2.0,0,2,2.32753,14,5,3,10.0769,3.0,0,Away Win,2
2017,2,0,0.254379,3,1,3,12.7813,3.0,0,3,0.808262,12,7,7,9.8148,1.0,0,Away Win,2
2017,2,1,2.22208,15,6,6,17.4375,4.0,0,0,0.997525,15,4,4,7.2083,4.0,0,Home Win,0
2017,2,0,0.990251,22,4,3,7.0952,2.0,0,0,0.233872,5,3,4,20.375,2.0,0,Draw,1
2017,2,3,1.50276,6,4,4,14.5,3.0,0,0,1.65958,30,8,13,4.3478,2.0,1,Home Win,0
2017,2,1,2.28911,26,8,15,6.0952,1.0,0,3,2.92258,8,5,3,13.7727,4.0,0,Away Win,2
2017,2,1,2.50335,21,6,5,7.4074,1.0,0,0,0.110423,3,0,1,10.16,3.0,0,Home Win,0
2017,2,0,1.10661,13,2,7,5.6,1.0,0,1,1.71299,16,7,5,14.7059,6.0,0,Away Win,2
2017,2,1,0.732491,8,2,4,17.3077,1.0,0,3,2.31532,12,4,5,9.4286,1.0,0,Away Win,2
2017,2,0,0.218349,8,1,7,15.75,2.0,1,1,1.90004,26,7,10,6.0,2.0,0,Away Win,2
2017,2,2,1.36692,21,8,7,10.8077,2.0,0,3,1.37236,9,5,5,14.0,2.0,1,Away Win,2
2017,2,1,3.28348,15,5,8,6.6364,2.0,0,0,0.861192,12,3,4,9.6818,5.0,0,Home Win,0
2017,2,1,2.30701,22,8,3,10.5,2.0,0,0,1.93896,14,2,5,7.963,3.0,0,Home Win,0
2017,2,4,3.72101,19,6,10,7.0345,1.0,0,0,0.484935,8,2,3,13.6957,2.0,0,Home Win,0
2017,2,0,1.00845,23,5,7,9.7308,2.0,0,2,2.00292,11,7,4,14.1818,0.0,0,Away Win,2
2017,2,3,2.47201,14,9,2,14.6923,4.0,1,2,0.941485,6,2,2,8.3824,5.0,0,Home Win,0
2017,2,1,1.05639,9,4,1,17.6667,1.0,0,0,1.374,16,4,10,3.2,2.0,0,Home Win,0
2017,2,2,1.27858,15,4,9,8.0,4.0,0,2,1.23896,15,5,3,6.2083,2.0,0,Draw,1
2017,2,4,3.52607,27,10,7,8.1481,0.0,0,0,0.139542,3,0,1,15.7222,3.0,0,Home Win,0
2017,2,1,2.00238,25,6,5,6.6667,0.0,0,2,0.892556,4,3,3,12.3478,5.0,1,Away Win,2
2017,2,1,0.992802,18,9,7,14.1429,1.0,0,0,0.938785,9,3,1,5.3548,2.0,0,Home Win,0
2017,2,1,1.16067,12,3,8,10.2857,2.0,0,2,1.1276,7,4,0,9.5769,3.0,0,Away Win,2
2017,2,0,0.0944813,5,2,2,17.7917,1.0,0,1,1.38103,23,7,15,6.6667,2.0,0,Away Win,2
2017,2,1,1.9202,18,6,2,8.037,1.0,0,1,0.936294,8,4,5,17.8333,1.0,0,Draw,1
2017,2,1,0.0887547,3,1,6,13.2059,2.0,0,3,1.46511,18,8,6,10.8333,0.0,0,Away Win,2
2017,2,0,0.748664,10,3,10,7.1667,2.0,0,0,1.10057,11,4,8,13.9091,1.0,0,Draw,1
2017,2,1,1.67628,21,3,7,4.1034,1.0,0,1,1.07428,15,5,4,11.3636,2.0,0,Draw,1
2017,2,2,2.56298,20,8,11,6.0741,3.0,0,0,0.568105,9,2,3,16.0,4.0,0,Home Win,0
2017,2,0,1.00656,17,6,8,5.4286,1.0,0,0,0.0657217,3,1,3,9.1379,3.0,0,Draw,1
2017,2,1,1.19203,18,5,12,6.3333,1.0,0,2,0.808829,11,4,7,22.1429,3.0,1,Away Win,2
2017,2,3,2.01768,19,6,4,6.8966,1.0,0,0,0.961166,6,1,5,12.1154,2.0,0,Home Win,0
2017,2,1,1.96161,26,9,14,5.75,2.0,0,0,0.507195,8,2,0,17.4737,2.0,0,Home Win,0
2017,2,2,2.30418,24,9,5,6.6207,0.0,0,0,0.143203,3,1,1,44.5556,4.0,0,Home Win,0
2017,2,1,1.92605,23,4,7,8.8333,2.0,0,1,1.70975,13,4,5,10.32,3.0,0,Draw,1
2017,2,0,0.545571,9,2,5,16.0952,1.0,0,1,1.48755,16,2,3,8.5,2.0,0,Away Win,2
2017,2,2,2.23468,13,4,9,8.2143,2.0,0,5,2.24817,15,7,4,11.9545,3.0,0,Away Win,2
2017,2,3,1.64696,16,4,6,11.3333,1.0,0,2,1.02149,13,6,7,7.9259,1.0,1,Home Win,0
2017,2,1,0.700699,7,3,5,7.9091,3.0,0,0,0.831444,10,1,5,8.92,1.0,0,Home Win,0
2017,2,1,0.575517,11,6,5,12.7619,0.0,0,1,0.457693,9,1,5,13.619,1.0,0,Draw,1
2017,2,3,2.22876,8,6,5,8.9706,4.0,0,0,0.691554,4,1,3,10.65,2.0,0,Home Win,0
2017,2,5,1.16224,18,11,2,19.4737,1.0,0,1,0.362077,9,3,2,13.4231,0.0,0,Home Win,0
2017,2,0,1.03468,10,2,5,13.2174,1.0,1,3,0.827895,10,6,1,13.5,5.0,0,Away Win,2
2017,2,3,2.22125,13,9,7,7.2,1.0,0,1,1.91041,12,5,4,8.1852,2.0,0,Home Win,0
2017,2,1,1.40416,15,5,4,9.0833,1.0,0,0,0.0896265,3,0,3,14.8571,5.0,0,Home Win,0
2017,2,1,0.79774,12,3,5,7.375,5.0,1,2,1.89107,16,6,8,9.6316,4.0,1,Away Win,2
2017,2,0,0.439028,9,3,8,13.2273,0.0,0,1,1.114,12,3,7,6.8947,2.0,0,Away Win,2
2017,2,1,1.52145,17,7,6,12.8571,2.0,0,1,0.508088,7,1,5,10.8214,0.0,0,Draw,1
2017,2,1,0.39374,6,1,5,9.3333,2.0,0,1,1.10894,14,4,7,7.6897,3.0,0,Draw,1
2017,2,1,1.4057,18,6,6,7.4516,4.0,0,1,0.971251,9,4,7,7.7619,2.0,0,Draw,1
2017,2,0,0.944538,10,1,5,12.9565,2.0,1,3,2.23028,17,10,7,8.2727,0.0,0,Away Win,2
2017,2,3,2.29504,14,5,6,11.2381,2.0,0,0,0.241133,6,1,3,19.45,1.0,1,Home Win,0
2017,2,3,1.37346,9,4,7,13.2381,1.0,0,1,1.09985,9,4,3,25.6667,2.0,0,Home Win,0
2017,2,1,1.44376,13,6,9,5.8636,2.0,0,1,0.25283,6,3,4,24.6,2.0,1,Draw,1
2017,2,1,1.33588,28,6,11,2.4483,3.0,0,4,2.05696,8,5,3,12.4737,4.0,0,Away Win,2
2017,2,1,1.27704,12,3,4,12.6522,1.0,0,1,0.59501,10,6,6,6.3611,0.0,0,Draw,1
2017,2,0,0.0518957,1,1,2,23.0714,2.0,2,2,1.14852,16,7,4,6.3684,2.0,0,Away Win,2
2017,2,2,1.22642,11,5,4,14.7391,2.0,0,1,0.518186,12,4,3,11.1071,6.0,0,Home Win,0
2017,2,0,2.64554,19,8,10,4.4,2.0,0,1,1.55839,15,10,10,11.619,2.0,0,Away Win,2
2017,2,0,1.42125,19,2,10,7.0,2.0,0,1,0.229071,6,1,3,10.6,0.0,1,Away Win,2
2017,2,1,2.43411,25,4,10,6.8333,0.0,0,0,0.200403,4,0,3,9.2667,1.0,0,Home Win,0
2017,2,1,0.549538,11,2,7,6.037,1.0,0,1,0.856894,11,2,4,9.0857,3.0,0,Draw,1
2017,2,1,0.399545,9,4,4,13.15,2.0,0,2,0.841939,10,5,4,10.0,1.0,0,Away Win,2
2017,2,1,0.94123,22,5,8,7.24,0.0,0,2,0.82567,6,4,1,16.8947,1.0,0,Away Win,2
2017,2,1,0.837841,13,3,5,11.6522,2.0,0,1,0.815513,15,4,5,10.0385,2.0,1,Draw,1
2017,2,0,1.06833,14,4,4,22.2857,1.0,0,2,2.23408,17,5,5,9.6176,0.0,0,Away Win,2
2017,2,0,0.352803,9,1,4,7.05,3.0,0,1,1.78563,17,8,6,5.6774,1.0,1,Away Win,2
2017,2,7,2.66331,17,10,5,13.7647,0.0,0,0,0.234277,5,1,1,19.56,2.0,0,Home Win,0
2017,2,2,1.66604,12,4,6,6.1143,5.0,0,0,0.716004,10,3,3,10.0476,2.0,0,Home Win,0
2017,2,1,0.300982,9,3,6,5.5429,3.0,0,1,1.39071,13,5,4,11.4286,4.0,1,Draw,1
2017,2,1,0.847102,9,4,4,7.6429,4.0,0,1,1.37757,13,4,9,4.12,2.0,0,Draw,1
2017,2,5,2.51785,21,9,10,8.0938,0.0,0,2,0.711119,6,3,3,19.4,0.0,0,Home Win,0
2017,2,2,2.40325,15,5,7,6.9487,1.0,0,1,0.49514,8,4,2,11.4167,3.0,2,Home Win,0
2017,2,0,1.14214,15,1,4,9.1034,0.0,0,0,0.191184,5,2,2,13.2941,1.0,0,Draw,1
2017,2,0,0.278815,6,1,3,10.0417,1.0,0,1,0.578237,10,3,7,11.8333,1.0,0,Away Win,2
2017,2,2,4.1035,22,10,8,4.7632,1.0,0,0,0.374815,7,1,4,15.087,1.0,0,Home Win,0
2017,2,0,0.847934,12,2,2,5.525,4.0,0,2,0.51105,4,3,5,16.1905,3.0,0,Away Win,2
2017,2,4,2.0372,17,7,2,8.0667,0.0,0,1,0.791653,5,1,2,16.3636,3.0,0,Home Win,0
2017,2,0,0.482498,8,0,3,18.35,3.0,0,4,2.74648,21,9,5,9.0833,3.0,0,Away Win,2
2017,2,2,1.17651,14,7,7,11.1818,2.0,0,0,0.559418,11,0,3,7.24,1.0,0,Home Win,0
2017,2,2,0.524853,9,5,7,14.6471,2.0,0,1,0.593202,5,3,1,9.7391,3.0,0,Home Win,0
2017,2,2,1.05134,10,6,2,8.5263,1.0,0,1,2.88094,17,5,9,10.0571,4.0,1,Home Win,0
2017,2,1,2.05059,19,5,10,13.5,1.0,0,0,0.0688846,4,1,1,24.0556,4.0,0,Home Win,0
2017,2,3,1.29928,16,8,7,5.0385,5.0,0,2,2.14309,19,3,4,9.6207,2.0,0,Home Win,0
2017,2,1,0.397004,7,3,2,8.1538,2.0,0,1,1.46422,17,2,5,7.9394,6.0,1,Draw,1
2017,2,2,2.118,32,9,11,4.6667,0.0,0,0,0.122699,5,0,2,8.4643,1.0,0,Home Win,0
2017,2,2,1.04779,10,2,10,19.8235,0.0,0,0,0.887553,14,5,8,5.36,1.0,0,Home Win,0
2017,2,0,0.219651,6,3,2,10.7586,1.0,0,1,1.72939,8,3,3,12.5217,1.0,0,Away Win,2
2017,2,0,0.493872,8,3,2,10.75,3.0,0,2,1.48302,18,7,7,8.3462,1.0,0,Away Win,2
2017,2,1,1.96039,20,8,11,14.6667,1.0,0,0,0.612772,9,2,1,17.3529,3.0,0,Home Win,0
2017,2,2,0.761545,14,3,5,7.8065,2.0,0,1,1.47155,16,3,4,12.3333,2.0,0,Home Win,0
2017,2,2,0.982622,8,5,7,6.2941,3.0,0,1,1.06747,15,2,7,4.2353,1.0,0,Home Win,0
2017,2,2,1.23464,17,7,5,7.5217,1.0,0,3,1.32153,10,6,4,11.4783,4.0,0,Away Win,2
2017,2,0,0.31041,7,3,1,18.5652,2.0,0,5,3.09359,18,8,2,7.1724,1.0,0,Away Win,2
2017,2,0,0.617837,18,3,9,6.6098,0.0,0,2,1.88,10,5,3,26.2727,0.0,0,Away Win,2
2017,2,0,0.707073,14,3,4,20.72,3.0,1,3,1.38796,6,4,0,10.4167,3.0,1,Away Win,2
2017,2,2,1.7801,7,4,2,17.6471,2.0,0,0,0.801756,16,3,8,11.1905,0.0,0,Home Win,0
2017,2,2,1.66793,15,3,3,17.7857,3.0,0,0,0.336917,8,0,8,9.5526,5.0,1,Home Win,0
2017,2,2,0.8584,8,4,6,8.1579,2.0,0,0,0.397877,10,1,2,13.36,3.0,1,Home Win,0
2017,2,1,1.12385,14,5,9,6.2632,1.0,0,0,0.275085,5,2,10,6.7037,1.0,0,Home Win,0
2017,2,1,0.531256,11,1,4,4.4444,5.0,1,0,1.41355,6,0,4,11.4091,3.0,1,Home Win,0
2017,2,2,1.00038,8,2,4,10.9091,2.0,0,1,1.16045,9,4,3,9.4167,4.0,0,Home Win,0
2017,2,4,2.21903,9,5,3,7.8333,1.0,0,1,1.75277,12,2,3,15.5833,1.0,0,Home Win,0
2017,2,0,0.67339,13,4,5,10.0455,2.0,0,2,2.61683,15,4,6,8.3333,4.0,0,Away Win,2
2017,2,3,2.85956,22,15,9,5.7917,2.0,0,0,0.331417,3,0,2,11.7037,2.0,0,Home Win,0
2017,2,0,0.685911,13,3,7,22.2667,1.0,0,0,1.90098,14,2,4,10.3846,4.0,0,Draw,1
2017,2,0,0.184789,4,2,4,11.9722,3.0,0,1,1.026,6,1,4,7.88,2.0,0,Away Win,2
2017,2,2,2.29285,26,13,10,8.8846,1.0,0,4,1.74172,11,5,2,27.125,2.0,0,Away Win,2
2017,2,1,1.27115,16,1,10,6.3704,2.0,0,2,1.30892,10,3,7,9.8621,3.0,0,Away Win,2
2017,2,1,0.322371,6,2,2,6.6667,4.0,0,1,0.678786,12,4,1,20.0625,2.0,2,Draw,1
2017,2,0,0.455596,9,1,5,12.3043,3.0,0,1,1.0535,20,5,10,6.1379,0.0,0,Away Win,2
2017,2,1,1.72033,14,4,8,10.6774,2.0,0,0,1.20938,11,3,9,12.3333,3.0,0,Home Win,0
2017,2,1,0.178457,7,2,3,13.7222,4.0,0,0,0.882338,10,2,4,4.3793,6.0,0,Home Win,0
2017,2,2,1.5722,5,4,1,12.7308,2.0,0,2,0.785043,12,4,4,6.2963,4.0,0,Draw,1
2017,2,0,0.93351,9,2,3,27.9286,1.0,0,1,0.727087,14,7,3,10.5,0.0,0,Away Win,2
2017,2,0,0.163045,3,1,2,26.0952,1.0,0,0,0.769509,11,2,3,11.6923,3.0,0,Draw,1
2017,2,4,2.72118,14,8,3,15.0588,1.0,0,1,0.841065,11,2,10,6.4545,2.0,0,Home Win,0
2017,2,1,2.14168,14,4,9,8.7333,3.0,0,1,0.482303,6,2,3,7.1,3.0,0,Draw,1
2017,2,3,1.40112,15,5,13,10.6,1.0,0,0,0.914714,10,3,6,10.2593,2.0,0,Home Win,0
2017,2,2,2.08894,11,4,5,16.45,1.0,0,0,0.204469,5,1,3,23.3158,2.0,0,Home Win,0
2017,2,0,0.300035,6,0,4,18.4211,3.0,0,5,3.38236,24,11,4,9.1739,2.0,0,Away Win,2
2017,2,1,1.01292,21,4,5,6.6216,2.0,0,1,0.892032,10,3,3,25.9,2.0,0,Draw,1
2017,2,1,1.7768,15,4,5,10.0,2.0,0,2,1.76932,12,3,9,10.7931,2.0,0,Away Win,2
2017,2,3,3.36508,18,6,10,6.9048,3.0,0,2,0.899718,6,2,1,21.1579,5.0,0,Home Win,0
2017,2,1,0.535704,10,3,2,12.52,3.0,0,2,2.19267,13,5,3,9.56,3.0,0,Away Win,2
2017,2,1,1.62326,16,4,8,9.7273,1.0,0,0,1.01145,12,3,3,22.5,2.0,0,Home Win,0
2017,2,0,0.477502,10,2,7,16.1538,2.0,0,5,3.66236,15,8,9,11.75,1.0,0,Away Win,2
2017,2,0,0.0622804,3,0,3,16.6364,5.0,0,0,0.899948,12,3,7,8.2692,2.0,0,Draw,1
2017,2,0,0.475455,8,3,4,7.4444,0.0,0,2,2.47541,20,8,5,5.1714,0.0,0,Away Win,2
2017,2,1,0.271929,11,3,4,7.6667,1.0,0,2,0.887617,12,3,7,12.0,2.0,0,Away Win,2
2017,2,6,3.7189,27,14,8,5.2414,0.0,0,2,0.256318,6,3,2,23.9,4.0,1,Home Win,0
2017,2,2,1.58652,15,6,6,6.7576,4.0,0,0,0.228265,6,2,3,12.3571,5.0,1,Home Win,0
2017,2,3,3.15808,24,5,5,7.5217,1.0,0,0,0.353122,8,1,3,23.2857,3.0,1,Home Win,0
2017,2,3,0.636791,7,4,2,13.8571,1.0,0,1,1.08781,10,5,3,12.6552,3.0,0,Home Win,0
2017,2,1,1.83761,10,4,4,17.8095,5.0,0,1,2.10575,12,4,5,5.0,2.0,0,Draw,1
2017,2,1,0.295563,6,1,3,12.9167,3.0,0,1,2.46445,17,5,11,8.75,1.0,0,Draw,1
2017,2,2,0.278412,7,4,2,16.15,3.0,0,1,2.07501,15,7,6,11.6471,2.0,0,Home Win,0
2017,2,1,2.69081,15,2,7,6.4054,4.0,0,1,0.270034,7,4,2,10.8333,2.0,1,Draw,1
2017,2,0,1.26755,9,2,5,9.4783,0.0,0,4,2.72771,13,6,7,6.2609,1.0,0,Away Win,2
2017,2,2,2.66334,23,7,10,8.1364,1.0,0,0,0.403796,9,2,6,18.05,2.0,0,Home Win,0
2017,2,1,0.592739,8,4,3,10.1818,3.0,0,1,1.44923,18,6,3,4.2821,2.0,0,Draw,1
2017,2,1,0.528795,6,5,1,12.4286,2.0,0,0,0.674667,11,1,5,6.6,4.0,0,Home Win,0
2017,2,1,1.00114,11,4,2,6.963,4.0,0,0,0.526273,10,3,9,7.7273,1.0,0,Home Win,0
2017,2,2,3.83361,33,12,14,5.9048,2.0,0,1,0.210644,4,2,0,32.0,3.0,0,Home Win,0
2017,2,0,1.72233,25,8,9,4.4,4.0,0,2,0.631754,3,2,1,20.2308,2.0,0,Away Win,2
2017,2,0,0.772801,18,4,5,8.75,1.0,0,0,0.251177,7,2,1,17.2273,2.0,0,Draw,1
2017,2,1,1.49351,10,3,1,18.4118,2.0,0,0,0.8992,15,8,16,6.4194,3.0,0,Home Win,0
2017,2,2,1.87275,16,6,9,25.5,0.0,0,4,2.4609,15,5,2,9.6,1.0,0,Away Win,2
2017,2,1,0.775993,10,3,5,16.4545,0.0,0,2,1.19356,14,4,5,12.375,2.0,0,Away Win,2
2017,2,1,1.99213,22,8,12,3.24,3.0,0,1,0.290679,8,3,3,21.1176,2.0,0,Draw,1
2017,2,2,1.34736,15,3,7,11.7879,3.0,0,2,1.46303,10,2,1,5.3,2.0,0,Draw,1
2017,2,1,1.81263,18,5,5,8.2903,2.0,0,0,0.586095,10,1,4,6.4516,3.0,0,Home Win,0
2017,2,2,1.02998,14,6,3,5.6774,3.0,0,0,0.570592,8,1,4,5.5625,2.0,0,Home Win,0
2017,2,0,1.2701,16,4,8,10.9333,4.0,0,0,1.05699,11,2,4,16.9286,2.0,0,Draw,1
2017,2,0,0.614641,13,2,11,32.7692,2.0,0,0,1.36434,15,4,8,18.35,2.0,0,Draw,1
2017,2,0,0.630028,7,1,7,8.6923,4.0,1,0,0.698758,10,1,2,7.45,2.0,0,Draw,1
2017,2,3,2.34747,16,5,6,19.8333,2.0,0,0,0.809319,8,3,8,20.2,0.0,0,Home Win,0
2017,2,0,2.31936,24,6,8,5.3667,2.0,0,0,0.473916,4,1,4,30.2,2.0,0,Draw,1
2017,2,0,0.55779,6,0,4,15.087,2.0,1,0,0.720502,12,3,4,13.0667,0.0,0,Draw,1
2017,2,2,1.09001,12,3,7,7.2,2.0,0,1,1.19657,7,1,3,16.5385,3.0,0,Home Win,0
2017,2,0,0.744028,12,4,6,9.1,2.0,0,3,3.74372,12,8,1,7.1538,2.0,0,Away Win,2
2017,2,1,1.34472,16,2,6,10.15,1.0,0,0,0.323038,10,2,6,13.3158,3.0,0,Home Win,0
2017,2,4,2.35054,20,9,10,9.8,1.0,0,0,0.0,0,0,2,30.3333,1.0,0,Home Win,0
2017,2,0,0.32401,9,1,6,8.375,1.0,0,0,0.59648,6,0,2,9.7692,2.0,0,Draw,1
2017,2,2,1.8202,15,6,7,8.7083,0.0,0,1,0.814579,5,1,3,18.1176,1.0,0,Home Win,0
2017,2,1,0.514302,9,3,2,19.6,1.0,0,1,0.653818,13,4,7,5.6364,2.0,0,Draw,1
2017,2,3,1.32723,13,6,0,11.1905,3.0,1,4,1.60459,17,8,8,5.0882,2.0,1,Away Win,2
2017,2,1,1.4414,12,5,6,12.1667,4.0,1,1,0.504024,9,5,6,14.6111,3.0,0,Draw,1
2017,2,0,0.394404,9,2,6,6.0345,3.0,0,1,1.91147,15,5,5,10.1538,4.0,0,Away Win,2
2017,2,4,1.43755,18,9,8,8.625,1.0,0,2,2.28648,19,5,7,19.0476,2.0,0,Home Win,0
2017,2,0,1.07233,21,6,4,6.2286,2.0,0,1,0.449416,5,1,1,38.0,4.0,1,Away Win,2
2017,2,0,1.15356,13,2,7,10.0,3.0,0,0,0.537224,5,2,1,11.1111,5.0,0,Draw,1
2017,2,1,0.693507,15,6,6,6.2258,2.0,0,2,0.504925,11,2,5,8.5,0.0,0,Away Win,2
2017,2,1,0.722432,10,6,4,7.4,6.0,0,0,0.293073,6,1,2,6.8,4.0,1,Home Win,0
2017,2,3,1.5438,18,8,8,17.5882,2.0,0,1,1.55144,13,3,2,13.3333,3.0,0,Home Win,0
2017,2,1,1.37033,13,6,4,12.6563,1.0,0,2,1.76802,11,5,10,12.625,1.0,0,Away Win,2
2017,2,0,0.208482,4,0,3,21.5,3.0,0,1,0.996321,12,4,3,8.6471,1.0,0,Away Win,2
2017,2,0,0.230789,6,3,2,20.6875,4.0,0,3,1.40551,14,7,3,7.2727,1.0,0,Away Win,2
2017,2,4,2.64031,16,10,8,10.4138,1.0,0,0,0.281901,6,2,4,11.6842,2.0,0,Home Win,0
2017,2,2,2.30835,22,8,11,5.8182,2.0,0,1,0.588998,10,1,4,8.0455,2.0,0,Home Win,0
2017,2,4,3.15024,15,6,6,16.8571,1.0,0,1,1.08402,6,2,2,17.25,7.0,1,Home Win,0
2017,2,4,1.67454,15,7,3,16.2143,2.0,1,1,1.43295,12,6,7,17.2778,2.0,0,Home Win,0
2017,2,3,1.56033,13,6,1,11.3448,3.0,0,1,1.1476,12,3,7,19.3125,1.0,0,Home Win,0
2017,2,2,0.627335,10,5,2,26.0,2.0,1,3,1.35876,13,4,8,10.12,5.0,0,Away Win,2
2017,2,0,0.334166,8,2,3,10.8421,2.0,0,1,2.82005,16,6,6,12.4783,3.0,0,Away Win,2
2017,2,1,0.414219,12,7,7,19.3158,1.0,0,2,1.38646,9,4,1,15.1176,1.0,0,Away Win,2
2017,2,3,2.52311,28,10,2,7.5946,3.0,0,0,0.0969483,4,1,3,19.8824,5.0,1,Home Win,0
2017,2,3,1.67032,12,6,4,13.6667,4.0,1,3,2.76558,14,6,4,5.8571,3.0,0,Draw,1
2017,2,1,1.04768,11,5,1,8.72,2.0,0,3,1.27137,17,6,8,4.7838,3.0,0,Away Win,2
2017,2,4,2.39348,11,7,4,16.3158,3.0,0,1,1.32315,14,6,6,8.6,1.0,0,Home Win,0
2017,2,1,1.52503,13,2,6,11.5862,3.0,0,1,2.95623,20,6,9,8.75,2.0,0,Draw,1
2017,2,2,1.83046,6,4,1,18.5263,2.0,0,0,0.345937,12,3,4,4.1538,2.0,0,Home Win,0
2017,2,3,2.03946,15,6,5,7.2857,2.0,0,1,1.21966,6,3,2,17.0385,3.0,0,Home Win,0
2017,2,2,0.831918,11,3,8,11.7826,5.0,0,1,1.06513,13,3,4,5.037,1.0,0,Home Win,0
2017,2,2,2.27395,7,3,3,16.8667,2.0,2,3,1.73002,19,10,7,6.0,6.0,0,Away Win,2
2017,2,4,1.18751,17,10,5,16.1875,1.0,0,1,0.258033,8,2,4,25.5,0.0,0,Home Win,0
2017,2,0,0.926641,9,2,5,16.7368,1.0,1,4,1.73111,24,11,9,8.619,0.0,0,Away Win,2
2017,2,0,1.01318,12,3,9,7.9259,4.0,0,1,0.857005,9,1,3,8.2105,1.0,0,Away Win,2
2017,2,1,0.729512,17,7,9,12.2667,1.0,0,0,0.0270339,2,0,6,4.9615,1.0,0,Home Win,0
2017,2,2,1.88615,19,5,4,9.4231,1.0,0,2,0.313306,5,2,2,19.25,4.0,0,Draw,1
2017,2,0,0.465256,14,0,11,2.9259,3.0,1,1,2.13128,14,2,5,8.2414,4.0,0,Away Win,2
2017,2,1,1.70476,7,3,2,7.2174,1.0,0,2,2.14622,13,7,7,13.2778,4.0,0,Away Win,2
2017,2,1,1.85241,14,3,6,6.25,1.0,0,0,1.07966,13,5,3,13.0769,1.0,0,Home Win,0
2017,2,0,0.393701,9,2,4,12.8387,2.0,1,0,0.200458,7,0,3,19.0667,2.0,0,Draw,1
2017,2,2,0.911544,6,3,2,9.0323,1.0,0,2,2.57237,18,7,9,6.0455,3.0,0,Draw,1
2017,2,1,2.08868,24,5,3,7.6364,6.0,1,1,0.161478,5,2,8,11.5294,6.0,1,Draw,1
2017,2,0,0.426726,11,2,3,16.4815,2.0,0,2,0.956053,17,9,12,9.3214,2.0,0,Away Win,2
2017,2,1,1.89115,16,8,16,5.2917,1.0,0,2,1.19663,13,5,2,27.0,2.0,0,Away Win,2
2017,2,2,1.86446,18,10,4,5.2083,2.0,0,1,0.633372,10,4,6,17.0,5.0,0,Home Win,0
2017,2,0,0.799674,10,1,3,6.8636,2.0,0,1,2.37498,13,5,5,9.9565,2.0,0,Away Win,2
2017,2,1,0.734198,6,4,5,19.0625,3.0,0,0,1.25694,12,4,11,10.0,1.0,0,Home Win,0
2017,2,1,0.744593,8,5,2,14.6452,1.0,0,0,0.663029,12,1,4,4.8,0.0,0,Home Win,0
2017,2,1,1.52496,20,5,10,23.8462,0.0,0,0,0.391913,8,5,2,9.3636,2.0,0,Home Win,0
2017,2,2,1.72715,19,9,6,9.6667,0.0,0,1,0.229369,9,4,9,28.4118,0.0,0,Home Win,0
2017,2,5,1.81706,17,10,6,14.381,2.0,0,1,0.670035,10,3,1,16.8,1.0,1,Home Win,0
2017,2,2,2.70384,26,13,11,6.7917,0.0,0,1,0.338847,9,3,5,12.1786,2.0,0,Home Win,0
2017,2,2,1.47009,14,4,10,20.9375,5.0,2,3,2.13248,15,6,4,5.6897,4.0,0,Away Win,2
2017,2,0,0.979805,16,3,5,11.5,1.0,0,1,1.16293,15,6,9,6.625,1.0,0,Away Win,2
2017,2,3,2.05896,17,7,5,15.7778,1.0,0,1,0.75338,9,3,3,26.875,4.0,0,Home Win,0
2017,2,1,1.10457,12,2,7,11.6316,1.0,0,2,1.25181,4,2,3,11.2857,3.0,0,Away Win,2
2017,4,1,1.32428,14,3,4,6.2069,0.0,0,0,0.993213,9,5,2,8.0,1.0,0,Home Win,0
2017,4,1,1.60532,22,6,5,9.9032,3.0,0,0,0.219158,5,4,2,12.2632,3.0,1,Home Win,0
2017,4,2,1.82363,16,5,5,10.9545,3.0,0,3,1.97071,13,6,4,14.8889,1.0,0,Away Win,2
2017,4,2,2.57496,13,6,6,9.36,2.0,0,2,0.847485,9,3,0,16.375,4.0,1,Draw,1
2017,4,1,2.52013,9,4,7,6.6667,2.0,1,1,1.09286,9,6,3,15.5,4.0,0,Draw,1
2017,4,0,1.10938,13,2,7,4.5333,1.0,0,0,0.335335,8,2,6,9.1176,3.0,1,Draw,1
2017,4,2,1.30926,15,2,8,8.25,2.0,0,0,0.150503,3,0,0,17.8947,1.0,0,Home Win,0
2017,4,0,1.48262,12,6,4,13.0,5.0,0,3,2.38821,16,8,4,6.5417,1.0,1,Away Win,2
2017,4,1,1.27973,14,3,11,12.25,1.0,0,0,0.454109,8,1,6,7.7368,3.0,0,Home Win,0
2017,4,0,0.913442,10,4,3,9.3529,2.0,0,1,1.4766,13,6,7,10.0385,3.0,0,Away Win,2
2017,4,3,2.80119,15,9,10,9.3158,2.0,0,0,0.121682,6,1,4,9.4074,2.0,0,Home Win,0
2017,4,2,1.5432,10,3,4,10.1154,2.0,0,1,0.261415,9,1,6,13.3125,2.0,0,Home Win,0
2017,4,0,0.635924,11,2,1,17.7222,2.0,0,2,2.68718,23,11,14,7.5217,3.0,0,Away Win,2
2017,4,0,1.29777,15,2,9,10.4118,3.0,0,1,1.22097,12,8,1,10.875,3.0,0,Away Win,2
2017,4,0,1.47212,15,3,7,6.6667,0.0,0,1,1.21647,6,3,5,8.0588,1.0,0,Away Win,2
2017,4,0,1.1133,14,5,4,5.4286,1.0,1,1,1.35304,9,4,3,9.9565,1.0,0,Away Win,2
2017,4,1,1.66954,15,4,2,7.1,3.0,0,0,0.325871,7,2,3,7.7826,4.0,0,Home Win,0
2017,4,1,1.38892,11,4,4,6.8621,4.0,0,5,0.510608,8,6,2,12.1481,1.0,0,Away Win,2
2017,4,2,3.38691,22,6,13,9.4118,3.0,0,2,0.90594,7,3,4,14.6667,5.0,0,Draw,1
2017,4,2,2.40085,24,5,6,8.125,0.0,1,2,0.814208,11,4,5,15.9167,2.0,0,Draw,1
2017,4,1,3.18354,18,10,13,6.2727,2.0,1,1,0.757405,5,2,3,14.85,3.0,0,Draw,1
2017,4,2,1.1079,11,4,5,6.6216,1.0,0,4,2.02187,15,4,7,6.2083,3.0,0,Away Win,2
2017,4,3,1.59207,14,7,4,19.7143,3.0,0,1,0.816093,8,3,3,15.8889,0.0,0,Home Win,0
2017,4,1,2.63491,20,3,9,4.3548,4.0,0,0,0.491165,5,3,4,20.0,4.0,0,Home Win,0
2017,4,5,5.54505,20,9,8,5.0625,1.0,0,0,0.752988,9,1,7,15.9,5.0,0,Home Win,0
2017,4,1,1.55919,11,7,2,4.2963,1.0,0,2,0.392931,10,2,4,6.3529,2.0,0,Away Win,2
2017,4,3,2.84122,12,6,6,8.9474,1.0,0,0,0.690659,7,2,5,8.0789,1.0,0,Home Win,0
2017,4,2,1.72422,7,4,6,8.2,4.0,0,0,0.314128,12,7,4,6.6563,6.0,0,Home Win,0
2017,4,1,0.904978,14,6,3,6.9429,4.0,0,3,1.89906,10,8,2,10.4286,2.0,0,Away Win,2
2017,4,0,0.702521,11,0,4,10.037,1.0,0,0,0.638366,13,4,3,10.35,0.0,0,Draw,1
2017,4,1,0.939192,9,2,1,10.08,2.0,0,1,1.8854,13,5,3,7.087,1.0,0,Draw,1
2017,4,1,0.375385,10,5,4,9.6154,3.0,0,3,2.88229,18,6,6,11.875,2.0,0,Away Win,2
2017,4,2,2.73624,17,7,6,7.6364,2.0,0,1,0.377717,12,3,4,8.28,3.0,0,Home Win,0
2017,4,0,0.487809,16,2,2,11.25,2.0,0,3,2.14034,16,6,3,7.5806,2.0,0,Away Win,2
2017,4,2,0.707575,9,3,3,13.931,1.0,0,1,0.857512,11,1,5,8.3889,4.0,0,Home Win,0
2017,4,1,0.956195,13,4,3,16.9524,2.0,0,2,0.53587,7,5,4,5.5217,4.0,0,Away Win,2
2017,4,1,0.383513,10,4,8,3.375,2.0,0,0,0.236029,5,2,1,5.3077,5.0,0,Home Win,0
2017,4,0,1.90439,14,0,8,12.0741,2.0,0,1,1.35514,13,8,1,6.7188,5.0,0,Away Win,2
2017,4,1,0.895334,12,3,7,8.16,2.0,0,0,1.10686,11,5,6,8.1515,3.0,0,Home Win,0
2017,4,1,1.54645,17,4,8,7.2593,2.0,0,0,0.438352,9,4,4,13.6538,2.0,0,Home Win,0
2017,4,3,1.78708,13,9,3,26.9167,2.0,0,0,0.570261,13,3,6,8.6667,0.0,1,Home Win,0
2017,4,0,3.39115,27,7,12,7.7931,0.0,0,1,1.21251,12,4,3,14.4706,3.0,0,Away Win,2
2017,4,1,1.93585,15,3,5,9.2308,0.0,0,0,0.21606,8,3,2,8.8214,2.0,0,Home Win,0
2017,4,0,1.91885,14,5,5,9.2857,5.0,0,0,0.992677,10,3,5,15.8947,2.0,0,Draw,1
2017,4,1,0.732797,8,4,3,5.4783,2.0,0,1,0.743449,10,3,2,9.9444,4.0,0,Draw,1
2017,4,6,2.58774,11,10,7,29.0,0.0,0,1,0.962105,13,4,7,11.9697,2.0,0,Home Win,0
2017,4,0,0.470624,12,1,6,4.6786,2.0,0,0,1.24121,10,0,3,9.7727,3.0,0,Draw,1
2017,4,1,1.38776,14,9,12,6.9459,2.0,0,0,0.370691,6,0,0,17.3158,2.0,0,Home Win,0
2017,4,1,1.715,12,7,6,7.7857,0.0,0,2,2.30016,16,9,0,20.5714,2.0,0,Away Win,2
2017,4,5,3.40858,16,11,4,11.35,0.0,0,0,0.817228,11,2,9,14.8421,1.0,0,Home Win,0
2017,4,2,1.25293,18,6,7,9.5714,3.0,1,3,1.87637,13,4,6,22.9,7.0,1,Away Win,2
2017,4,4,2.23701,14,6,6,7.4,1.0,0,0,0.383336,8,1,3,24.8333,0.0,0,Home Win,0
2017,4,1,0.703287,8,3,5,12.2,5.0,0,2,2.7181,21,8,13,5.0,2.0,0,Away Win,2
2017,4,4,3.02613,17,5,4,9.3448,1.0,0,1,1.40609,21,6,6,16.8889,2.0,0,Home Win,0
2017,4,4,2.32209,17,8,7,10.875,1.0,0,0,1.04045,6,1,4,7.1579,4.0,0,Home Win,0
2017,4,0,1.06999,9,0,4,8.7,2.0,0,4,1.13361,11,6,4,15.5,1.0,0,Away Win,2
2017,4,0,0.90657,13,2,9,11.3548,3.0,0,3,1.28645,9,5,3,10.0,0.0,0,Away Win,2
2017,4,0,0.855521,8,3,3,7.3333,1.0,0,2,1.5876,9,3,2,13.0606,3.0,0,Away Win,2
2017,4,2,1.54213,13,4,7,15.9048,4.0,0,0,0.370195,11,0,6,5.5588,3.0,0,Home Win,0
2017,4,3,2.36068,16,7,5,9.8214,7.0,1,3,1.93264,8,7,1,8.84,2.0,0,Draw,1
2017,4,4,1.99991,18,6,12,13.5333,3.0,0,4,2.06359,10,6,5,11.0435,3.0,0,Draw,1
2017,4,0,1.02629,13,0,8,15.3636,2.0,0,2,2.5346,8,3,4,14.0,4.0,0,Away Win,2
2017,4,2,3.02561,23,8,10,8.4444,2.0,0,0,0.278294,8,3,3,19.625,2.0,0,Home Win,0
2017,4,2,2.41777,15,9,8,5.6,6.0,0,1,1.54261,10,3,5,7.6452,3.0,0,Home Win,0
2017,4,3,2.76075,12,6,6,5.6667,2.0,0,0,0.539665,8,0,3,15.1053,1.0,0,Home Win,0
2017,4,3,2.56272,16,9,5,8.8947,2.0,0,3,1.32391,9,5,6,13.5357,5.0,0,Draw,1
2017,4,3,4.83674,22,10,8,13.6154,5.0,0,0,0.684959,11,1,3,14.9444,1.0,0,Home Win,0
2017,4,0,0.421294,7,3,2,14.4583,2.0,0,0,0.545341,11,2,6,5.1471,1.0,0,Draw,1
2017,4,2,2.50129,12,5,4,5.2258,2.0,0,0,0.429422,10,3,6,13.4167,1.0,0,Home Win,0
2017,4,3,2.6265,10,6,2,11.4583,3.0,0,2,2.60881,16,6,8,4.3182,4.0,0,Home Win,0
2017,4,3,2.25048,13,6,7,8.0741,1.0,0,6,1.95165,13,9,5,15.1429,4.0,0,Away Win,2
2017,4,0,0.544525,8,0,4,18.2857,1.0,0,2,0.875381,13,6,9,5.3,1.0,0,Away Win,2
2017,4,1,1.12259,15,2,6,7.2941,5.0,0,0,1.79545,14,6,6,7.1111,5.0,0,Home Win,0
2017,4,0,2.47349,21,6,9,8.1667,2.0,0,0,0.91221,13,3,4,11.6667,3.0,0,Draw,1
2017,4,1,0.855336,8,3,4,10.7143,2.0,0,2,2.22268,16,6,7,3.7241,3.0,0,Away Win,2
2017,4,0,0.565592,12,3,10,7.4583,2.0,0,0,0.470714,8,2,1,11.1667,2.0,0,Draw,1
2017,4,1,1.77848,26,5,8,10.9565,3.0,0,2,1.23084,10,3,1,8.3462,4.0,0,Away Win,2
2017,4,2,1.90333,24,11,14,10.7368,2.0,0,5,1.68838,14,7,3,17.1333,1.0,1,Away Win,2
2017,4,1,0.334059,5,4,2,26.4545,3.0,0,1,1.61922,15,7,1,6.4074,2.0,0,Draw,1
2017,4,0,1.13838,13,5,4,6.4583,4.0,1,2,1.93807,19,9,2,6.5,3.0,0,Away Win,2
2017,4,2,0.783724,12,5,6,7.15,2.0,0,0,0.618409,7,3,5,21.4118,2.0,0,Home Win,0
2017,4,1,1.93154,15,6,9,6.8696,3.0,0,2,1.63012,13,6,7,13.0,8.0,0,Away Win,2
2017,4,3,1.54139,15,7,5,19.4545,1.0,0,0,0.359568,9,2,2,12.3571,1.0,0,Home Win,0
2017,4,1,0.639709,5,1,3,5.0645,1.0,0,1,0.822573,9,5,2,5.8857,3.0,0,Draw,1
2017,4,1,1.33975,19,5,10,8.3333,4.0,1,1,0.610458,4,1,1,14.6957,4.0,0,Draw,1
2017,4,4,1.72867,18,8,7,12.9375,2.0,0,0,0.879816,18,5,10,8.2069,4.0,0,Home Win,0
2017,4,1,0.800353,16,4,4,17.3571,3.0,0,0,0.726155,7,1,3,4.5484,4.0,0,Home Win,0
2017,4,2,2.19062,12,4,4,7.4,1.0,0,0,0.629202,13,5,3,25.0625,4.0,0,Home Win,0
2017,4,0,0.895385,19,8,4,7.2083,3.0,0,1,1.14703,4,2,4,14.2083,5.0,0,Away Win,2
2017,4,4,2.72022,25,9,9,8.0588,1.0,0,0,0.823505,16,5,6,15.4211,5.0,0,Home Win,0
2017,4,1,0.629433,16,6,6,6.5946,5.0,0,2,1.06744,7,2,4,5.2,1.0,0,Away Win,2
2017,4,1,0.731922,10,4,5,10.4516,2.0,0,0,0.378493,9,4,3,8.2609,5.0,0,Home Win,0
2017,4,2,1.95098,10,5,8,8.6667,3.0,0,1,1.14607,15,4,7,11.3846,2.0,0,Home Win,0
2017,4,2,1.41711,16,6,6,5.0417,1.0,0,2,0.90967,3,2,2,18.1875,3.0,0,Draw,1
2017,4,2,2.26046,15,4,2,7.4762,2.0,0,1,1.58248,15,6,7,7.36,1.0,0,Home Win,0
2017,4,1,0.546481,13,5,8,10.8824,1.0,0,3,1.90215,15,5,5,11.7059,1.0,0,Away Win,2
2017,4,1,1.49933,18,6,11,8.1176,0.0,0,1,0.678299,12,4,6,7.0667,4.0,0,Draw,1
2017,4,2,2.03731,15,4,4,13.069,2.0,0,1,1.07069,10,2,1,7.0,3.0,0,Home Win,0
2017,4,0,0.880742,17,5,6,7.8158,1.0,0,2,2.49124,17,5,4,8.55,4.0,0,Away Win,2
2017,4,2,1.73468,9,5,5,5.1538,0.0,0,1,1.02702,10,1,6,13.0,3.0,0,Home Win,0
2017,4,1,1.01634,17,6,3,9.5,7.0,0,0,0.684307,9,3,8,7.4737,2.0,1,Home Win,0
2017,4,2,0.83579,15,4,4,6.1176,2.0,0,2,0.828956,9,2,6,13.5172,6.0,0,Draw,1
2017,4,3,2.41358,10,6,3,9.5455,0.0,0,1,0.275872,9,5,6,8.0294,3.0,0,Home Win,0
2017,4,1,0.648662,7,4,7,14.0,3.0,0,2,1.61579,10,5,2,12.8889,4.0,0,Away Win,2
2017,4,3,2.53038,27,9,9,8.3333,2.0,0,0,0.127029,2,1,2,21.7143,1.0,0,Home Win,0
2017,4,0,0.420272,14,1,4,10.45,4.0,0,1,0.493918,11,3,4,8.28,2.0,0,Away Win,2
2017,4,2,1.19462,14,3,6,5.7143,2.0,0,0,0.594488,10,2,4,10.68,4.0,0,Home Win,0
2017,4,3,1.22047,11,5,3,10.1905,2.0,0,1,1.26285,14,5,6,6.7838,3.0,0,Home Win,0
2017,4,2,1.95413,18,6,3,12.6538,1.0,0,1,0.354156,8,3,3,12.72,0.0,0,Home Win,0
2017,4,3,2.31415,13,7,4,8.4444,1.0,0,0,1.32036,13,6,7,11.7879,2.0,0,Home Win,0
2017,4,0,1.14765,13,4,3,8.1053,0.0,0,2,1.27213,9,4,4,7.4063,4.0,0,Away Win,2
2017,4,4,4.07057,13,8,4,10.5909,3.0,0,1,0.613023,11,5,5,5.7241,3.0,0,Home Win,0
2017,4,5,2.62321,17,7,5,11.2813,2.0,0,0,0.689499,4,0,2,21.0,2.0,1,Home Win,0
2017,4,1,1.12751,14,4,3,5.2632,4.0,0,1,1.34745,14,5,6,10.7619,2.0,0,Draw,1
2017,4,0,0.935842,10,5,3,7.68,1.0,0,2,1.0123,11,6,5,8.1053,4.0,0,Away Win,2
2017,4,0,0.745518,7,1,7,10.9143,6.0,0,0,1.41229,14,3,9,7.7273,2.0,0,Draw,1
2017,4,3,1.7392,14,5,5,8.4839,4.0,0,2,1.29498,12,4,4,8.48,5.0,0,Home Win,0
2017,4,1,1.01556,15,3,9,11.2609,1.0,0,1,1.41304,7,4,7,6.7727,3.0,0,Draw,1
2017,4,2,1.48193,12,5,1,7.65,3.0,0,1,2.34863,11,5,2,12.8261,2.0,0,Home Win,0
2017,4,0,1.3156,18,7,6,9.8718,1.0,0,3,2.59365,11,7,3,5.9048,2.0,0,Away Win,2
2017,4,1,1.26709,10,5,6,6.7692,3.0,0,0,0.836933,7,4,4,7.8148,6.0,0,Home Win,0
2017,4,1,0.401289,6,2,2,8.8636,7.0,1,2,1.08957,11,6,5,4.0,3.0,1,Away Win,2
2017,4,2,1.20945,12,6,3,9.6842,2.0,0,2,1.43823,13,7,5,9.3333,1.0,0,Draw,1
2017,4,2,2.02953,16,3,11,7.0698,4.0,1,2,2.05048,8,7,3,10.75,3.0,0,Draw,1
2017,4,0,1.15009,17,2,2,13.3704,2.0,0,5,2.88458,16,11,3,11.2083,1.0,0,Away Win,2
2017,4,3,3.0172,16,9,6,7.3571,1.0,0,2,0.540736,9,3,0,13.1364,2.0,0,Home Win,0
2017,4,2,1.95643,14,4,5,10.3,4.0,0,2,1.59171,10,3,2,7.129,1.0,0,Draw,1
2017,4,2,2.07496,19,4,6,11.2963,4.0,1,3,1.8245,15,4,6,8.8966,3.0,0,Away Win,2
2017,4,1,1.34321,14,7,3,10.4737,2.0,0,0,0.907445,9,2,4,14.7143,3.0,0,Home Win,0
2017,4,1,1.30897,8,1,3,12.2333,4.0,0,1,0.904581,12,8,9,4.5143,0.0,0,Draw,1
2017,4,1,0.910193,11,3,5,8.64,8.0,1,0,0.615671,13,6,12,3.5789,4.0,0,Home Win,0
2017,4,3,1.70062,10,5,3,4.2571,3.0,0,1,0.266091,6,4,2,9.8,3.0,0,Home Win,0
2017,4,2,0.421084,11,3,6,8.72,1.0,0,3,1.71192,9,4,5,13.8182,2.0,0,Away Win,2
2017,4,1,2.48469,21,7,6,8.4375,1.0,0,0,0.35231,8,2,4,12.5556,7.0,1,Home Win,0
2017,4,2,3.06079,16,10,5,5.5,1.0,0,1,1.81521,10,2,6,12.4211,2.0,0,Home Win,0
2017,4,0,0.863467,18,2,7,4.9615,1.0,0,0,0.444647,3,3,2,15.8333,3.0,0,Draw,1
2017,4,0,1.34381,11,4,3,11.0625,2.0,0,0,1.88247,19,4,5,7.4783,5.0,1,Draw,1
2017,4,2,1.53443,10,6,6,10.1364,1.0,0,0,0.658203,12,3,7,12.037,3.0,0,Home Win,0
2017,4,3,1.22856,12,5,5,16.2941,2.0,0,1,0.948796,12,4,6,6.6111,4.0,0,Home Win,0
2017,4,2,3.8047,21,7,4,8.1935,3.0,0,2,1.54959,10,5,1,18.2,6.0,0,Draw,1
2017,4,0,0.267913,6,3,9,9.0,1.0,0,0,0.906043,7,1,7,5.2692,4.0,0,Draw,1
2017,4,0,0.348241,8,3,8,10.4,1.0,0,1,1.5012,12,5,6,9.913,3.0,0,Away Win,2
2017,4,2,3.731,22,9,8,10.2162,2.0,0,0,0.279196,6,1,3,6.3333,0.0,0,Home Win,0
2017,4,0,0.27905,9,4,3,3.5667,4.0,0,1,0.789744,4,2,2,14.75,3.0,0,Away Win,2
2017,4,0,1.71766,18,2,5,6.1429,1.0,0,2,1.85567,9,5,0,12.2609,1.0,0,Away Win,2
2017,4,1,1.1149,12,3,8,7.0476,3.0,0,2,1.98411,14,3,6,9.96,3.0,0,Away Win,2
2017,4,5,3.5353,21,8,9,13.7895,0.0,0,0,0.381749,10,3,3,17.4211,2.0,0,Home Win,0
2017,4,1,0.916437,16,4,6,6.6129,4.0,0,0,0.118966,3,0,1,10.3478,4.0,0,Home Win,0
2017,4,0,0.677295,9,5,2,13.8276,2.0,1,2,3.67543,16,6,4,7.1724,1.0,0,Away Win,2
2017,4,2,1.36901,13,7,10,10.7778,2.0,0,1,1.12881,13,5,2,6.0,5.0,0,Home Win,0
2017,4,0,1.07205,18,2,3,10.0,2.0,1,2,1.97464,10,4,4,7.32,2.0,0,Away Win,2
2017,4,0,0.882659,10,3,2,8.1481,1.0,0,1,0.692275,8,5,2,14.6667,3.0,0,Away Win,2
2017,4,2,0.808252,14,3,5,6.5517,1.0,0,1,1.09896,7,3,6,9.1111,4.0,0,Home Win,0
2017,4,1,0.372216,9,2,1,6.45,2.0,0,0,0.263352,7,0,7,6.5,6.0,0,Home Win,0
2017,4,2,1.47394,14,5,9,12.7895,3.0,0,2,2.13177,8,3,2,9.925,3.0,0,Draw,1
2017,4,1,1.04076,10,4,4,4.5152,3.0,0,0,0.566869,11,0,4,12.25,4.0,0,Home Win,0
2017,4,0,0.880943,7,2,6,9.9,3.0,0,0,0.474349,10,2,6,9.3889,0.0,0,Draw,1
2017,4,0,2.43666,16,6,8,5.0714,2.0,0,0,1.11964,10,2,5,9.963,3.0,0,Draw,1
2017,4,1,1.18808,7,3,6,10.9444,3.0,0,3,1.95404,13,7,5,9.28,1.0,0,Away Win,2
2017,4,4,6.46701,23,11,6,6.4118,0.0,0,0,0.276894,10,3,3,23.5263,1.0,0,Home Win,0
2017,4,4,2.47814,16,6,3,7.3704,1.0,0,1,0.343595,6,1,2,5.0,2.0,0,Home Win,0
2017,4,2,2.9282,13,7,3,8.3488,3.0,0,0,1.89353,17,6,1,5.9524,1.0,0,Home Win,0
2017,4,1,0.932545,8,4,2,11.3333,2.0,0,0,0.798417,9,1,3,7.4,5.0,0,Home Win,0
2017,4,1,2.132,13,5,4,8.6786,3.0,0,0,0.299907,10,3,4,5.2121,4.0,0,Home Win,0
2017,4,0,1.26749,16,6,6,17.3333,1.0,1,2,3.01564,19,7,9,16.3333,2.0,0,Away Win,2
2017,4,3,1.86402,14,5,4,9.6207,1.0,0,1,0.304282,9,4,5,8.3636,5.0,0,Home Win,0
2017,4,0,0.841442,10,3,6,4.6333,6.0,1,0,0.282363,10,2,5,4.4571,6.0,1,Draw,1
2017,4,0,1.30012,14,5,7,12.3333,2.0,1,3,3.70518,18,11,7,13.7,2.0,0,Away Win,2
2017,4,1,1.79279,15,4,3,7.1333,2.0,0,3,1.56341,7,3,1,10.3913,2.0,0,Away Win,2
2017,4,0,2.07887,22,3,14,11.619,7.0,1,1,1.11044,9,2,1,8.0333,5.0,1,Away Win,2
2017,4,1,0.909208,4,2,4,8.0588,3.0,0,2,1.69025,14,5,3,5.8462,3.0,0,Away Win,2
2017,4,2,1.45814,9,5,5,6.8929,7.0,1,0,0.977635,10,5,0,9.7436,3.0,0,Home Win,0
2017,4,0,1.10377,17,2,6,5.5185,2.0,0,1,0.300209,6,3,5,16.4286,3.0,0,Away Win,2
2017,4,2,2.55044,14,8,4,4.3824,2.0,0,0,0.232281,8,1,1,12.4211,4.0,0,Home Win,0
2017,4,3,1.29186,14,3,12,10.2,3.0,0,5,1.6433,9,5,0,7.5909,6.0,0,Away Win,2
2017,4,1,0.975475,8,4,5,23.1667,0.0,0,0,0.711808,9,5,6,7.5789,1.0,0,Home Win,0
2017,4,3,2.11533,16,8,3,6.4348,0.0,0,0,0.675841,9,2,6,18.3913,4.0,0,Home Win,0
2017,4,2,2.01847,10,5,3,11.8095,2.0,0,2,1.95926,19,8,7,9.2963,2.0,0,Draw,1
2017,4,1,1.33873,11,5,7,5.0488,4.0,0,1,1.81782,13,3,5,14.8095,3.0,0,Draw,1
2017,4,2,1.59323,17,7,9,5.8621,5.0,0,1,1.67431,11,5,7,10.0476,5.0,0,Home Win,0
2017,4,0,1.87325,15,5,6,12.6061,4.0,0,1,0.294559,3,2,2,11.0667,3.0,0,Away Win,2
2017,4,0,2.3468,28,7,11,9.6207,2.0,0,1,0.858724,10,4,0,16.0,1.0,0,Away Win,2
2017,4,1,1.78725,12,2,8,9.6667,2.0,0,2,0.608761,12,5,10,13.6,1.0,0,Away Win,2
2017,4,1,0.540004,11,3,4,16.6471,2.0,0,1,1.22268,8,3,2,12.1875,4.0,0,Draw,1
2017,4,1,0.607306,12,3,5,10.7778,5.0,1,0,0.799343,14,1,4,4.6667,2.0,0,Home Win,0
2017,4,3,2.00661,16,9,1,4.5,2.0,0,2,1.76719,10,6,1,18.72,3.0,0,Home Win,0
2017,4,2,0.781446,15,6,7,9.0588,2.0,0,4,1.25295,11,5,3,12.0952,2.0,0,Away Win,2
2017,4,6,3.86809,15,8,5,8.1786,2.0,0,0,0.142552,3,1,2,5.7826,5.0,0,Home Win,0
2017,4,0,0.922091,11,4,9,3.9375,2.0,0,1,1.68244,7,3,1,15.1579,1.0,0,Away Win,2
2017,4,1,1.37242,7,3,5,9.037,3.0,0,0,0.378534,9,2,2,6.15,1.0,0,Home Win,0
2017,4,2,3.28795,20,6,3,5.2667,2.0,0,1,1.94919,14,8,6,6.5135,9.0,2,Home Win,0
2017,4,1,1.37281,9,4,2,10.9583,4.0,0,1,0.782125,6,3,1,11.2593,3.0,0,Draw,1
2017,4,1,1.43961,15,4,8,3.5217,1.0,0,1,1.36627,10,4,3,14.5556,3.0,1,Draw,1
2017,4,0,1.09365,9,0,8,5.8108,4.0,0,3,1.54864,12,7,2,11.1304,2.0,0,Away Win,2
2017,4,2,3.76973,17,6,6,8.5652,5.0,0,2,1.39419,7,6,2,9.3333,1.0,0,Draw,1
2017,4,0,0.313941,7,2,4,6.5111,2.0,0,5,2.50628,14,10,2,11.04,2.0,0,Away Win,2
2017,4,2,1.75269,14,6,4,12.0714,3.0,1,2,1.41663,8,4,6,6.6087,3.0,0,Draw,1
2017,4,2,3.14327,18,6,6,8.8421,2.0,0,1,1.18009,16,4,4,10.56,2.0,0,Home Win,0
2017,4,1,2.06555,16,2,8,10.76,1.0,0,2,1.4667,10,3,3,10.2917,2.0,0,Away Win,2
2017,4,7,3.18339,24,13,6,8.8182,0.0,0,1,1.84318,6,3,1,12.913,2.0,0,Home Win,0
2017,4,4,2.2933,11,7,2,19.125,1.0,0,2,0.904787,24,6,9,12.5789,1.0,0,Home Win,0
2017,4,3,2.74078,13,5,7,21.5625,1.0,0,2,1.29797,7,3,2,10.15,5.0,0,Home Win,0
2017,4,2,2.08908,18,12,8,3.6087,0.0,0,1,1.03397,7,4,1,14.5217,2.0,0,Home Win,0
2017,4,1,1.70978,7,1,3,9.5238,0.0,0,1,0.488401,14,2,7,6.5769,0.0,0,Draw,1
2017,4,1,1.77022,15,1,3,6.1667,3.0,0,1,0.780113,7,2,4,12.7308,3.0,0,Draw,1
2017,4,3,0.781967,11,6,1,5.9677,2.0,0,2,1.40084,12,4,7,5.1852,4.0,0,Home Win,0
2017,4,0,0.717136,7,1,5,8.1389,2.0,1,0,0.694387,11,2,4,9.3636,1.0,0,Draw,1
2017,4,3,3.50759,18,7,4,7.4848,1.0,0,0,0.454004,9,1,1,8.7407,2.0,0,Home Win,0
2017,4,2,1.21181,8,2,4,10.4211,7.0,1,2,1.06092,15,4,7,4.5,5.0,0,Draw,1
2017,4,1,1.41068,11,4,4,11.6207,2.0,0,4,2.70685,13,7,4,6.9063,3.0,0,Away Win,2
2017,4,2,1.31943,12,4,4,17.6087,3.0,0,2,1.31592,23,9,6,6.9,3.0,0,Draw,1
2017,4,5,2.92272,19,8,9,6.7727,0.0,0,0,0.215196,4,1,5,17.75,1.0,0,Home Win,0
2017,4,2,0.532665,13,4,2,12.4737,1.0,0,1,1.40361,12,3,6,14.0556,2.0,1,Home Win,0
2017,4,2,1.20482,9,3,2,14.3333,3.0,0,1,1.29603,16,4,1,5.2,2.0,0,Home Win,0
2017,4,1,0.928257,7,2,0,8.8667,5.0,0,1,0.709587,12,2,7,3.48,3.0,0,Draw,1
2017,4,0,1.08542,11,1,5,8.0,2.0,0,0,0.0976659,2,1,2,4.1143,6.0,0,Draw,1
2017,4,5,1.71804,17,7,5,10.5909,0.0,0,1,1.72858,11,3,3,7.4375,3.0,0,Home Win,0
2017,4,2,3.07987,8,3,2,13.8261,1.0,0,0,0.352756,9,0,4,7.12,1.0,0,Home Win,0
2017,4,1,0.305749,11,4,4,8.5714,2.0,0,0,0.838368,9,3,2,11.037,3.0,0,Home Win,0
2017,4,1,0.59761,14,4,9,10.0882,1.0,0,0,0.324134,9,0,1,18.7143,1.0,0,Home Win,0
2017,4,3,3.84966,18,8,7,7.2963,3.0,0,1,0.188016,5,1,9,12.6957,4.0,0,Home Win,0
2017,4,5,5.307,18,9,5,19.8235,2.0,0,2,0.981956,8,3,3,17.3333,1.0,0,Home Win,0
2017,4,0,1.2907,16,2,8,8.0938,2.0,0,1,0.867811,10,4,1,8.1905,0.0,0,Away Win,2
2017,4,1,1.9855,27,6,13,2.8571,4.0,0,2,0.786699,5,4,2,13.6667,4.0,0,Away Win,2
2017,4,2,2.33191,18,7,9,10.0625,3.0,0,2,0.241607,3,2,1,20.5,4.0,0,Draw,1
2017,4,0,0.988899,12,6,9,4.1579,2.0,0,0,0.333177,10,1,3,23.3889,3.0,0,Draw,1
2017,4,0,0.106979,2,0,1,10.0,4.0,1,1,1.47183,19,6,10,6.619,2.0,0,Away Win,2
2017,4,1,2.27801,12,4,7,8.75,2.0,0,0,1.58043,14,6,2,8.7407,2.0,0,Home Win,0
2017,4,0,0.651789,11,5,5,5.6857,4.0,0,0,0.351625,8,2,2,6.8667,4.0,0,Draw,1
2017,4,0,0.412228,12,3,3,6.5882,3.0,0,1,0.507754,5,1,3,6.7857,2.0,0,Away Win,2
2017,4,3,2.19468,13,3,2,7.6875,0.0,0,0,0.636405,9,1,4,15.5185,2.0,0,Home Win,0
2017,4,3,2.46741,20,5,7,9.4091,3.0,0,5,1.84168,12,9,5,12.7083,5.0,0,Away Win,2
2017,4,1,0.591477,14,3,9,8.2759,2.0,0,0,0.192999,5,0,3,7.36,3.0,0,Home Win,0
2017,4,1,1.28201,15,3,2,6.0238,1.0,0,1,1.15691,8,3,5,7.4848,7.0,0,Draw,1
2017,4,3,1.57227,9,5,5,10.2647,4.0,0,0,0.0813122,4,1,5,3.4583,3.0,0,Home Win,0
2017,4,0,0.511918,13,3,6,9.7632,3.0,1,2,2.55934,10,6,0,16.9231,1.0,0,Away Win,2
2017,4,2,0.916751,14,4,5,6.7647,3.0,0,0,0.192651,4,0,2,12.28,2.0,0,Home Win,0
2017,4,1,1.14716,9,3,7,7.3243,2.0,1,2,1.18698,10,3,2,3.0417,4.0,0,Away Win,2
2017,4,3,1.35489,10,5,4,10.0,3.0,0,0,0.596666,10,5,4,9.5217,5.0,0,Home Win,0
2017,4,1,1.07811,11,3,7,7.1111,2.0,0,2,2.84337,12,6,5,12.9333,5.0,0,Away Win,2
2017,4,2,1.76569,6,4,4,14.6538,2.0,0,1,0.592783,7,2,4,7.619,3.0,0,Home Win,0
2017,4,4,3.51278,25,10,9,6.6296,1.0,0,0,0.615652,11,5,5,12.5385,2.0,0,Home Win,0
2017,4,0,0.82656,12,2,5,11.0526,5.0,0,2,2.03465,15,6,5,5.9048,2.0,0,Away Win,2
2017,4,6,3.0399,21,14,5,8.5,1.0,0,1,0.756525,10,4,3,14.6667,1.0,0,Home Win,0
2017,4,2,1.47741,8,3,3,12.25,2.0,0,0,1.7577,15,2,9,8.5833,3.0,0,Home Win,0
2017,4,1,1.02578,9,4,2,6.4091,5.0,0,0,1.56032,5,3,8,7.6389,3.0,0,Home Win,0
2017,4,0,1.76399,17,4,4,7.9643,5.0,0,0,0.373435,9,1,2,9.625,1.0,0,Draw,1
2017,4,2,0.620357,8,6,6,6.0,3.0,0,1,1.38648,8,4,4,8.68,3.0,1,Home Win,0
2017,4,2,1.06166,10,5,5,16.1333,3.0,0,5,3.05248,13,8,4,7.7619,3.0,0,Away Win,2
2017,4,0,1.52021,11,2,6,6.1471,4.0,0,0,0.131187,4,1,5,5.1739,5.0,0,Draw,1
2017,4,0,0.353891,8,4,4,16.2308,2.0,0,0,0.399624,13,5,10,15.0,0.0,0,Draw,1
2017,4,3,1.95067,14,5,10,14.4667,2.0,0,0,0.325781,9,1,6,6.0,4.0,0,Home Win,0
2017,4,1,1.00403,13,1,6,5.8286,4.0,0,0,0.510311,11,3,4,7.7778,2.0,0,Home Win,0
2017,4,1,1.25486,11,2,6,9.0606,3.0,0,0,0.418862,10,2,4,7.8889,2.0,0,Home Win,0
2017,4,1,0.787948,16,7,3,13.1667,1.0,0,0,1.10507,12,5,8,8.7826,1.0,0,Home Win,0
2017,4,1,2.28032,15,5,5,3.1613,4.0,1,0,0.290231,6,1,3,10.0909,4.0,1,Home Win,0
2017,4,4,2.69704,15,8,5,5.9211,1.0,0,0,0.754304,9,3,1,24.2941,3.0,0,Home Win,0
2017,4,1,1.91273,11,4,6,5.6316,1.0,0,1,0.195723,6,4,1,9.2857,2.0,0,Draw,1
2017,4,0,0.295635,8,0,9,8.96,2.0,0,1,0.896695,6,4,4,7.069,2.0,0,Away Win,2
2017,4,1,1.44343,12,1,6,11.069,6.0,0,1,1.09273,10,4,6,5.4118,3.0,0,Draw,1
2017,4,2,1.12897,12,6,7,14.1724,1.0,0,0,0.36952,9,4,0,8.1,4.0,0,Home Win,0
2017,4,2,1.93124,14,5,8,8.85,0.0,0,1,0.370822,3,1,4,11.7419,1.0,0,Home Win,0
2017,4,1,2.04187,13,4,2,11.3846,0.0,0,1,1.06127,15,3,1,4.5,3.0,0,Draw,1
2017,4,3,2.0181,14,6,8,5.9412,1.0,0,1,0.840741,4,4,0,18.32,3.0,1,Home Win,0
2017,4,1,1.24866,7,2,2,20.5833,1.0,1,1,0.601828,16,3,9,4.9524,2.0,0,Draw,1
2017,4,0,0.546004,14,5,7,4.4333,4.0,0,2,0.295862,4,3,2,11.8095,1.0,0,Away Win,2
2017,4,2,1.49597,14,6,10,10.3333,1.0,0,1,0.729207,10,3,7,7.3056,2.0,0,Home Win,0
2017,4,1,0.808635,16,5,12,8.0,2.0,0,0,0.158837,6,1,1,7.4167,2.0,0,Home Win,0
2017,4,2,1.0368,10,3,6,8.2632,1.0,0,0,0.521384,4,1,1,7.3939,1.0,0,Home Win,0
2017,4,2,2.46092,18,8,8,13.3,2.0,0,0,0.513503,10,3,4,10.68,3.0,0,Home Win,0
2017,4,1,0.783255,9,1,6,8.1613,2.0,0,3,1.71568,10,4,2,11.4375,3.0,0,Away Win,2
2017,4,2,2.49193,18,7,6,7.6667,0.0,0,1,0.947318,11,5,4,15.9286,2.0,0,Home Win,0
2017,4,0,1.60766,13,3,4,7.5789,5.0,0,1,0.800471,11,3,7,2.6286,7.0,1,Away Win,2
2017,4,1,1.39288,12,3,8,10.5333,1.0,0,2,1.79681,12,6,6,11.0,1.0,0,Away Win,2
2017,4,2,1.03867,9,6,2,8.1538,1.0,0,0,0.703693,8,4,2,7.1818,4.0,0,Home Win,0
2017,4,0,1.02723,9,3,7,6.2432,1.0,1,2,2.62384,11,4,3,9.9286,1.0,0,Away Win,2
2017,4,3,1.6219,7,3,6,9.2424,1.0,0,0,0.87523,8,2,4,9.8947,2.0,0,Home Win,0
2017,4,0,0.541391,6,2,2,21.2609,1.0,1,2,2.42399,20,9,5,4.6,1.0,0,Away Win,2
2017,4,2,1.26084,13,5,3,8.3333,2.0,0,0,1.34791,12,1,6,7.9,5.0,0,Home Win,0
2017,4,0,1.10014,21,5,7,6.1429,4.0,0,2,1.13005,10,5,3,9.3846,2.0,0,Away Win,2
2017,4,3,2.69263,24,10,9,9.8889,1.0,0,1,1.24894,16,4,2,13.7407,1.0,0,Home Win,0
2017,4,3,0.756102,9,4,3,6.9231,1.0,0,0,0.175768,4,1,5,14.8182,3.0,0,Home Win,0
2017,4,1,0.424264,8,2,7,4.1429,3.0,0,2,0.80265,9,5,1,9.5484,7.0,0,Away Win,2
2017,4,2,1.71343,6,3,4,19.6154,4.0,0,1,1.91049,14,4,5,3.7879,3.0,0,Home Win,0
2017,4,6,3.51065,20,14,6,7.0769,1.0,0,3,1.69932,10,6,7,23.5333,2.0,0,Home Win,0
2017,4,1,1.26948,13,3,9,5.3902,3.0,0,1,0.310044,8,1,2,7.4348,3.0,0,Draw,1
2017,4,2,1.39436,17,5,5,6.5,5.0,0,1,1.16223,8,2,4,16.05,3.0,1,Home Win,0
2017,4,0,1.38296,9,3,4,6.4194,3.0,0,0,0.483684,5,0,5,6.2973,2.0,0,Draw,1
2017,4,2,2.93887,18,9,6,10.7895,2.0,0,0,0.9045,10,3,5,9.1905,2.0,0,Home Win,0
2017,4,2,1.73518,12,6,5,13.375,2.0,0,1,0.452713,10,4,4,6.9524,4.0,1,Home Win,0
2017,4,0,0.638324,12,3,6,8.4737,3.0,0,0,0.537352,13,4,5,11.8636,2.0,0,Draw,1
2017,4,0,1.8449,8,4,4,8.3636,4.0,0,1,0.792933,7,4,0,5.65,2.0,0,Away Win,2
2017,4,0,0.54378,15,3,8,6.8966,4.0,0,0,0.711691,7,0,1,9.9412,2.0,0,Draw,1
2017,4,1,0.922091,12,5,5,6.7143,1.0,0,1,1.91933,15,6,7,9.0455,3.0,0,Draw,1
2017,4,0,0.91426,17,3,3,11.7083,3.0,0,3,3.88382,17,7,3,11.1364,0.0,0,Away Win,2
2017,4,1,1.41638,15,3,9,11.6818,2.0,0,0,1.05793,10,2,7,9.75,3.0,0,Home Win,0
2017,4,1,1.53768,14,3,3,9.7586,2.0,0,0,0.374247,11,1,6,8.0741,3.0,0,Home Win,0
2017,4,1,1.85897,12,2,4,13.3333,3.0,0,1,0.487787,13,3,5,7.4583,1.0,0,Draw,1
2017,4,2,3.6851,21,6,5,17.0,2.0,0,2,1.48888,20,9,9,9.3043,0.0,0,Draw,1
2017,4,0,0.824763,8,1,5,10.4483,3.0,0,1,0.0824376,3,1,2,10.087,4.0,0,Away Win,2
2017,4,4,2.31598,12,6,3,12.5,1.0,0,0,1.74101,16,6,10,9.0,2.0,0,Home Win,0
2017,4,3,2.38294,14,6,7,6.9333,4.0,0,2,0.66021,9,2,6,7.76,3.0,0,Home Win,0
2017,4,1,0.559924,8,2,3,7.3214,5.0,1,3,3.71849,17,13,6,7.8966,5.0,0,Away Win,2
2017,4,3,2.70223,12,6,5,5.3333,2.0,0,1,0.64842,11,1,3,12.9032,4.0,0,Home Win,0
2017,4,1,1.99031,14,6,4,11.7692,3.0,0,0,1.15464,21,6,3,13.0,2.0,0,Home Win,0
2017,4,2,1.48909,11,2,1,5.32,2.0,0,0,0.881652,5,1,3,4.4615,3.0,0,Home Win,0
2017,4,2,2.26948,14,4,7,16.5333,2.0,0,0,0.500493,5,2,8,8.7143,2.0,0,Home Win,0
2017,4,5,3.53372,13,7,4,8.2593,2.0,0,0,0.592456,8,0,5,7.6774,2.0,0,Home Win,0
2017,4,2,1.83153,11,4,4,8.0833,6.0,2,1,1.55654,17,5,5,5.2222,3.0,0,Home Win,0
2017,4,1,2.34722,30,8,11,8.0476,2.0,0,1,1.29841,9,5,2,14.0435,3.0,0,Draw,1
2017,4,1,0.696539,13,4,4,8.3103,6.0,1,0,0.515034,5,0,3,6.0,2.0,0,Home Win,0
2017,4,0,1.2615,21,4,12,6.4286,2.0,0,1,0.118099,2,1,1,22.6667,1.0,0,Away Win,2
2017,4,0,0.457016,9,4,6,9.0345,7.0,0,1,1.37059,10,2,4,6.5238,5.0,0,Away Win,2
2017,4,0,0.706793,7,0,4,11.88,0.0,0,1,3.17928,20,11,6,7.5882,0.0,0,Away Win,2
2017,4,3,1.12328,13,5,8,7.7333,2.0,0,0,0.675734,11,3,3,16.4286,1.0,0,Home Win,0
2017,4,1,1.18107,13,3,4,13.2759,4.0,0,2,2.29821,16,6,7,11.0952,0.0,0,Away Win,2
2017,4,2,0.765312,13,4,11,5.7667,2.0,0,3,1.29636,5,3,6,19.0,1.0,0,Away Win,2
2017,4,2,1.8496,18,4,10,8.0938,5.0,1,2,1.13249,7,4,2,9.6957,3.0,1,Draw,1
2017,4,2,1.95235,12,7,6,6.7333,2.0,0,1,2.24116,17,6,5,16.6471,2.0,0,Home Win,0
2017,4,1,1.74594,18,7,8,7.7576,3.0,0,0,0.791146,5,2,3,8.8333,3.0,0,Home Win,0
2017,4,0,0.472484,10,4,3,7.0,3.0,0,1,0.287037,5,1,6,10.12,2.0,0,Away Win,2
2017,4,1,0.840314,10,3,7,4.8182,1.0,1,2,0.535543,8,3,5,7.4872,7.0,0,Away Win,2
2017,4,1,1.28691,11,2,4,13.05,1.0,0,0,0.547059,10,2,3,9.0938,1.0,0,Home Win,0
2017,4,3,0.806834,12,4,6,6.7407,1.0,0,0,0.463384,9,2,6,13.7826,0.0,0,Home Win,0
2017,4,1,1.37854,17,8,6,7.0645,3.0,0,0,0.0209842,1,0,3,11.2308,5.0,1,Home Win,0
2017,4,1,0.908885,11,5,3,12.0625,4.0,0,2,1.7941,14,5,6,11.0,4.0,0,Away Win,2
2017,4,1,1.42965,29,10,16,5.6538,2.0,0,1,0.929328,6,2,2,13.6087,4.0,0,Draw,1
2017,4,0,1.897,22,6,7,11.0417,0.0,0,0,1.79029,24,7,9,16.4,2.0,0,Draw,1
2017,4,2,1.38187,17,6,10,8.4444,1.0,0,1,0.206095,6,1,4,13.4,1.0,0,Home Win,0
2017,4,2,3.39681,18,8,6,8.2188,3.0,0,2,2.27463,14,6,4,8.375,0.0,1,Draw,1
2017,4,0,0.401553,12,2,8,2.9412,4.0,0,1,0.618811,7,4,3,6.6774,1.0,0,Away Win,2
2017,4,0,1.95052,20,6,10,7.1034,1.0,0,2,0.949254,5,4,0,11.3913,2.0,0,Away Win,2
2017,4,0,0.349971,12,1,3,3.8571,2.0,0,4,1.59228,10,7,3,9.6905,2.0,0,Away Win,2
2017,4,0,1.23503,10,2,8,8.7358,2.0,0,0,0.674891,9,4,3,4.6452,5.0,0,Draw,1
2017,4,2,1.01179,4,3,5,26.0714,4.0,0,0,1.24873,14,2,3,12.0,1.0,0,Home Win,0
2017,4,1,1.7848,18,5,2,8.7083,3.0,0,3,1.50007,11,7,9,10.6842,3.0,0,Away Win,2
2017,4,3,2.42064,14,5,2,14.6923,3.0,0,2,2.27979,14,4,3,10.9524,1.0,0,Home Win,0
2017,4,0,0.719922,13,0,9,7.2,0.0,0,0,0.978814,12,3,4,8.5,2.0,0,Draw,1
2017,4,5,3.06814,12,6,4,16.1,0.0,0,1,1.10579,20,7,4,8.7674,3.0,0,Home Win,0
2017,4,1,0.79777,10,3,4,8.5652,1.0,0,1,2.36216,17,7,3,15.8182,2.0,0,Draw,1
2017,4,0,0.748181,16,5,8,6.7,2.0,0,0,1.29179,8,2,2,6.4318,3.0,0,Draw,1
2017,4,1,2.35325,16,7,6,7.7143,2.0,0,1,1.7456,13,2,7,8.5667,4.0,0,Draw,1
2017,4,1,2.51533,10,2,4,9.2083,6.0,1,1,2.07365,15,2,4,2.8286,4.0,0,Draw,1
2017,4,2,1.83277,15,5,4,17.9167,1.0,0,1,0.975459,22,4,8,5.1429,1.0,0,Home Win,0
2017,4,3,1.76162,17,4,3,8.7143,3.0,1,1,1.09625,9,3,7,7.1471,6.0,0,Home Win,0
2017,4,2,1.91249,12,3,6,7.375,1.0,0,1,0.587902,9,3,4,11.4063,4.0,0,Home Win,0
2017,4,0,0.52622,7,3,3,8.5455,4.0,0,1,2.56109,14,6,4,5.3913,6.0,1,Away Win,2
2017,4,4,4.36585,13,7,5,19.3684,2.0,0,1,1.51033,15,4,7,11.8947,0.0,0,Home Win,0
2017,4,2,2.46343,17,5,6,12.84,1.0,0,4,3.65273,21,9,7,12.3529,1.0,0,Away Win,2
2017,4,2,1.77458,12,5,3,9.1818,0.0,0,1,2.02363,16,6,2,9.0732,1.0,1,Home Win,0
2017,4,1,1.57265,16,5,6,9.6154,2.0,0,4,1.82278,15,6,5,9.2,5.0,0,Away Win,2
2017,4,0,1.97436,21,4,9,6.5455,0.0,0,1,1.26465,8,1,4,9.0,2.0,0,Away Win,2
2017,4,0,0.39488,9,3,6,12.9286,1.0,0,2,1.01747,14,6,3,11.3043,3.0,0,Away Win,2
2017,4,0,1.66977,16,4,6,7.5926,2.0,0,3,1.75049,13,7,7,13.3158,1.0,0,Away Win,2
2017,4,2,1.08298,14,5,4,14.68,0.0,0,0,0.179778,6,3,5,11.0,2.0,0,Home Win,0
2017,4,1,1.66025,16,6,6,9.2121,4.0,0,0,0.63922,11,1,4,9.8889,2.0,0,Home Win,0
2017,4,0,1.31956,14,2,6,8.1667,5.0,1,3,1.40887,10,3,5,5.9394,1.0,0,Away Win,2
2017,4,2,1.31039,11,4,6,16.8824,3.0,1,2,1.69458,17,5,5,7.1081,5.0,0,Draw,1
2017,4,1,0.995172,13,4,4,17.5,4.0,0,1,0.802341,10,2,10,9.6667,2.0,0,Draw,1
2017,4,1,1.31831,13,5,7,7.0,5.0,0,0,0.531287,6,2,3,10.4286,3.0,0,Home Win,0
2017,4,0,0.596538,16,4,6,6.1579,2.0,0,1,0.896724,10,4,2,10.0,3.0,0,Away Win,2
2017,4,1,0.992038,10,5,3,7.4828,3.0,0,0,0.514215,8,2,11,6.7308,1.0,0,Home Win,0
2017,4,0,1.08432,11,4,8,7.25,3.0,0,1,0.869538,5,3,2,5.0,2.0,0,Away Win,2
2017,4,4,3.96999,19,7,5,5.7692,0.0,0,1,1.72397,9,3,3,11.6552,2.0,0,Home Win,0
2017,4,3,0.335029,4,3,0,8.1667,2.0,0,1,1.03761,13,4,8,5.5862,5.0,0,Home Win,0
2017,4,2,1.19618,9,5,4,13.0476,1.0,0,2,1.76146,13,5,5,8.9,4.0,0,Draw,1
2017,4,3,2.77676,11,6,5,7.0769,1.0,0,2,1.44103,9,3,1,13.3667,2.0,0,Home Win,0
2017,4,5,3.50895,12,7,3,12.2857,6.0,0,4,1.95835,18,7,8,7.0,6.0,0,Home Win,0
2017,4,6,1.95788,15,10,4,10.6207,0.0,0,0,0.202932,5,1,2,21.5,1.0,0,Home Win,0
2017,4,2,2.2106,16,7,11,20.4706,3.0,0,4,3.02368,11,7,0,18.0526,0.0,0,Away Win,2
2017,4,1,1.09053,13,7,4,6.1538,1.0,0,2,1.637,12,6,3,6.0625,2.0,0,Away Win,2
2017,4,2,1.46822,8,4,2,12.7333,6.0,1,2,0.953672,14,3,2,6.878,2.0,0,Draw,1
2017,4,0,0.804563,6,2,2,6.8235,4.0,0,1,1.43517,11,3,9,4.4063,1.0,0,Away Win,2
2017,4,0,0.851602,12,3,7,12.75,0.0,0,1,1.08743,11,4,7,15.75,1.0,0,Away Win,2
2017,4,1,2.45526,21,9,8,7.1481,2.0,0,0,1.08698,10,4,3,21.5294,2.0,0,Home Win,0
2017,4,3,1.24382,8,3,6,16.0952,2.0,1,2,1.80096,16,8,4,8.0,0.0,0,Home Win,0
2017,4,2,2.41895,22,5,8,9.4615,0.0,0,1,1.85263,12,7,4,11.5556,0.0,0,Home Win,0
2017,4,2,1.35791,14,5,4,14.5517,4.0,0,2,1.06317,15,7,5,14.0526,3.0,0,Draw,1
2017,4,4,4.51406,20,9,5,6.8846,1.0,0,2,0.26433,7,3,3,16.0,3.0,1,Home Win,0
2017,4,1,1.35941,12,4,3,9.1739,3.0,0,0,0.817475,13,2,8,11.037,2.0,0,Home Win,0
2017,3,3,2.77906,13,8,4,13.0909,1.0,0,1,1.8866,19,4,5,11.8462,2.0,0,Home Win,0
2017,3,1,0.97427,14,3,6,7.5417,1.0,0,0,0.806833,11,2,4,15.2273,3.0,0,Home Win,0
2017,3,2,0.436556,10,3,5,8.5455,2.0,0,0,0.879388,8,2,1,12.6296,1.0,0,Home Win,0
2017,3,1,0.55238,11,5,3,10.68,4.0,0,0,0.573987,13,1,7,4.5833,3.0,0,Home Win,0
2017,3,0,0.526663,14,6,13,4.9143,3.0,0,1,0.610149,6,2,1,14.913,5.0,0,Away Win,2
2017,3,0,0.495065,9,0,3,19.1111,0.0,0,3,1.12424,13,5,5,3.0938,0.0,0,Away Win,2
2017,3,2,1.91233,11,5,4,9.5588,2.0,0,0,0.791215,12,3,5,4.4762,2.0,0,Home Win,0
2017,3,0,0.231368,7,1,3,10.8235,1.0,0,0,1.54296,15,2,7,10.5667,2.0,0,Draw,1
2017,3,1,1.62503,22,8,5,14.1818,3.0,0,0,0.837903,13,2,3,15.7273,2.0,0,Home Win,0
2017,3,1,1.88741,20,6,6,8.6364,2.0,0,3,1.64554,12,4,7,20.125,2.0,1,Away Win,2
2017,3,0,0.229698,4,1,2,24.4286,1.0,0,2,1.39955,19,8,8,5.875,1.0,0,Away Win,2
2017,3,0,0.926888,12,6,7,8.1667,3.0,0,1,1.07528,7,3,2,9.25,1.0,0,Away Win,2
2017,3,2,2.43586,17,3,6,6.069,2.0,0,2,0.68001,7,4,1,13.9091,2.0,0,Draw,1
2017,3,2,2.45658,24,9,10,7.6286,2.0,0,2,1.3232,15,3,0,14.6,2.0,0,Draw,1
2017,3,1,2.08775,17,4,5,6.7059,2.0,0,0,0.385982,13,6,6,11.0476,1.0,0,Home Win,0
2017,3,2,2.06987,18,8,4,6.7826,1.0,0,0,0.406341,7,4,4,21.9474,1.0,0,Home Win,0
2017,3,4,2.85363,29,11,8,5.72,2.0,0,1,0.456207,7,2,2,11.3448,0.0,1,Home Win,0
2017,3,1,0.805466,11,3,2,11.08,1.0,0,0,0.403031,8,1,6,10.9565,2.0,0,Home Win,0
2017,3,0,1.17417,9,2,4,15.5,1.0,0,2,1.37657,19,4,14,3.7391,1.0,0,Away Win,2
2017,3,3,1.33781,14,5,1,10.7097,2.0,0,1,0.964768,13,2,3,4.9667,2.0,0,Home Win,0
2017,3,1,1.13451,17,7,3,8.2333,0.0,0,1,0.480156,7,2,1,9.2,1.0,0,Draw,1
2017,3,0,0.490076,6,2,0,33.1818,0.0,1,0,1.56801,27,3,7,2.7143,0.0,0,Draw,1
2017,3,0,0.632041,15,3,13,4.1905,3.0,0,1,0.614198,12,6,5,11.875,2.0,0,Away Win,2
2017,3,3,2.27655,10,4,6,11.84,0.0,0,0,0.458374,13,3,9,5.5,0.0,0,Home Win,0
2017,3,2,0.612108,6,3,2,19.3158,3.0,0,0,1.51192,23,6,4,5.5652,1.0,0,Home Win,0
2017,3,1,0.250761,8,4,5,9.9565,1.0,0,1,0.569654,10,5,7,9.92,0.0,0,Draw,1
2017,3,3,1.98675,12,4,2,19.7083,1.0,0,1,1.30096,11,2,1,8.5161,1.0,0,Home Win,0
2017,3,2,2.2982,17,4,4,5.7391,1.0,0,0,0.453334,12,3,7,8.4545,0.0,0,Home Win,0
2017,3,1,0.982258,18,2,6,8.7097,2.0,0,2,0.930766,11,4,5,8.5,2.0,0,Away Win,2
2017,3,1,1.32498,23,8,4,4.88,2.0,0,2,0.72838,11,3,4,14.381,3.0,0,Away Win,2
2017,3,4,4.4171,28,14,10,5.0,2.0,0,0,0.711282,11,4,5,24.2105,2.0,0,Home Win,0
2017,3,1,1.13249,8,4,2,12.0741,2.0,0,0,0.453375,8,1,3,9.7857,3.0,0,Home Win,0
2017,3,2,0.736279,9,3,3,9.8276,1.0,1,2,1.45024,10,3,2,9.1081,1.0,0,Draw,1
2017,3,1,0.576053,8,2,5,12.7,2.0,0,1,0.455083,9,4,2,11.7813,2.0,0,Draw,1
2017,3,4,2.25411,22,9,5,7.6154,0.0,0,0,0.429073,4,1,4,17.3043,2.0,0,Home Win,0
2017,3,5,3.85155,22,8,8,6.0476,0.0,0,0,0.461837,6,2,5,22.6,3.0,0,Home Win,0
2017,3,2,1.14939,9,3,4,12.2917,0.0,0,0,0.49742,11,4,1,18.3158,1.0,0,Home Win,0
2017,3,0,1.16279,11,4,2,18.5909,1.0,0,3,2.45506,13,8,6,7.9643,1.0,0,Away Win,2
2017,3,1,1.30034,11,4,3,16.5714,2.0,0,0,1.00414,14,3,2,5.1538,2.0,0,Home Win,0
2017,3,1,1.01688,13,4,3,5.8065,1.0,0,1,1.12581,11,4,4,12.7857,2.0,0,Draw,1
2017,3,0,1.84333,17,8,4,6.5806,2.0,0,1,1.33101,9,4,5,10.0741,1.0,0,Away Win,2
2017,3,2,0.501808,5,3,3,16.4545,1.0,0,1,0.426791,12,5,6,7.0,2.0,0,Home Win,0
2017,3,1,2.89359,22,5,5,7.5938,2.0,0,1,1.03212,14,3,3,9.5,4.0,0,Draw,1
2017,3,0,0.186271,6,2,4,5.9677,3.0,0,3,3.18132,17,7,3,5.0303,0.0,0,Away Win,2
2017,3,2,1.1225,20,6,5,10.5172,3.0,0,3,0.960305,18,6,11,9.9474,3.0,0,Away Win,2
2017,3,2,2.33812,19,3,7,10.8333,1.0,0,2,0.470696,8,3,3,28.25,2.0,0,Draw,1
2017,3,0,0.437172,14,2,5,7.55,1.0,0,0,0.373592,9,2,3,18.3,2.0,0,Draw,1
2017,3,1,1.17811,8,3,4,12.5455,3.0,0,0,0.53695,5,1,1,5.8966,3.0,1,Home Win,0
2017,3,0,1.41802,17,6,4,6.8571,2.0,0,0,0.859674,13,6,5,10.96,1.0,0,Draw,1
2017,3,2,1.54654,17,5,2,5.5385,1.0,0,1,0.539765,8,3,4,10.1071,2.0,0,Home Win,0
2017,3,2,1.31728,12,6,0,14.44,3.0,0,0,1.0397,17,3,5,8.5758,2.0,0,Home Win,0
2017,3,6,4.84433,18,9,7,6.6111,0.0,0,1,1.11994,8,5,0,43.3333,1.0,0,Home Win,0
2017,3,0,1.35909,14,1,6,8.6154,4.0,0,0,1.10618,6,1,7,14.4,2.0,0,Draw,1
2017,3,3,2.39337,17,6,6,6.0,2.0,0,0,0.443359,12,2,3,5.6364,2.0,0,Home Win,0
2017,3,1,1.34012,17,6,9,8.8,0.0,0,2,3.09763,23,10,7,6.4375,2.0,0,Away Win,2
2017,3,1,0.615732,14,5,7,10.8148,2.0,0,1,1.13731,10,6,4,8.7692,3.0,0,Draw,1
2017,3,2,2.29547,23,8,8,8.0,1.0,0,1,1.37232,15,2,7,16.375,1.0,0,Home Win,0
2017,3,3,1.24882,15,6,9,14.7143,2.0,0,2,0.627194,15,6,7,10.7778,3.0,0,Home Win,0
2017,3,2,1.66354,10,5,1,18.05,0.0,0,2,1.51044,17,5,9,8.3333,2.0,0,Draw,1
2017,3,1,0.743969,6,2,5,12.55,4.0,1,1,0.90227,10,3,6,9.3448,4.0,0,Draw,1
2017,3,0,0.957096,17,6,6,7.0,1.0,0,0,0.426954,9,3,7,6.6897,3.0,0,Draw,1
2017,3,2,1.12984,10,6,3,12.4231,1.0,1,1,0.884399,13,5,6,8.2083,1.0,0,Home Win,0
2017,3,1,1.04024,10,5,5,9.8889,4.0,0,2,1.93835,14,8,5,3.5429,1.0,0,Away Win,2
2017,3,5,1.586,23,10,9,10.5789,0.0,0,0,0.345885,6,2,1,30.8571,0.0,0,Home Win,0
2017,3,2,2.11212,15,8,3,4.5926,2.0,1,3,2.39084,7,6,2,10.5143,5.0,1,Away Win,2
2017,3,2,1.92073,23,7,6,15.7857,1.0,0,2,0.918991,12,4,3,12.7826,0.0,0,Draw,1
2017,3,0,0.0254617,2,0,1,17.087,1.0,1,2,1.85479,11,7,5,5.0,2.0,0,Away Win,2
2017,3,0,1.52059,18,5,5,13.7391,1.0,0,2,1.45235,16,8,5,10.5385,0.0,0,Away Win,2
2017,3,2,1.45073,17,10,11,7.8846,2.0,0,2,0.915577,11,4,2,9.9091,2.0,0,Draw,1
2017,3,3,1.24944,14,4,4,6.7667,1.0,0,2,1.99466,9,2,2,4.5517,1.0,0,Home Win,0
2017,3,1,0.6536,10,2,6,8.3333,3.0,0,2,0.876712,12,4,5,6.8276,3.0,0,Away Win,2
2017,3,2,2.18945,22,7,5,9.3333,2.0,0,1,1.58359,17,3,4,9.0,3.0,0,Home Win,0
2017,3,1,0.865444,15,3,3,5.5278,0.0,0,0,0.605992,11,2,5,11.1724,1.0,0,Home Win,0
2017,3,0,1.79566,18,8,3,9.9091,3.0,0,0,0.948887,13,2,6,7.6818,3.0,0,Draw,1
2017,3,1,2.83818,20,8,6,9.2273,4.0,0,1,1.83067,11,3,1,14.3636,3.0,0,Draw,1
2017,3,1,2.49876,19,3,4,10.2609,3.0,0,5,2.24178,13,6,4,12.9259,0.0,0,Away Win,2
2017,3,2,1.78667,14,5,5,4.3409,3.0,0,0,0.596599,5,2,1,11.2903,0.0,0,Home Win,0
2017,3,2,2.74141,15,7,4,8.7692,2.0,0,2,2.08809,20,7,4,4.12,3.0,0,Draw,1
2017,3,1,0.864125,15,5,11,6.4444,1.0,0,2,0.804724,11,6,2,6.0385,2.0,0,Away Win,2
2017,3,0,0.162992,7,3,7,20.6471,1.0,1,1,2.29592,21,4,7,4.0952,2.0,0,Away Win,2
2017,3,1,1.29664,14,6,8,15.1875,1.0,0,1,1.91537,13,5,4,8.6563,3.0,0,Draw,1
2017,3,2,2.03827,23,7,11,4.8158,1.0,0,0,0.314536,3,1,1,40.2727,0.0,1,Home Win,0
2017,3,1,1.08587,16,5,5,8.5185,2.0,0,3,1.80818,16,6,5,8.7188,1.0,0,Away Win,2
2017,3,2,0.827213,8,3,9,5.9355,0.0,0,1,0.972895,12,4,11,7.6923,0.0,0,Home Win,0
2017,3,0,1.05484,18,3,7,8.7391,2.0,0,3,2.80574,17,6,3,12.4348,0.0,0,Away Win,2
2017,3,1,1.44123,14,7,4,7.5714,0.0,0,1,0.979437,7,2,2,13.3684,0.0,0,Draw,1
2017,3,2,1.44263,17,5,8,4.48,3.0,0,1,0.850339,8,2,10,12.7826,2.0,0,Home Win,0
2017,3,1,0.284202,6,3,5,6.1923,0.0,0,1,0.451566,8,3,5,4.6842,2.0,0,Draw,1
2017,3,4,2.3406,13,7,5,7.7879,2.0,0,2,0.85483,10,4,6,3.92,0.0,1,Home Win,0
2017,3,3,1.36244,18,6,6,7.5417,3.0,0,0,0.210495,6,0,0,24.7857,0.0,1,Home Win,0
2017,3,2,1.8547,18,5,2,5.8182,1.0,0,1,0.769041,12,4,3,10.8621,4.0,0,Home Win,0
2017,3,0,0.857394,12,4,7,15.625,0.0,0,3,3.01942,22,8,6,9.25,0.0,0,Away Win,2
2017,3,0,0.902185,13,2,6,11.6667,1.0,0,1,0.749202,9,4,1,8.5405,1.0,0,Away Win,2
2017,3,1,0.786005,9,3,9,10.5789,1.0,0,1,0.834092,20,7,9,12.2143,0.0,0,Draw,1
2017,3,2,1.92121,16,5,7,6.5862,0.0,0,1,1.08479,13,7,8,11.1667,0.0,0,Home Win,0
2017,3,1,1.40776,14,4,6,10.3077,3.0,0,1,1.16695,11,3,3,9.2222,2.0,0,Draw,1
2017,3,3,2.0244,21,12,11,4.5455,2.0,0,1,1.21993,3,2,3,21.1875,2.0,1,Home Win,0
2017,3,3,2.40074,20,8,4,9.1364,1.0,0,3,1.4853,10,6,2,11.1,1.0,0,Draw,1
2017,3,1,1.89107,15,4,4,12.6087,2.0,0,3,1.27845,10,5,3,12.5,2.0,0,Away Win,2
2017,3,3,1.91503,17,6,6,5.1154,0.0,0,0,0.28233,8,3,3,21.2632,3.0,0,Home Win,0
2017,3,1,1.30552,13,6,4,3.6486,0.0,0,1,0.436613,5,3,3,9.5366,2.0,0,Draw,1
2017,3,2,2.07401,16,8,8,6.9,2.0,0,4,2.07666,8,5,2,22.4706,1.0,0,Away Win,2
2017,3,4,2.61572,16,7,3,10.4231,0.0,0,0,1.13154,13,7,2,12.4762,1.0,0,Home Win,0
2017,3,2,2.0828,12,4,7,7.5833,3.0,0,0,0.776725,7,1,6,6.3095,3.0,0,Home Win,0
2017,3,2,1.61817,13,3,2,8.0938,5.0,1,2,2.02873,12,4,1,7.1667,2.0,0,Draw,1
2017,3,1,1.45054,12,3,0,11.9,0.0,1,0,0.577082,11,0,3,10.24,2.0,0,Home Win,0
2017,3,3,1.90114,15,7,1,10.5625,1.0,0,1,0.803719,12,6,3,9.3226,2.0,0,Home Win,0
2017,3,2,1.14326,9,4,5,9.3103,2.0,0,1,1.79368,13,7,4,5.0952,0.0,0,Home Win,0
2017,3,4,2.39089,11,6,3,9.56,5.0,1,4,1.2544,12,7,5,6.625,5.0,0,Draw,1
2017,3,2,1.01767,14,6,8,6.9722,0.0,0,0,1.07161,9,3,8,9.6571,1.0,0,Home Win,0
2017,3,0,0.73674,15,2,3,12.25,2.0,0,2,2.1997,10,7,4,25.5714,0.0,0,Away Win,2
2017,3,2,1.83095,16,5,2,5.7347,3.0,0,1,0.713622,17,5,5,8.1071,2.0,0,Home Win,0
2017,3,2,2.12791,7,2,2,12.3448,1.0,0,1,0.900051,25,8,5,5.375,1.0,0,Home Win,0
2017,3,0,0.743407,13,4,9,9.0313,4.0,0,1,0.943561,13,4,2,9.9615,3.0,0,Away Win,2
2017,3,2,2.0989,23,8,6,6.7692,1.0,0,1,0.210553,4,3,1,26.8889,2.0,1,Home Win,0
2017,3,3,1.8111,18,7,7,7.0857,0.0,0,0,0.606966,13,2,8,3.3846,3.0,0,Home Win,0
2017,3,1,1.87707,15,4,4,12.0,1.0,0,1,1.59485,13,4,5,6.8966,5.0,0,Draw,1
2017,3,3,3.86566,29,12,9,5.0741,2.0,0,1,1.08319,8,4,3,20.4375,2.0,0,Home Win,0
2017,3,4,1.69565,10,8,0,14.0385,2.0,0,0,0.284209,11,5,7,6.1563,0.0,0,Home Win,0
2017,3,1,1.14526,15,5,4,10.7391,1.0,0,2,0.419465,7,5,2,9.2857,3.0,0,Away Win,2
2017,3,0,0.981146,21,2,7,7.0,2.0,0,0,0.460208,9,3,5,5.9167,3.0,0,Draw,1
2017,3,1,0.71301,15,6,5,11.8929,2.0,0,0,1.1158,12,4,8,4.575,1.0,0,Home Win,0
2017,3,2,2.34535,23,10,7,3.6061,0.0,0,2,1.90135,7,4,4,11.9167,2.0,1,Draw,1
2017,3,1,2.1951,15,9,7,19.6667,1.0,1,1,1.14867,9,3,4,3.2857,3.0,0,Draw,1
2017,3,1,0.578034,16,5,4,3.675,4.0,0,3,2.18855,10,4,3,5.425,1.0,0,Away Win,2
2017,3,3,1.57711,13,6,6,30.6364,0.0,0,0,1.41032,17,9,5,10.4583,2.0,0,Home Win,0
2017,3,1,1.86761,12,5,4,7.1818,0.0,0,2,0.944053,9,4,2,21.8636,0.0,0,Away Win,2
2017,3,2,1.25461,12,7,6,6.4231,2.0,0,2,1.28316,13,9,4,10.3871,3.0,0,Draw,1
2017,3,0,0.929827,12,3,6,6.7241,2.0,0,0,0.0876003,3,0,2,8.0968,2.0,0,Draw,1
2017,3,2,1.48558,12,3,2,9.6216,2.0,0,0,0.750256,9,5,1,8.4286,5.0,0,Home Win,0
2017,3,3,1.45869,6,3,4,7.4333,3.0,0,4,3.40591,25,11,9,3.8261,3.0,0,Away Win,2
2017,3,1,1.64999,13,5,8,8.2,1.0,0,1,0.771592,13,6,10,11.5556,2.0,0,Draw,1
2017,3,0,0.486786,11,3,5,7.3235,2.0,0,1,0.364594,6,1,5,19.0,3.0,0,Away Win,2
2017,3,1,1.63195,15,3,11,5.2353,2.0,0,1,0.647387,8,4,3,14.0556,2.0,0,Draw,1
2017,3,0,0.405005,9,5,8,8.4074,1.0,0,2,1.90593,18,4,5,15.7619,1.0,0,Away Win,2
2017,3,1,3.34396,26,8,13,2.1143,0.0,0,0,0.303914,7,1,1,39.1111,0.0,0,Home Win,0
2017,3,1,2.10144,11,3,0,5.6222,1.0,0,0,0.616667,9,3,3,11.8438,1.0,0,Home Win,0
2017,3,3,2.55607,15,9,5,10.7391,2.0,0,1,1.88845,20,6,8,10.2381,3.0,0,Home Win,0
2017,3,1,1.63493,23,5,5,10.8438,0.0,0,0,0.222306,5,3,3,8.56,2.0,0,Home Win,0
2017,3,3,2.60823,8,6,2,10.1304,3.0,0,2,1.41489,15,7,3,9.2333,2.0,0,Home Win,0
2017,3,1,2.27284,15,7,5,11.5238,0.0,0,0,0.251631,6,2,1,4.9184,3.0,0,Home Win,0
2017,3,1,1.79316,21,6,9,5.55,0.0,0,2,1.02455,10,6,3,8.5556,4.0,0,Away Win,2
2017,3,0,0.503881,13,0,2,19.2857,0.0,0,2,2.02169,15,6,6,15.7778,0.0,0,Away Win,2
2017,3,1,2.38829,12,5,6,17.2143,2.0,0,1,0.583517,14,5,9,5.7209,4.0,1,Draw,1
2017,3,2,3.38052,18,3,6,18.0,0.0,0,1,1.31881,12,5,4,12.32,0.0,0,Home Win,0
2017,3,2,2.67409,22,8,6,3.0345,1.0,0,3,1.85524,7,5,1,11.1739,3.0,1,Away Win,2
2017,3,1,2.32178,18,7,5,19.5455,2.0,0,0,1.15445,8,5,4,8.875,1.0,0,Home Win,0
2017,3,3,2.95093,17,8,11,6.4167,1.0,0,3,1.76688,9,6,4,11.6087,3.0,0,Draw,1
2017,3,2,1.53257,6,2,4,7.2059,4.0,0,2,1.82598,15,5,6,3.7742,2.0,0,Draw,1
2017,3,3,2.64643,13,5,9,7.4138,0.0,0,1,0.569992,8,3,4,10.0,3.0,0,Home Win,0
2017,3,2,1.20149,14,8,8,7.9375,2.0,0,2,1.04877,9,3,5,4.2963,3.0,0,Draw,1
2017,3,0,1.0958,10,4,9,7.7143,2.0,0,1,1.44251,17,7,7,12.0,2.0,0,Away Win,2
2017,3,4,2.17843,18,7,6,8.0952,0.0,0,4,2.07116,20,10,5,10.5,1.0,0,Draw,1
2017,3,0,2.55723,18,1,6,10.4286,1.0,0,0,0.698882,9,4,7,7.0571,1.0,0,Draw,1
2017,3,3,2.72958,16,9,4,7.1053,2.0,0,1,0.529316,10,6,4,5.2128,2.0,0,Home Win,0
2017,3,2,1.74295,11,3,3,9.4571,2.0,0,1,2.11945,16,6,3,8.64,3.0,0,Home Win,0
2017,3,1,2.47477,16,4,6,10.8966,1.0,0,1,1.30821,11,2,8,11.55,3.0,0,Draw,1
2017,3,1,1.81323,15,4,9,5.4324,0.0,0,1,0.309107,2,1,2,10.7353,0.0,0,Draw,1
2017,3,1,0.615242,12,1,6,10.6296,2.0,0,3,1.48773,16,6,6,13.1176,2.0,0,Away Win,2
2017,3,1,1.32144,15,5,6,7.8,1.0,0,0,0.362892,9,6,4,6.5667,1.0,0,Home Win,0
2017,3,3,1.80008,25,9,8,12.4737,0.0,0,2,0.431335,11,5,8,11.0,2.0,0,Home Win,0
2017,3,1,0.282511,7,2,4,11.875,1.0,0,0,1.01714,10,1,4,12.6316,0.0,0,Home Win,0
2017,3,4,1.89433,15,7,4,8.3182,0.0,0,2,0.862595,10,4,7,18.2273,2.0,0,Home Win,0
2017,3,1,0.638704,13,3,4,8.3158,2.0,0,4,2.20181,13,6,1,9.4444,1.0,0,Away Win,2
2017,3,1,0.800387,9,2,3,13.125,3.0,0,1,1.64967,11,4,5,6.9333,1.0,0,Draw,1
2017,3,2,0.536057,9,4,6,9.5556,0.0,0,1,0.754386,12,3,6,5.0857,0.0,0,Home Win,0
2017,3,2,1.58577,16,6,8,8.2414,0.0,0,0,1.31181,18,3,5,6.96,1.0,0,Home Win,0
2017,3,1,0.635085,5,2,1,8.925,2.0,0,1,0.897268,11,4,2,9.8333,1.0,0,Draw,1
2017,3,0,0.899507,13,3,9,5.2414,3.0,0,2,1.38156,9,2,3,7.85,3.0,0,Away Win,2
2017,3,3,2.3724,21,12,7,20.1875,2.0,0,2,0.718389,8,5,3,8.2308,4.0,0,Home Win,0
2017,3,1,0.7221,13,4,4,15.7333,4.0,1,3,1.78303,18,6,3,8.8214,2.0,0,Away Win,2
2017,3,2,0.675137,12,4,5,4.05,1.0,0,2,0.759035,4,3,2,21.3158,0.0,0,Draw,1
2017,3,5,2.83832,25,11,3,10.4167,0.0,0,2,1.01591,6,4,4,10.8788,2.0,0,Home Win,0
2017,3,2,1.33681,8,2,4,11.5417,5.0,0,0,1.41602,14,2,4,6.6571,2.0,0,Home Win,0
2017,3,0,1.56245,18,7,2,7.3103,3.0,0,0,0.788324,5,2,2,11.52,2.0,0,Draw,1
2017,3,1,0.9238,11,5,6,11.1429,3.0,0,1,0.688597,11,3,6,14.1667,3.0,0,Draw,1
2017,3,1,1.09746,15,6,3,4.3,0.0,0,1,0.987601,7,2,3,9.963,2.0,0,Draw,1
2017,3,0,0.503564,11,2,4,5.3415,2.0,0,2,2.63904,17,7,6,14.1071,1.0,0,Away Win,2
2017,3,0,0.784672,15,3,7,7.4138,2.0,0,1,0.25357,7,2,0,14.0455,3.0,0,Away Win,2
2017,3,2,1.5045,12,3,13,7.9,1.0,0,0,0.142135,4,1,0,11.7429,2.0,0,Home Win,0
2017,3,1,1.24795,6,3,0,13.7273,0.0,0,1,2.05596,17,4,5,14.0526,2.0,0,Draw,1
2017,3,0,0.683392,11,5,2,8.7778,7.0,0,0,0.761203,16,3,4,7.2174,1.0,0,Draw,1
2017,3,0,1.46815,10,3,1,11.9524,2.0,0,1,1.47738,16,6,7,8.84,2.0,0,Away Win,2
2017,3,1,0.736859,15,6,3,13.52,3.0,1,2,1.90873,11,7,2,8.0882,1.0,0,Away Win,2
2017,3,3,3.37224,17,7,1,12.6071,1.0,0,0,0.35277,8,2,2,6.36,1.0,0,Home Win,0
2017,3,1,1.47817,15,3,8,6.9063,2.0,1,1,1.12675,14,7,3,8.7576,1.0,0,Draw,1
2017,3,0,1.12443,15,4,3,13.4286,0.0,0,2,1.61624,13,6,5,6.8696,3.0,0,Away Win,2
2017,3,1,0.810006,16,5,3,16.8667,0.0,0,1,1.85583,14,2,6,12.6296,2.0,0,Draw,1
2017,3,2,2.00798,16,5,5,13.5455,2.0,0,3,2.4117,17,7,2,12.5,1.0,0,Away Win,2
2017,3,0,1.55781,15,6,9,8.1579,2.0,0,2,0.935771,9,4,4,8.9167,2.0,0,Away Win,2
2017,3,2,0.974571,13,6,3,6.6667,0.0,0,1,1.23823,13,4,4,5.6316,2.0,0,Home Win,0
2017,3,1,0.648719,7,2,1,13.96,1.0,0,0,0.467987,12,4,8,7.1053,0.0,0,Home Win,0
2017,3,2,1.20152,13,5,4,9.0385,2.0,0,1,0.90129,9,3,3,9.8,2.0,0,Home Win,0
2017,3,2,2.58479,10,3,2,5.9091,0.0,0,0,0.4947,8,2,4,12.7308,1.0,0,Home Win,0
2017,3,2,1.94548,23,9,6,8.6552,0.0,0,0,0.813412,12,2,7,9.6522,2.0,0,Home Win,0
2017,3,4,2.97721,24,9,5,6.4211,4.0,0,2,1.45197,6,2,2,9.0,3.0,0,Home Win,0
2017,3,3,1.13687,12,5,6,9.0909,1.0,0,1,1.58428,12,5,8,7.0909,5.0,0,Home Win,0
2017,3,4,2.44799,13,8,4,8.7407,2.0,0,2,1.30881,8,4,1,12.8333,1.0,0,Home Win,0
2017,3,1,0.244916,5,1,5,6.96,2.0,0,1,1.20598,15,7,4,5.9,3.0,0,Draw,1
2017,3,0,0.405793,9,1,6,6.7222,0.0,0,2,1.22486,13,7,4,13.12,3.0,0,Away Win,2
2017,3,1,1.80201,7,3,0,17.2727,2.0,0,0,0.353523,9,3,5,10.8947,2.0,0,Home Win,0
2017,3,0,1.84628,28,11,6,4.8108,3.0,0,1,0.362785,7,2,5,5.4737,3.0,0,Away Win,2
2017,3,2,1.03034,9,6,4,6.75,2.0,0,1,0.4915,12,4,3,3.6216,6.0,0,Home Win,0
2017,3,2,1.64582,12,3,7,6.2778,6.0,0,1,0.650812,10,2,5,9.9412,2.0,0,Home Win,0
2017,3,0,0.321031,8,2,4,6.4783,4.0,0,1,1.40418,16,6,7,8.5357,1.0,0,Away Win,2
2017,3,1,0.771028,11,3,4,8.1212,2.0,0,2,2.12545,16,5,3,10.7895,2.0,0,Away Win,2
2017,3,1,0.469077,3,1,4,35.5,4.0,0,2,3.22804,18,5,8,3.3548,3.0,0,Away Win,2
2017,3,0,1.65693,19,6,9,5.15,0.0,0,0,0.0979538,5,3,2,21.55,0.0,0,Draw,1
2017,3,1,1.19993,9,2,3,7.1154,0.0,0,1,1.01277,13,6,3,15.9048,3.0,0,Draw,1
2017,3,1,2.11128,15,3,3,9.2857,1.0,0,2,1.31216,14,5,7,10.2286,1.0,0,Away Win,2
2017,3,1,0.564931,12,4,4,7.6129,1.0,0,1,1.00896,7,3,2,12.6667,1.0,0,Draw,1
2017,3,1,0.888389,14,3,11,5.6522,1.0,0,0,0.225135,6,1,2,13.4091,1.0,0,Home Win,0
2017,3,1,1.94602,13,5,4,10.7742,2.0,0,0,0.263378,7,0,3,5.5,2.0,0,Home Win,0
2017,3,0,2.15161,20,5,10,4.6098,2.0,0,1,1.51236,15,4,6,8.6818,1.0,0,Away Win,2
2017,3,1,0.773004,13,4,2,11.3103,0.0,0,1,1.00505,8,2,3,9.2,0.0,0,Draw,1
2017,3,0,0.417132,9,5,7,10.52,4.0,1,2,1.99241,10,6,3,6.55,4.0,0,Away Win,2
2017,3,1,1.03725,11,3,2,8.4839,0.0,0,1,1.66037,4,2,3,6.0286,4.0,0,Draw,1
2017,3,2,1.19883,12,4,3,7.5385,1.0,0,3,0.510854,9,4,3,18.8,3.0,0,Away Win,2
2017,3,0,0.471821,5,1,4,33.6667,1.0,0,4,1.98824,17,4,5,12.8947,0.0,0,Away Win,2
2017,3,2,1.85046,10,5,5,10.3043,2.0,0,2,2.00266,17,6,6,9.7917,3.0,0,Draw,1
2017,3,1,0.332588,7,4,2,7.4242,0.0,0,0,0.965273,11,3,6,15.0,1.0,0,Home Win,0
2017,3,1,2.17331,13,7,5,12.7778,3.0,0,0,0.775015,7,2,1,10.4,2.0,0,Home Win,0
2017,3,0,0.52869,8,2,8,9.3333,0.0,0,2,1.84153,17,6,5,10.88,2.0,0,Away Win,2
2017,3,0,1.74881,18,6,11,2.5814,4.0,0,0,0.405966,5,2,1,10.6087,5.0,1,Draw,1
2017,3,1,0.198069,7,2,3,12.6,7.0,1,2,2.04714,17,4,2,15.85,1.0,0,Away Win,2
2017,3,6,4.9158,18,7,11,7.0,1.0,0,0,0.00671621,1,0,1,38.8182,2.0,0,Home Win,0
2017,3,3,1.28057,13,4,5,7.2593,3.0,0,2,1.23331,10,3,8,7.85,3.0,0,Home Win,0
2017,3,3,1.41466,17,6,11,18.8421,1.0,0,0,0.226156,6,1,4,13.7895,1.0,0,Home Win,0
2017,3,0,0.492366,16,4,5,7.6538,2.0,0,1,0.213037,6,2,6,5.8056,2.0,0,Away Win,2
2017,3,1,0.741256,17,5,3,9.7857,2.0,0,3,2.09117,16,8,6,9.8,2.0,0,Away Win,2
2017,3,0,1.1338,12,2,3,9.1852,0.0,0,0,0.660324,8,3,5,12.0556,2.0,0,Draw,1
2017,3,0,1.08096,14,4,5,23.9231,1.0,0,0,0.303864,5,0,4,20.5263,0.0,0,Draw,1
2017,3,3,1.35381,12,6,7,16.6,0.0,0,1,0.404235,8,2,3,10.4737,3.0,0,Home Win,0
2017,3,2,2.72895,19,7,3,11.12,0.0,0,0,0.710644,10,2,5,12.9615,3.0,0,Home Win,0
2017,3,1,2.43612,25,8,12,5.6875,2.0,0,0,0.659875,9,4,2,14.2222,1.0,0,Home Win,0
2017,3,2,2.78372,16,6,3,10.1212,3.0,0,1,1.40277,9,2,6,6.0,4.0,0,Home Win,0
2017,3,3,2.11519,15,6,4,10.3214,0.0,0,0,0.527164,13,1,6,18.0526,1.0,0,Home Win,0
2017,3,3,2.29819,23,7,9,7.6207,0.0,0,3,2.23407,13,6,3,21.6471,1.0,0,Draw,1
2017,3,1,0.298809,7,2,1,11.9,2.0,0,2,1.62394,10,5,3,20.1765,1.0,0,Away Win,2
2017,3,2,1.50233,7,3,2,8.5405,3.0,0,0,0.407088,10,3,2,11.7308,1.0,1,Home Win,0
2017,3,0,1.57629,17,3,5,13.8,0.0,0,1,1.29568,10,2,2,16.8095,1.0,0,Away Win,2
2017,3,1,0.775841,9,3,1,12.1053,1.0,0,2,2.42384,16,9,6,10.9655,3.0,0,Away Win,2
2017,3,1,0.547431,15,6,8,10.381,2.0,0,3,2.27046,20,12,7,12.1905,1.0,0,Away Win,2
2017,3,6,4.59926,17,9,2,13.55,1.0,0,0,0.485044,9,3,1,34.1538,1.0,0,Home Win,0
2017,3,2,2.05172,16,7,2,6.3721,2.0,0,0,0.223581,6,0,2,15.3333,2.0,1,Home Win,0
2017,3,2,1.06787,9,5,6,16.65,2.0,0,1,0.822039,11,6,3,21.9091,0.0,0,Home Win,0
2017,3,0,0.365312,9,2,4,13.6842,1.0,0,0,1.17225,9,1,5,12.5652,3.0,1,Draw,1
2017,3,6,3.02461,18,11,4,14.52,1.0,0,0,0.786962,4,1,8,9.9565,0.0,0,Home Win,0
2017,3,0,0.884077,18,2,5,7.5,0.0,0,0,0.301791,7,2,1,14.75,2.0,0,Draw,1
2017,3,0,0.633771,14,5,7,8.9677,0.0,0,0,0.658951,11,2,6,11.9,1.0,0,Draw,1
2017,3,2,1.33572,13,3,6,9.6552,3.0,0,3,3.09004,15,5,3,6.5926,4.0,0,Away Win,2
2017,3,1,1.08797,11,4,3,12.7143,1.0,0,1,0.900691,8,6,7,15.5625,1.0,0,Draw,1
2017,3,3,1.60177,15,7,5,11.5625,1.0,0,0,0.613194,8,0,7,7.24,4.0,0,Home Win,0
2017,3,1,1.57617,19,4,8,15.1667,0.0,0,4,2.20677,13,7,9,6.9706,0.0,0,Away Win,2
2017,3,1,1.31169,15,8,8,7.04,4.0,0,1,1.09441,12,4,3,6.2759,5.0,1,Draw,1
2017,3,0,1.20901,13,1,9,7.8947,0.0,0,2,0.679271,11,2,3,14.4444,1.0,0,Away Win,2
2017,3,2,1.4326,10,3,4,13.4375,1.0,0,1,2.30928,12,6,5,13.5417,2.0,0,Home Win,0
2017,3,1,1.82811,14,4,8,9.4,0.0,0,1,0.621143,10,3,3,19.55,2.0,0,Draw,1
2017,3,1,0.886211,7,1,1,12.9667,3.0,0,4,2.32217,12,7,6,12.25,1.0,0,Away Win,2
2017,3,3,2.29435,18,7,8,4.4054,2.0,0,2,1.35788,7,4,1,8.0645,2.0,0,Home Win,0
2017,3,2,1.60318,10,6,4,16.5882,1.0,0,1,1.81065,14,4,2,7.5769,2.0,0,Home Win,0
2017,3,5,3.36215,20,11,6,8.7778,2.0,0,1,0.196571,4,1,0,47.1111,1.0,0,Home Win,0
2017,3,2,3.47924,21,6,7,14.7222,1.0,0,0,0.338639,13,5,8,7.5,2.0,0,Home Win,0
2017,3,2,1.65421,13,6,6,9.1905,1.0,0,1,1.41628,13,2,8,13.9524,3.0,0,Home Win,0
2017,3,1,0.9886,16,6,5,10.3871,2.0,0,1,1.0854,10,4,2,8.5909,1.0,0,Draw,1
2017,3,2,0.858968,12,3,4,11.0417,1.0,0,0,0.925683,12,5,6,8.2174,1.0,0,Home Win,0
2017,3,4,2.50515,11,6,2,10.5517,3.0,0,1,0.856191,7,1,2,17.0526,4.0,0,Home Win,0
2017,3,2,2.06006,14,3,4,8.4783,1.0,0,0,0.3674,11,0,4,10.7,2.0,0,Home Win,0
2017,3,0,0.789397,15,4,7,6.0,2.0,1,0,0.213724,7,2,5,14.2273,4.0,1,Draw,1
2017,3,1,0.852341,12,5,10,11.8235,1.0,0,1,0.382079,9,3,4,17.5294,2.0,0,Draw,1
2017,3,4,3.53524,17,9,7,9.3704,0.0,0,0,0.409487,10,2,6,7.64,0.0,0,Home Win,0
2017,3,2,1.59229,14,8,8,15.875,0.0,1,5,3.43682,12,7,4,10.7,2.0,0,Away Win,2
2017,3,2,0.751725,11,3,5,9.4762,0.0,0,2,2.56921,21,7,7,11.6786,0.0,0,Draw,1
2017,3,3,1.89902,16,6,8,7.8929,0.0,0,0,0.18377,7,2,5,18.6667,2.0,0,Home Win,0
2017,3,0,1.16277,13,3,5,11.5238,1.0,1,3,1.53898,4,3,0,9.2963,1.0,0,Away Win,2
2017,3,2,1.66389,15,6,4,8.5357,4.0,0,0,0.293261,7,3,5,6.0357,1.0,0,Home Win,0
2017,3,1,1.72754,11,5,10,6.9,3.0,0,0,0.896138,11,4,4,9.375,3.0,1,Home Win,0
2017,3,0,0.243137,6,2,2,22.0952,1.0,0,3,2.00929,14,8,7,4.3929,0.0,0,Away Win,2
2017,3,2,2.08957,11,5,3,17.8667,1.0,0,0,0.392824,9,3,5,10.5333,2.0,0,Home Win,0
2017,3,4,1.89862,11,6,1,16.3125,0.0,0,1,1.25053,11,3,2,15.7778,0.0,0,Home Win,0
2017,3,3,1.88985,16,6,7,10.25,3.0,0,1,1.26677,13,4,4,14.7727,1.0,0,Home Win,0
2017,3,2,1.46846,8,4,6,11.3889,0.0,0,2,0.668665,12,3,3,9.9231,2.0,1,Draw,1
2017,3,3,3.3782,15,8,2,13.8462,2.0,0,2,1.34976,12,2,5,12.4118,4.0,0,Home Win,0
2017,3,1,1.2344,19,6,7,37.5,1.0,0,1,2.47525,17,6,5,12.9091,2.0,0,Draw,1
2017,3,1,1.21432,10,4,1,20.8636,2.0,1,1,1.8312,12,5,1,5.8,4.0,0,Draw,1
2017,3,0,2.48527,21,7,6,6.0417,2.0,0,1,0.632526,4,1,2,17.8333,0.0,0,Away Win,2
2017,3,3,2.16729,16,9,7,9.0357,2.0,0,0,1.04843,6,1,8,4.1034,4.0,1,Home Win,0
2017,3,1,0.910012,10,1,2,10.2,3.0,0,3,2.91172,14,6,6,9.7,2.0,0,Away Win,2
2017,3,1,0.968124,12,5,4,6.0,2.0,0,2,2.01034,15,7,4,17.5,3.0,0,Away Win,2
2017,3,3,1.53367,11,5,4,13.6429,2.0,0,1,1.07207,16,2,6,5.2069,4.0,0,Home Win,0
2017,3,2,0.980831,5,2,1,26.2,6.0,1,0,1.18053,22,7,9,7.619,1.0,0,Home Win,0
2017,3,1,0.552018,12,4,4,4.5588,3.0,0,2,1.2057,6,5,2,14.6842,3.0,0,Away Win,2
2017,3,4,1.88692,13,7,2,11.8095,0.0,0,1,0.680762,9,5,5,12.1176,1.0,0,Home Win,0
2017,3,1,1.9373,11,3,4,29.25,1.0,0,3,2.76039,17,9,7,11.4211,0.0,0,Away Win,2
2017,3,0,0.175221,3,0,3,18.75,3.0,0,0,0.890747,9,1,1,6.0357,5.0,0,Draw,1
2017,3,3,2.43316,18,5,7,10.1304,0.0,0,1,1.45979,18,6,3,14.7895,3.0,0,Home Win,0
2017,3,3,1.64906,14,10,3,10.9259,2.0,0,0,0.848806,14,4,7,5.6818,0.0,0,Home Win,0
2017,3,1,1.92541,18,8,10,2.1935,1.0,0,4,2.45916,7,7,0,40.9,0.0,0,Away Win,2
2017,3,3,1.07393,12,8,2,28.7692,0.0,0,1,1.57779,10,4,3,19.7,0.0,0,Home Win,0
2017,3,2,1.50613,8,4,3,9.875,1.0,0,6,1.22103,17,10,6,9.2692,1.0,0,Away Win,2
2017,3,2,0.707853,12,3,5,10.2692,1.0,0,0,0.237381,5,2,4,11.35,2.0,0,Home Win,0
2017,3,1,1.69009,11,5,4,7.8529,0.0,0,0,0.281816,6,2,3,11.25,2.0,0,Home Win,0
2017,3,3,4.42734,27,8,5,17.2143,2.0,0,2,1.56701,11,4,2,11.5455,2.0,0,Home Win,0
2017,3,2,2.35888,17,8,8,12.7,3.0,1,1,1.2463,8,3,3,11.3636,1.0,0,Home Win,0
2017,3,1,0.539651,13,1,3,9.5833,0.0,0,2,1.0587,14,3,7,9.3478,1.0,0,Away Win,2
2017,3,4,1.84524,16,8,5,14.1304,2.0,0,1,1.59763,7,1,10,8.2727,3.0,0,Home Win,0
2017,5,3,2.14636,17,7,8,2.5714,1.0,0,2,0.248798,6,3,2,12.6,3.0,0,Home Win,0
2017,5,2,2.25264,16,5,8,6.7419,0.0,0,0,0.190301,7,1,3,19.0,1.0,0,Home Win,0
2017,5,4,1.72783,12,7,3,5.9167,2.0,0,0,0.292445,7,1,4,16.95,3.0,0,Home Win,0
2017,5,1,0.557371,6,4,3,12.0476,1.0,0,3,1.45737,13,5,3,15.619,2.0,0,Away Win,2
2017,5,1,0.943684,8,3,2,14.3929,2.0,0,0,0.593773,6,2,7,9.4333,1.0,0,Home Win,0
2017,5,1,1.33762,11,4,6,14.5238,1.0,0,1,1.87176,16,4,7,5.5185,0.0,0,Draw,1
2017,5,1,1.46179,10,2,9,10.9565,2.0,0,0,0.31924,8,1,3,11.7143,1.0,0,Home Win,0
2017,5,3,1.90958,14,5,15,4.4412,2.0,0,0,1.0773,9,4,3,8.4167,3.0,0,Home Win,0
2017,5,2,1.11146,9,5,0,11.96,3.0,0,2,1.77916,7,4,5,8.3929,2.0,0,Draw,1
2017,5,3,2.41348,18,5,7,16.7857,1.0,0,0,0.594982,12,1,3,10.6786,0.0,0,Home Win,0
2017,5,1,1.92396,20,6,10,7.0455,2.0,0,2,0.432943,10,4,4,26.5294,3.0,0,Away Win,2
2017,5,1,0.712298,17,5,14,9.3462,1.0,0,2,1.53095,17,8,2,9.7083,3.0,0,Away Win,2
2017,5,0,1.29602,14,3,6,16.0556,1.0,0,1,1.91985,13,10,9,6.3333,3.0,0,Away Win,2
2017,5,0,0.705642,10,1,5,8.9,3.0,0,2,1.47376,12,6,5,7.3902,2.0,0,Away Win,2
2017,5,2,2.14545,12,5,5,9.0,1.0,0,0,0.525091,6,1,1,15.3333,2.0,0,Home Win,0
2017,5,0,0.75531,11,4,8,8.1481,1.0,0,1,1.14769,6,4,2,6.92,1.0,0,Away Win,2
2017,5,1,1.72539,8,4,5,6.2,4.0,0,0,0.790815,14,1,3,8.1429,3.0,0,Home Win,0
2017,5,3,3.20079,22,9,7,6.5714,1.0,0,0,1.11214,12,2,5,6.1111,2.0,1,Home Win,0
2017,5,1,1.15256,15,3,6,11.2917,0.0,0,4,1.82196,16,6,10,8.08,2.0,0,Away Win,2
2017,5,0,0.0609477,3,0,4,31.4667,2.0,0,3,2.51121,21,8,6,5.9565,2.0,0,Away Win,2
2017,5,0,0.511679,15,4,5,7.2105,2.0,0,2,1.82943,11,3,3,9.0588,2.0,0,Away Win,2
2017,5,3,0.933014,8,5,0,9.4828,2.0,1,3,0.924278,16,6,8,8.3333,2.0,0,Draw,1
2017,5,1,1.10475,12,2,11,6.8966,3.0,1,1,0.773691,11,4,2,21.7143,2.0,0,Draw,1
2017,5,0,0.799504,10,5,6,9.7778,2.0,0,1,1.93555,22,5,6,6.2857,1.0,0,Away Win,2
2017,5,1,1.91128,16,5,9,9.4828,2.0,0,1,0.639177,7,1,2,8.3939,3.0,0,Draw,1
2017,5,2,1.41445,14,8,4,10.2143,2.0,0,0,0.455777,13,1,5,27.375,2.0,0,Home Win,0
2017,5,6,3.19678,24,15,7,3.7778,0.0,1,2,0.338766,7,1,1,14.4783,4.0,0,Home Win,0
2017,5,2,1.33398,14,7,7,20.0588,2.0,0,2,1.21134,12,4,0,5.0541,4.0,0,Draw,1
2017,5,3,3.17624,13,5,3,9.7407,2.0,0,0,1.06947,16,1,11,11.2609,2.0,0,Home Win,0
2017,5,0,0.724295,8,1,2,7.7895,1.0,0,1,0.565923,11,4,10,15.6957,0.0,1,Away Win,2
2017,5,3,1.3292,12,4,3,14.913,3.0,0,0,0.247748,12,3,4,5.9583,3.0,0,Home Win,0
2017,5,1,0.861506,11,2,7,8.0588,2.0,0,1,0.846538,13,3,1,9.0,5.0,0,Draw,1
2017,5,2,2.76641,13,8,4,10.04,0.0,0,1,0.566642,5,2,4,15.3913,1.0,0,Home Win,0
2017,5,1,1.71638,16,4,9,10.8824,2.0,0,0,0.834878,9,2,3,12.0952,2.0,0,Home Win,0
2017,5,2,1.25732,7,2,2,9.963,2.0,0,1,1.55187,11,2,4,13.0952,2.0,0,Home Win,0
2017,5,2,1.86165,14,6,2,10.625,1.0,0,0,0.566048,15,3,7,9.45,2.0,0,Home Win,0
2017,5,0,0.318881,6,2,1,16.0417,1.0,0,0,0.806351,16,3,8,7.8462,1.0,0,Draw,1
2017,5,3,2.36555,14,4,8,5.8108,2.0,0,0,0.621197,12,2,3,16.4286,3.0,0,Home Win,0
2017,5,3,2.39664,11,7,3,7.5217,4.0,0,2,0.942755,14,3,4,6.25,3.0,1,Home Win,0
2017,5,6,4.53179,14,8,1,12.8636,2.0,0,1,1.41561,11,3,1,13.45,3.0,0,Home Win,0
2017,5,2,1.67506,12,3,8,7.1212,1.0,1,1,0.51478,9,4,3,9.913,2.0,0,Home Win,0
2017,5,0,0.352346,10,2,5,13.0,2.0,1,0,0.936419,18,1,3,6.8108,4.0,0,Draw,1
2017,5,2,0.762372,12,4,3,7.1739,2.0,0,1,0.834402,13,6,6,8.7097,2.0,0,Home Win,0
2017,5,1,1.72708,10,4,5,7.1,6.0,0,3,2.1507,17,4,2,13.7692,1.0,0,Away Win,2
2017,5,4,2.94979,10,5,2,14.1111,2.0,0,0,0.881798,11,1,11,7.6667,2.0,0,Home Win,0
2017,5,1,0.68122,8,4,1,18.3333,3.0,1,1,2.04494,15,6,3,10.5333,2.0,1,Draw,1
2017,5,0,0.599748,10,3,6,4.8485,1.0,1,1,0.293267,8,3,0,9.125,3.0,0,Away Win,2
2017,5,0,0.737279,11,3,4,16.1667,2.0,0,0,0.204017,7,0,1,10.0,3.0,0,Draw,1
2017,5,0,0.411604,11,3,8,9.1111,1.0,1,1,0.591683,12,4,3,14.1111,2.0,0,Away Win,2
2017,5,1,1.20793,8,1,6,16.65,0.0,1,5,4.87729,22,12,7,7.6667,1.0,0,Away Win,2
2017,5,0,0.909141,16,5,3,8.9667,3.0,0,1,0.733308,14,4,9,12.2105,1.0,0,Away Win,2
2017,5,0,0.88774,17,4,6,11.8966,1.0,0,1,0.590921,6,3,5,14.3158,5.0,0,Away Win,2
2017,5,0,0.64374,7,0,2,10.5517,3.0,1,1,1.20725,9,3,6,10.84,3.0,0,Away Win,2
2017,5,0,0.712071,8,3,6,7.1875,2.0,0,2,1.44127,22,6,3,6.4,3.0,0,Away Win,2
2017,5,0,1.99822,18,5,4,7.7333,1.0,0,1,1.60019,10,5,5,11.7619,3.0,0,Away Win,2
2017,5,0,1.84763,18,7,1,6.7813,3.0,0,1,1.73247,16,6,4,11.6667,3.0,0,Away Win,2
2017,5,1,1.49258,20,4,8,10.3226,1.0,0,0,0.376469,10,5,8,6.8929,1.0,0,Home Win,0
2017,5,3,2.74933,14,5,5,6.9545,2.0,0,0,1.25366,10,1,5,11.4,2.0,0,Home Win,0
2017,5,1,0.464665,8,4,4,11.6538,0.0,0,0,0.277685,8,1,3,10.5263,2.0,0,Home Win,0
2017,5,2,1.77327,14,5,9,5.8148,3.0,0,0,0.928593,12,5,4,24.75,2.0,0,Home Win,0
2017,5,3,3.22208,21,8,5,13.4375,4.0,0,1,1.17579,10,4,2,16.2222,2.0,0,Home Win,0
2017,5,1,1.76038,18,5,7,7.4348,1.0,0,0,0.0263448,2,0,3,9.6667,2.0,0,Home Win,0
2017,5,0,1.03899,11,2,1,5.5152,1.0,0,4,2.53149,12,7,1,10.9706,2.0,0,Away Win,2
2017,5,2,3.19464,23,6,12,7.2,2.0,0,0,0.5552,8,1,5,13.6667,0.0,0,Home Win,0
2017,5,3,3.5055,20,6,8,9.6842,1.0,0,3,1.68516,11,6,1,10.4,5.0,0,Draw,1
2017,5,0,1.06447,15,7,5,7.4615,3.0,0,1,0.628796,9,3,4,28.6923,3.0,1,Away Win,2
2017,5,0,0.156853,5,2,2,15.5714,2.0,0,0,0.664671,10,1,11,4.875,2.0,0,Draw,1
2017,5,2,1.75619,17,3,8,8.5,4.0,0,2,1.67713,15,6,1,16.0385,2.0,0,Draw,1
2017,5,2,2.00978,9,4,9,10.8824,3.0,1,2,1.41106,9,4,5,9.44,3.0,0,Draw,1
2017,5,1,1.38859,21,5,12,5.0,1.0,0,2,0.572934,12,4,3,18.7059,1.0,0,Away Win,2
2017,5,3,1.4818,8,4,4,11.5,3.0,0,0,0.393119,12,1,6,6.2083,2.0,0,Home Win,0
2017,5,3,0.999606,15,4,9,7.8214,2.0,0,3,1.5737,13,6,4,14.3684,3.0,1,Draw,1
2017,5,1,1.55525,13,6,7,6.6207,0.0,1,1,0.668952,7,1,4,6.1026,2.0,0,Draw,1
2017,5,0,0.698792,9,2,8,5.9286,4.0,0,1,1.40792,10,3,3,7.9189,1.0,0,Away Win,2
2017,5,2,0.806682,9,7,5,31.0,3.0,1,1,1.28401,14,4,8,4.12,1.0,1,Home Win,0
2017,5,1,0.952285,6,4,6,9.64,1.0,0,1,0.569784,11,2,4,7.7222,2.0,0,Draw,1
2017,5,1,0.939163,8,1,3,6.5938,3.0,0,1,0.948064,15,3,4,11.8182,1.0,0,Draw,1
2017,5,1,2.21251,15,6,4,12.2857,2.0,0,0,1.3633,9,1,4,12.8696,4.0,1,Home Win,0
2017,5,2,2.67558,19,10,9,6.5652,2.0,0,4,2.56739,17,9,5,17.0,3.0,1,Away Win,2
2017,5,6,2.40637,11,9,1,19.0,1.0,0,2,2.19609,18,6,5,16.5517,2.0,0,Home Win,0
2017,5,3,2.33843,20,5,12,5.6111,2.0,0,1,0.33881,10,2,5,14.8636,1.0,0,Home Win,0
2017,5,3,2.02351,19,9,4,10.0,3.0,0,3,3.0641,20,7,4,10.25,3.0,0,Draw,1
2017,5,1,1.46173,16,6,3,11.3478,1.0,0,0,0.240109,7,2,0,11.0385,5.0,1,Home Win,0
2017,5,2,1.39101,14,4,4,15.3333,3.0,0,0,1.94389,15,8,7,6.1724,1.0,0,Home Win,0
2017,5,3,1.79765,22,7,7,10.7857,4.0,0,2,1.86517,14,7,5,10.6429,1.0,0,Home Win,0
2017,5,1,0.996615,18,3,6,6.0769,3.0,0,1,1.16816,14,4,2,14.6667,2.0,0,Draw,1
2017,5,0,1.31459,22,5,4,8.3636,1.0,0,2,2.02926,12,4,4,4.9,4.0,0,Away Win,2
2017,5,1,0.704259,15,5,5,17.381,3.0,0,2,2.55828,18,8,9,7.2632,4.0,0,Away Win,2
2017,5,2,3.83243,16,9,6,6.7727,3.0,0,0,0.736792,11,0,5,6.9048,6.0,1,Home Win,0
2017,5,2,1.26975,16,6,3,5.4545,1.0,1,2,1.53577,10,2,1,21.6316,2.0,0,Draw,1
2017,5,1,1.107,13,4,4,8.9667,3.0,0,0,0.756311,14,4,3,10.9,1.0,0,Home Win,0
2017,5,0,1.17702,14,4,4,9.8696,2.0,0,1,0.418413,3,1,2,5.697,4.0,0,Away Win,2
2017,5,1,0.722398,15,5,2,7.1875,1.0,1,2,0.694652,8,6,5,6.8333,2.0,0,Away Win,2
2017,5,2,2.02602,15,6,7,5.5882,3.0,0,0,0.382019,8,1,7,5.0625,2.0,0,Home Win,0
2017,5,2,0.748019,9,3,3,13.2273,3.0,0,1,0.862897,10,4,6,9.2917,1.0,0,Home Win,0
2017,5,1,1.8532,16,9,9,11.5,0.0,0,2,1.15613,15,5,1,17.5882,1.0,1,Away Win,2
2017,5,1,0.743569,9,6,2,13.875,1.0,0,0,0.605216,7,1,6,5.9565,2.0,1,Home Win,0
2017,5,0,1.27005,21,4,6,7.0,2.0,0,1,1.52158,15,5,2,12.7059,3.0,0,Away Win,2
2017,5,0,0.277198,9,3,4,17.4286,2.0,1,5,3.27703,14,10,3,9.5217,2.0,0,Away Win,2
2017,5,2,1.31442,11,3,3,8.9524,4.0,0,2,0.324335,7,3,4,5.3846,3.0,1,Draw,1
2017,5,0,1.37964,12,4,6,12.8824,2.0,0,2,0.893808,12,5,2,10.2,0.0,0,Away Win,2
2017,5,1,0.58564,16,3,6,6.7308,1.0,0,0,1.13546,8,3,6,12.75,3.0,0,Home Win,0
2017,5,1,0.325792,6,1,1,10.6,3.0,0,0,1.00906,12,0,5,6.3333,2.0,0,Home Win,0
2017,5,1,0.620527,12,4,5,5.0435,1.0,0,1,0.354145,7,2,5,11.75,5.0,1,Draw,1
2017,5,0,0.665171,18,7,11,4.52,2.0,0,1,1.06909,10,3,4,7.5294,3.0,0,Away Win,2
2017,5,2,1.38545,12,4,3,9.8529,0.0,0,0,0.506774,7,4,2,16.52,3.0,0,Home Win,0
2017,5,0,1.0658,10,4,4,15.68,4.0,0,1,0.596442,7,2,1,9.1852,2.0,0,Away Win,2
2017,5,3,3.30483,16,8,8,9.3929,0.0,0,0,0.198721,9,1,2,28.1053,0.0,0,Home Win,0
2017,5,2,1.62722,14,6,4,8.4,3.0,0,2,0.37517,5,2,2,10.3214,2.0,0,Draw,1
2017,5,0,0.663289,11,4,7,5.8571,2.0,0,0,0.962164,4,2,1,5.4138,3.0,0,Draw,1
2017,5,1,0.901077,10,3,3,12.7083,2.0,0,1,0.497744,12,1,2,15.2632,1.0,0,Draw,1
2017,5,2,0.990379,11,6,9,8.6667,2.0,0,1,0.79584,10,3,4,4.625,4.0,0,Home Win,0
2017,5,1,1.30297,11,4,6,13.4,1.0,1,0,0.572627,13,4,4,13.1304,1.0,0,Home Win,0
2017,5,1,0.816595,6,2,8,10.4483,2.0,0,0,0.329157,6,0,0,7.1724,5.0,0,Home Win,0
2017,5,3,2.42579,13,6,4,11.3846,3.0,0,0,0.886377,10,2,1,34.875,1.0,1,Home Win,0
2017,5,0,0.663491,9,3,2,22.25,1.0,0,5,2.78391,15,7,4,6.7241,3.0,0,Away Win,2
2017,5,5,4.03445,28,11,13,4.5217,0.0,0,0,1.02028,11,3,6,10.25,0.0,0,Home Win,0
2017,5,6,2.94988,18,9,4,8.9375,1.0,0,0,0.299641,12,3,1,15.1053,1.0,0,Home Win,0
2017,5,0,2.45958,19,5,9,11.3043,3.0,0,3,1.51839,14,7,0,4.9615,2.0,0,Away Win,2
2017,5,0,0.842106,13,2,5,10.1389,1.0,1,5,2.43783,13,10,1,5.25,2.0,0,Away Win,2
2017,5,1,1.40691,10,2,4,11.44,2.0,0,1,0.879149,15,4,4,4.625,3.0,0,Draw,1
2017,5,1,0.338961,9,3,3,17.2,4.0,0,1,1.03971,14,3,6,5.1379,2.0,0,Draw,1
2017,5,1,2.16318,18,4,12,15.2692,2.0,0,1,1.55288,12,7,3,7.55,3.0,0,Draw,1
2017,5,3,1.4635,15,8,4,10.9524,1.0,0,1,1.29033,11,4,4,15.32,1.0,0,Home Win,0
2017,5,1,0.854701,9,2,1,10.6364,4.0,1,1,0.308467,10,2,7,6.4,4.0,0,Draw,1
2017,5,3,0.780945,12,5,8,5.9545,2.0,0,1,1.3189,8,3,10,9.9063,3.0,0,Home Win,0
2017,5,0,2.15719,21,3,9,6.0455,2.0,0,0,0.817349,12,5,4,24.5,3.0,1,Draw,1
2017,5,4,2.15231,23,10,9,4.7143,2.0,0,1,0.855253,8,1,2,18.5385,3.0,0,Home Win,0
2017,5,0,0.738148,15,3,9,5.5769,2.0,0,0,0.770313,15,2,6,11.3333,1.0,0,Draw,1
2017,5,2,1.40766,11,5,6,7.4231,1.0,0,1,0.69636,13,4,7,7.9032,0.0,1,Home Win,0
2017,5,3,2.13961,18,6,6,12.7857,1.0,0,0,0.197089,10,4,7,5.3235,6.0,0,Home Win,0
2017,5,0,0.244374,10,3,2,12.5806,5.0,1,5,2.22509,11,7,2,14.0,3.0,0,Away Win,2
2017,5,2,0.922182,15,5,8,3.3421,3.0,0,1,1.12975,10,1,2,6.6,6.0,1,Home Win,0
2017,5,2,1.27542,12,6,7,9.0455,4.0,0,2,1.64076,10,4,4,13.04,2.0,0,Draw,1
2017,5,3,1.18185,9,3,4,13.6296,2.0,0,0,0.302355,7,3,3,7.1739,4.0,0,Home Win,0
2017,5,1,1.03943,12,2,4,14.5556,2.0,0,0,1.22029,10,2,8,6.1429,3.0,0,Home Win,0
2017,5,3,1.06076,13,5,6,11.0,3.0,0,1,1.68147,12,4,2,8.125,2.0,0,Home Win,0
2017,5,1,1.87549,21,7,6,7.303,2.0,0,0,0.266214,4,1,2,24.2778,2.0,0,Home Win,0
2017,5,0,1.25584,21,6,8,6.2647,1.0,0,2,0.934284,11,2,1,9.1053,0.0,0,Away Win,2
2017,5,1,0.379619,8,2,1,12.9394,3.0,0,2,4.41005,18,5,4,16.1,4.0,0,Away Win,2
2017,5,2,0.875002,8,5,3,18.8889,0.0,0,1,0.88355,16,6,6,7.7143,3.0,0,Home Win,0
2017,5,1,0.393065,10,4,7,20.6316,0.0,0,2,1.26206,8,3,4,9.2273,1.0,0,Away Win,2
2017,5,3,1.54515,12,6,2,9.8571,1.0,0,0,0.337006,11,5,6,7.5862,2.0,0,Home Win,0
2017,5,0,0.420556,10,1,8,5.2333,1.0,0,0,0.6259,6,4,3,9.0,3.0,0,Draw,1
2017,5,1,2.95324,21,5,4,8.0313,0.0,0,2,1.15359,7,3,2,16.5714,1.0,0,Away Win,2
2017,5,0,0.345768,9,4,0,15.4643,1.0,0,3,2.48085,21,8,9,5.88,0.0,0,Away Win,2
2017,5,1,0.583821,16,5,11,9.1667,0.0,0,0,0.380888,9,1,5,7.3235,0.0,0,Home Win,0
2017,5,2,1.70266,19,6,11,5.1333,0.0,0,0,0.446889,6,3,1,15.7143,1.0,0,Home Win,0
2017,5,0,0.223173,6,3,2,6.12,1.0,0,0,2.23402,15,1,3,9.0,2.0,0,Draw,1
2017,5,1,1.84921,14,3,6,18.2692,3.0,1,2,1.34601,8,4,4,15.5,4.0,1,Away Win,2
2017,5,1,0.784896,13,4,5,8.4091,4.0,0,1,1.47025,22,6,9,12.4706,1.0,0,Draw,1
2017,5,2,0.38814,5,2,0,15.1818,4.0,0,1,2.27373,29,5,13,6.5263,3.0,0,Home Win,0
2017,5,0,1.00976,14,3,5,20.0909,2.0,1,1,0.744047,11,5,3,10.4167,2.0,1,Away Win,2
2017,5,1,0.949417,13,4,1,21.75,4.0,0,1,1.00748,6,2,3,5.04,2.0,0,Draw,1
2017,5,3,2.04706,15,7,1,8.4231,0.0,0,1,0.425087,13,5,5,14.4722,2.0,0,Home Win,0
2017,5,2,1.54445,25,5,16,9.8462,1.0,0,0,0.246144,6,2,0,13.2632,5.0,0,Home Win,0
2017,5,1,0.986845,19,4,9,6.4737,1.0,0,2,1.98069,11,4,4,6.1852,3.0,0,Away Win,2
2017,5,3,1.75285,17,5,6,7.75,2.0,0,2,1.13557,14,5,4,8.3125,2.0,0,Home Win,0
2017,5,1,0.445538,5,3,5,6.8857,3.0,0,0,0.723605,8,3,3,11.2813,3.0,0,Home Win,0
2017,5,1,0.689741,10,3,3,10.3333,2.0,0,0,1.23313,10,3,6,5.7273,3.0,0,Home Win,0
2017,5,1,2.19279,14,6,2,10.0,1.0,0,2,0.953938,12,3,2,5.0222,2.0,0,Away Win,2
2017,5,1,1.19722,13,4,5,7.9655,3.0,0,1,1.16521,10,6,4,15.55,2.0,0,Draw,1
2017,5,0,0.589571,11,2,10,4.6176,3.0,0,3,2.17093,10,4,5,11.3182,1.0,0,Away Win,2
2017,5,4,2.07693,17,10,18,9.7368,0.0,0,0,0.271135,8,1,2,53.1429,0.0,1,Home Win,0
2017,5,3,3.25344,19,7,7,4.5806,1.0,0,0,0.220737,5,1,2,21.05,2.0,1,Home Win,0
2017,5,1,1.17225,13,6,5,6.5313,3.0,0,1,0.947048,5,4,6,10.9474,3.0,0,Draw,1
2017,5,3,1.46253,19,6,16,6.04,4.0,0,2,1.39172,5,3,1,10.875,5.0,0,Home Win,0
2017,5,1,1.4467,22,4,5,17.3704,1.0,0,2,0.626165,12,5,3,13.2857,4.0,0,Away Win,2
2017,5,3,1.621,14,5,5,5.775,2.0,0,1,0.509177,7,2,4,13.9333,2.0,0,Home Win,0
2017,5,2,1.72943,10,3,4,4.8421,1.0,0,0,1.05035,11,3,5,7.0952,2.0,0,Home Win,0
2017,5,0,0.820219,11,2,5,7.3889,2.0,0,0,0.233712,8,5,4,5.8235,4.0,0,Draw,1
2017,5,3,0.705966,13,8,3,10.4667,1.0,0,0,0.625703,9,5,4,13.6818,1.0,0,Home Win,0
2017,5,2,1.36734,8,5,5,10.8462,0.0,0,0,1.60998,19,5,10,6.0541,2.0,0,Home Win,0
2017,5,1,0.277553,9,3,3,15.1176,1.0,0,3,0.935507,6,4,2,7.7273,2.0,0,Away Win,2
2017,5,1,1.13634,10,4,3,13.0,3.0,1,0,0.231309,7,0,6,7.6957,2.0,0,Home Win,0
2017,5,1,1.80014,11,3,2,8.3333,1.0,0,0,0.574262,11,0,4,19.3077,2.0,0,Home Win,0
2017,5,1,2.20762,14,2,4,17.44,4.0,1,4,3.94333,21,10,11,7.8,3.0,1,Away Win,2
2017,5,0,0.291562,5,2,4,12.8333,1.0,1,4,2.60474,22,9,4,6.2857,0.0,0,Away Win,2
2017,5,2,1.72073,9,5,5,6.4737,2.0,0,1,1.28316,11,3,5,6.8696,4.0,0,Home Win,0
2017,5,1,2.47583,19,7,9,11.0,4.0,0,0,0.550401,11,3,0,8.1304,2.0,0,Home Win,0
2017,5,0,0.864223,12,5,5,9.7826,3.0,0,1,1.13923,14,5,2,5.7368,2.0,0,Away Win,2
2017,5,1,2.41544,17,6,8,7.6444,3.0,0,2,2.18213,14,10,4,13.5714,2.0,0,Away Win,2
2017,5,3,2.4519,21,7,5,6.6522,2.0,0,1,1.01868,9,4,6,15.92,2.0,0,Home Win,0
2017,5,2,2.68188,24,11,7,7.0606,3.0,0,1,1.3176,16,3,3,8.4706,4.0,1,Home Win,0
2017,5,0,0.335364,8,1,4,8.3077,3.0,0,2,0.943211,14,6,2,12.2174,3.0,0,Away Win,2
2017,5,2,1.79842,28,7,10,3.4375,3.0,0,1,0.344038,3,3,0,24.7857,2.0,1,Home Win,0
2017,5,1,0.755883,5,1,3,12.0,2.0,0,1,0.250882,8,3,4,19.2308,4.0,0,Draw,1
2017,5,3,1.63202,20,8,8,6.9286,1.0,0,1,1.23458,8,3,2,18.4762,0.0,0,Home Win,0
2017,5,3,2.02724,26,9,10,8.0,4.0,0,0,1.82629,7,2,8,12.7368,1.0,0,Home Win,0
2017,5,2,2.05203,14,4,8,6.0714,3.0,0,1,1.16211,8,2,1,11.087,2.0,0,Home Win,0
2017,5,0,1.48076,15,7,5,13.6818,3.0,1,1,1.2005,12,5,3,12.3846,3.0,1,Away Win,2
2017,5,1,1.10129,12,7,6,15.6,2.0,1,1,0.781433,12,6,7,7.9,2.0,0,Draw,1
2017,5,1,1.33723,18,5,12,4.0645,2.0,0,1,1.15533,9,2,1,21.0526,4.0,1,Draw,1
2017,5,0,0.620778,16,4,10,13.9444,5.0,0,0,0.867849,13,6,6,8.037,1.0,0,Draw,1
2017,5,0,0.703414,12,3,2,12.4211,3.0,1,1,2.45162,20,3,5,13.4167,2.0,0,Away Win,2
2017,5,1,1.2202,20,7,7,7.8519,1.0,0,0,0.583973,9,3,1,22.619,0.0,0,Home Win,0
2017,5,0,1.49159,13,3,3,7.4474,1.0,0,3,2.26418,18,5,2,7.96,2.0,0,Away Win,2
2017,5,2,2.84118,11,5,4,4.7143,1.0,0,0,1.02467,19,8,10,5.25,3.0,0,Home Win,0
2017,5,0,0.599037,14,3,7,7.2609,1.0,0,2,1.07983,9,5,7,8.88,2.0,0,Away Win,2
2017,5,0,1.39464,8,3,2,6.2593,4.0,0,1,0.709073,10,4,2,13.0455,0.0,0,Away Win,2
2017,5,1,0.626049,13,3,2,9.8636,2.0,0,1,1.19099,16,5,3,18.3684,1.0,0,Draw,1
2017,5,3,1.886,12,5,8,11.1818,0.0,0,1,0.340789,8,2,2,7.5556,5.0,0,Home Win,0
2017,5,0,0.550902,13,5,7,10.2759,3.0,1,2,0.949262,10,3,2,5.9697,5.0,0,Away Win,2
2017,5,0,0.482173,8,3,3,10.7,2.0,0,2,2.10765,21,13,11,7.3871,2.0,0,Away Win,2
2017,5,1,0.528633,11,3,2,18.5789,1.0,0,2,1.68095,22,12,9,10.1154,0.0,0,Away Win,2
2017,5,2,3.9304,15,7,7,5.3077,2.0,0,0,0.116095,4,2,4,12.3478,3.0,0,Home Win,0
2017,5,3,2.19074,19,12,6,12.0,1.0,0,0,0.680514,7,4,3,9.1111,4.0,1,Home Win,0
2017,5,2,1.23881,6,3,6,12.6333,4.0,0,2,1.08186,9,5,3,12.8421,4.0,0,Draw,1
2017,5,8,4.27396,23,14,9,4.8,0.0,0,0,0.154688,6,1,4,18.0909,1.0,0,Home Win,0
2017,5,1,1.22063,15,3,3,4.5455,2.0,0,1,0.641757,11,2,2,9.2759,4.0,0,Draw,1
2017,5,3,1.9645,13,6,7,9.12,0.0,0,1,0.175561,6,1,3,17.1333,2.0,0,Home Win,0
2017,5,0,0.152123,5,2,1,9.9143,2.0,0,2,2.29378,12,4,4,5.5455,3.0,0,Away Win,2
2017,5,2,0.502457,11,6,3,11.4412,2.0,0,1,0.67226,11,3,7,8.1852,3.0,1,Home Win,0
2017,5,3,2.41414,13,6,6,6.48,1.0,0,1,0.0868633,3,2,3,14.5238,1.0,1,Home Win,0
2017,5,2,2.10746,22,5,5,4.6053,1.0,0,1,0.769418,9,3,4,11.1739,4.0,1,Home Win,0
2017,5,0,0.544384,14,4,3,3.878,1.0,0,1,0.440149,9,3,5,12.5714,2.0,0,Away Win,2
2017,5,1,0.279353,8,2,4,12.7727,3.0,0,0,0.314602,9,2,4,10.675,1.0,0,Home Win,0
2017,5,1,1.06811,9,2,5,5.72,3.0,0,0,0.41615,9,3,4,31.4545,5.0,1,Home Win,0
2017,5,3,2.6462,16,9,5,6.16,1.0,0,2,1.20844,12,5,1,6.8,1.0,0,Home Win,0
2017,5,1,0.653627,7,2,5,15.1852,0.0,0,0,0.547546,9,1,6,8.2692,2.0,0,Home Win,0
2017,5,1,1.52438,16,7,5,13.5455,1.0,0,0,0.0630897,3,0,4,6.5417,3.0,0,Home Win,0
2017,5,3,2.42464,9,4,2,15.0,3.0,1,1,0.70199,9,4,1,11.3333,3.0,0,Home Win,0
2017,5,2,1.44093,13,4,3,18.9231,3.0,0,1,0.615882,10,4,5,10.2143,2.0,0,Home Win,0
2017,5,0,0.233546,6,0,3,12.5714,2.0,0,3,1.66947,13,5,9,7.1429,3.0,0,Away Win,2
2017,5,2,0.669743,15,5,4,7.4571,4.0,0,1,1.62959,13,5,2,17.5,5.0,1,Home Win,0
2017,5,4,4.24887,11,7,2,6.6522,1.0,0,0,0.680381,16,3,10,13.7879,2.0,0,Home Win,0
2017,5,2,0.476107,12,4,3,8.7727,2.0,0,1,1.38281,14,3,8,13.5417,1.0,0,Home Win,0
2017,5,1,1.48594,20,7,6,7.931,1.0,0,0,0.0469224,1,0,2,19.6471,4.0,1,Home Win,0
2017,5,2,1.44327,8,5,6,6.6667,1.0,0,1,0.859116,11,2,2,13.4783,1.0,0,Home Win,0
2017,5,2,1.98143,17,6,5,6.4828,3.0,0,2,0.682973,9,3,7,8.3824,2.0,0,Draw,1
2017,5,0,0.250359,8,0,3,20.2,2.0,0,2,2.70354,16,8,4,4.2821,1.0,0,Away Win,2
2017,5,3,1.88955,16,7,6,9.6087,1.0,0,2,0.696733,14,4,4,11.0909,2.0,0,Home Win,0
2017,5,0,0.275223,10,3,3,26.7647,1.0,0,3,1.95356,19,9,9,8.3913,1.0,0,Away Win,2
2017,5,6,5.85121,18,10,3,7.95,1.0,0,3,1.27637,18,8,5,11.5161,0.0,0,Home Win,0
2017,5,2,0.285745,8,3,5,14.6,0.0,0,1,0.996403,8,2,1,30.8667,2.0,0,Home Win,0
2017,5,0,1.07335,14,2,11,5.6087,2.0,0,1,0.278134,6,1,1,20.9565,2.0,0,Away Win,2
2017,5,0,1.91993,13,5,4,7.8571,2.0,0,1,0.638394,11,4,4,10.5,4.0,0,Away Win,2
2017,5,0,0.308349,9,0,7,4.8667,1.0,0,2,0.838239,7,4,2,7.0,4.0,0,Away Win,2
2017,5,0,0.36503,9,3,8,5.4848,2.0,0,0,0.279816,7,1,6,8.2083,1.0,0,Draw,1
2017,5,3,1.37518,12,7,3,8.8108,3.0,1,2,0.984924,13,4,7,5.9048,3.0,0,Home Win,0
2017,5,0,0.143229,2,1,0,13.7407,4.0,0,1,2.03292,21,5,10,2.7879,2.0,0,Away Win,2
2017,5,2,1.96048,8,3,2,8.7188,0.0,0,2,1.0382,12,4,7,8.1842,0.0,0,Draw,1
2017,5,2,0.9565,12,2,4,5.7333,2.0,0,1,1.6317,13,4,6,5.0,2.0,0,Home Win,0
2017,5,0,0.284691,6,1,1,9.1053,1.0,0,0,0.959241,12,2,7,12.75,2.0,0,Draw,1
2017,5,0,1.20772,19,6,10,5.2258,2.0,0,2,0.92204,6,3,1,12.8333,1.0,0,Away Win,2
2017,5,0,0.865226,12,5,11,5.8571,2.0,0,1,1.21321,16,8,6,19.75,1.0,0,Away Win,2
2017,5,2,2.1668,19,5,5,20.4118,0.0,0,2,0.632571,7,4,7,9.2857,1.0,0,Draw,1
2017,5,0,0.533175,11,1,4,19.9474,1.0,0,4,2.26036,10,6,3,13.0,0.0,0,Away Win,2
2017,5,3,2.19944,14,4,7,8.6087,0.0,0,2,1.15828,19,6,11,15.0,1.0,0,Home Win,0
2017,5,3,1.89768,11,3,4,15.85,2.0,0,2,0.894957,14,5,8,8.8696,3.0,0,Home Win,0
2017,5,1,2.0565,18,9,10,8.8333,1.0,0,0,1.40506,10,4,4,10.0526,2.0,0,Home Win,0
2017,5,0,0.510117,8,1,2,7.4211,1.0,1,0,0.937757,12,5,6,5.5278,0.0,0,Draw,1
2017,5,1,1.62717,12,8,7,5.2051,2.0,0,0,0.107734,5,1,4,13.2069,2.0,0,Home Win,0
2017,5,2,0.894673,14,5,7,17.0435,0.0,0,2,2.08854,13,5,3,9.9032,4.0,0,Draw,1
2017,5,2,3.33664,18,6,12,11.7857,2.0,0,2,1.38594,11,5,11,21.5385,0.0,0,Draw,1
2017,5,0,1.2482,19,4,10,16.381,1.0,0,1,0.662397,10,3,5,6.3913,2.0,0,Away Win,2
2017,5,5,4.62554,20,11,4,9.4615,2.0,0,2,0.536092,12,2,6,12.2941,3.0,0,Home Win,0
2017,5,1,0.94711,11,4,14,9.6667,2.0,0,1,1.16354,9,3,4,11.5,0.0,0,Draw,1
2017,5,1,1.44951,19,5,4,11.0833,1.0,0,1,1.02008,4,1,2,19.7647,1.0,0,Draw,1
2017,5,4,2.41954,14,5,5,9.6774,2.0,0,0,0.302986,7,4,5,10.75,1.0,0,Home Win,0
2017,5,2,1.62688,11,6,5,7.4286,3.0,0,0,0.312847,8,0,5,17.1429,1.0,1,Home Win,0
2017,5,0,0.366466,11,3,4,4.8621,2.0,0,0,0.617321,8,2,3,14.75,3.0,0,Draw,1
2017,5,3,1.4221,9,6,6,11.8182,1.0,0,3,2.21317,9,5,6,5.4167,3.0,0,Draw,1
2017,5,3,0.971169,9,2,3,6.5152,6.0,0,0,0.990539,15,6,6,10.5,5.0,0,Home Win,0
2017,5,0,1.11638,27,4,8,4.6957,2.0,0,1,0.397649,8,1,6,8.88,2.0,0,Away Win,2
2017,5,1,0.671649,9,5,3,16.7059,1.0,0,1,1.28794,8,2,7,5.549,3.0,0,Draw,1
2017,5,1,0.965021,14,3,4,7.7727,0.0,0,2,1.82329,14,9,5,17.7727,2.0,0,Away Win,2
2017,5,0,1.84665,23,6,6,7.2979,2.0,0,0,0.154466,3,0,0,10.1667,2.0,0,Draw,1
2017,5,2,1.73373,17,8,5,4.76,3.0,0,2,0.961929,5,2,5,10.8333,4.0,0,Draw,1
2017,5,2,1.53459,13,3,5,6.5455,1.0,0,0,0.61071,13,2,8,5.0256,4.0,0,Home Win,0
2017,5,0,0.285736,10,2,2,24.1053,3.0,0,2,2.02971,20,13,4,4.4242,1.0,0,Away Win,2
2017,5,0,1.53509,14,3,6,6.0909,2.0,0,2,0.984665,18,5,3,5.1852,3.0,0,Away Win,2
2017,5,3,2.57662,15,6,6,15.9167,1.0,0,0,0.802551,12,3,3,4.6061,1.0,0,Home Win,0
2017,5,2,1.08261,7,4,5,18.3684,4.0,0,0,0.866851,11,2,3,5.2963,2.0,0,Home Win,0
2017,5,1,1.38842,22,5,8,3.2778,3.0,0,1,1.18039,9,3,4,19.8947,4.0,1,Draw,1
2017,5,1,1.00996,12,1,4,16.3846,0.0,1,1,1.71105,18,4,9,9.5,4.0,0,Draw,1
2017,5,2,2.85004,18,5,7,7.5,0.0,0,1,0.522865,6,1,3,7.9259,1.0,0,Home Win,0
2017,5,1,1.00445,10,5,4,13.6522,2.0,0,1,1.20415,19,4,4,7.125,2.0,0,Draw,1
2017,5,2,1.78209,20,8,8,13.9,3.0,0,1,0.866288,11,4,4,11.9412,1.0,0,Home Win,0
2017,5,2,1.95886,13,7,8,10.3529,0.0,0,2,1.77916,9,5,6,27.2,4.0,0,Draw,1
2017,5,0,1.11795,12,2,3,5.4333,0.0,0,0,0.889669,9,0,2,20.5333,0.0,0,Draw,1
2017,5,1,0.96252,10,3,5,6.4583,3.0,0,1,1.05626,10,4,1,10.4,0.0,0,Draw,1
2017,5,2,1.4993,12,6,6,7.7174,3.0,0,5,2.252,17,5,5,18.5,1.0,0,Away Win,2
2017,5,1,0.605119,5,2,3,12.4231,2.0,0,1,0.733875,13,4,6,11.0833,2.0,0,Draw,1
2017,5,1,1.66731,20,4,4,7.8333,1.0,0,0,0.245834,6,1,2,13.8966,1.0,0,Home Win,0
2017,5,1,1.76133,19,3,5,23.6,0.0,0,0,0.365029,8,0,3,20.4444,1.0,0,Home Win,0
2017,5,5,3.85034,18,10,9,20.8182,0.0,0,0,0.31453,6,3,2,20.8824,1.0,0,Home Win,0
2017,5,1,1.33403,18,7,8,11.2308,0.0,0,1,1.55752,9,3,4,15.8,4.0,0,Draw,1
2017,5,1,1.40419,29,5,5,9.1429,0.0,0,3,0.997136,10,4,3,13.8696,1.0,0,Away Win,2
2017,5,1,1.09433,9,4,3,10.4348,2.0,0,2,3.66527,23,9,7,3.9459,3.0,0,Away Win,2
2017,5,1,0.964633,8,1,4,11.4706,1.0,0,1,1.63646,11,5,4,9.7727,1.0,0,Draw,1
2017,5,1,0.792782,8,4,3,11.4333,2.0,0,1,1.34255,16,4,4,10.3478,0.0,0,Draw,1
2017,5,2,1.49394,10,5,2,6.8077,2.0,0,3,1.31936,11,6,4,9.4545,3.0,0,Away Win,2
2017,5,0,0.390596,9,2,4,9.8333,2.0,0,2,0.917768,6,3,2,8.4167,1.0,0,Away Win,2
2017,5,3,1.73862,13,6,1,14.75,1.0,0,0,0.569241,8,2,4,6.5385,2.0,0,Home Win,0
2017,5,2,1.77406,10,4,4,6.4681,2.0,0,1,0.915575,14,5,2,16.2778,0.0,0,Home Win,0
2017,5,2,2.30885,18,11,4,8.9583,1.0,0,2,1.11133,10,7,5,8.6154,4.0,0,Draw,1
2017,5,1,1.0998,14,4,5,25.7143,0.0,0,2,2.51648,19,7,4,10.9167,1.0,0,Away Win,2
2017,5,2,1.21855,16,6,7,7.7037,2.0,0,0,0.375541,9,3,5,11.931,3.0,0,Home Win,0
2017,5,2,1.81322,11,6,6,10.1875,2.0,0,2,0.938237,12,4,2,10.2,1.0,0,Draw,1
2017,5,1,1.19265,8,5,4,7.7297,2.0,0,3,2.18236,9,6,4,10.4074,2.0,0,Away Win,2
2017,5,1,0.455512,12,2,6,14.1667,2.0,1,3,3.49126,11,5,6,5.0588,3.0,0,Away Win,2
2017,5,2,0.891401,14,6,5,6.6757,1.0,0,1,2.62738,15,6,5,8.08,2.0,0,Home Win,0
2017,5,0,0.747275,15,3,3,11.2857,0.0,0,1,1.24154,10,2,3,8.5946,2.0,0,Away Win,2
2017,5,2,2.74669,20,5,8,7.1333,1.0,0,0,0.362896,10,6,3,24.8571,1.0,0,Home Win,0
2017,5,0,1.77632,20,4,6,9.9333,3.0,0,3,1.6647,15,9,4,13.7619,0.0,0,Away Win,2
2017,5,2,1.9662,14,7,7,9.7619,1.0,1,1,2.0685,19,8,8,14.0278,2.0,0,Home Win,0
2017,5,1,1.9066,20,7,8,6.7179,0.0,0,1,1.05881,8,2,1,11.0,2.0,0,Draw,1
2017,5,2,2.17501,18,5,5,5.6522,5.0,1,2,1.6647,11,5,1,5.7143,4.0,1,Draw,1
2017,5,0,0.45584,11,3,8,18.6296,1.0,0,2,1.97826,15,6,5,13.6667,0.0,0,Away Win,2
2017,5,3,1.65174,11,4,7,10.3889,3.0,0,0,1.46645,14,7,4,4.35,1.0,0,Home Win,0
2017,5,2,2.55054,15,6,7,6.8077,1.0,0,1,0.674742,7,1,2,11.0,3.0,1,Home Win,0
2017,5,4,2.7269,15,10,9,13.1111,1.0,0,0,0.266909,8,4,10,10.0435,1.0,0,Home Win,0
2017,5,0,1.1191,12,3,6,5.5294,2.0,0,0,0.171655,6,2,2,17.32,1.0,0,Draw,1
2017,5,0,0.436583,10,5,4,14.0667,2.0,0,5,2.75039,14,6,3,12.5714,0.0,0,Away Win,2
2017,5,2,0.335917,6,3,7,6.5909,4.0,0,1,0.327814,10,4,5,13.9583,3.0,0,Home Win,0
2017,5,1,0.439263,10,2,5,15.8,4.0,0,1,0.771423,9,3,2,10.9189,4.0,0,Draw,1
2017,5,1,2.9457,16,5,11,26.1818,1.0,0,1,1.19571,8,2,3,12.45,4.0,1,Draw,1
2017,5,1,0.907186,3,2,2,21.75,1.0,0,1,1.44922,11,5,9,11.9474,1.0,0,Draw,1
2017,5,0,0.783084,19,5,10,7.3929,2.0,0,1,0.860692,8,3,3,6.04,1.0,0,Away Win,2
2017,5,1,1.24112,12,3,4,19.875,1.0,0,1,0.989557,15,7,8,12.05,3.0,0,Draw,1
2017,5,0,0.259281,9,0,1,5.1667,2.0,0,0,0.489412,5,2,2,13.2,1.0,0,Draw,1
2017,5,2,2.14411,12,7,5,18.05,2.0,0,3,1.31021,21,9,8,5.7917,2.0,0,Away Win,2
2017,5,2,1.55661,10,3,2,11.3182,2.0,0,2,0.797181,6,3,3,8.7586,1.0,0,Draw,1
2017,5,3,2.55803,25,8,7,6.96,0.0,0,0,0.286494,5,2,5,15.24,0.0,0,Home Win,0
2017,5,1,1.85119,19,5,6,11.3214,3.0,0,3,1.53871,9,4,2,13.5,2.0,0,Away Win,2
2017,5,1,1.14136,15,2,6,11.72,0.0,0,1,0.436986,12,4,4,12.5,0.0,0,Draw,1
2017,5,0,1.49267,16,6,10,17.8095,3.0,0,1,0.240852,5,1,1,16.9286,1.0,0,Away Win,2
2017,5,1,2.06388,14,3,7,8.4706,1.0,0,2,1.27464,7,6,3,35.7273,4.0,0,Away Win,2
2017,5,7,3.21957,12,7,4,10.8333,1.0,0,1,1.62801,11,2,2,11.6364,3.0,0,Home Win,0
2017,5,1,1.22263,16,4,3,15.3125,0.0,0,0,0.240171,5,2,3,19.0,0.0,0,Home Win,0
2017,5,2,2.87828,18,6,7,8.5,0.0,0,1,0.993049,6,3,2,12.96,2.0,0,Home Win,0
2017,5,2,2.81666,14,8,6,14.4348,1.0,0,0,0.812711,7,0,2,10.8333,2.0,0,Home Win,0
2017,5,1,1.63157,12,6,5,9.48,6.0,1,1,0.91184,15,3,8,6.3043,2.0,0,Draw,1
2017,5,1,0.892067,15,3,7,12.6111,2.0,0,1,0.471832,5,4,2,8.871,1.0,0,Draw,1
2017,5,5,3.22785,19,8,3,8.16,0.0,0,1,0.927416,14,3,6,15.2414,1.0,0,Home Win,0
2017,5,3,3.17759,24,12,10,7.2609,0.0,0,1,0.197769,4,1,1,10.7143,2.0,1,Home Win,0
2017,5,2,0.708129,15,5,9,11.6452,1.0,0,5,2.4588,21,11,5,7.7083,2.0,0,Away Win,2
2017,5,0,1.06375,21,8,8,14.5926,0.0,0,1,0.63507,10,2,5,12.4667,1.0,0,Away Win,2
2017,5,3,0.787495,7,5,2,8.6522,4.0,0,1,2.02481,15,2,6,4.4074,2.0,0,Home Win,0
2017,5,3,1.16671,5,3,4,12.28,1.0,0,1,0.570932,13,2,5,6.1071,2.0,0,Home Win,0
2017,5,1,1.22645,14,6,4,13.0,1.0,0,1,2.01672,13,5,9,12.6875,3.0,0,Draw,1
2017,5,3,2.00759,10,4,4,9.8519,1.0,0,1,1.31611,10,3,4,7.0645,0.0,0,Home Win,0
2017,5,3,2.1258,15,9,3,7.2333,0.0,0,1,0.502454,14,4,5,11.3704,2.0,0,Home Win,0
2017,5,2,3.0343,25,11,6,9.9412,1.0,0,0,0.309371,12,4,4,19.25,1.0,0,Home Win,0
2017,5,0,0.52964,16,1,6,4.1579,1.0,1,0,0.818096,7,1,6,10.72,2.0,1,Draw,1
2017,5,0,1.32446,25,5,9,10.3182,0.0,0,1,1.48327,7,5,1,15.3529,2.0,0,Away Win,2
2017,5,2,2.01264,14,3,7,7.25,2.0,0,2,2.20389,22,5,7,12.4545,0.0,0,Draw,1
2017,5,2,1.74362,6,3,2,10.1111,2.0,1,1,0.469531,13,2,7,13.0,1.0,0,Home Win,0
2017,5,1,0.672952,9,2,3,10.5455,2.0,0,1,1.13928,11,7,8,8.7619,4.0,0,Draw,1
2017,5,2,0.517774,12,5,3,12.0667,2.0,0,2,2.05621,23,8,13,6.2692,0.0,0,Draw,1
2017,5,1,1.05186,16,5,6,12.0,1.0,1,2,1.21667,17,4,8,8.8571,2.0,0,Away Win,2
2017,5,3,2.24715,19,9,4,7.9655,1.0,0,1,0.199004,4,1,3,6.1818,1.0,0,Home Win,0
2017,5,3,1.43351,17,5,6,12.05,2.0,0,0,0.827606,13,4,8,17.8824,2.0,0,Home Win,0
2017,5,2,1.73502,18,8,9,10.4412,1.0,0,1,0.644282,11,2,4,13.15,1.0,0,Home Win,0
2017,5,1,1.1878,8,4,2,19.6842,1.0,0,2,1.68205,17,4,7,7.5926,0.0,0,Away Win,2
2017,5,0,1.12369,11,2,7,10.7,0.0,0,2,0.4317,12,7,3,25.8333,3.0,0,Away Win,2
2017,5,2,2.36718,14,2,5,16.1176,1.0,0,1,1.01751,7,3,5,10.5789,1.0,0,Home Win,0
2017,5,1,2.29932,16,3,5,11.05,2.0,0,3,3.12861,11,5,2,19.0,3.0,0,Away Win,2
2017,5,2,1.05844,6,4,1,10.3871,4.0,1,3,2.92354,16,7,3,5.1579,2.0,0,Away Win,2
2017,5,2,1.52976,8,1,3,12.9412,1.0,0,0,0.814485,13,1,8,11.1923,2.0,0,Home Win,0
2017,5,0,0.597455,14,2,5,14.875,0.0,0,2,0.916649,12,2,4,10.55,1.0,0,Away Win,2
2017,5,4,2.61552,15,6,6,9.2778,1.0,0,2,0.851127,10,4,6,7.2778,3.0,0,Home Win,0
2017,5,3,2.75524,22,8,6,5.2581,2.0,0,3,1.97492,16,5,11,9.5385,0.0,1,Draw,1
2017,5,2,2.46607,13,3,4,14.0,0.0,0,1,1.83241,12,7,4,8.3103,2.0,0,Home Win,0
2017,5,3,0.820059,9,4,2,7.0513,5.0,0,2,1.26374,8,3,1,5.2857,1.0,0,Home Win,0
2017,5,0,0.619551,14,5,7,10.0,1.0,0,2,1.15359,10,2,7,14.5455,0.0,0,Away Win,2
2017,5,4,2.23423,21,8,4,12.0625,0.0,0,1,0.703403,12,5,7,19.7,1.0,1,Home Win,0
2017,5,1,2.3079,18,5,6,7.7429,1.0,1,0,0.563497,11,3,5,13.0,1.0,0,Home Win,0
2017,5,1,0.589778,22,3,11,5.5758,0.0,0,1,1.18808,9,2,1,17.2632,0.0,0,Draw,1
2017,5,2,2.63306,27,11,7,6.0588,0.0,0,1,0.445794,5,2,3,23.7333,0.0,0,Home Win,0
2017,5,3,2.16341,23,8,8,15.08,3.0,0,2,0.976783,11,4,7,18.0,3.0,0,Home Win,0
2017,5,2,0.823287,7,1,1,9.8148,1.0,0,1,1.80665,16,8,9,25.4615,2.0,0,Home Win,0
2017,5,0,0.442461,11,6,2,20.6923,3.0,0,0,1.0188,7,2,3,6.3333,1.0,0,Draw,1
2017,5,0,0.713742,12,4,6,21.5714,1.0,0,3,2.56714,21,14,2,6.5714,1.0,0,Away Win,2
2017,5,2,1.92715,17,7,9,12.1538,3.0,0,1,0.481472,13,6,5,11.0,2.0,0,Home Win,0
2017,5,5,1.71595,14,7,7,18.2667,1.0,0,0,0.520927,11,3,4,17.4091,0.0,0,Home Win,0
2017,5,1,0.459859,9,1,8,12.7647,0.0,0,1,0.614694,9,6,4,17.3125,1.0,1,Draw,1
2017,5,1,0.809802,9,2,2,12.7917,0.0,0,0,0.342744,10,2,7,13.6111,0.0,0,Home Win,0
2017,5,0,0.313811,7,0,4,16.3913,3.0,0,4,1.97275,15,7,6,10.0,0.0,1,Away Win,2
2018,1,2,1.5137,8,6,2,15.8333,2.0,0,1,1.73813,13,4,5,11.4615,1.0,0,Home Win,0
2018,1,1,0.974497,15,2,3,17.45,2.0,0,2,2.58097,15,5,5,5.6571,2.0,0,Away Win,2
2018,1,2,1.42372,19,5,8,8.7037,2.0,0,0,0.45504,6,0,2,14.25,2.0,0,Home Win,0
2018,1,0,0.396115,6,1,2,11.5455,2.0,0,3,2.31427,13,4,5,12.6667,1.0,0,Away Win,2
2018,1,0,0.638076,15,6,5,4.5349,1.0,0,2,1.07816,12,10,5,22.7895,2.0,0,Away Win,2
2018,1,2,2.60022,12,4,7,5.6316,1.0,0,0,1.50693,10,1,4,15.8235,1.0,0,Home Win,0
2018,1,2,0.891038,11,4,3,25.3333,0.0,0,2,0.715382,6,5,6,15.6,1.0,1,Draw,1
2018,1,0,1.01994,18,3,8,16.5833,0.0,0,0,1.40827,16,6,5,7.8095,1.0,0,Draw,1
2018,1,4,4.34421,18,8,5,8.0323,1.0,0,0,0.404253,5,2,4,25.1875,2.0,0,Home Win,0
2018,1,0,0.445187,9,3,2,13.56,2.0,0,2,2.0178,17,8,9,10.9545,2.0,0,Away Win,2
2018,1,0,1.15521,12,1,5,5.0333,2.0,0,0,1.55405,12,6,5,6.2941,2.0,1,Draw,1
2018,1,1,1.10275,11,5,6,6.7692,6.0,0,2,1.69077,12,5,4,15.4118,2.0,0,Away Win,2
2018,1,3,3.26713,25,11,5,8.3824,0.0,0,1,1.44253,10,3,2,89.5,0.0,0,Home Win,0
2018,1,2,0.222843,6,2,1,15.3889,2.0,1,0,1.09349,11,3,9,7.129,1.0,0,Home Win,0
2018,1,2,2.02004,13,7,2,5.0741,0.0,0,1,1.77471,15,4,5,9.8182,5.0,0,Home Win,0
2018,1,3,1.71799,24,11,5,10.76,0.0,0,2,2.45798,15,6,1,18.1364,2.0,0,Home Win,0
2018,1,6,4.60356,32,14,10,9.1818,0.0,0,1,0.663731,5,1,3,35.2222,2.0,0,Home Win,0
2018,1,1,0.392642,8,3,5,7.8421,1.0,0,3,1.9171,9,6,2,8.7308,2.0,0,Away Win,2
2018,1,3,1.63672,6,3,3,11.0278,1.0,0,2,1.56579,9,3,5,9.3571,1.0,0,Home Win,0
2018,1,0,0.368608,8,2,6,30.0833,1.0,1,2,2.82183,16,6,7,7.4286,1.0,0,Away Win,2
2018,1,1,1.26376,11,2,5,22.875,1.0,0,1,1.84293,18,6,9,6.8333,2.0,0,Draw,1
2018,1,1,0.542494,12,5,10,7.7742,1.0,1,2,0.517935,8,5,3,13.2941,1.0,0,Away Win,2
2018,1,0,0.203453,5,1,7,8.8333,0.0,1,0,1.06351,14,4,7,8.4783,1.0,0,Draw,1
2018,1,4,1.92459,25,12,6,11.7143,2.0,0,2,1.56882,12,2,4,18.5789,1.0,0,Home Win,0
2018,1,2,2.5887,17,5,6,9.35,0.0,1,2,0.543665,11,3,2,9.4545,3.0,1,Draw,1
2018,1,3,1.7852,17,10,10,5.0303,1.0,0,1,1.17924,13,5,2,17.7222,3.0,0,Home Win,0
2018,1,1,1.81412,22,8,8,6.6923,1.0,0,0,0.535616,6,2,5,19.6364,1.0,0,Home Win,0
2018,1,2,1.14596,13,5,6,9.5909,4.0,0,1,1.21905,9,3,3,6.6,2.0,0,Home Win,0
2018,1,1,0.209337,6,2,4,24.1429,3.0,0,2,1.49669,15,3,5,4.4444,1.0,0,Away Win,2
2018,1,0,1.40321,23,5,5,9.4286,2.0,0,3,1.80811,9,5,2,8.4063,4.0,0,Away Win,2
2018,1,1,0.981217,12,5,4,13.0,3.0,0,2,1.22722,10,4,4,9.8889,2.0,0,Away Win,2
2018,1,0,0.888887,13,3,4,14.3333,2.0,0,1,1.22301,15,6,4,10.3462,1.0,0,Away Win,2
2018,1,1,0.616013,11,1,4,8.5238,3.0,0,1,0.660035,9,6,3,9.3448,3.0,0,Draw,1
2018,1,0,2.35193,20,6,7,11.9444,1.0,0,2,3.13612,19,6,4,10.087,1.0,0,Away Win,2
2018,1,2,1.16408,24,6,7,8.2143,2.0,0,0,0.950959,8,1,6,21.2353,2.0,0,Home Win,0
2018,1,0,1.09923,9,2,2,21.0,2.0,0,2,2.90359,21,9,5,10.75,3.0,1,Away Win,2
2018,1,2,2.68216,15,5,7,11.4828,3.0,0,2,1.51555,10,5,1,13.6429,3.0,0,Draw,1
2018,1,2,2.46904,24,8,4,8.8182,0.0,0,1,0.554763,3,2,0,30.4615,0.0,0,Home Win,0
2018,1,2,0.77426,14,3,3,16.3636,3.0,0,3,1.41005,17,11,9,4.5,4.0,0,Away Win,2
2018,1,2,0.454309,7,3,3,11.24,2.0,0,1,0.582521,11,2,10,5.0833,1.0,0,Home Win,0
2018,1,1,0.788168,11,3,5,10.3333,0.0,0,2,3.01015,17,10,4,19.7895,0.0,0,Away Win,2
2018,1,1,0.412121,4,2,10,14.75,0.0,0,2,0.90461,12,2,4,7.0952,0.0,0,Away Win,2
2018,1,3,4.91621,28,9,10,10.8571,0.0,0,0,0.342698,9,3,4,38.1818,0.0,0,Home Win,0
2018,1,0,0.87744,15,2,5,11.8421,1.0,0,1,0.746631,7,2,3,15.9412,2.0,0,Away Win,2
2018,1,4,2.67145,18,7,5,4.0,0.0,0,1,0.8276,6,2,4,18.3636,0.0,0,Home Win,0
2018,1,4,2.22726,10,5,4,16.9167,3.0,0,2,1.82502,14,8,6,7.0,2.0,1,Home Win,0
2018,1,1,1.17523,14,5,6,12.7727,2.0,0,2,1.64902,9,6,8,10.0556,1.0,1,Away Win,2
2018,1,1,3.3916,30,7,8,17.3846,2.0,0,0,0.208994,7,2,2,17.9375,4.0,0,Home Win,0
2018,1,1,1.26774,16,4,4,6.6296,2.0,0,3,1.52437,9,4,2,11.0909,5.0,0,Away Win,2
2018,1,2,2.19521,14,5,1,9.3462,2.0,0,2,1.97094,12,4,4,16.0,3.0,0,Draw,1
2018,1,1,1.77245,15,3,8,8.2941,2.0,0,1,1.76133,11,6,8,12.08,1.0,0,Draw,1
2018,1,1,0.62283,15,6,5,16.5833,1.0,0,1,1.1185,11,8,4,17.8636,1.0,0,Draw,1
2018,1,3,1.77893,12,4,5,17.4,0.0,0,0,0.310467,7,1,4,24.3684,2.0,0,Home Win,0
2018,1,3,1.80404,18,8,3,6.9615,2.0,0,1,0.688176,9,2,1,17.6842,1.0,0,Home Win,0
2018,1,0,0.930793,16,4,9,7.35,1.0,0,0,0.229309,6,3,5,9.3448,1.0,0,Draw,1
2018,1,0,0.0980726,2,2,1,67.5,1.0,0,5,3.08415,21,10,9,7.6429,1.0,0,Away Win,2
2018,1,4,2.29417,12,5,3,10.3125,2.0,0,0,0.976413,19,5,8,17.3333,0.0,0,Home Win,0
2018,1,1,0.817174,8,4,5,16.6667,2.0,0,2,2.11655,16,7,7,4.5758,1.0,0,Away Win,2
2018,1,0,1.0177,6,1,1,27.0,2.0,0,0,1.88344,17,6,8,5.6923,1.0,0,Draw,1
2018,1,2,0.930544,9,5,5,4.871,2.0,0,0,1.06523,10,6,9,17.1667,1.0,0,Home Win,0
2018,1,3,1.3029,8,3,4,13.0526,0.0,0,1,0.865739,9,4,9,11.3333,1.0,0,Home Win,0
2018,1,2,1.42507,14,6,8,10.52,3.0,0,0,0.679627,17,6,6,12.2381,1.0,0,Home Win,0
2018,1,0,0.397301,6,1,5,11.6667,0.0,0,2,1.34341,12,5,9,9.0952,0.0,0,Away Win,2
2018,1,2,2.90697,28,8,10,6.0526,0.0,0,0,0.23023,4,1,3,33.0,3.0,0,Home Win,0
2018,1,0,0.339245,9,5,3,6.1429,2.0,0,2,2.33733,10,6,0,14.2667,2.0,0,Away Win,2
2018,1,3,2.31538,19,6,12,8.3077,0.0,0,0,0.536317,6,0,1,10.0,3.0,0,Home Win,0
2018,1,2,1.57061,9,2,6,9.0,2.0,0,0,2.62141,14,5,6,10.2963,2.0,0,Home Win,0
2018,1,1,1.77638,10,4,4,40.5556,0.0,0,1,1.74071,13,6,4,15.3043,2.0,0,Draw,1
2018,1,1,1.56707,20,5,10,6.1765,1.0,0,2,0.111527,3,2,2,6.9231,3.0,0,Away Win,2
2018,1,2,1.97143,11,5,3,15.05,3.0,0,1,0.385841,10,2,3,13.0,4.0,0,Home Win,0
2018,1,1,1.02566,9,4,2,12.9524,3.0,0,0,1.43652,17,4,9,8.8667,2.0,0,Home Win,0
2018,1,0,1.06613,14,2,10,11.4762,3.0,1,4,3.28471,10,7,7,15.3077,1.0,0,Away Win,2
2018,1,1,2.6517,19,7,6,9.0,2.0,0,0,1.13843,8,6,2,17.85,1.0,1,Home Win,0
2018,1,1,1.10472,8,2,2,12.4706,2.0,1,2,1.14952,17,8,10,13.15,1.0,0,Away Win,2
2018,1,0,1.03714,11,4,6,5.92,3.0,0,1,0.755654,7,2,3,18.381,4.0,0,Away Win,2
2018,1,1,0.353128,6,3,1,14.4348,2.0,0,1,1.02549,19,2,10,6.4118,2.0,0,Draw,1
2018,1,3,2.40631,18,10,10,5.0,2.0,0,2,1.55962,13,8,6,13.44,2.0,0,Home Win,0
2018,1,1,1.31588,21,4,4,11.9615,2.0,0,5,1.13706,9,7,2,15.3333,0.0,0,Away Win,2
2018,1,0,1.487,15,6,4,14.1304,6.0,0,3,3.54699,21,6,12,11.3529,0.0,0,Away Win,2
2018,1,0,0.433994,7,2,2,23.1333,1.0,0,0,1.07481,6,2,6,15.1364,3.0,0,Draw,1
2018,1,2,2.21163,21,6,5,9.4762,2.0,0,2,1.11454,7,4,3,11.5862,5.0,0,Draw,1
2018,1,0,0.47391,10,1,8,10.2,3.0,0,2,1.0684,9,3,2,13.6471,1.0,0,Away Win,2
2018,1,0,0.544268,13,4,10,7.85,3.0,0,1,1.11777,10,2,6,11.9412,0.0,0,Away Win,2
2018,1,0,1.71169,27,6,10,4.2273,0.0,0,1,0.675798,8,2,2,10.6522,2.0,0,Away Win,2
2018,1,5,4.48577,24,10,10,9.4211,2.0,0,0,0.370236,5,0,1,39.0,2.0,0,Home Win,0
2018,1,4,1.7562,22,5,4,10.4,3.0,0,2,0.947712,9,4,4,4.2174,3.0,0,Home Win,0
2018,1,0,0.840403,9,2,6,14.0,1.0,0,0,0.589633,8,4,4,9.963,2.0,0,Draw,1
2018,1,0,0.638341,13,1,2,13.75,0.0,0,1,0.663819,11,2,4,18.9444,2.0,0,Away Win,2
2018,1,2,1.92794,20,4,10,8.8,2.0,0,0,1.50174,7,3,5,8.8667,1.0,0,Home Win,0
2018,1,3,2.91637,19,6,6,6.0,2.0,0,1,0.932491,8,2,4,18.3478,2.0,0,Home Win,0
2018,1,2,2.51393,14,10,8,8.8519,2.0,0,1,1.67348,14,6,4,10.72,1.0,0,Home Win,0
2018,1,4,2.30176,19,7,8,6.75,0.0,0,1,0.643117,2,1,0,82.6667,0.0,0,Home Win,0
2018,1,0,0.383833,11,1,5,16.1765,2.0,1,3,2.10555,12,5,5,31.8,1.0,0,Away Win,2
2018,1,1,1.01337,7,1,1,15.8125,3.0,0,0,1.38027,25,7,10,5.5278,0.0,0,Home Win,0
2018,1,3,2.29622,12,6,3,11.8,1.0,0,0,0.479655,13,7,3,8.0667,2.0,0,Home Win,0
2018,1,0,1.19216,22,4,7,13.4375,0.0,0,0,0.297646,6,0,2,8.3636,1.0,0,Draw,1
2018,1,1,1.95344,21,7,8,4.1538,1.0,0,1,1.56009,11,3,0,10.8,1.0,1,Draw,1
2018,1,2,2.38115,16,3,6,15.5455,1.0,0,2,0.845197,7,2,4,7.4667,2.0,0,Draw,1
2018,1,0,0.269828,7,1,4,15.9394,4.0,0,4,3.01621,24,8,4,13.0667,2.0,0,Away Win,2
2018,1,0,0.442436,4,1,3,10.6538,2.0,0,1,1.93588,13,6,6,13.1818,2.0,0,Away Win,2
2018,1,1,1.928,18,7,9,15.0625,4.0,0,2,3.29249,18,8,5,9.6818,3.0,0,Away Win,2
2018,1,4,2.55739,22,10,10,9.6,1.0,0,2,0.882514,6,3,4,12.6,4.0,0,Home Win,0
2018,1,1,0.691575,10,2,8,11.0,1.0,0,0,2.5452,16,1,9,10.6,5.0,0,Home Win,0
2018,1,6,2.76272,18,8,4,8.95,1.0,0,1,1.81466,13,6,4,29.7857,1.0,0,Home Win,0
2018,1,3,2.59305,14,3,6,6.3571,0.0,0,1,0.676348,5,3,4,11.0,1.0,0,Home Win,0
2018,1,0,0.922262,11,2,6,10.5,2.0,0,1,2.18288,13,5,12,6.5714,2.0,0,Away Win,2
2018,1,1,1.62321,12,4,5,8.2083,1.0,0,1,1.19558,13,4,8,24.6,1.0,0,Draw,1
2018,1,2,2.40643,16,7,5,10.2,1.0,0,3,1.63123,10,8,1,14.2222,2.0,0,Away Win,2
2018,1,3,1.88741,15,6,4,10.0556,0.0,0,1,0.454547,7,2,2,19.7407,1.0,0,Home Win,0
2018,1,1,0.51433,10,2,5,4.7959,1.0,0,0,0.354166,8,1,4,10.2,2.0,0,Home Win,0
2018,1,2,1.94297,20,6,4,8.2,2.0,0,1,0.767044,7,3,1,8.44,1.0,1,Home Win,0
2018,1,1,1.20211,14,4,7,8.08,3.0,0,1,1.07573,12,6,6,6.9,2.0,0,Draw,1
2018,1,2,2.57545,18,6,7,15.2105,2.0,0,1,1.91687,14,4,10,6.2727,1.0,0,Home Win,0
2018,1,0,1.5091,22,5,12,7.8824,2.0,0,0,0.368393,6,1,1,12.75,0.0,0,Draw,1
2018,1,1,1.17524,15,7,5,10.1154,1.0,0,1,1.44113,12,5,6,8.6471,1.0,0,Draw,1
2018,1,0,0.688016,11,5,10,12.7037,1.0,0,1,1.55381,11,2,6,7.2,1.0,0,Away Win,2
2018,1,2,2.22417,21,7,6,4.5714,1.0,0,0,0.571301,8,3,3,32.1429,1.0,0,Home Win,0
2018,1,0,1.16298,15,4,5,6.84,4.0,0,0,0.198027,6,1,5,17.24,3.0,0,Draw,1
2018,1,3,2.02764,17,5,5,12.6316,1.0,0,1,0.97089,6,1,1,20.2105,1.0,0,Home Win,0
2018,1,1,0.965843,10,3,11,6.1304,2.0,0,1,1.86549,13,5,2,20.9,2.0,0,Draw,1
2018,1,0,0.829504,9,1,8,29.1111,0.0,0,4,2.95852,9,6,1,14.6154,0.0,0,Away Win,2
2018,1,0,0.673382,5,1,5,15.0417,0.0,0,3,1.45314,10,7,5,6.5769,0.0,1,Away Win,2
2018,1,0,1.34245,12,5,10,5.1852,1.0,0,0,1.05292,13,2,3,17.4667,2.0,0,Draw,1
2018,1,3,1.3875,10,5,2,19.1176,2.0,0,2,1.67163,19,8,5,8.0455,3.0,0,Home Win,0
2018,1,1,2.48066,16,8,7,4.5,0.0,0,0,0.879108,7,1,3,20.1429,3.0,0,Home Win,0
2018,1,1,0.862315,14,3,6,9.6,3.0,0,1,1.12521,8,3,1,9.7917,1.0,1,Draw,1
2018,1,3,3.34649,18,9,4,10.8,0.0,0,1,0.962804,13,2,4,6.2963,3.0,0,Home Win,0
2018,1,1,0.650884,11,5,5,19.7333,2.0,0,2,1.71044,20,4,8,9.1818,1.0,0,Away Win,2
2018,1,0,0.701036,12,3,3,15.1,1.0,0,2,0.627281,14,6,5,8.3103,2.0,0,Away Win,2
2018,1,1,1.49487,14,4,5,14.5789,0.0,0,2,1.67701,17,3,5,11.9677,1.0,0,Away Win,2
2018,1,2,0.623954,16,6,3,12.1379,4.0,0,2,0.904803,11,5,5,7.9474,4.0,0,Draw,1
2018,1,0,1.12583,16,4,7,9.5789,3.0,0,3,2.62697,7,4,3,17.625,3.0,0,Away Win,2
2018,1,3,2.83557,16,6,8,6.2083,0.0,0,1,0.715009,4,1,4,67.4286,0.0,0,Home Win,0
2018,1,1,3.07574,16,3,8,6.1176,3.0,0,0,1.23014,9,3,1,16.9444,2.0,0,Home Win,0
2018,1,2,1.41758,7,3,4,17.1875,2.0,0,0,1.19923,8,0,8,6.5238,1.0,1,Home Win,0
2018,1,1,0.558083,7,2,2,16.7,0.0,1,2,1.67998,14,6,6,7.4286,2.0,0,Away Win,2
2018,1,2,2.03785,29,9,10,13.6923,1.0,0,0,0.302477,4,0,2,11.1304,1.0,0,Home Win,0
2018,1,2,2.17105,16,9,4,6.1,2.0,0,0,0.285256,9,4,6,13.7353,1.0,0,Home Win,0
2018,1,2,1.09264,17,3,7,9.1111,1.0,0,1,0.987623,15,4,6,5.6818,2.0,0,Home Win,0
2018,1,4,2.71421,22,7,8,6.5926,3.0,0,2,1.0926,11,6,5,9.5161,3.0,1,Home Win,0
2018,1,3,1.2521,9,3,4,15.3158,2.0,1,1,1.5329,18,5,5,7.3158,3.0,0,Home Win,0
2018,1,2,1.07393,6,2,4,17.0625,4.0,0,1,1.5631,23,6,8,4.9333,2.0,0,Home Win,0
2018,1,2,0.682893,6,2,1,12.0,4.0,0,1,1.10702,17,3,5,7.1364,4.0,0,Home Win,0
2018,1,3,1.57488,17,11,10,6.2,1.0,0,1,1.93448,9,5,4,10.28,2.0,0,Home Win,0
2018,1,1,1.672,11,7,3,39.5,0.0,0,2,2.51933,15,7,11,6.9524,1.0,0,Away Win,2
2018,1,1,1.47593,25,7,10,12.5,0.0,0,1,1.21575,13,5,8,8.1538,0.0,0,Draw,1
2018,1,1,1.05809,10,6,5,22.25,1.0,0,3,2.73897,18,12,9,9.6667,0.0,0,Away Win,2
2018,1,2,1.33679,10,7,4,7.6923,3.0,0,2,1.73226,9,4,4,18.1429,3.0,0,Draw,1
2018,1,1,2.10943,19,3,14,6.375,0.0,0,1,1.52214,8,5,2,12.2963,5.0,0,Draw,1
2018,1,3,1.73642,13,8,8,17.2143,0.0,0,1,1.82434,18,5,6,15.95,0.0,0,Home Win,0
2018,1,3,1.53635,13,6,5,12.3,1.0,0,2,0.934613,8,4,3,10.2857,2.0,0,Home Win,0
2018,1,1,0.4601,12,4,4,18.0,2.0,1,2,1.57799,13,6,6,17.6,5.0,0,Away Win,2
2018,1,4,3.15444,20,11,10,6.2759,1.0,0,1,1.23251,10,4,3,16.3043,1.0,1,Home Win,0
2018,1,0,0.357742,11,3,6,15.1818,3.0,0,2,0.917968,7,2,5,10.4091,1.0,0,Away Win,2
2018,1,2,1.72686,12,5,6,7.15,1.0,0,2,1.63043,15,3,6,7.3571,1.0,0,Draw,1
2018,1,2,0.526329,8,5,1,17.5652,2.0,0,0,0.740048,14,4,13,8.3429,0.0,0,Home Win,0
2018,1,1,1.55832,13,4,7,15.3333,2.0,0,0,0.501128,12,1,7,3.8636,2.0,0,Home Win,0
2018,1,1,1.81251,14,4,2,14.75,2.0,0,0,0.951507,14,1,7,9.375,0.0,0,Home Win,0
2018,1,0,0.279142,8,2,6,13.7083,2.0,0,4,1.80619,10,4,6,10.8095,1.0,0,Away Win,2
2018,1,1,2.02156,14,2,7,5.5833,5.0,0,0,0.308361,6,0,1,10.6207,4.0,0,Home Win,0
2018,1,2,2.02223,10,4,5,15.2308,1.0,0,0,0.52685,13,3,3,20.0,2.0,0,Home Win,0
2018,1,3,1.64998,17,8,5,5.625,0.0,0,2,0.485768,10,3,0,23.8,0.0,0,Home Win,0
2018,1,1,1.74625,15,3,8,7.0714,0.0,0,0,0.451196,4,0,3,18.1667,2.0,0,Home Win,0
2018,1,3,1.21163,12,7,4,13.5161,3.0,0,2,1.85763,13,4,5,8.8333,1.0,0,Home Win,0
2018,1,3,1.79848,13,5,6,8.6667,1.0,0,1,1.6235,9,2,2,24.1765,2.0,0,Home Win,0
2018,1,3,2.60435,36,11,13,8.5882,0.0,0,1,0.658049,6,2,2,14.4706,2.0,0,Home Win,0
2018,1,0,0.671382,15,5,10,4.2083,1.0,0,1,0.931041,8,5,1,18.75,1.0,0,Away Win,2
2018,1,0,1.03424,16,4,6,8.1304,2.0,0,2,0.75325,6,3,4,11.8182,1.0,0,Away Win,2
2018,1,1,0.39698,8,1,4,8.2424,2.0,0,0,0.895305,12,2,4,6.8621,1.0,0,Home Win,0
2018,1,1,0.26126,6,2,4,13.7857,2.0,0,2,1.6111,10,3,1,15.05,2.0,0,Away Win,2
2018,1,0,0.763821,11,5,1,14.1538,0.0,0,2,2.16356,15,6,10,15.2667,0.0,0,Away Win,2
2018,1,0,2.06507,18,7,10,6.7917,3.0,0,2,2.32983,11,5,4,8.0435,2.0,0,Away Win,2
2018,1,0,0.289508,9,0,6,8.875,1.0,0,0,0.245408,4,2,0,17.625,2.0,0,Draw,1
2018,1,2,1.27118,19,5,13,4.4,0.0,0,3,1.14609,5,3,0,24.25,4.0,0,Away Win,2
2018,1,1,1.0038,16,5,8,4.2121,2.0,0,3,2.60172,13,6,2,15.1053,3.0,0,Away Win,2
2018,1,2,1.00121,10,3,2,14.8929,0.0,0,6,2.55514,17,8,1,10.65,2.0,0,Away Win,2
2018,1,0,2.40458,17,5,9,4.6087,0.0,0,1,0.456492,8,3,5,16.55,2.0,0,Away Win,2
2018,1,1,1.27173,9,3,4,20.2778,2.0,0,5,2.72523,17,9,7,4.1429,1.0,0,Away Win,2
2018,1,2,0.892502,14,3,6,10.3684,2.0,0,0,0.825478,10,5,5,10.5172,0.0,1,Home Win,0
2018,1,3,1.4656,11,6,1,8.0,2.0,0,1,1.03237,7,2,3,13.6,5.0,0,Home Win,0
2018,1,1,1.24414,11,2,3,14.8846,1.0,0,2,2.1956,10,4,4,13.4,0.0,0,Away Win,2
2018,1,5,2.23457,10,7,3,17.6667,2.0,0,0,1.21736,14,4,4,16.96,1.0,0,Home Win,0
2018,1,1,1.28665,11,5,4,10.5,2.0,0,2,1.26973,16,5,5,8.1111,0.0,0,Away Win,2
2018,1,3,1.79848,16,10,5,6.9583,1.0,0,1,1.40594,10,2,3,14.5217,1.0,0,Home Win,0
2018,1,4,3.24988,16,8,10,4.6,0.0,0,0,0.456309,6,2,2,24.7778,0.0,0,Home Win,0
2018,1,2,1.55714,10,5,3,33.2222,2.0,0,1,1.34781,11,4,7,6.2,2.0,1,Home Win,0
2018,1,1,1.2769,11,5,2,21.6,2.0,0,1,1.35896,14,5,0,7.8947,1.0,0,Draw,1
2018,1,0,2.43202,31,5,12,8.9167,0.0,0,0,1.05926,9,4,1,11.7,3.0,0,Draw,1
2018,1,1,1.88646,11,4,5,10.0435,2.0,0,5,1.8875,13,6,7,12.625,4.0,0,Away Win,2
2018,1,1,1.38502,12,3,4,19.7083,2.0,0,1,0.789138,7,4,9,14.4545,1.0,0,Draw,1
2018,1,1,1.05566,12,5,3,6.8182,1.0,0,1,0.661713,8,2,6,12.8077,2.0,0,Draw,1
2018,1,1,0.277704,10,3,6,9.0769,3.0,0,3,1.20867,11,4,7,41.7,2.0,0,Away Win,2
2018,1,1,0.221381,5,4,3,34.6154,2.0,1,3,2.96802,14,6,8,7.4375,3.0,0,Away Win,2
2018,1,4,3.41874,11,8,4,11.1053,2.0,1,1,0.705549,7,3,5,38.1667,0.0,0,Home Win,0
2018,1,5,3.7053,15,10,5,13.7857,1.0,0,1,1.08186,8,2,3,9.3871,2.0,0,Home Win,0
2018,1,0,1.51648,16,7,10,7.5385,0.0,0,1,0.493212,12,3,4,9.0741,2.0,0,Away Win,2
2018,1,1,1.72386,14,5,4,18.3158,3.0,0,0,0.276791,9,5,3,16.0833,1.0,0,Home Win,0
2018,1,0,0.199002,4,0,3,32.75,0.0,0,1,0.741471,12,4,4,8.3704,1.0,0,Away Win,2
2018,1,2,2.89884,17,5,5,7.4375,1.0,0,0,0.656044,11,4,5,10.8667,4.0,0,Home Win,0
2018,1,1,1.60311,11,3,6,9.2308,0.0,0,0,0.655851,13,4,6,13.0,2.0,0,Home Win,0
2018,1,0,0.656255,9,1,3,10.5,4.0,0,2,1.94658,17,4,10,14.2273,1.0,0,Away Win,2
2018,1,2,0.639356,13,6,1,11.5263,0.0,0,2,0.686806,13,6,5,10.4444,1.0,0,Draw,1
2018,1,0,0.691878,14,3,1,17.9583,1.0,0,2,2.6754,16,7,2,10.7059,2.0,0,Away Win,2
2018,1,2,1.00357,9,4,2,10.7576,4.0,0,1,1.3801,7,5,1,25.9286,2.0,0,Home Win,0
2018,1,1,0.621818,9,2,5,19.0,0.0,1,2,2.66309,16,8,2,6.913,4.0,1,Away Win,2
2018,1,0,0.871304,17,2,6,5.6452,3.0,0,1,0.644144,8,4,5,14.7222,1.0,0,Away Win,2
2018,1,0,0.850791,17,6,7,7.4118,1.0,0,0,0.158168,6,2,2,13.0,2.0,0,Draw,1
2018,1,0,1.0789,5,3,5,33.0526,1.0,0,3,1.38282,13,4,3,12.5455,0.0,0,Away Win,2
2018,1,3,2.84828,25,12,4,11.2941,1.0,0,3,0.977046,11,3,2,17.6667,4.0,0,Draw,1
2018,1,4,4.43325,16,9,8,10.75,0.0,0,1,1.71312,9,4,3,12.5417,1.0,0,Home Win,0
2018,1,1,0.669394,11,3,7,13.5385,0.0,0,0,0.685895,11,2,3,9.95,2.0,0,Home Win,0
2018,1,0,1.80359,21,11,7,6.2759,1.0,0,1,0.957777,13,8,4,20.25,2.0,0,Away Win,2
2018,1,3,3.11947,24,9,12,6.0769,1.0,0,0,0.0985446,3,0,1,43.5714,0.0,1,Home Win,0
2018,1,1,1.75983,23,6,10,4.9444,2.0,0,2,1.41659,8,3,3,10.3889,1.0,1,Away Win,2
2018,1,2,1.7814,15,3,5,6.1071,5.0,0,0,1.52828,16,7,9,11.1111,0.0,0,Home Win,0
2018,1,1,1.1617,15,6,7,8.2,1.0,0,2,1.56262,16,2,7,9.8421,4.0,0,Away Win,2
2018,1,2,1.32355,10,6,8,8.8636,1.0,0,1,0.395148,9,2,5,15.0,1.0,0,Home Win,0
2018,1,0,0.124558,3,0,3,7.0,3.0,0,0,0.39468,14,2,10,5.0,1.0,0,Draw,1
2018,1,2,0.809801,11,1,2,13.28,1.0,0,1,0.903255,12,4,6,10.6316,2.0,0,Home Win,0
2018,1,0,0.384198,7,0,2,23.7895,0.0,0,1,2.2665,10,3,7,15.9,0.0,0,Away Win,2
2018,1,4,2.21719,12,7,5,9.125,3.0,0,3,1.33831,16,6,9,8.9091,3.0,0,Home Win,0
2018,1,0,1.06981,9,4,1,6.7143,1.0,0,0,1.97256,12,3,7,12.5,2.0,0,Draw,1
2018,1,2,1.06009,11,4,7,8.0,2.0,0,1,1.31169,7,2,6,7.5,1.0,0,Home Win,0
2018,1,3,2.518,16,6,7,5.3913,0.0,0,0,0.255727,9,1,10,9.4,1.0,0,Home Win,0
2018,1,2,2.64005,20,5,6,17.75,1.0,0,1,0.635111,7,3,5,17.2941,0.0,0,Home Win,0
2018,1,4,2.8299,19,9,8,6.2593,0.0,1,3,0.695213,9,3,3,36.7,1.0,0,Home Win,0
2018,1,0,0.764264,5,2,1,21.2222,2.0,0,3,2.01376,12,4,4,9.2778,2.0,0,Away Win,2
2018,1,1,0.937902,12,4,7,21.0,2.0,0,2,1.93316,14,5,10,6.1,3.0,0,Away Win,2
2018,1,2,1.24835,10,4,2,15.85,0.0,0,0,0.971813,9,1,3,11.4706,1.0,0,Home Win,0
2018,1,2,2.09412,13,5,5,9.6176,0.0,0,0,0.755304,13,1,6,6.3125,2.0,0,Home Win,0
2018,1,3,2.0363,20,9,5,11.9444,4.0,0,0,0.130179,4,0,1,13.35,1.0,0,Home Win,0
2018,1,0,0.73078,10,2,3,9.8095,1.0,0,1,1.05995,10,5,4,10.0357,4.0,1,Away Win,2
2018,1,4,3.46113,24,8,10,9.8421,2.0,0,2,2.36867,15,6,1,16.7273,3.0,0,Home Win,0
2018,1,4,2.15094,12,7,3,20.625,1.0,0,0,0.718873,11,7,7,9.5714,0.0,0,Home Win,0
2018,1,2,2.69339,15,4,4,7.3571,3.0,0,1,0.597893,19,2,7,28.9091,3.0,0,Home Win,0
2018,1,2,3.23417,28,9,11,7.3571,1.0,0,2,0.934603,6,4,3,17.95,3.0,0,Draw,1
2018,1,1,1.33257,13,4,3,5.9063,2.0,0,1,1.53294,15,3,8,27.1818,2.0,1,Draw,1
2018,1,2,0.992326,7,2,1,21.2632,2.0,0,1,1.33896,12,4,8,4.4583,3.0,0,Home Win,0
2018,1,2,1.36248,17,3,9,7.4706,0.0,0,1,0.479838,9,1,5,16.6111,4.0,0,Home Win,0
2018,1,1,0.576336,10,3,7,4.3548,1.0,0,1,1.1272,5,2,1,25.5625,3.0,0,Draw,1
2018,1,1,0.791319,13,2,2,17.0,1.0,0,1,1.12475,11,6,5,4.7826,1.0,0,Draw,1
2018,1,1,3.10409,21,4,6,8.7059,0.0,0,0,0.400152,8,2,3,23.5714,1.0,0,Home Win,0
2018,1,3,3.03102,19,12,4,8.7,1.0,0,1,0.703542,4,2,2,15.65,1.0,0,Home Win,0
2018,1,0,1.40067,17,6,7,11.4615,4.0,0,1,1.49717,10,6,2,11.8125,4.0,0,Away Win,2
2018,1,1,1.36252,13,4,3,7.0952,3.0,0,3,1.85729,8,4,1,12.4167,1.0,0,Away Win,2
2018,1,2,2.19582,17,6,11,14.2222,2.0,0,0,0.560836,8,0,1,11.7143,3.0,0,Home Win,0
2018,1,5,2.94236,23,7,11,7.6061,0.0,0,0,0.260391,5,2,2,21.5789,0.0,0,Home Win,0
2018,1,2,2.53093,12,5,6,14.4545,1.0,0,0,0.35199,9,2,7,4.6111,2.0,0,Home Win,0
2018,1,1,2.00175,15,6,4,9.75,3.0,0,1,0.787747,10,4,2,7.7857,1.0,0,Draw,1
2018,1,0,1.83528,21,4,7,5.5882,1.0,0,0,0.279297,5,0,0,9.8,0.0,0,Draw,1
2018,1,0,2.18741,15,3,5,7.7931,3.0,0,3,2.13209,15,7,4,14.5556,2.0,0,Away Win,2
2018,1,1,2.68412,25,5,10,9.0526,3.0,0,1,1.74711,6,4,4,16.375,0.0,0,Draw,1
2018,1,1,1.31614,16,6,9,9.6364,1.0,0,3,1.83041,9,5,3,35.0,1.0,0,Away Win,2
2018,1,1,2.30998,22,6,13,9.8696,1.0,0,1,0.435263,9,3,1,15.0,3.0,0,Draw,1
2018,1,1,1.53311,7,2,8,6.2703,2.0,0,0,0.641094,9,4,2,5.6818,0.0,1,Home Win,0
2018,1,3,1.21144,12,5,2,9.5909,3.0,0,1,3.02164,20,9,9,13.0455,1.0,0,Home Win,0
2018,1,1,1.70666,14,7,8,3.7037,3.0,0,2,0.980673,6,3,2,15.9412,3.0,0,Away Win,2
2018,1,6,4.04218,15,9,2,14.95,1.0,0,0,0.901867,12,4,2,22.8095,2.0,0,Home Win,0
2018,1,3,2.53003,20,9,8,7.1034,2.0,0,0,0.390995,12,2,5,36.4545,2.0,0,Home Win,0
2018,1,1,1.96816,16,7,5,4.3273,3.0,0,2,1.46751,9,4,0,9.9545,2.0,0,Away Win,2
2018,1,3,2.72871,21,7,12,7.0488,1.0,0,1,1.23555,8,5,0,13.0455,1.0,0,Home Win,0
2018,1,2,3.03313,29,12,12,12.3913,2.0,0,0,0.133934,3,0,0,39.75,0.0,1,Home Win,0
2018,1,0,0.474869,6,3,3,12.72,1.0,0,0,0.380519,7,1,7,5.9677,3.0,0,Draw,1
2018,1,1,0.946697,27,5,8,7.9048,2.0,0,4,1.57739,7,5,3,15.1176,1.0,0,Away Win,2
2018,1,0,0.111559,4,1,5,15.65,1.0,0,2,2.60922,15,4,6,8.0,1.0,0,Away Win,2
2018,1,3,3.12416,17,4,7,8.3846,0.0,0,0,0.440898,3,1,1,23.8667,0.0,0,Home Win,0
2018,1,1,1.90045,15,6,3,15.5,1.0,0,5,2.75798,12,7,3,5.625,2.0,0,Away Win,2
2018,1,2,1.08514,10,4,7,11.1304,1.0,0,1,0.845211,17,6,6,4.2353,3.0,0,Home Win,0
2018,1,1,2.13291,10,3,9,9.8333,4.0,0,1,1.20286,10,2,8,6.2593,5.0,0,Draw,1
2018,1,2,2.35088,12,4,6,11.5385,0.0,0,0,0.613167,10,4,4,11.7143,0.0,0,Home Win,0
2018,1,2,1.92171,19,3,4,15.125,1.0,0,1,1.20566,15,3,8,31.125,1.0,0,Home Win,0
2018,1,1,1.46224,15,3,3,8.1538,2.0,0,0,0.573166,7,0,5,14.9375,2.0,0,Home Win,0
2018,1,0,0.219359,6,0,3,8.3438,3.0,0,3,1.14212,12,4,4,4.8889,1.0,0,Away Win,2
2018,1,5,3.18716,16,7,9,12.9333,2.0,0,1,0.88618,13,5,4,19.6316,2.0,0,Home Win,0
2018,1,1,1.69334,17,2,5,14.9444,2.0,0,3,1.54089,13,4,6,9.2727,3.0,0,Away Win,2
2018,1,2,1.15823,14,4,7,11.3,0.0,0,0,0.798715,14,4,4,11.3333,1.0,0,Home Win,0
2018,1,2,1.70312,13,3,4,11.3529,1.0,0,0,1.74201,12,2,7,11.9474,3.0,0,Home Win,0
2018,1,2,0.625978,11,1,2,16.8421,1.0,0,0,0.722229,9,0,2,7.6364,1.0,0,Home Win,0
2018,1,1,3.67741,20,7,12,9.5,0.0,0,0,0.400125,2,1,2,41.1111,2.0,0,Home Win,0
2018,1,5,2.74266,19,10,6,11.65,0.0,0,0,0.630423,5,3,4,25.0,2.0,0,Home Win,0
2018,1,2,3.2075,13,6,7,8.8667,1.0,0,0,0.702261,12,4,8,9.8276,2.0,0,Home Win,0
2018,1,2,1.88895,10,4,1,11.6316,3.0,0,0,1.18549,17,2,6,11.5185,4.0,0,Home Win,0
2018,1,2,1.36515,6,5,1,12.4,5.0,0,1,0.794683,14,2,5,13.0,1.0,0,Home Win,0
2018,1,1,1.76818,11,3,3,6.619,3.0,0,1,3.45713,9,4,4,9.1613,2.0,1,Draw,1
2018,1,3,2.54216,16,6,9,7.3333,2.0,0,2,0.578485,9,3,7,15.6,1.0,0,Home Win,0
2018,1,1,0.898469,12,5,5,20.381,2.0,0,2,1.53632,20,7,4,10.1304,1.0,0,Away Win,2
2018,1,0,0.241879,7,3,3,14.5263,1.0,0,0,0.811272,10,3,7,6.913,2.0,0,Draw,1
2018,1,1,1.90872,18,4,8,7.2381,1.0,0,3,0.706284,10,4,5,14.7143,2.0,0,Away Win,2
2018,1,1,1.39896,14,4,6,11.0,2.0,0,0,0.2014,6,4,3,14.9412,2.0,0,Home Win,0
2018,1,0,0.0,0,0,0,33.4545,1.0,0,1,1.59515,23,7,14,6.0714,2.0,0,Away Win,2
2018,1,2,2.07772,12,4,1,8.3438,4.0,0,1,1.26876,16,5,10,8.7143,2.0,0,Home Win,0
2018,1,3,2.37896,19,7,8,9.7826,3.0,0,2,1.15114,7,3,2,6.5556,1.0,0,Home Win,0
2018,1,3,3.75714,19,9,9,8.2381,1.0,0,1,0.407168,2,1,1,38.625,1.0,0,Home Win,0
2018,1,4,4.12341,23,5,7,8.5714,2.0,0,2,0.471571,3,2,3,14.9091,0.0,0,Home Win,0
2018,1,3,2.13494,18,8,6,10.75,0.0,0,1,0.15103,6,3,5,13.9048,2.0,0,Home Win,0
2018,1,0,0.339087,8,1,6,6.2857,3.0,0,2,2.16389,8,4,5,13.0588,1.0,0,Away Win,2
2018,1,1,1.44291,15,3,8,8.1739,1.0,0,2,0.129312,4,3,0,11.3,5.0,0,Away Win,2
2018,1,1,1.0471,22,6,13,5.913,1.0,0,1,0.609079,2,1,0,20.3333,4.0,0,Draw,1
2018,1,2,3.49275,16,7,7,16.2632,2.0,0,0,0.295869,9,2,5,4.1667,1.0,0,Home Win,0
2018,1,2,1.52723,14,3,5,12.9048,2.0,0,0,2.3703,14,4,2,8.12,2.0,0,Home Win,0
2018,1,3,0.982018,11,3,5,18.8947,2.0,0,1,0.939754,11,1,5,13.1818,3.0,0,Home Win,0
2018,1,4,1.88114,16,5,5,6.8333,0.0,0,3,1.66909,15,5,8,13.9545,2.0,0,Home Win,0
2018,1,1,1.27253,15,4,3,6.9583,5.0,0,1,2.11999,8,4,4,10.0625,2.0,0,Draw,1
2018,1,2,2.57376,26,10,8,8.5926,1.0,0,0,0.564317,5,1,2,25.5625,0.0,0,Home Win,0
2018,1,0,0.514509,12,1,1,19.7727,2.0,0,2,0.530481,8,5,1,8.9615,2.0,0,Away Win,2
2018,1,1,0.915765,7,2,1,21.6154,2.0,0,2,2.73437,16,6,10,7.88,1.0,0,Away Win,2
2018,1,2,2.24031,15,8,3,13.3333,1.0,0,0,1.24394,16,5,4,8.381,2.0,0,Home Win,0
2018,1,1,1.17008,13,2,9,7.3529,1.0,0,2,0.608954,9,4,3,20.0,1.0,1,Away Win,2
2018,1,0,0.588539,14,2,5,5.6667,0.0,0,2,0.819472,10,3,4,10.5172,1.0,0,Away Win,2
2018,1,2,1.61666,10,3,6,13.375,3.0,0,2,1.02847,12,4,6,10.7,2.0,0,Draw,1
2018,1,2,1.04458,7,4,6,6.2609,2.0,0,0,0.0441445,3,1,2,16.5652,0.0,0,Home Win,0
2018,1,0,0.0891639,3,1,4,11.9474,1.0,0,2,2.65983,17,9,9,7.5588,1.0,0,Away Win,2
2018,1,2,1.98052,8,5,3,10.7059,1.0,0,1,1.35208,20,8,5,11.7059,2.0,0,Home Win,0
2018,1,2,1.0931,14,3,10,18.0,0.0,0,1,1.04822,11,2,3,19.1538,1.0,0,Home Win,0
2018,1,2,1.8935,18,4,6,14.0,0.0,0,0,0.790333,8,2,1,11.8571,2.0,0,Home Win,0
2018,1,0,0.661491,5,0,0,34.0,2.0,0,2,2.31513,24,7,11,8.5,0.0,0,Away Win,2
2018,1,2,2.84701,19,5,5,13.4706,0.0,0,0,0.926991,15,5,5,10.8182,0.0,0,Home Win,0
2018,1,1,0.446122,8,3,2,12.6,2.0,0,2,2.07834,21,3,7,3.44,3.0,0,Away Win,2
2018,1,2,0.572695,5,1,1,12.8696,1.0,0,0,0.397928,8,1,5,10.6429,1.0,0,Home Win,0
2018,1,0,0.560521,14,1,6,5.625,1.0,0,1,0.857436,8,2,5,10.64,2.0,0,Away Win,2
2018,1,2,1.65044,9,2,3,22.0,1.0,0,1,2.03847,18,4,5,11.7308,2.0,1,Home Win,0
2018,1,4,1.59338,15,7,6,12.3571,3.0,0,1,1.90917,17,7,4,12.5,2.0,0,Home Win,0
2018,1,1,1.0032,29,5,6,6.0,1.0,0,0,0.143138,6,1,3,24.3,2.0,0,Home Win,0
2018,1,1,0.718394,11,1,7,16.8889,2.0,0,3,2.00654,17,5,5,9.1667,4.0,0,Away Win,2
2018,1,0,0.943175,18,5,9,8.4,1.0,0,1,0.907988,3,1,4,14.0625,2.0,0,Away Win,2
2018,1,2,3.53913,27,11,7,5.1875,0.0,0,0,0.135788,4,1,4,48.7143,3.0,0,Home Win,0
2018,1,1,1.62301,10,4,8,9.6,3.0,0,4,3.61876,18,9,5,8.2381,0.0,0,Away Win,2
2018,1,1,2.69396,23,6,9,9.7097,1.0,0,0,0.201885,7,2,6,11.1875,4.0,0,Home Win,0
2018,1,2,2.23287,16,7,7,17.7692,2.0,0,0,0.471195,9,2,4,12.7895,1.0,0,Home Win,0
2018,1,1,1.20888,10,2,3,9.5714,2.0,0,3,1.38919,10,3,6,11.2381,3.0,0,Away Win,2
2018,1,0,1.12595,11,3,6,15.8696,2.0,1,1,2.2668,19,6,4,8.1,0.0,0,Away Win,2
2018,1,4,2.78596,22,5,4,8.2632,2.0,0,0,0.983527,7,1,2,19.3333,2.0,0,Home Win,0
2018,1,3,3.80842,13,6,4,13.9286,1.0,0,1,0.642825,17,2,9,6.2273,3.0,0,Home Win,0
2018,1,2,2.65125,14,4,3,9.2581,1.0,0,1,1.42817,18,4,11,11.5,1.0,0,Home Win,0
2018,1,2,1.30839,15,7,9,8.1538,0.0,0,0,0.873177,6,3,2,16.15,1.0,0,Home Win,0
2018,1,0,0.877377,12,5,2,7.3,2.0,0,1,0.945804,11,5,3,20.1818,3.0,0,Away Win,2
2018,1,2,1.66303,12,5,7,12.7619,2.0,0,0,1.29107,8,1,3,5.3889,1.0,0,Home Win,0
2018,1,1,0.318169,7,3,2,29.6154,0.0,0,3,2.86236,20,6,9,4.8148,0.0,0,Away Win,2
2018,1,2,2.84358,14,7,8,8.2857,2.0,0,0,0.872224,14,2,4,8.5385,3.0,0,Home Win,0
2018,1,0,0.206731,8,1,4,11.44,2.0,1,5,2.76885,14,7,1,13.9412,4.0,0,Away Win,2
2018,1,0,2.60447,22,5,14,27.1667,0.0,0,0,0.115051,5,0,1,20.625,1.0,0,Draw,1
2018,1,2,1.36558,11,3,6,9.9565,2.0,0,2,0.8065,11,5,8,6.2333,0.0,0,Draw,1
2018,1,3,1.23033,14,6,4,11.4211,0.0,0,1,1.27102,15,3,11,5.0714,2.0,0,Home Win,0
2018,1,1,2.06185,15,4,4,6.2647,1.0,0,0,1.19894,10,4,4,16.1429,2.0,0,Home Win,0
2018,1,1,1.09072,13,3,2,13.4545,2.0,0,2,1.08462,11,6,2,11.0,2.0,0,Away Win,2
2018,1,4,1.5204,15,8,10,16.6,1.0,0,0,0.305982,7,1,2,24.1111,1.0,0,Home Win,0
2018,1,2,1.28197,22,9,10,5.5,2.0,0,2,0.788788,6,3,1,21.6875,1.0,0,Draw,1
2018,1,0,1.1187,7,2,5,29.4167,1.0,0,2,2.42404,17,6,10,3.65,1.0,0,Away Win,2
2018,1,0,2.83739,15,5,3,13.0,1.0,0,1,2.61689,17,5,7,13.0,3.0,0,Away Win,2
2018,1,2,1.54245,12,5,8,4.1739,4.0,0,3,2.56216,16,7,3,13.087,1.0,0,Away Win,2
2018,1,1,0.896093,10,1,4,11.5294,3.0,0,2,2.44357,11,4,5,13.4348,2.0,0,Away Win,2
2018,1,0,1.35378,14,4,2,13.5385,0.0,0,1,0.991558,16,7,7,13.1429,2.0,0,Away Win,2
2018,1,3,2.73537,22,7,9,7.8,2.0,0,3,2.62214,9,5,3,12.5,1.0,0,Draw,1
2018,1,1,1.12483,7,5,6,11.5556,3.0,0,1,1.6298,16,3,6,10.0417,2.0,0,Draw,1
2018,1,5,3.58922,21,7,4,7.3333,0.0,0,0,0.1624,5,1,4,21.6522,0.0,0,Home Win,0
2018,1,3,3.6797,24,12,8,5.96,3.0,0,0,0.600697,6,1,6,21.9375,1.0,1,Home Win,0
2018,1,1,0.519072,8,2,10,3.875,0.0,0,0,1.11322,13,8,3,15.4286,0.0,0,Home Win,0
2018,1,0,0.261344,8,0,5,12.7273,2.0,0,0,1.15217,22,3,10,4.8929,0.0,0,Draw,1
2018,1,0,0.0899809,2,0,0,20.125,1.0,0,1,2.34878,25,7,6,7.3571,1.0,0,Away Win,2
2018,1,1,1.20482,9,2,7,23.0,2.0,0,1,0.43797,9,1,4,15.2941,3.0,0,Draw,1
2018,1,1,2.09397,19,6,7,18.25,1.0,0,0,0.512477,6,2,1,8.3636,3.0,0,Home Win,0
2018,1,3,1.99866,17,6,2,18.5,1.0,0,0,0.443686,11,1,7,8.9355,1.0,0,Home Win,0
2018,1,2,1.29707,14,7,2,21.7,1.0,0,3,1.48081,11,4,3,13.5455,1.0,0,Away Win,2
2018,1,1,1.08617,19,5,11,8.303,3.0,0,0,0.537307,7,2,0,47.8333,2.0,0,Home Win,0
2018,1,1,0.73663,7,3,3,13.32,1.0,0,1,1.88049,23,7,7,7.65,1.0,0,Draw,1
2018,1,2,1.76461,20,6,8,7.3846,0.0,0,0,0.473292,5,1,1,13.5,2.0,0,Home Win,0
2018,1,3,2.96478,19,9,6,7.56,0.0,0,0,1.2712,15,3,6,12.5714,1.0,0,Home Win,0
2018,1,2,1.4996,18,8,10,6.9444,0.0,0,3,1.80991,21,7,5,7.5,0.0,0,Away Win,2
2018,1,1,2.22622,20,6,10,9.8636,1.0,0,0,0.713362,11,5,6,10.2,5.0,2,Home Win,0
2018,1,1,2.36178,20,8,16,6.25,5.0,0,1,1.90585,11,5,3,14.1579,2.0,0,Draw,1
2018,1,1,2.06986,17,8,7,12.7273,1.0,1,4,3.20094,16,9,2,10.3478,0.0,0,Away Win,2
2018,1,2,0.882608,11,3,7,14.6111,0.0,0,2,2.06851,17,9,4,14.625,2.0,0,Draw,1
2018,1,1,0.941018,10,3,4,9.1765,0.0,0,1,0.857152,10,3,3,11.8333,1.0,0,Draw,1
2018,1,0,1.89555,26,10,11,3.6957,3.0,0,2,1.71095,13,4,2,23.6667,3.0,0,Away Win,2
2018,1,2,1.70197,13,5,4,13.3684,0.0,0,0,0.883861,7,2,1,32.3333,2.0,0,Home Win,0
2018,1,0,0.345306,9,3,4,10.9231,0.0,0,0,1.26735,14,4,5,16.3684,1.0,0,Draw,1
2018,1,0,0.569845,16,2,5,13.3333,1.0,0,4,1.95921,13,6,5,28.5294,0.0,0,Away Win,2
2018,1,5,2.85899,17,8,4,13.55,3.0,0,3,1.8981,16,8,4,9.6522,0.0,0,Home Win,0
2018,1,1,1.72939,14,5,4,17.6842,5.0,0,3,2.87276,17,6,5,16.6364,1.0,0,Away Win,2
2018,1,1,0.595313,6,2,2,28.8462,0.0,0,4,2.22234,20,9,6,6.0909,0.0,0,Away Win,2
2018,2,2,1.05146,6,2,0,22.05,2.0,0,3,2.25963,26,10,8,6.8095,0.0,0,Away Win,2
2018,2,1,1.08236,10,1,4,25.5556,0.0,0,2,1.51942,10,3,7,14.5,0.0,0,Away Win,2
2018,2,0,0.496521,10,4,6,15.4706,1.0,0,1,1.18063,17,6,5,6.4583,3.0,0,Away Win,2
2018,2,1,0.456027,10,4,4,7.7083,3.0,0,1,1.70735,15,9,6,13.8421,2.0,0,Draw,1
2018,2,2,1.53546,28,9,7,11.7895,2.0,0,1,0.383237,9,2,2,11.5161,2.0,0,Home Win,0
2018,2,2,1.55455,9,4,4,13.5,2.0,0,2,1.99515,17,4,5,10.7895,2.0,0,Draw,1
2018,2,1,1.40451,11,2,4,14.2083,3.0,0,0,1.20466,15,3,4,8.0769,2.0,0,Home Win,0
2018,2,2,1.45907,9,4,6,10.4762,3.0,0,0,0.574056,14,3,6,6.1212,3.0,0,Home Win,0
2018,2,0,0.906945,11,3,7,8.9697,4.0,1,1,0.526925,13,5,0,8.0,2.0,0,Away Win,2
2018,2,4,2.66879,17,9,4,8.5,0.0,0,0,0.348766,6,0,4,23.5,2.0,0,Home Win,0
2018,2,2,1.50717,16,7,6,13.4444,3.0,0,0,0.31552,9,2,2,10.7931,2.0,0,Home Win,0
2018,2,3,2.0372,24,8,5,10.0233,2.0,0,2,0.521132,8,2,1,17.9412,2.0,0,Home Win,0
2018,2,1,1.40818,18,5,7,9.2174,5.0,0,0,0.153916,4,0,2,16.1765,2.0,0,Home Win,0
2018,2,1,1.79867,17,6,8,14.381,1.0,0,0,0.585585,15,3,7,4.5806,3.0,0,Home Win,0
2018,2,2,1.52233,15,6,7,11.1667,4.0,0,2,1.78519,13,5,2,9.7222,4.0,1,Draw,1
2018,2,6,3.33338,22,12,2,16.2381,1.0,0,1,0.637013,8,3,3,14.0,3.0,0,Home Win,0
2018,2,0,1.77944,11,4,2,9.1739,2.0,0,0,0.924593,15,3,5,9.7667,1.0,0,Draw,1
2018,2,2,0.950879,13,3,3,15.5789,3.0,0,1,1.25776,18,4,6,4.8696,2.0,0,Home Win,0
2018,2,2,0.789096,13,5,5,9.9259,1.0,0,2,0.921797,13,6,4,17.2105,2.0,0,Draw,1
2018,2,3,2.22995,25,10,3,8.2174,1.0,0,3,2.35383,23,6,11,13.1905,1.0,0,Draw,1
2018,2,2,1.69218,26,10,8,15.3,0.0,0,1,0.311589,6,2,3,22.0,2.0,0,Home Win,0
2018,2,0,0.494365,8,1,3,33.2857,1.0,0,3,2.45978,14,3,7,9.3529,1.0,0,Away Win,2
2018,2,1,1.9062,11,4,4,18.4706,1.0,0,2,2.18413,24,6,7,6.0,3.0,0,Away Win,2
2018,2,1,1.10313,14,3,11,4.48,3.0,0,0,0.165399,6,1,4,12.6667,1.0,0,Home Win,0
2018,2,1,2.8529,23,5,7,7.6,1.0,0,0,0.491729,9,2,7,18.3889,2.0,0,Home Win,0
2018,2,0,1.26902,9,3,4,24.6875,1.0,0,0,1.35877,13,2,6,10.5,1.0,0,Draw,1
2018,2,0,0.323806,10,2,5,12.2381,2.0,0,1,0.250446,6,3,4,12.0,2.0,0,Away Win,2
2018,2,3,0.829691,9,3,4,9.0606,2.0,0,0,1.11682,18,4,5,9.2353,4.0,0,Home Win,0
2018,2,5,2.05648,10,7,2,10.5,3.0,0,3,1.88827,21,5,10,6.9091,3.0,0,Home Win,0
2018,2,1,2.01945,10,6,9,7.375,1.0,0,0,0.656746,10,2,10,5.9286,2.0,0,Home Win,0
2018,2,1,0.433382,6,2,3,22.0625,1.0,0,1,2.48751,20,6,8,12.5789,1.0,0,Draw,1
2018,2,0,1.4909,12,3,4,13.4118,2.0,0,1,2.74301,21,3,7,20.0,3.0,0,Away Win,2
2018,2,0,0.413989,9,3,5,14.0,3.0,0,5,2.54241,11,7,3,8.7143,1.0,0,Away Win,2
2018,2,1,0.488376,13,4,5,14.4,2.0,0,0,0.667504,12,0,3,10.4,5.0,1,Home Win,0
2018,2,0,1.38542,28,8,10,7.9444,2.0,0,1,0.297443,9,5,1,20.0,2.0,0,Away Win,2
2018,2,2,2.8507,18,4,10,12.3846,3.0,1,1,0.740742,15,5,4,8.2963,3.0,0,Home Win,0
2018,2,1,1.31657,22,4,10,10.3333,1.0,0,0,0.346689,9,1,3,13.7083,4.0,0,Home Win,0
2018,2,2,2.72023,16,9,9,15.9048,1.0,0,2,1.17626,13,5,2,24.5714,1.0,0,Draw,1
2018,2,2,1.79209,16,5,4,10.625,3.0,0,0,0.789043,13,1,4,5.0588,5.0,0,Home Win,0
2018,2,1,0.265642,6,1,3,15.6667,2.0,0,1,0.671125,14,4,8,6.1154,2.0,0,Draw,1
2018,2,2,0.885381,11,2,1,36.875,2.0,0,0,3.20497,25,8,10,6.6316,4.0,0,Home Win,0
2018,2,0,1.57505,14,5,7,7.2857,1.0,0,2,1.11577,11,5,3,47.1429,1.0,0,Away Win,2
2018,2,3,1.71696,17,5,11,15.7059,1.0,0,0,0.722731,7,2,1,12.4286,2.0,0,Home Win,0
2018,2,0,0.0629851,3,0,3,14.7059,3.0,0,2,2.91794,30,8,5,7.2222,1.0,0,Away Win,2
2018,2,4,2.81099,20,7,5,8.4074,1.0,0,1,0.670444,11,4,3,13.1905,2.0,0,Home Win,0
2018,2,2,2.35124,17,5,4,24.1,2.0,0,2,2.08573,15,6,3,15.2727,1.0,0,Draw,1
2018,2,2,2.04058,18,6,4,18.4,2.0,0,0,0.719329,16,2,11,7.0526,1.0,0,Home Win,0
2018,2,0,0.399584,8,3,3,13.9444,3.0,0,1,0.802538,16,3,12,12.0909,2.0,0,Away Win,2
2018,2,3,2.09666,23,7,5,8.9091,1.0,0,1,1.03797,15,2,4,21.2222,4.0,1,Home Win,0
2018,2,1,1.08641,10,2,4,14.0455,2.0,0,3,2.35831,16,6,6,13.4762,3.0,0,Away Win,2
2018,2,0,0.672669,13,3,11,5.7857,2.0,0,0,0.22405,7,0,1,10.5217,1.0,0,Draw,1
2018,2,0,0.952392,14,1,7,7.2564,1.0,0,0,2.25181,13,3,3,8.8214,3.0,0,Draw,1
2018,2,1,1.1773,3,3,3,9.7778,2.0,0,1,1.52902,24,10,10,10.44,2.0,0,Draw,1
2018,2,2,1.61873,18,4,7,9.84,4.0,0,0,1.60245,10,2,4,9.8148,4.0,0,Home Win,0
2018,2,2,1.85911,13,3,6,7.6897,1.0,0,1,1.78872,16,5,3,5.0465,3.0,0,Home Win,0
2018,2,2,0.851257,15,8,3,4.8462,2.0,0,0,0.325971,5,2,0,31.0625,3.0,0,Home Win,0
2018,2,3,2.8594,26,7,2,9.96,0.0,0,0,0.0851875,3,0,2,19.0952,3.0,0,Home Win,0
2018,2,4,2.53238,18,10,4,14.2353,0.0,0,0,0.48896,11,1,3,34.0,1.0,0,Home Win,0
2018,2,0,1.02425,12,2,6,8.6552,1.0,0,2,2.08628,12,6,7,17.9412,0.0,0,Away Win,2
2018,2,1,0.842878,12,6,6,15.8235,2.0,0,2,1.50332,10,2,4,9.7931,6.0,0,Away Win,2
2018,2,3,2.45713,17,7,8,19.8462,3.0,0,1,0.885573,16,4,9,10.0,1.0,0,Home Win,0
2018,2,2,1.66754,15,9,6,7.9167,3.0,0,1,1.16928,9,4,5,7.5385,3.0,0,Home Win,0
2018,2,1,0.704744,12,2,9,9.95,1.0,0,4,1.30599,12,8,5,16.2857,1.0,0,Away Win,2
2018,2,2,1.36167,21,6,3,11.3043,2.0,0,1,0.997014,14,2,4,13.0,4.0,0,Home Win,0
2018,2,0,0.315367,9,1,3,11.0,3.0,0,1,1.48485,19,5,8,4.9231,3.0,0,Away Win,2
2018,2,2,1.0206,7,4,5,15.55,3.0,0,0,0.681489,17,3,6,8.0,3.0,0,Home Win,0
2018,2,1,1.28871,17,4,5,8.9,3.0,0,2,1.08662,10,4,2,11.9048,2.0,0,Away Win,2
2018,2,2,1.05314,16,6,9,11.5926,1.0,0,0,0.144417,6,2,4,17.8125,4.0,0,Home Win,0
2018,2,1,0.645086,11,3,2,19.6471,2.0,0,0,1.44541,18,2,12,4.9667,3.0,0,Home Win,0
2018,2,3,3.04531,17,9,7,11.48,3.0,0,1,1.42452,14,4,4,14.3333,5.0,1,Home Win,0
2018,2,0,2.18092,21,2,9,6.9444,2.0,0,1,0.438067,9,3,4,14.9048,4.0,0,Away Win,2
2018,2,2,1.90878,11,5,4,15.9286,2.0,0,0,0.381595,12,4,4,10.8571,4.0,0,Home Win,0
2018,2,0,1.99899,20,4,4,15.65,2.0,0,2,0.863839,10,3,3,16.0667,1.0,0,Away Win,2
2018,2,1,1.53225,29,10,9,8.8182,1.0,0,3,1.16016,7,5,7,34.7143,1.0,0,Away Win,2
2018,2,1,1.38608,13,6,5,10.4074,5.0,0,0,1.00701,15,5,6,10.4737,3.0,0,Home Win,0
2018,2,3,2.55099,20,6,12,10.1579,1.0,0,1,0.412204,13,1,7,32.1333,1.0,0,Home Win,0
2018,2,2,1.76818,15,7,4,14.5,2.0,0,0,0.926808,12,7,4,13.68,2.0,1,Home Win,0
2018,2,1,3.07945,14,5,10,8.84,6.0,0,2,1.34105,13,3,9,8.6471,2.0,0,Away Win,2
2018,2,3,1.91949,17,9,2,4.303,3.0,0,2,1.94032,12,5,4,10.9333,3.0,0,Home Win,0
2018,2,0,0.742797,9,3,4,21.1667,3.0,0,2,2.8144,21,7,8,8.2188,1.0,0,Away Win,2
2018,2,2,1.49515,7,2,3,11.55,2.0,0,2,0.697863,11,6,4,8.4167,2.0,0,Draw,1
2018,2,1,0.856479,3,1,1,14.2917,3.0,1,5,2.17454,17,7,2,11.2917,1.0,0,Away Win,2
2018,2,1,1.40099,11,2,6,7.2857,0.0,0,1,0.92271,9,4,7,12.0,2.0,0,Draw,1
2018,2,3,1.04742,7,4,6,7.9231,2.0,0,3,1.19042,20,10,8,5.2188,3.0,0,Draw,1
2018,2,1,1.84684,21,3,8,6.2903,1.0,0,1,0.853192,9,2,2,10.6667,3.0,0,Draw,1
2018,2,0,0.251094,4,1,2,20.3571,2.0,0,2,2.86321,18,9,8,7.0,3.0,0,Away Win,2
2018,2,0,1.6265,18,8,8,7.36,3.0,0,2,1.89155,6,5,9,18.8235,5.0,1,Away Win,2
2018,2,0,1.2844,9,1,4,5.9318,2.0,0,0,0.642053,10,0,3,10.9231,3.0,0,Draw,1
2018,2,0,1.72187,11,5,3,21.6111,3.0,0,3,2.00576,14,4,5,7.5758,4.0,0,Away Win,2
2018,2,1,2.09049,18,4,9,10.88,2.0,0,0,0.64662,15,1,4,15.5909,5.0,0,Home Win,0
2018,2,3,2.98455,30,12,6,5.4138,0.0,0,0,1.37628,14,2,6,22.0769,2.0,0,Home Win,0
2018,2,2,1.47705,15,3,8,15.9091,1.0,0,1,1.18971,12,3,2,11.4,6.0,0,Home Win,0
2018,2,1,0.272576,10,2,6,12.0476,2.0,0,2,1.48572,20,7,10,6.2432,3.0,0,Away Win,2
2018,2,2,1.77066,12,5,4,9.5517,5.0,1,2,0.628239,13,4,8,3.8621,4.0,0,Draw,1
2018,2,0,1.23598,21,4,7,15.1724,3.0,0,3,1.61907,18,7,6,11.6111,3.0,0,Away Win,2
2018,2,3,2.18318,15,6,5,14.0385,3.0,0,2,0.550208,7,2,1,17.6842,2.0,0,Home Win,0
2018,2,2,1.93718,15,6,9,4.0417,2.0,0,2,1.50755,14,5,5,13.56,3.0,0,Draw,1
2018,2,0,0.725282,14,2,9,6.6667,3.0,0,3,1.35734,8,4,1,13.3333,6.0,0,Away Win,2
2018,2,1,0.958579,21,2,4,4.0263,2.0,0,1,1.19007,9,5,5,5.0,4.0,0,Draw,1
2018,2,1,2.03999,26,5,17,7.303,0.0,0,1,0.784661,8,4,3,32.0,5.0,0,Draw,1
2018,2,1,1.82444,11,4,1,17.2941,1.0,0,2,1.85595,23,5,4,5.7391,2.0,0,Away Win,2
2018,2,0,0.53547,5,0,3,7.9,5.0,1,2,1.14513,10,4,2,13.6522,2.0,0,Away Win,2
2018,2,1,1.22535,14,3,3,15.8125,3.0,0,1,1.98078,19,4,6,3.7778,3.0,0,Draw,1
2018,2,5,3.36518,20,9,11,8.8889,2.0,0,0,0.257795,8,2,6,16.8636,3.0,0,Home Win,0
2018,2,3,2.11317,16,3,5,13.1818,1.0,0,1,0.726312,6,2,4,13.6087,3.0,0,Home Win,0
2018,2,4,2.54151,22,10,8,22.6875,1.0,0,1,0.920245,9,2,4,29.5455,3.0,0,Home Win,0
2018,2,5,2.45171,20,13,0,15.1923,0.0,0,1,0.76592,11,4,7,12.6667,2.0,0,Home Win,0
2018,2,0,0.584377,11,1,3,11.5,1.0,1,0,0.424829,13,1,7,13.0667,4.0,0,Draw,1
2018,2,1,2.19127,13,5,0,6.5333,2.0,0,4,2.06704,15,7,2,5.8421,2.0,0,Away Win,2
2018,2,0,0.441246,14,3,4,7.1515,3.0,1,1,0.787543,15,7,7,8.1818,3.0,0,Away Win,2
2018,2,4,4.13272,19,9,9,12.9048,3.0,0,1,1.32091,9,1,6,9.0741,5.0,1,Home Win,0
2018,2,2,2.24645,18,6,5,13.0,3.0,0,2,1.84423,15,5,6,7.0606,3.0,0,Draw,1
2018,2,2,1.54705,14,5,4,15.0,2.0,0,1,3.75447,31,9,13,6.8889,2.0,0,Home Win,0
2018,2,1,0.687012,10,3,4,16.5294,3.0,0,1,2.17002,24,8,5,7.9231,0.0,0,Draw,1
2018,2,1,0.876348,9,3,2,11.875,4.0,0,2,1.78935,23,4,7,6.0,2.0,0,Away Win,2
2018,2,4,3.04114,16,5,7,10.75,1.0,0,1,0.632158,8,3,7,11.0417,1.0,0,Home Win,0
2018,2,1,0.542118,16,4,2,7.3929,4.0,0,1,1.48988,14,2,6,10.7813,3.0,0,Draw,1
2018,2,2,1.91899,11,3,1,20.1333,2.0,0,2,1.00551,13,3,6,11.4348,4.0,0,Draw,1
2018,2,1,2.33892,16,4,7,4.64,2.0,0,2,1.60323,14,5,7,13.35,4.0,0,Away Win,2
2018,2,0,0.821584,5,2,2,20.2222,3.0,1,2,1.53465,15,6,5,10.3333,1.0,0,Away Win,2
2018,2,0,0.327249,8,4,4,11.9,3.0,0,0,1.62497,20,5,9,7.8571,1.0,0,Draw,1
2018,2,0,0.159979,4,0,3,11.0,2.0,0,0,0.85532,15,5,4,8.7097,0.0,0,Draw,1
2018,2,3,2.43156,17,7,7,17.0556,2.0,0,2,2.02122,14,5,3,10.0,2.0,1,Home Win,0
2018,2,1,1.99511,18,4,7,11.88,2.0,0,1,0.654114,8,2,6,9.0769,1.0,0,Draw,1
2018,2,3,2.90785,30,13,11,8.5217,1.0,0,0,0.196243,6,4,0,33.9286,3.0,0,Home Win,0
2018,2,2,1.82422,15,7,6,11.9655,1.0,0,0,0.330703,11,1,3,18.7333,3.0,0,Home Win,0
2018,2,1,0.997397,21,5,9,7.5641,1.0,0,1,0.406628,11,3,4,13.0455,1.0,0,Draw,1
2018,2,0,1.30715,21,8,20,6.3704,2.0,0,0,0.340731,9,2,2,14.16,2.0,0,Draw,1
2018,2,2,2.2135,14,5,2,12.1071,3.0,0,1,1.51949,14,6,3,4.6316,4.0,0,Home Win,0
2018,2,1,1.36766,9,2,0,14.5455,2.0,0,0,1.25017,26,9,12,3.6957,0.0,0,Home Win,0
2018,2,1,1.15743,14,2,12,11.2917,1.0,0,2,1.78405,10,6,6,13.1154,2.0,0,Away Win,2
2018,2,1,1.10117,4,1,4,12.1034,4.0,0,1,1.02864,17,5,6,8.6875,2.0,0,Draw,1
2018,2,0,1.15902,17,5,4,10.7083,6.0,0,3,1.73912,16,6,9,7.8636,3.0,0,Away Win,2
2018,2,1,1.68906,22,11,5,24.4286,1.0,0,1,1.8301,17,6,1,9.24,7.0,1,Draw,1
2018,2,2,1.35263,18,5,8,9.3333,2.0,0,1,1.25109,7,1,8,12.1739,2.0,0,Home Win,0
2018,2,4,1.6716,10,6,1,11.9167,3.0,0,1,0.988383,11,3,4,8.8788,3.0,0,Home Win,0
2018,2,0,1.83072,18,3,13,6.069,3.0,0,0,0.143306,3,1,2,15.7619,2.0,0,Draw,1
2018,2,2,0.71811,10,5,4,8.5417,3.0,1,2,2.2475,18,7,9,7.9643,3.0,0,Draw,1
2018,2,2,2.38859,22,10,5,3.5714,3.0,0,1,1.63876,9,1,5,10.92,4.0,1,Home Win,0
2018,2,2,1.71663,15,5,4,17.0556,1.0,0,2,2.20984,17,7,7,10.5789,1.0,0,Draw,1
2018,2,1,1.48282,18,5,10,11.913,2.0,0,0,1.04485,12,1,8,7.9,2.0,0,Home Win,0
2018,2,2,4.20087,29,11,10,9.3704,3.0,0,2,0.935028,5,2,6,12.1905,6.0,1,Draw,1
2018,2,0,1.32115,16,3,11,7.375,2.0,0,0,1.00064,13,4,3,9.2903,3.0,0,Draw,1
2018,2,4,2.43939,22,8,9,10.9545,1.0,0,0,0.26732,8,2,3,25.75,2.0,0,Home Win,0
2018,2,1,1.57211,17,6,8,9.8182,4.0,0,1,1.48362,16,1,2,9.4783,4.0,1,Draw,1
2018,2,3,1.09546,17,7,6,9.1429,4.0,1,3,2.20116,18,6,10,11.6842,5.0,1,Draw,1
2018,2,1,0.901408,7,1,2,20.85,1.0,0,3,2.26187,19,4,7,11.4,1.0,0,Away Win,2
2018,2,2,1.49265,16,5,7,6.9583,3.0,2,2,1.77887,24,6,5,10.4583,1.0,0,Draw,1
2018,2,2,2.37132,12,4,4,19.9375,2.0,0,1,2.08455,22,8,8,11.15,2.0,0,Home Win,0
2018,2,1,0.991776,5,2,1,24.9,1.0,1,1,2.65218,23,5,6,4.9524,5.0,0,Draw,1
2018,2,0,0.610165,10,3,7,12.1176,2.0,0,1,1.35072,12,4,5,6.2381,4.0,0,Away Win,2
2018,2,1,0.761338,8,2,7,9.0,2.0,0,0,0.684222,16,2,7,5.2813,4.0,0,Home Win,0
2018,2,0,0.372931,9,5,2,20.15,2.0,0,0,0.666236,18,4,1,7.4762,5.0,1,Draw,1
2018,2,0,0.657181,10,2,2,12.125,2.0,0,1,0.976401,18,5,10,9.5882,2.0,0,Away Win,2
2018,2,3,1.58995,21,8,2,5.1034,2.0,0,1,1.39435,11,4,3,10.5417,1.0,0,Home Win,0
2018,2,0,0.415045,14,3,6,15.1579,3.0,0,2,1.17748,21,2,5,8.8421,2.0,0,Away Win,2
2018,2,1,2.20046,22,4,10,8.2857,3.0,0,0,0.32005,7,1,0,36.3636,1.0,0,Home Win,0
2018,2,3,1.87358,16,6,6,9.25,2.0,0,2,2.14236,15,9,4,14.5263,2.0,0,Home Win,0
2018,2,2,1.7167,13,7,8,5.4286,2.0,0,0,0.711571,5,0,4,34.1818,1.0,0,Home Win,0
2018,2,0,0.589566,15,1,6,6.84,2.0,0,0,0.940194,9,4,4,13.0,4.0,0,Draw,1
2018,2,3,2.59214,24,10,7,10.7419,2.0,0,1,1.81386,11,5,5,12.0435,1.0,0,Home Win,0
2018,2,0,0.71917,13,6,9,12.0,3.0,0,1,0.283973,8,1,7,8.0303,4.0,0,Away Win,2
2018,2,1,2.6049,24,5,3,8.3333,2.0,0,0,0.548608,11,6,5,39.8,2.0,0,Home Win,0
2018,2,0,0.777805,13,0,4,7.12,3.0,0,0,0.265885,9,1,2,19.0625,3.0,0,Draw,1
2018,2,1,2.51237,20,5,12,6.95,2.0,0,1,0.26404,6,2,2,7.0303,3.0,0,Draw,1
2018,2,1,0.369281,9,1,2,15.4375,2.0,0,1,1.22269,14,4,5,11.04,4.0,0,Draw,1
2018,2,1,0.607055,9,3,5,12.1212,3.0,0,1,2.14287,12,3,7,6.7667,2.0,0,Draw,1
2018,2,2,1.25056,10,3,8,24.625,3.0,0,4,1.90069,16,11,5,8.4,4.0,0,Away Win,2
2018,2,3,1.39715,19,5,9,9.2609,3.0,0,1,2.66258,13,5,6,5.5238,2.0,2,Home Win,0
2018,2,1,2.27872,20,6,13,9.8636,0.0,0,0,0.253011,7,4,2,8.9333,3.0,0,Home Win,0
2018,2,2,1.74784,18,6,5,7.8148,4.0,0,2,1.05099,12,2,5,15.375,4.0,1,Draw,1
2018,2,0,0.183858,7,3,1,13.4091,2.0,0,2,1.47469,18,5,7,7.6207,0.0,0,Away Win,2
2018,2,1,1.50885,15,4,4,8.2727,3.0,0,0,0.615779,12,4,4,11.2,3.0,0,Home Win,0
2018,2,0,1.48953,34,8,9,4.4483,4.0,1,1,0.477527,6,2,2,14.3529,4.0,0,Away Win,2
2018,2,0,0.800634,13,6,3,19.7857,2.0,0,0,1.66252,25,6,6,6.4231,1.0,0,Draw,1
2018,2,1,1.06904,12,5,5,18.125,3.0,0,0,0.759023,12,4,0,13.44,4.0,2,Home Win,0
2018,2,3,4.11791,20,10,8,9.0769,1.0,0,1,0.591453,10,3,5,9.5,1.0,0,Home Win,0
2018,2,2,0.69624,14,4,4,7.8333,2.0,0,0,0.286685,11,2,1,7.8788,1.0,0,Home Win,0
2018,2,0,0.664209,12,2,7,11.1,1.0,0,0,0.198335,6,1,2,10.28,2.0,0,Draw,1
2018,2,3,1.20076,16,8,5,8.3478,1.0,0,0,0.220152,6,1,1,18.55,3.0,1,Home Win,0
2018,2,1,1.03445,12,3,4,7.2,4.0,0,0,0.631157,14,4,2,13.381,6.0,1,Home Win,0
2018,2,0,0.431477,9,3,4,22.2778,1.0,0,1,0.925165,10,5,6,12.875,1.0,0,Away Win,2
2018,2,0,0.563894,11,3,7,7.9655,2.0,0,0,1.88008,13,3,3,8.5,1.0,0,Draw,1
2018,2,2,1.41949,17,8,6,9.625,2.0,0,1,1.23358,11,2,3,10.6897,2.0,0,Home Win,0
2018,2,1,0.992811,17,4,7,6.4118,4.0,1,1,1.70098,12,3,3,5.6176,4.0,1,Draw,1
2018,2,2,2.15613,22,4,11,7.7778,4.0,1,1,0.569172,11,4,2,18.3529,2.0,0,Home Win,0
2018,2,3,1.87321,17,7,6,6.2258,2.0,0,2,0.742372,10,4,5,32.1,2.0,0,Home Win,0
2018,2,0,0.478268,6,2,2,19.3125,1.0,0,2,1.71801,23,5,7,5.7778,1.0,0,Away Win,2
2018,2,2,1.07104,15,8,1,9.2903,1.0,0,6,3.42383,17,9,8,8.0741,2.0,0,Away Win,2
2018,2,2,1.99558,26,5,6,9.1613,3.0,1,0,0.328,7,1,6,11.5714,2.0,1,Home Win,0
2018,2,2,0.91229,14,3,4,8.9,0.0,0,2,1.24131,12,4,7,15.25,0.0,0,Draw,1
2018,2,3,2.7645,14,4,4,10.3043,6.0,1,3,2.00501,11,5,7,5.4857,4.0,0,Draw,1
2018,2,0,0.570805,9,3,4,23.4706,2.0,0,5,2.5448,20,10,8,10.2222,0.0,0,Away Win,2
2018,2,0,1.75495,18,7,5,10.7333,3.0,0,2,1.55416,13,6,6,8.2632,3.0,0,Away Win,2
2018,2,0,1.24057,13,4,11,7.0,1.0,0,0,1.38113,16,5,0,15.5,3.0,0,Draw,1
2018,2,3,3.92751,26,10,12,11.4211,1.0,0,0,0.474778,9,3,5,18.4545,2.0,0,Home Win,0
2018,2,2,2.06596,21,8,7,13.8235,1.0,0,1,1.42452,18,7,8,13.0,5.0,1,Home Win,0
2018,2,3,3.06196,16,9,6,5.1667,2.0,0,2,1.4063,10,2,3,4.4474,3.0,0,Home Win,0
2018,2,1,1.41322,16,6,7,7.4167,2.0,0,1,1.44041,14,5,7,6.7879,3.0,0,Draw,1
2018,2,1,1.46714,27,7,8,5.2647,3.0,0,2,2.41069,8,4,2,10.4,1.0,0,Away Win,2
2018,2,0,1.24826,14,5,6,21.8,1.0,0,0,0.700205,15,6,8,15.6,3.0,1,Draw,1
2018,2,2,2.66999,10,4,1,16.0625,2.0,0,3,1.97486,24,6,10,6.24,4.0,0,Away Win,2
2018,2,4,3.5041,22,9,1,6.5429,2.0,0,0,0.265724,9,0,1,11.8261,4.0,0,Home Win,0
2018,2,3,4.30729,15,9,4,21.2143,1.0,0,0,0.418768,10,3,12,6.5143,1.0,0,Home Win,0
2018,2,1,0.618747,13,3,6,9.2258,3.0,0,0,0.771946,11,2,7,4.3478,3.0,1,Home Win,0
2018,2,3,2.35929,23,5,9,7.1667,0.0,0,3,1.86431,8,5,2,14.6667,3.0,0,Draw,1
2018,2,0,0.817511,17,2,9,10.1471,3.0,1,4,1.58053,7,4,2,13.6471,4.0,0,Away Win,2
2018,2,3,3.36025,22,8,7,7.5,3.0,0,4,2.35569,14,5,5,10.3889,1.0,1,Away Win,2
2018,2,1,1.90942,15,4,1,17.5,1.0,0,3,1.87255,15,7,3,16.0,2.0,0,Away Win,2
2018,2,1,1.75032,17,6,8,9.4571,2.0,0,2,1.27812,6,3,1,10.2353,5.0,0,Away Win,2
2018,2,0,0.665749,11,1,11,6.4348,5.0,0,0,0.305403,10,2,6,6.0857,5.0,1,Draw,1
2018,2,1,1.42071,9,1,1,14.9,3.0,0,1,0.591374,14,4,10,5.7667,3.0,0,Draw,1
2018,2,0,1.00381,8,2,2,10.9412,0.0,0,1,0.834328,10,6,4,11.5909,2.0,0,Away Win,2
2018,2,2,2.76781,11,8,10,16.75,0.0,0,2,1.71511,12,3,6,15.875,2.0,0,Draw,1
2018,2,0,1.30235,13,3,2,12.9474,1.0,0,1,1.17247,16,4,2,9.8065,5.0,0,Away Win,2
2018,2,1,0.864604,8,3,4,11.6897,1.0,0,1,0.7039,14,4,6,5.9524,3.0,0,Draw,1
2018,2,0,0.997676,16,3,6,6.2414,1.0,0,1,0.632144,8,4,7,20.0667,2.0,0,Away Win,2
2018,2,3,2.16129,28,7,12,9.0588,1.0,0,3,1.17447,11,5,4,19.5714,2.0,0,Draw,1
2018,2,3,1.99149,21,9,5,24.5,0.0,0,0,0.826882,14,2,3,16.6154,3.0,0,Home Win,0
2018,2,1,1.7818,17,7,10,15.7826,3.0,0,1,0.781258,8,5,2,13.5294,4.0,0,Draw,1
2018,2,2,2.07366,13,4,9,7.32,1.0,0,1,1.02091,7,2,4,15.4,3.0,0,Home Win,0
2018,2,1,1.35689,12,3,13,6.1154,2.0,0,1,1.36058,14,5,3,8.7879,2.0,0,Draw,1
2018,2,0,1.12095,16,5,7,8.9091,1.0,0,3,1.53137,15,7,7,24.4167,2.0,0,Away Win,2
2018,2,0,0.641805,15,3,5,11.76,2.0,0,0,3.03327,13,4,5,4.6667,4.0,0,Draw,1
2018,2,1,2.04577,10,4,3,11.3913,1.0,0,0,0.475328,7,1,2,17.6667,1.0,0,Home Win,0
2018,2,3,2.38366,19,11,2,9.8667,0.0,0,0,1.42003,9,2,5,11.1333,1.0,0,Home Win,0
2018,2,0,0.466673,8,1,2,10.7692,2.0,0,1,1.89919,18,6,10,6.28,2.0,0,Away Win,2
2018,2,0,0.550312,16,7,9,5.3077,3.0,0,1,1.01039,5,1,2,13.52,3.0,0,Away Win,2
2018,2,0,0.437975,9,2,8,14.5455,0.0,0,3,2.10953,14,5,4,11.6538,0.0,0,Away Win,2
2018,2,1,2.45948,17,7,9,5.8966,2.0,0,0,1.72917,14,4,2,7.7241,4.0,1,Home Win,0
2018,2,1,1.01245,14,5,5,5.6905,1.0,0,3,0.880241,7,3,2,17.0526,2.0,0,Away Win,2
2018,2,2,2.21399,16,3,1,5.3548,5.0,1,1,0.407584,9,3,4,13.1,1.0,0,Home Win,0
2018,2,3,1.50789,7,5,3,25.3889,1.0,0,0,0.623544,8,2,3,8.2381,3.0,0,Home Win,0
2018,2,2,1.59217,20,7,7,6.8293,3.0,0,1,0.603073,7,5,3,12.8,2.0,0,Home Win,0
2018,2,2,1.92524,17,6,9,7.9063,3.0,0,1,0.963167,13,2,5,10.44,1.0,0,Home Win,0
2018,2,3,2.08342,18,9,5,9.6364,2.0,0,0,0.632819,15,1,7,17.3333,3.0,0,Home Win,0
2018,2,0,2.59846,26,9,15,5.5926,5.0,0,0,0.365283,10,1,4,13.8,3.0,0,Draw,1
2018,2,2,1.75554,14,4,9,7.0,3.0,0,1,2.36382,20,7,7,6.92,4.0,0,Home Win,0
2018,2,1,1.36503,10,4,3,6.5556,3.0,0,4,3.21671,23,8,10,7.8077,4.0,0,Away Win,2
2018,2,1,1.28773,13,6,6,8.88,5.0,0,0,1.78672,22,7,4,5.931,4.0,0,Home Win,0
2018,2,0,1.2656,18,3,4,8.3448,2.0,0,1,0.59336,7,4,5,7.963,2.0,0,Away Win,2
2018,2,0,0.464159,11,5,4,5.0667,2.0,0,0,0.411351,10,1,6,7.3704,3.0,0,Draw,1
2018,2,3,1.51786,14,2,9,10.6111,2.0,0,3,1.57732,8,4,6,8.1429,4.0,0,Draw,1
2018,2,2,1.66099,11,5,4,7.9143,2.0,0,3,2.30167,14,5,8,7.4074,2.0,0,Away Win,2
2018,2,2,0.891528,18,7,4,10.9545,2.0,0,0,1.28089,19,3,5,15.3333,0.0,0,Home Win,0
2018,2,3,1.3605,11,7,6,11.4286,1.0,0,0,0.582587,9,1,2,20.9048,1.0,0,Home Win,0
2018,2,0,0.443775,12,2,5,20.0526,2.0,0,4,1.40926,17,5,2,8.8095,1.0,0,Away Win,2
2018,2,1,3.20737,18,6,3,10.05,1.0,0,0,0.593571,10,1,5,8.5556,2.0,0,Home Win,0
2018,2,1,0.317935,6,1,3,8.4,4.0,1,1,1.0065,7,2,5,13.5,1.0,0,Draw,1
2018,2,2,1.50859,17,7,4,7.6667,2.0,0,0,1.13231,10,3,4,5.2692,1.0,0,Home Win,0
2018,2,1,0.595644,14,2,5,11.3333,2.0,1,2,1.13229,14,8,4,14.0,3.0,0,Away Win,2
2018,2,3,0.875606,13,5,7,7.2308,1.0,0,0,1.10955,10,4,4,9.1786,4.0,0,Home Win,0
2018,2,2,1.75105,13,5,6,6.4118,3.0,0,1,1.74101,13,3,6,3.2258,3.0,0,Home Win,0
2018,2,3,1.85788,20,11,8,6.6364,4.0,0,1,0.412512,10,3,5,6.2222,2.0,0,Home Win,0
2018,2,2,2.08181,13,4,1,11.0357,5.0,0,1,2.08951,25,6,5,10.1111,3.0,0,Home Win,0
2018,2,3,2.5259,20,8,8,7.8519,1.0,0,3,1.87782,8,7,2,15.6875,3.0,0,Draw,1
2018,2,0,0.857275,19,3,8,4.1538,2.0,0,0,0.160647,4,0,2,11.7619,4.0,1,Draw,1
2018,2,3,2.14667,13,4,5,9.24,4.0,0,0,1.23076,15,3,7,7.3333,5.0,1,Home Win,0
2018,2,1,1.31933,11,3,6,12.6364,3.0,0,0,0.833481,14,4,6,19.4615,0.0,1,Home Win,0
2018,2,1,2.05475,21,5,12,9.4286,3.0,1,2,0.586571,6,3,4,14.1111,6.0,1,Away Win,2
2018,2,2,3.33422,21,9,8,9.4231,0.0,0,0,0.528818,8,4,3,7.0,0.0,0,Home Win,0
2018,2,1,0.263355,8,1,4,14.2069,3.0,0,2,1.70597,11,3,1,12.4444,1.0,0,Away Win,2
2018,2,1,0.769898,13,1,4,8.1923,3.0,0,1,1.02895,11,6,7,12.7391,1.0,0,Draw,1
2018,2,1,1.10791,13,4,3,8.625,2.0,0,2,0.878122,14,7,3,5.7037,4.0,0,Away Win,2
2018,2,2,0.742227,15,2,4,8.4583,3.0,0,0,0.167568,5,1,7,12.2857,5.0,0,Home Win,0
2018,2,4,2.73414,17,6,5,12.4286,0.0,0,1,0.099705,6,2,0,17.2917,3.0,0,Home Win,0
2018,2,1,1.50516,9,3,4,14.9444,2.0,0,0,0.59585,13,1,5,7.1852,1.0,0,Home Win,0
2018,2,2,1.14262,10,3,5,13.3684,4.0,1,1,0.191518,5,1,3,29.1667,1.0,0,Home Win,0
2018,2,1,1.95045,13,6,4,12.75,2.0,0,2,1.89116,14,5,7,14.1667,2.0,0,Away Win,2
2018,2,1,1.02736,10,1,3,18.8824,3.0,0,1,0.720283,10,4,5,12.8333,2.0,0,Draw,1
2018,2,1,1.50473,13,5,10,5.2,0.0,0,1,0.758033,8,2,1,13.2581,0.0,0,Draw,1
2018,2,2,2.20449,14,5,4,4.75,3.0,0,1,0.714756,10,3,4,9.9333,2.0,0,Home Win,0
2018,2,2,2.33732,13,5,2,11.7273,4.0,0,1,1.33238,14,3,2,9.16,2.0,0,Home Win,0
2018,2,2,1.05123,18,5,6,14.1905,2.0,0,0,0.310238,6,0,6,7.2308,3.0,0,Home Win,0
2018,2,4,1.76513,23,8,6,14.1111,0.0,0,1,0.362156,5,1,5,14.5,2.0,0,Home Win,0
2018,2,4,1.5191,14,5,5,10.5,1.0,0,2,0.740408,12,3,2,30.9333,1.0,0,Home Win,0
2018,2,3,1.81004,18,5,6,26.6429,1.0,0,5,2.5003,17,10,5,8.2414,1.0,0,Away Win,2
2018,2,2,1.21905,10,4,3,14.7647,4.0,0,1,1.57775,16,4,5,8.1613,5.0,0,Home Win,0
2018,2,2,1.44972,20,8,4,5.0714,5.0,1,3,1.9758,9,4,5,8.85,4.0,1,Away Win,2
2018,2,2,1.06311,11,5,7,12.2,4.0,0,3,2.91239,14,5,4,14.4091,3.0,0,Away Win,2
2018,2,2,2.03348,13,8,9,9.2609,2.0,0,1,0.712006,10,3,4,4.4,3.0,0,Home Win,0
2018,2,0,0.858272,11,6,5,9.4074,6.0,1,3,1.05607,9,3,5,11.9,3.0,0,Away Win,2
2018,2,1,2.45876,23,8,7,7.0,0.0,0,1,0.4548,10,3,5,8.0588,2.0,0,Draw,1
2018,2,0,1.01961,25,6,8,3.82,3.0,0,1,0.230282,6,3,3,16.8,3.0,0,Away Win,2
2018,2,0,1.53815,18,7,12,6.8929,0.0,0,1,1.60065,6,5,3,21.0,0.0,0,Away Win,2
2018,2,1,1.34489,15,3,5,10.6333,0.0,0,0,0.36771,8,0,4,10.8333,0.0,0,Home Win,0
2018,2,1,0.989022,9,4,4,18.7647,1.0,0,3,3.88951,20,9,6,6.0833,1.0,0,Away Win,2
2018,2,1,2.09999,16,7,5,9.1538,1.0,0,0,1.03959,9,5,10,14.1,4.0,0,Home Win,0
2018,2,2,2.46425,12,5,3,11.7895,3.0,0,0,2.06541,21,6,5,6.3214,4.0,0,Home Win,0
2018,2,1,1.98643,14,3,4,16.1071,4.0,0,4,2.64072,20,10,7,10.45,2.0,0,Away Win,2
2018,2,4,1.57662,20,8,5,7.225,2.0,0,1,1.12985,11,4,4,11.3333,3.0,0,Home Win,0
2018,2,0,0.451801,9,0,3,10.2963,3.0,0,2,3.2423,17,6,5,19.0,2.0,0,Away Win,2
2018,2,2,1.47602,15,7,8,12.9167,2.0,0,1,0.641571,14,5,2,8.4783,2.0,0,Home Win,0
2018,2,3,1.95659,21,4,3,7.0,3.0,0,2,2.02283,12,4,3,20.3077,4.0,0,Home Win,0
2018,2,0,0.452482,8,2,1,21.1481,2.0,1,4,2.36256,14,7,6,5.913,1.0,0,Away Win,2
2018,2,1,2.03815,18,6,7,5.186,0.0,0,1,1.37576,7,2,5,13.381,0.0,0,Draw,1
2018,2,2,1.52022,15,4,4,10.68,3.0,0,2,0.88749,12,4,6,5.1351,4.0,0,Draw,1
2018,2,4,2.1616,17,8,5,17.6923,1.0,0,0,1.46618,9,5,4,10.4839,1.0,0,Home Win,0
2018,2,1,1.14572,12,4,2,14.2273,2.0,0,0,0.510459,11,3,7,6.1481,5.0,0,Home Win,0
2018,2,2,0.86608,18,6,6,6.4063,3.0,0,1,0.175617,8,3,3,6.1,3.0,0,Home Win,0
2018,2,3,3.1019,18,11,6,5.2333,1.0,0,0,0.672578,8,2,3,14.619,8.0,1,Home Win,0
2018,2,2,2.32045,16,9,9,7.7586,4.0,0,1,1.31133,7,2,4,20.8571,3.0,0,Home Win,0
2018,2,0,1.33491,18,4,10,6.7,1.0,0,1,0.733348,11,3,7,10.0455,4.0,0,Away Win,2
2018,2,0,0.93775,10,4,8,11.0909,1.0,0,0,1.22931,9,0,4,13.6522,2.0,0,Draw,1
2018,2,2,3.36273,22,7,11,8.88,2.0,0,2,1.20864,5,2,1,22.1,1.0,0,Draw,1
2018,2,1,1.98975,23,9,11,6.1875,2.0,0,1,0.922442,14,5,6,27.0833,0.0,1,Draw,1
2018,2,0,0.760063,6,1,3,8.0333,4.0,0,0,0.856189,16,4,4,3.9286,5.0,0,Draw,1
2018,2,0,1.31991,18,2,8,7.3158,2.0,0,1,1.65846,16,4,3,14.4583,2.0,0,Away Win,2
2018,2,3,2.21919,17,5,6,15.2941,4.0,1,2,1.84227,15,6,6,7.5714,4.0,0,Home Win,0
2018,2,2,1.85527,12,5,5,11.7391,2.0,0,1,1.47352,16,4,8,12.4706,2.0,0,Home Win,0
2018,2,0,5.06313,47,18,9,13.4,1.0,0,0,0.22043,3,1,3,16.2,3.0,0,Draw,1
2018,2,1,0.172953,7,4,3,25.55,0.0,0,3,1.45817,14,5,7,10.6111,0.0,0,Away Win,2
2018,2,0,0.792762,15,6,10,8.3478,2.0,0,0,0.145765,4,1,5,15.4667,3.0,0,Draw,1
2018,2,1,0.789702,14,4,1,14.9667,3.0,0,3,3.70567,19,6,3,7.8824,1.0,0,Away Win,2
2018,2,1,1.52803,19,5,11,8.1852,1.0,0,0,1.41453,12,4,4,13.5909,2.0,0,Home Win,0
2018,2,1,1.30438,16,4,7,10.55,2.0,0,0,0.561648,11,2,6,10.7222,3.0,0,Home Win,0
2018,2,2,2.46935,14,4,3,8.5714,2.0,0,0,0.737093,13,2,8,8.963,5.0,1,Home Win,0
2018,2,0,1.25421,20,6,7,5.9444,3.0,0,0,0.828516,3,1,3,20.7059,2.0,0,Draw,1
2018,2,2,0.983596,16,3,5,11.625,5.0,0,1,0.52595,11,3,4,6.7407,2.0,0,Home Win,0
2018,2,1,1.17895,15,7,6,9.4545,2.0,1,1,0.866882,12,4,6,6.0357,7.0,2,Draw,1
2018,2,3,0.999562,11,5,3,8.5,2.0,0,0,0.638254,11,2,4,6.8696,4.0,0,Home Win,0
2018,2,1,1.648,12,5,5,6.9,3.0,1,0,0.848619,13,1,6,9.72,1.0,0,Home Win,0
2018,2,2,1.44713,17,5,3,5.5313,3.0,0,4,1.43346,14,7,6,10.9545,5.0,0,Away Win,2
2018,2,0,1.1822,12,4,3,6.75,4.0,0,1,0.836087,9,3,2,4.1471,4.0,0,Away Win,2
2018,2,2,0.900644,18,4,10,10.85,0.0,0,1,1.4449,13,4,7,24.2667,1.0,0,Home Win,0
2018,2,1,1.6363,25,4,13,9.3478,0.0,2,2,1.18465,10,7,2,21.3,4.0,0,Away Win,2
2018,2,1,1.59211,17,6,3,11.2667,3.0,0,2,1.33983,13,7,3,9.5,1.0,0,Away Win,2
2018,2,1,0.830287,12,1,8,17.3333,0.0,0,1,0.800929,15,3,4,7.7368,1.0,0,Draw,1
2018,2,1,0.907616,14,4,6,6.9429,3.0,0,1,0.747252,10,2,5,7.2083,2.0,0,Draw,1
2018,2,1,1.60416,21,5,7,8.1875,1.0,0,1,0.528078,9,5,4,44.7778,2.0,0,Draw,1
2018,2,1,1.35633,15,6,10,10.9565,1.0,0,1,0.581189,10,3,4,18.3529,3.0,0,Draw,1
2018,2,3,2.89766,21,10,5,36.6,1.0,0,0,0.504583,11,2,5,16.4,2.0,0,Home Win,0
2018,2,1,1.19443,14,3,1,11.2105,6.0,1,2,1.2474,13,3,4,18.7222,3.0,0,Away Win,2
2018,2,1,1.16682,11,5,2,9.1053,3.0,0,1,1.05383,18,4,4,10.1154,3.0,0,Draw,1
2018,2,2,1.24216,11,3,4,6.5,2.0,0,0,0.604324,12,3,9,4.3846,6.0,1,Home Win,0
2018,2,2,2.01335,15,8,9,11.1333,0.0,0,0,0.120965,5,1,5,10.4762,2.0,0,Home Win,0
2018,2,3,1.55302,24,7,13,5.925,3.0,0,1,0.353443,6,3,5,8.6667,2.0,0,Home Win,0
2018,2,1,0.897173,11,2,2,12.5789,3.0,0,1,0.459969,8,3,4,11.2174,3.0,0,Draw,1
2018,2,0,1.14177,10,4,7,9.0345,3.0,0,1,1.77025,13,3,8,9.4583,1.0,0,Away Win,2
2018,2,0,1.34557,15,5,2,9.9143,3.0,0,2,2.27846,20,9,6,8.1,1.0,0,Away Win,2
2018,2,0,0.575305,11,3,1,13.4545,3.0,0,4,2.14921,19,8,5,13.6667,0.0,0,Away Win,2
2018,2,1,0.947998,11,4,4,12.1053,3.0,0,0,2.43324,25,11,7,10.3478,1.0,1,Home Win,0
2018,2,1,2.43408,18,5,4,11.0,1.0,0,1,0.732727,14,4,7,11.2,2.0,0,Draw,1
2018,2,2,2.06277,22,4,8,5.1818,2.0,0,2,0.624983,5,3,1,10.6333,3.0,0,Draw,1
2018,2,0,0.362542,7,3,2,17.6522,1.0,0,0,2.27962,21,4,9,5.75,3.0,0,Draw,1
2018,2,1,1.3225,16,4,7,7.2,3.0,0,1,0.648738,11,2,3,6.871,3.0,0,Draw,1
2018,2,1,0.372816,8,4,2,13.1875,4.0,0,3,1.80864,16,5,5,9.7857,3.0,0,Away Win,2
2018,2,2,1.25154,15,5,5,5.6286,3.0,1,1,1.26196,16,6,10,8.3333,5.0,2,Home Win,0
2018,2,2,1.83655,22,7,6,13.55,2.0,0,1,0.2445,6,2,2,15.48,3.0,1,Home Win,0
2018,2,3,2.4778,9,6,2,13.75,4.0,1,3,2.77584,18,9,2,11.1875,3.0,1,Draw,1
2018,2,3,3.93173,20,9,11,4.7143,1.0,0,2,0.846402,8,3,1,16.125,5.0,1,Home Win,0
2018,2,1,1.92412,13,6,1,10.7037,2.0,0,2,1.73399,25,7,12,8.5769,1.0,0,Away Win,2
2018,2,1,1.87735,18,6,8,9.7692,2.0,0,2,2.20557,8,4,2,17.8125,1.0,0,Away Win,2
2018,2,2,1.52984,11,4,0,7.3043,1.0,0,1,1.72822,16,2,4,10.1818,3.0,0,Home Win,0
2018,2,4,1.84615,18,10,13,8.9375,1.0,0,1,0.572389,6,1,3,18.375,6.0,1,Home Win,0
2018,2,1,1.2824,18,6,4,12.85,2.0,0,2,1.58764,11,5,2,11.0,4.0,0,Away Win,2
2018,2,0,0.826645,13,3,5,9.75,2.0,0,1,0.977718,15,5,6,10.95,1.0,0,Away Win,2
2018,2,1,1.64928,24,5,14,6.4375,2.0,0,3,2.53456,16,7,10,11.3333,3.0,0,Away Win,2
2018,2,2,2.00932,24,10,17,9.0,2.0,0,0,0.13114,5,0,0,16.6667,3.0,1,Home Win,0
2018,2,2,1.38797,13,3,3,20.1,3.0,0,0,1.04957,7,4,3,11.3333,1.0,0,Home Win,0
2018,2,0,0.780352,7,1,4,14.0952,3.0,1,0,0.680499,12,5,7,8.0,0.0,0,Draw,1
2018,2,4,2.53996,18,9,7,10.12,1.0,0,1,1.28459,15,5,3,4.75,1.0,0,Home Win,0
2018,2,1,1.80673,24,7,11,9.3478,2.0,1,1,0.310138,4,3,3,6.1034,1.0,0,Draw,1
2018,2,1,0.876516,15,4,5,7.2,3.0,1,1,1.66588,16,5,8,9.0526,1.0,0,Draw,1
2018,2,3,1.84382,15,5,4,14.4375,2.0,0,3,2.57708,20,4,6,10.3077,1.0,0,Draw,1
2018,2,2,1.67301,15,3,5,10.2105,1.0,0,0,1.66205,15,2,7,35.1111,0.0,0,Home Win,0
2018,2,1,0.610095,12,3,3,15.3684,0.0,0,0,1.28249,18,2,7,6.1481,1.0,0,Home Win,0
2018,2,0,1.12474,17,2,5,11.0455,2.0,0,0,2.76568,22,4,5,14.85,4.0,0,Draw,1
2018,2,3,1.38841,13,4,8,9.5385,4.0,0,2,1.16875,19,3,6,6.1905,4.0,0,Home Win,0
2018,2,4,1.74459,14,6,3,17.4545,3.0,0,1,1.99068,22,6,12,13.75,1.0,0,Home Win,0
2018,2,3,2.15843,16,6,7,5.3793,2.0,0,1,0.55839,5,2,4,18.0,4.0,2,Home Win,0
2018,2,3,0.939859,13,4,5,28.6364,0.0,0,2,1.7979,26,5,8,6.6316,1.0,0,Home Win,0
2018,2,1,2.44976,24,7,12,7.0833,2.0,0,2,0.74405,11,5,3,13.5294,2.0,0,Away Win,2
2018,2,0,0.296039,6,4,4,14.4667,1.0,0,0,0.0743908,3,0,1,32.9167,2.0,0,Draw,1
2018,2,0,0.56103,14,3,8,7.6061,2.0,0,0,0.0239835,2,2,2,9.0769,2.0,0,Draw,1
2018,2,2,2.74302,28,14,8,7.8065,4.0,1,1,1.77275,12,4,2,14.9286,2.0,1,Home Win,0
2018,2,2,1.72281,29,9,13,8.8462,2.0,0,1,1.08938,14,5,8,23.8462,1.0,0,Home Win,0
2018,2,2,0.686933,15,3,7,11.25,0.0,0,0,0.487175,11,1,6,10.0,2.0,0,Home Win,0
2018,2,2,0.433984,10,3,8,7.1923,2.0,0,3,1.7846,19,8,4,15.4737,2.0,0,Away Win,2
2018,2,3,2.39804,13,7,5,11.4211,0.0,0,1,1.1792,16,4,5,9.75,1.0,0,Home Win,0
2018,4,0,0.626716,13,1,3,3.9118,1.0,0,0,0.030934,2,1,2,16.2083,1.0,0,Draw,1
2018,4,0,1.00338,21,8,5,2.5385,0.0,0,3,2.67481,6,4,3,16.3333,2.0,0,Away Win,2
2018,4,1,0.428686,12,2,8,9.0385,3.0,0,1,0.647286,14,5,7,10.6,2.0,0,Draw,1
2018,4,1,1.39716,16,7,4,9.1429,2.0,0,2,0.410646,8,4,6,11.1579,3.0,0,Away Win,2
2018,4,3,3.26753,25,9,7,6.9412,0.0,0,0,0.248353,3,0,1,31.3077,2.0,0,Home Win,0
2018,4,1,1.49776,18,6,7,5.1667,1.0,0,2,1.51617,8,6,0,12.6818,1.0,0,Away Win,2
2018,4,1,2.39239,13,2,2,13.15,1.0,0,4,3.34997,17,8,6,13.2632,0.0,0,Away Win,2
2018,4,2,1.16219,10,3,3,4.1481,1.0,0,0,0.188446,5,1,0,13.475,7.0,0,Home Win,0
2018,4,1,1.07885,13,4,4,10.619,2.0,0,1,0.979952,9,3,10,11.7826,3.0,0,Draw,1
2018,4,2,2.45697,17,5,6,5.913,4.0,0,1,1.14522,12,2,2,20.9375,5.0,0,Home Win,0
2018,4,2,1.74287,7,4,5,6.84,2.0,0,0,0.529404,9,0,5,2.4138,1.0,0,Home Win,0
2018,4,2,1.67636,18,5,5,6.381,1.0,0,2,1.69572,7,6,0,20.7647,2.0,0,Draw,1
2018,4,0,0.580983,16,4,5,11.2414,3.0,0,0,1.5812,13,5,6,5.3636,1.0,0,Draw,1
2018,4,1,0.976216,9,2,8,8.9032,1.0,0,0,1.48336,13,3,5,11.45,1.0,0,Home Win,0
2018,4,0,0.510742,7,4,6,21.0667,1.0,0,1,1.20392,10,5,10,10.1875,1.0,0,Away Win,2
2018,4,2,1.50101,19,9,6,8.5172,1.0,0,0,1.0368,16,4,10,8.6452,1.0,0,Home Win,0
2018,4,0,1.97161,19,2,4,16.375,3.0,0,0,0.671429,14,6,5,9.1154,2.0,0,Draw,1
2018,4,1,0.502361,10,5,4,30.7857,2.0,0,4,4.09404,20,8,7,13.25,3.0,0,Away Win,2
2018,4,1,1.84058,15,6,7,8.5185,2.0,0,2,2.61735,21,9,7,11.0,3.0,0,Away Win,2
2018,4,2,0.852349,14,4,3,5.2286,2.0,0,2,0.217866,9,4,2,13.8,2.0,0,Draw,1
2018,4,0,1.0807,12,3,6,4.5405,3.0,0,0,1.09505,7,4,7,7.4583,1.0,0,Draw,1
2018,4,2,0.798059,8,2,4,4.7742,3.0,0,1,1.32388,7,2,2,7.55,2.0,0,Home Win,0
2018,4,0,1.13128,13,3,7,5.3929,3.0,0,1,0.832999,14,6,2,20.8571,2.0,0,Away Win,2
2018,4,2,0.678086,10,4,2,15.75,4.0,0,0,0.432703,10,0,8,11.1154,5.0,1,Home Win,0
2018,4,1,1.35392,11,3,5,14.087,1.0,0,1,1.23764,11,4,4,5.6429,1.0,0,Draw,1
2018,4,4,2.31092,17,8,8,5.8696,1.0,0,1,1.00157,8,3,1,29.1111,1.0,0,Home Win,0
2018,4,2,1.50228,13,4,3,10.4091,4.0,1,2,3.39969,18,5,5,9.4211,2.0,0,Draw,1
2018,4,2,1.15622,8,5,0,10.2222,4.0,0,1,1.04802,11,7,12,6.5217,3.0,0,Home Win,0
2018,4,8,6.0418,31,15,9,9.15,1.0,0,2,1.63632,7,3,4,31.8,2.0,0,Home Win,0
2018,4,1,1.18295,11,3,5,7.0952,3.0,0,0,0.784969,8,2,8,12.12,6.0,1,Home Win,0
2018,4,0,1.66772,14,4,6,7.0,2.0,0,1,1.20514,14,2,3,9.4167,1.0,0,Away Win,2
2018,4,1,2.4656,18,9,14,10.3333,2.0,0,1,1.21431,12,3,3,6.7907,2.0,0,Draw,1
2018,4,1,1.47969,8,5,1,12.0,1.0,0,2,1.7617,12,6,6,9.9091,1.0,0,Away Win,2
2018,4,0,1.04644,12,2,5,14.0323,6.0,0,0,1.22346,11,6,4,6.75,3.0,0,Draw,1
2018,4,1,1.45129,12,4,1,12.1724,6.0,0,1,1.95843,16,6,2,13.7778,2.0,0,Draw,1
2018,4,0,1.22184,16,3,6,12.55,4.0,0,1,0.533854,9,3,1,25.25,3.0,0,Away Win,2
2018,4,1,1.61848,22,9,5,8.0,1.0,0,0,0.690773,16,4,4,9.7826,2.0,0,Home Win,0
2018,4,0,1.10397,15,5,7,12.6,3.0,0,1,0.848478,10,4,2,19.8667,2.0,0,Away Win,2
2018,4,0,1.08255,15,1,7,4.1154,3.0,0,2,2.12717,10,5,1,13.4091,6.0,0,Away Win,2
2018,4,3,1.72168,11,6,3,16.0,1.0,0,2,0.901248,20,7,1,8.45,3.0,1,Home Win,0
2018,4,2,1.67678,22,11,8,10.7143,3.0,1,2,1.54969,7,6,2,25.4667,5.0,0,Draw,1
2018,4,1,1.08701,19,5,8,8.2692,2.0,0,0,0.424687,10,3,3,18.0556,2.0,0,Home Win,0
2018,4,0,0.580433,11,2,1,9.4412,1.0,1,2,1.4765,7,4,5,9.7222,2.0,0,Away Win,2
2018,4,2,1.55308,16,4,6,8.4,2.0,0,2,0.947496,7,4,1,11.037,7.0,1,Draw,1
2018,4,1,1.08157,13,4,8,12.2222,1.0,1,5,1.24884,11,7,4,9.0833,2.0,0,Away Win,2
2018,4,2,2.24847,19,10,8,17.8,1.0,0,6,3.40128,20,9,4,10.2174,1.0,0,Away Win,2
2018,4,0,0.565773,14,3,7,12.1,5.0,0,1,0.200875,7,1,5,8.8182,3.0,2,Away Win,2
2018,4,1,1.78459,14,3,5,8.3529,1.0,0,0,0.781041,4,2,2,8.0,1.0,0,Home Win,0
2018,4,3,2.13067,12,5,7,11.1818,2.0,0,3,2.16098,14,4,8,9.6296,2.0,0,Draw,1
2018,4,0,0.480494,11,1,8,10.56,4.0,0,0,0.376192,12,2,6,12.9091,1.0,1,Draw,1
2018,4,1,1.65223,15,2,5,6.1429,4.0,0,1,1.20669,13,5,7,3.2,2.0,0,Draw,1
2018,4,2,1.23911,16,6,8,5.25,4.0,0,2,1.77977,11,6,5,12.6087,3.0,0,Draw,1
2018,4,2,1.25362,20,6,8,3.5758,1.0,0,1,1.09992,9,4,6,11.65,4.0,1,Home Win,0
2018,4,1,0.897083,9,5,4,9.7308,2.0,0,0,0.200168,8,1,3,15.75,2.0,0,Home Win,0
2018,4,1,1.03637,14,5,0,14.3103,1.0,0,1,0.404953,9,3,2,12.0667,3.0,0,Draw,1
2018,4,0,0.830935,8,2,5,11.0,1.0,0,1,1.56038,14,6,1,6.6154,3.0,0,Away Win,2
2018,4,2,1.17874,10,6,4,18.3333,4.0,0,1,0.40097,9,5,5,4.5,2.0,0,Home Win,0
2018,4,3,1.1563,17,5,4,16.5,0.0,0,0,0.500396,8,1,3,17.2273,2.0,0,Home Win,0
2018,4,0,0.754289,12,2,6,8.6,1.0,0,3,2.45205,19,6,4,18.6842,1.0,0,Away Win,2
2018,4,3,2.29262,16,7,5,17.6471,3.0,0,0,1.55351,21,3,6,12.2941,4.0,0,Home Win,0
2018,4,1,2.09064,17,4,7,4.1176,0.0,0,0,0.410456,11,5,1,22.5556,4.0,0,Home Win,0
2018,4,1,1.6139,14,6,5,7.1765,4.0,0,1,1.80702,14,4,5,10.3333,2.0,0,Draw,1
2018,4,2,1.22522,11,5,5,9.8696,3.0,0,2,1.7919,12,5,3,10.2308,3.0,0,Draw,1
2018,4,1,3.06389,20,8,4,5.08,3.0,0,1,0.889081,8,2,3,14.28,3.0,0,Draw,1
2018,4,2,1.37126,14,4,9,5.4615,7.0,0,1,0.703753,14,2,4,5.12,1.0,0,Home Win,0
2018,4,0,1.13552,15,6,8,8.7,3.0,0,0,0.661567,8,3,6,15.4091,4.0,0,Draw,1
2018,4,0,1.12097,10,5,3,9.7083,3.0,0,1,0.924746,9,2,0,11.2222,5.0,0,Away Win,2
2018,4,1,0.563865,15,2,6,4.6765,2.0,0,3,1.98532,7,5,3,23.9091,3.0,0,Away Win,2
2018,4,1,0.481181,8,2,3,8.8125,2.0,0,1,1.02662,12,4,9,8.2593,2.0,0,Draw,1
2018,4,0,2.90806,27,7,7,6.9655,3.0,0,1,0.848198,9,3,2,22.0769,3.0,0,Away Win,2
2018,4,1,1.16947,8,4,4,17.4783,1.0,0,0,0.872949,13,6,3,8.6667,0.0,0,Home Win,0
2018,4,2,1.31255,10,3,4,8.5,3.0,0,3,2.11152,12,4,9,6.9259,6.0,0,Away Win,2
2018,4,2,2.237,12,3,8,11.0,3.0,0,1,0.895831,12,5,8,12.2381,4.0,1,Home Win,0
2018,4,1,1.53635,10,3,5,24.7059,2.0,0,1,0.373489,10,5,2,9.8235,2.0,0,Draw,1
2018,4,1,1.18789,13,4,6,13.7143,1.0,0,0,0.408158,6,2,4,7.4,4.0,1,Home Win,0
2018,4,0,1.04946,15,4,10,5.1379,4.0,1,1,0.902661,12,3,2,6.08,5.0,0,Away Win,2
2018,4,3,2.74615,28,12,10,7.2333,3.0,0,1,1.59419,13,6,3,14.7,2.0,0,Home Win,0
2018,4,1,0.573515,13,4,6,12.0313,5.0,0,0,0.281257,5,0,4,13.0,3.0,0,Home Win,0
2018,4,1,1.18842,13,5,11,5.7391,6.0,0,3,2.11494,6,3,0,11.9583,5.0,0,Away Win,2
2018,4,1,0.927264,9,3,6,15.7647,1.0,0,0,0.800191,11,1,2,10.3158,2.0,0,Home Win,0
2018,4,4,3.21948,23,9,5,10.7143,0.0,0,2,1.89801,19,6,7,10.3214,1.0,0,Home Win,0
2018,4,1,1.18124,18,4,10,10.5714,1.0,0,1,0.973224,7,5,1,10.12,2.0,0,Draw,1
2018,4,0,0.57678,14,8,7,7.92,3.0,0,0,0.53783,12,2,6,9.7407,1.0,0,Draw,1
2018,4,1,0.320919,10,3,6,3.3913,5.0,1,2,0.498066,5,2,2,6.7813,5.0,0,Away Win,2
2018,4,0,0.264947,10,2,6,6.6857,3.0,0,2,1.84992,6,2,4,8.5,3.0,0,Away Win,2
2018,4,1,1.86233,18,6,8,7.5333,3.0,0,1,1.62367,15,4,7,14.8333,1.0,0,Draw,1
2018,4,1,1.68646,18,6,8,4.8929,2.0,0,1,0.992745,6,3,2,11.3529,3.0,0,Draw,1
2018,4,0,0.733589,19,9,6,9.45,2.0,0,1,0.988217,9,2,2,17.7368,3.0,0,Away Win,2
2018,4,0,0.820674,20,4,9,6.4375,0.0,0,1,0.501587,6,2,6,23.0833,4.0,0,Away Win,2
2018,4,1,3.02601,33,12,15,4.5429,1.0,0,2,1.83965,6,2,1,12.0,2.0,0,Away Win,2
2018,4,5,3.15939,13,8,4,11.7692,2.0,0,1,2.11339,15,4,2,12.2222,2.0,0,Home Win,0
2018,4,2,1.88431,14,4,4,11.9375,2.0,0,1,1.01306,11,2,2,18.1667,3.0,0,Home Win,0
2018,4,1,1.2412,15,2,5,11.1905,4.0,0,1,0.508367,10,3,2,9.9231,2.0,0,Draw,1
2018,4,2,2.5306,15,6,5,10.3235,1.0,0,0,0.554027,7,3,4,4.0,2.0,0,Home Win,0
2018,4,2,2.73207,14,6,4,6.9167,1.0,1,1,1.74235,14,5,7,11.3684,3.0,0,Home Win,0
2018,4,4,1.28908,10,6,2,13.7222,0.0,0,0,1.37498,17,5,8,5.1515,0.0,0,Home Win,0
2018,4,2,1.41243,14,4,10,5.9714,2.0,0,0,0.211158,7,0,1,20.2143,1.0,0,Home Win,0
2018,4,0,0.632913,13,2,5,6.2647,2.0,0,0,0.723783,11,3,2,9.44,5.0,0,Draw,1
2018,4,2,1.97594,19,6,8,10.2917,1.0,0,1,1.0916,10,2,4,9.4,1.0,0,Home Win,0
2018,4,2,1.15766,9,4,3,14.1579,2.0,0,0,1.46459,21,6,2,7.48,2.0,0,Home Win,0
2018,4,3,1.86082,14,6,4,6.2917,4.0,0,3,2.25389,15,8,4,14.0,2.0,0,Draw,1
2018,4,0,2.25862,27,9,11,9.75,4.0,0,1,0.37733,5,3,2,16.5714,4.0,0,Away Win,2
2018,4,1,1.31412,18,7,10,4.25,5.0,0,1,0.470822,8,2,2,8.0588,3.0,0,Draw,1
2018,4,2,1.62632,11,5,3,17.087,4.0,0,3,1.95386,10,5,1,5.3667,2.0,0,Away Win,2
2018,4,1,1.35197,8,3,4,10.7917,4.0,0,1,0.406811,9,4,7,9.9524,2.0,0,Draw,1
2018,4,1,1.46389,8,3,2,12.1304,1.0,0,0,0.782205,10,2,1,5.9189,3.0,0,Home Win,0
2018,4,2,1.161,22,7,13,3.36,4.0,1,1,0.596162,9,3,1,14.9286,0.0,1,Home Win,0
2018,4,0,0.74078,11,1,7,10.2609,1.0,0,0,0.413773,8,1,7,9.7857,3.0,0,Draw,1
2018,4,2,1.93382,17,8,8,7.8485,1.0,0,0,1.1095,12,2,6,21.6154,0.0,0,Home Win,0
2018,4,1,1.10744,23,4,5,4.0435,3.0,0,1,0.761911,13,2,4,21.0833,3.0,0,Draw,1
2018,4,2,1.44304,13,5,5,6.4444,3.0,0,1,0.980901,9,2,4,9.1579,4.0,0,Home Win,0
2018,4,0,0.407826,9,1,4,10.7222,2.0,0,0,1.21893,16,6,4,7.0313,4.0,1,Draw,1
2018,4,3,1.10416,9,3,12,10.6538,5.0,0,2,2.04637,6,5,2,9.4545,4.0,1,Home Win,0
2018,4,2,2.35537,15,7,8,10.0,1.0,0,2,0.861644,11,5,4,8.0833,3.0,1,Draw,1
2018,4,1,1.06813,17,2,6,6.4286,6.0,0,3,1.43351,15,4,4,9.7778,1.0,0,Away Win,2
2018,4,0,0.49139,5,0,0,12.3333,1.0,0,0,1.39653,11,2,6,18.25,4.0,0,Draw,1
2018,4,0,1.61368,17,3,6,10.3548,3.0,1,1,2.19428,7,3,4,7.1765,3.0,0,Away Win,2
2018,4,2,0.698688,16,4,5,9.2,4.0,1,4,2.7089,14,5,1,12.4,2.0,0,Away Win,2
2018,4,3,4.11761,20,5,10,6.5789,4.0,1,4,2.64063,15,8,5,15.2222,2.0,0,Away Win,2
2018,4,2,3.95375,23,10,6,9.3103,4.0,0,1,0.686451,14,7,3,8.2,2.0,0,Home Win,0
2018,4,1,0.432553,3,1,2,13.3871,5.0,0,1,0.564664,8,2,8,6.9091,3.0,0,Draw,1
2018,4,2,2.07409,15,8,6,12.625,2.0,0,1,0.545872,6,2,2,13.2857,2.0,0,Home Win,0
2018,4,2,1.20925,13,8,5,15.1481,2.0,0,1,0.991351,13,6,4,9.8182,1.0,0,Home Win,0
2018,4,1,0.92467,13,6,5,9.6087,2.0,0,0,0.394518,7,2,3,8.0,4.0,0,Home Win,0
2018,4,1,1.40358,17,9,8,11.9091,3.0,0,0,0.53321,13,5,6,9.1852,3.0,0,Home Win,0
2018,4,2,2.96039,32,12,7,6.5313,4.0,1,2,0.564721,5,3,2,14.3333,3.0,0,Draw,1
2018,4,1,2.63865,18,10,8,8.0,3.0,0,3,2.56699,16,11,3,19.0,4.0,0,Away Win,2
2018,4,3,3.98937,14,8,5,11.1818,2.0,0,0,1.10765,9,3,4,7.7368,1.0,0,Home Win,0
2018,4,1,0.75771,8,4,2,5.0435,5.0,0,1,1.8113,16,2,2,14.05,4.0,0,Draw,1
2018,4,3,2.14664,13,10,6,7.5143,2.0,0,0,0.813582,13,3,5,7.9091,4.0,1,Home Win,0
2018,4,1,1.0211,10,3,2,6.2632,3.0,0,1,1.64539,14,3,5,7.28,3.0,0,Draw,1
2018,4,3,1.33323,14,5,7,8.4643,3.0,0,0,0.97845,8,2,4,5.5,2.0,0,Home Win,0
2018,4,1,0.815372,5,2,1,9.0,5.0,0,0,0.951549,13,5,4,3.2703,3.0,0,Home Win,0
2018,4,1,1.20781,13,3,2,15.5,0.0,0,1,1.60399,17,3,9,9.4483,5.0,0,Draw,1
2018,4,3,2.15414,17,7,2,9.28,3.0,0,0,0.950526,11,3,6,5.5758,5.0,1,Home Win,0
2018,4,2,0.966947,13,4,2,10.4815,1.0,0,0,0.974267,7,2,2,17.36,3.0,0,Home Win,0
2018,4,2,2.39172,12,5,4,4.6552,2.0,0,0,1.24346,8,3,4,9.8846,3.0,0,Home Win,0
2018,4,1,1.31385,6,4,6,7.0303,4.0,0,0,1.39194,6,4,4,11.2692,2.0,0,Home Win,0
2018,4,2,0.99822,15,7,11,11.1739,2.0,0,0,0.941415,12,2,1,14.5217,4.0,0,Home Win,0
2018,4,2,1.85147,21,6,6,7.9474,0.0,0,4,1.6677,14,5,5,20.3125,3.0,0,Away Win,2
2018,4,1,1.79501,25,10,11,7.8378,3.0,0,0,0.145529,3,1,0,16.1667,1.0,0,Home Win,0
2018,4,1,1.49188,17,5,7,4.3462,1.0,1,1,1.10842,6,2,2,14.0526,2.0,0,Draw,1
2018,4,2,1.74178,13,3,6,9.2593,3.0,0,3,2.48201,14,7,1,13.0,3.0,0,Away Win,2
2018,4,0,0.812936,15,3,11,11.0303,1.0,0,4,3.16793,17,9,4,9.48,0.0,0,Away Win,2
2018,4,3,2.64303,12,5,5,6.4074,5.0,0,0,1.36734,13,3,5,7.0526,4.0,0,Home Win,0
2018,4,1,1.7451,23,5,11,6.3333,2.0,0,2,1.31256,10,6,6,12.037,2.0,0,Away Win,2
2018,4,0,1.04156,11,4,11,8.0882,2.0,0,1,0.460413,5,4,6,10.4762,2.0,0,Away Win,2
2018,4,4,4.25053,32,7,12,4.75,2.0,0,4,2.17449,14,4,3,19.0,2.0,0,Draw,1
2018,4,2,2.2468,8,3,2,7.4615,2.0,0,0,0.671932,14,5,9,11.6333,3.0,0,Home Win,0
2018,4,1,1.44342,16,6,6,7.6552,0.0,0,1,1.64731,11,3,4,13.5294,4.0,0,Draw,1
2018,4,0,0.479834,11,2,5,8.087,2.0,0,0,0.334381,6,3,3,5.1818,2.0,0,Draw,1
2018,4,2,2.28195,17,5,5,10.7391,2.0,0,0,0.811788,7,2,3,8.8462,1.0,0,Home Win,0
2018,4,1,0.52284,11,3,0,7.25,3.0,0,3,1.8151,12,5,4,8.0526,4.0,0,Away Win,2
2018,4,0,0.830663,20,6,15,15.9167,2.0,1,5,3.96017,16,9,3,7.1481,3.0,0,Away Win,2
2018,4,2,0.691151,8,2,9,6.1875,4.0,0,3,1.94316,14,5,3,10.6,1.0,0,Away Win,2
2018,4,2,3.99291,29,12,13,7.64,4.0,0,2,1.64884,10,6,2,21.7,5.0,1,Draw,1
2018,4,1,0.358274,9,2,2,8.9524,3.0,0,0,0.608285,9,4,3,3.4783,4.0,0,Home Win,0
2018,4,1,1.60912,18,6,4,7.8,0.0,0,1,2.10397,11,4,2,12.4706,1.0,0,Draw,1
2018,4,0,1.24233,15,2,10,4.2273,3.0,0,0,0.978595,5,2,0,35.3077,3.0,0,Draw,1
2018,4,1,1.25069,9,4,4,5.4103,0.0,0,0,0.588603,11,3,4,20.9565,3.0,0,Home Win,0
2018,4,2,1.56177,9,5,4,9.4,0.0,0,0,0.517005,11,1,6,13.1481,1.0,0,Home Win,0
2018,4,1,1.03123,8,5,5,10.8621,1.0,0,0,0.71456,18,4,9,6.619,1.0,0,Home Win,0
2018,4,1,1.14498,8,3,3,10.0323,3.0,0,1,0.59208,5,2,1,14.7692,2.0,0,Draw,1
2018,4,2,2.51639,18,8,3,8.7143,2.0,0,1,0.88589,12,7,5,5.9286,2.0,0,Home Win,0
2018,4,2,3.83492,19,8,12,10.3333,7.0,0,1,2.27108,11,4,5,6.3704,4.0,0,Home Win,0
2018,4,1,1.20739,12,4,4,5.5217,1.0,0,1,0.581831,5,2,1,10.6486,2.0,0,Draw,1
2018,4,0,1.06219,18,4,10,4.3103,2.0,0,1,0.877996,9,3,1,13.3913,4.0,0,Away Win,2
2018,4,1,1.13295,13,4,3,11.9048,3.0,0,1,0.697523,8,2,6,11.1053,3.0,1,Draw,1
2018,4,1,1.40023,4,2,4,10.9333,2.0,0,1,2.06958,15,4,11,13.5417,4.0,0,Draw,1
2018,4,2,1.01914,12,4,6,21.7895,2.0,0,2,1.39918,14,7,4,13.55,2.0,0,Draw,1
2018,4,2,2.58897,14,5,2,12.25,3.0,0,1,1.06272,14,2,6,7.7273,3.0,0,Home Win,0
2018,4,2,1.86969,19,8,8,6.1818,3.0,1,2,1.03454,9,2,2,9.3182,1.0,0,Draw,1
2018,4,2,1.33807,11,6,4,9.575,3.0,0,1,1.03632,7,1,6,10.25,2.0,0,Home Win,0
2018,4,1,1.08947,10,2,4,17.8276,4.0,0,2,2.16266,12,8,4,5.1176,3.0,0,Away Win,2
2018,4,1,1.57396,15,5,4,7.2308,5.0,0,1,0.758265,12,7,5,7.8182,7.0,0,Draw,1
2018,4,1,2.1296,17,3,3,5.9565,2.0,0,2,2.13661,8,4,2,12.2903,5.0,0,Away Win,2
2018,4,0,2.2027,28,8,10,8.9688,5.0,1,2,2.29324,12,4,4,23.2667,1.0,0,Away Win,2
2018,4,1,1.68261,12,1,3,13.5294,2.0,0,0,0.358462,10,2,6,10.5,5.0,1,Home Win,0
2018,4,0,2.02017,24,6,13,7.76,0.0,0,0,1.05089,7,4,1,5.9286,2.0,0,Draw,1
2018,4,0,1.7931,12,5,9,4.7708,0.0,0,1,1.02768,9,5,5,6.697,3.0,0,Away Win,2
2018,4,1,2.91695,17,7,6,4.1923,5.0,0,2,0.845554,9,4,1,12.5263,3.0,0,Away Win,2
2018,4,3,2.68319,9,4,7,9.3077,7.0,1,2,2.4151,21,2,3,5.3824,4.0,0,Home Win,0
2018,4,4,2.07355,11,8,7,10.913,4.0,0,2,1.39354,13,4,5,6.6316,1.0,0,Home Win,0
2018,4,1,0.538744,9,4,6,5.8333,4.0,0,1,1.04715,15,4,3,13.15,2.0,0,Draw,1
2018,4,1,1.94908,14,7,4,8.6923,3.0,0,0,0.440876,9,3,4,12.6471,3.0,0,Home Win,0
2018,4,1,3.62567,17,5,7,5.931,2.0,0,1,0.167732,6,1,0,11.1538,5.0,0,Draw,1
2018,4,1,0.688888,9,2,6,6.7727,2.0,0,2,0.757727,14,5,5,12.0323,3.0,0,Away Win,2
2018,4,3,1.51059,7,6,2,8.9444,2.0,0,0,0.708521,15,2,3,11.7222,1.0,0,Home Win,0
2018,4,1,2.42604,19,5,5,5.625,0.0,0,0,0.897143,7,2,2,7.6774,3.0,0,Home Win,0
2018,4,2,1.20272,10,3,7,10.2917,4.0,0,0,0.735092,10,4,6,8.7619,3.0,0,Home Win,0
2018,4,0,1.23016,14,3,6,5.4333,2.0,0,3,2.74037,15,8,5,7.52,2.0,0,Away Win,2
2018,4,3,2.03933,15,7,5,6.32,3.0,0,1,0.815471,5,2,1,14.2667,3.0,0,Home Win,0
2018,4,2,0.768424,11,4,2,14.3478,2.0,0,2,1.82818,10,4,9,5.129,1.0,0,Draw,1
2018,4,2,1.59927,23,6,7,5.4667,2.0,0,0,0.396637,4,1,4,12.6522,3.0,0,Home Win,0
2018,4,4,2.08041,16,8,4,4.9143,0.0,0,0,0.272956,7,0,2,3.8929,4.0,0,Home Win,0
2018,4,1,1.06242,3,1,1,9.3684,4.0,0,1,0.463927,9,2,3,7.9167,1.0,0,Draw,1
2018,4,3,1.41803,12,5,7,7.0,2.0,0,2,0.918079,8,5,2,11.6552,4.0,0,Home Win,0
2018,4,1,0.805422,12,4,4,9.0435,4.0,0,2,1.33595,13,8,6,16.0476,3.0,0,Away Win,2
2018,4,3,2.18267,16,9,6,6.9667,2.0,0,0,0.65215,6,0,2,14.25,5.0,0,Home Win,0
2018,4,2,1.42912,13,4,3,10.9412,6.0,0,0,1.49778,12,3,2,4.8438,5.0,0,Home Win,0
2018,4,0,0.861666,16,1,7,5.5313,2.0,0,1,1.19524,14,3,4,7.6957,5.0,0,Away Win,2
2018,4,0,0.307366,8,1,5,4.6296,0.0,0,0,0.549205,8,1,2,14.1154,3.0,0,Draw,1
2018,4,2,0.422612,9,3,4,6.8636,2.0,0,2,0.491102,5,2,5,7.48,3.0,0,Draw,1
2018,4,2,1.95805,19,7,7,7.3333,2.0,0,1,0.902965,9,3,5,4.92,5.0,1,Home Win,0
2018,4,0,1.51969,13,5,3,14.9565,5.0,1,2,2.62139,15,7,8,9.8947,3.0,0,Away Win,2
2018,4,3,1.63321,18,9,7,13.2174,1.0,0,0,0.928755,14,5,4,13.4211,3.0,0,Home Win,0
2018,4,2,1.20349,13,6,1,9.5135,3.0,0,4,2.37579,16,9,6,7.9615,4.0,1,Away Win,2
2018,4,2,1.87881,10,6,3,7.6471,2.0,0,0,0.277316,6,2,6,8.5526,7.0,2,Home Win,0
2018,4,1,1.09062,11,2,6,6.3077,4.0,1,0,0.322397,8,2,4,10.7143,2.0,0,Home Win,0
2018,4,5,5.03124,23,9,5,7.4,2.0,0,0,0.299152,6,0,8,8.2963,1.0,0,Home Win,0
2018,4,2,1.80518,20,8,9,12.875,3.0,0,2,3.53962,14,8,1,22.3571,0.0,0,Draw,1
2018,4,0,0.579123,8,4,5,5.5909,4.0,0,0,0.37179,9,2,5,6.5294,3.0,0,Draw,1
2018,4,2,2.80288,14,5,3,6.025,4.0,0,2,1.34672,17,2,2,5.2692,5.0,0,Draw,1
2018,4,1,1.01873,7,3,1,14.4167,4.0,0,0,0.553708,13,1,7,8.413,3.0,0,Home Win,0
2018,4,2,1.63134,6,2,3,10.5714,1.0,0,1,1.22419,8,5,3,6.6563,1.0,0,Home Win,0
2018,4,3,2.9864,22,8,7,5.7143,0.0,0,0,0.665729,7,1,2,17.1304,3.0,0,Home Win,0
2018,4,4,1.97934,11,7,7,8.64,6.0,0,0,0.546436,9,4,7,7.55,2.0,0,Home Win,0
2018,4,3,1.8546,17,5,8,8.1579,2.0,0,0,0.235641,6,2,5,10.3125,1.0,0,Home Win,0
2018,4,1,0.935214,10,4,4,12.5556,4.0,0,0,0.682747,13,2,9,11.5652,4.0,0,Home Win,0
2018,4,1,1.86904,15,6,5,3.9583,6.0,0,2,0.86924,13,4,6,12.5882,4.0,1,Away Win,2
2018,4,1,1.02136,11,2,3,9.4,7.0,1,3,1.4515,11,4,4,6.0833,3.0,0,Away Win,2
2018,4,2,1.54912,13,4,9,11.5,4.0,1,2,1.43993,8,4,7,10.08,2.0,0,Draw,1
2018,4,3,2.65279,12,6,4,7.9,3.0,0,1,1.10966,13,3,3,12.1818,3.0,1,Home Win,0
2018,4,3,2.08097,16,4,4,10.275,4.0,0,0,0.125797,3,1,4,6.9545,2.0,1,Home Win,0
2018,4,0,0.504205,8,3,8,8.5556,3.0,0,0,1.32176,7,3,3,6.8696,2.0,0,Draw,1
2018,4,0,1.37725,13,7,13,5.52,3.0,1,2,0.683864,6,6,2,11.2143,1.0,0,Away Win,2
2018,4,2,1.70334,15,5,6,5.3,0.0,0,1,0.627993,9,3,2,15.4375,2.0,0,Home Win,0
2018,4,0,1.67679,13,5,6,15.3333,4.0,1,0,0.697307,10,2,4,11.8125,2.0,0,Draw,1
2018,4,2,2.07543,16,4,3,7.2273,3.0,0,0,0.269208,8,0,10,4.8966,2.0,0,Home Win,0
2018,4,0,1.62448,10,4,7,11.4375,2.0,0,0,0.502054,8,1,5,6.2143,4.0,0,Draw,1
2018,4,1,3.7496,20,8,3,9.6,1.0,0,0,0.306817,10,0,5,13.2,3.0,0,Home Win,0
2018,4,3,1.87893,15,6,4,6.0,4.0,0,0,1.05178,8,3,1,8.3824,2.0,0,Home Win,0
2018,4,1,1.74859,19,7,7,10.3182,3.0,1,2,3.23428,14,6,0,12.1364,2.0,0,Away Win,2
2018,4,0,1.44111,21,1,10,9.3636,2.0,0,0,0.236317,7,1,2,10.8095,4.0,1,Draw,1
2018,4,0,1.07992,12,6,4,7.6296,0.0,0,1,0.146851,4,3,6,5.9756,1.0,0,Away Win,2
2018,4,0,1.16274,12,2,3,9.0909,5.0,0,1,1.36952,9,4,5,7.4815,1.0,0,Away Win,2
2018,4,1,3.54904,18,9,6,8.5238,4.0,0,1,1.15597,6,3,3,19.3333,1.0,0,Draw,1
2018,4,2,1.64574,11,6,3,4.5455,2.0,0,2,0.845732,7,4,3,4.9667,2.0,0,Draw,1
2018,4,1,1.61531,14,7,5,7.5185,1.0,1,4,2.9399,14,8,7,9.0741,1.0,0,Away Win,2
2018,4,3,1.85386,12,6,6,13.8,4.0,0,0,2.49386,21,5,4,9.4286,1.0,0,Home Win,0
2018,4,0,1.50901,17,4,3,12.7826,2.0,0,0,0.489844,8,2,4,9.4615,2.0,0,Draw,1
2018,4,2,1.64536,13,4,3,15.5,6.0,0,4,1.7385,17,8,8,13.5,1.0,0,Away Win,2
2018,4,1,1.43781,11,2,4,14.8571,5.0,1,2,2.7512,19,5,6,6.6923,3.0,1,Away Win,2
2018,4,1,1.51123,17,6,4,7.1351,5.0,0,1,0.676896,6,1,2,11.4,3.0,0,Draw,1
2018,4,0,1.09767,10,3,3,6.6,4.0,0,0,0.422429,7,1,5,9.1739,1.0,0,Draw,1
2018,4,2,1.17743,11,2,2,10.5926,2.0,0,1,0.7164,7,2,2,8.625,1.0,0,Home Win,0
2018,4,1,1.02096,13,2,7,5.6818,2.0,0,1,0.983427,12,4,4,13.375,4.0,0,Draw,1
2018,4,2,1.70719,15,7,6,17.1176,0.0,0,0,1.4124,14,3,7,14.6667,3.0,0,Home Win,0
2018,4,1,1.33391,9,4,10,11.9375,3.0,0,0,0.597956,7,2,2,5.25,4.0,0,Home Win,0
2018,4,0,0.586609,10,2,13,10.3077,1.0,0,2,0.826265,6,2,4,39.8,2.0,0,Away Win,2
2018,4,0,0.7937,17,3,8,10.5385,3.0,0,1,1.25228,9,4,6,12.7368,2.0,0,Away Win,2
2018,4,1,2.66738,15,4,7,4.6857,1.0,0,0,0.563007,3,1,0,14.8,1.0,0,Home Win,0
2018,4,0,0.727428,19,3,7,8.95,1.0,0,2,2.1178,8,3,3,13.04,4.0,1,Away Win,2
2018,4,2,1.4862,11,3,6,15.35,0.0,0,0,0.442334,4,1,2,12.16,3.0,0,Home Win,0
2018,4,1,1.20694,9,2,8,6.25,2.0,0,2,1.3136,10,2,2,12.0,3.0,0,Away Win,2
2018,4,1,2.26472,14,3,2,10.7727,6.0,0,0,1.74561,15,4,2,9.2143,4.0,0,Home Win,0
2018,4,2,0.940056,7,3,3,12.0714,5.0,0,1,2.52975,12,5,12,2.7097,4.0,0,Home Win,0
2018,4,3,2.93379,15,6,5,15.6154,2.0,0,1,1.44858,14,3,3,12.0,2.0,0,Home Win,0
2018,4,1,0.572494,6,2,4,7.0714,2.0,0,2,1.81382,11,5,4,10.6786,2.0,0,Away Win,2
2018,4,0,0.661372,9,3,7,11.3333,3.0,1,2,1.72379,12,4,1,6.1111,4.0,0,Away Win,2
2018,4,1,2.39014,16,3,3,7.5556,1.0,0,1,2.53855,20,3,5,4.0357,1.0,0,Draw,1
2018,4,1,2.02975,10,2,5,9.8966,1.0,0,4,2.61033,15,6,12,8.2273,6.0,1,Away Win,2
2018,4,0,0.336565,7,1,4,12.48,3.0,0,1,1.4229,14,4,4,8.6667,0.0,0,Away Win,2
2018,4,0,1.12697,11,3,8,9.375,3.0,0,2,0.982637,13,5,2,6.6667,5.0,0,Away Win,2
2018,4,2,2.26151,18,8,6,8.5909,1.0,0,3,1.12034,11,6,1,17.8421,4.0,1,Away Win,2
2018,4,2,1.32144,14,6,13,4.3704,0.0,0,1,0.930257,8,1,1,5.44,4.0,0,Home Win,0
2018,4,3,3.27738,12,6,10,4.8378,1.0,0,1,0.283535,8,1,4,16.8235,2.0,0,Home Win,0
2018,4,1,1.36052,13,4,4,13.2609,2.0,0,0,0.102711,3,2,4,13.4375,2.0,0,Home Win,0
2018,4,5,2.88735,21,10,7,11.3333,2.0,0,2,1.23303,9,2,2,7.5,2.0,0,Home Win,0
2018,4,1,0.590825,15,6,7,5.5,3.0,0,1,0.882653,5,2,0,10.4167,5.0,0,Draw,1
2018,4,2,1.32158,9,5,1,11.65,3.0,0,0,1.02312,9,2,7,26.2,1.0,0,Home Win,0
2018,4,1,2.68033,23,7,5,9.2,2.0,0,1,1.05307,8,3,3,13.3,2.0,0,Draw,1
2018,4,0,0.454611,12,3,6,7.9667,8.0,0,2,1.78393,8,4,2,11.8889,1.0,0,Away Win,2
2018,4,0,0.506711,8,2,3,4.2,3.0,0,0,0.369827,9,1,5,5.5789,4.0,0,Draw,1
2018,4,2,3.02092,22,7,9,10.1212,1.0,0,0,0.32231,6,1,2,16.3889,0.0,0,Home Win,0
2018,4,1,1.15774,13,3,3,9.8889,1.0,0,4,3.79708,16,9,7,13.9615,2.0,0,Away Win,2
2018,4,1,1.89009,8,2,2,5.64,1.0,0,3,2.16298,12,5,2,5.875,3.0,0,Away Win,2
2018,4,0,0.665136,13,3,6,8.0938,3.0,1,1,1.34192,12,3,5,9.75,4.0,1,Away Win,2
2018,4,1,1.64354,15,3,5,7.381,4.0,0,2,2.20799,8,3,0,8.9,2.0,0,Away Win,2
2018,4,3,2.6756,12,4,5,5.2105,3.0,0,1,0.181501,7,3,5,10.0,3.0,0,Home Win,0
2018,4,0,0.859209,14,4,9,14.4762,2.0,0,4,1.91501,11,7,2,11.5625,2.0,0,Away Win,2
2018,4,0,0.745225,17,5,5,9.35,3.0,0,1,0.923071,4,2,3,10.8462,1.0,0,Away Win,2
2018,4,0,0.793024,9,2,3,5.4,5.0,0,2,1.28305,7,3,4,5.7586,2.0,0,Away Win,2
2018,4,3,1.89174,15,6,10,6.5,1.0,0,2,2.58092,14,5,7,19.2143,3.0,0,Home Win,0
2018,4,2,1.36012,13,3,5,5.1379,0.0,0,0,0.278344,4,2,2,12.4444,4.0,0,Home Win,0
2018,4,1,1.99145,10,4,7,9.25,4.0,0,1,0.736713,10,1,5,6.913,1.0,0,Draw,1
2018,4,1,0.243937,6,2,3,12.1667,2.0,0,2,1.06184,8,5,3,6.7143,4.0,0,Away Win,2
2018,4,1,2.30907,20,5,6,5.6087,5.0,1,1,0.494786,7,2,3,7.25,3.0,0,Draw,1
2018,4,2,1.15414,7,2,6,10.5556,2.0,0,2,3.00118,17,3,7,4.5313,1.0,0,Draw,1
2018,4,3,4.62852,16,8,4,9.375,1.0,0,2,1.37203,15,3,6,15.0,3.0,0,Home Win,0
2018,4,3,1.86572,14,7,2,7.0714,3.0,0,2,1.62609,11,6,9,5.64,7.0,1,Home Win,0
2018,4,3,3.48876,22,6,5,7.3333,2.0,0,3,1.96582,11,5,0,8.0952,3.0,0,Draw,1
2018,4,2,2.57254,15,7,3,13.3704,2.0,0,1,1.42634,11,6,6,6.72,3.0,0,Home Win,0
2018,4,4,2.19549,16,9,5,17.8,4.0,1,4,3.08215,15,9,3,8.3333,7.0,0,Draw,1
2018,4,2,2.02786,18,5,11,6.5417,3.0,0,0,0.590085,4,1,1,11.48,4.0,0,Home Win,0
2018,4,1,1.85079,18,2,3,9.4737,2.0,0,0,0.902127,8,1,4,23.9,2.0,0,Home Win,0
2018,4,1,1.4931,9,3,5,9.1765,4.0,0,1,1.61764,13,3,4,8.7391,3.0,0,Draw,1
2018,4,2,1.54524,12,6,2,5.3415,2.0,0,1,0.960572,14,3,6,8.1333,2.0,0,Home Win,0
2018,4,2,2.67949,17,7,4,10.0625,1.0,0,0,0.687163,12,4,3,19.1333,0.0,0,Home Win,0
2018,4,2,1.76708,11,4,6,25.75,2.0,0,1,0.852925,15,5,6,5.3438,2.0,0,Home Win,0
2018,4,1,0.908638,6,1,3,6.3333,6.0,0,1,0.829461,9,5,3,6.1176,4.0,0,Draw,1
2018,4,2,2.60648,14,8,9,4.2188,2.0,0,2,1.76678,17,4,1,9.1111,4.0,0,Draw,1
2018,4,1,1.3644,14,5,1,5.5152,5.0,0,2,0.408067,10,2,4,7.8571,2.0,0,Away Win,2
2018,4,2,1.70378,13,7,5,6.4815,0.0,0,1,0.679412,3,1,4,10.8214,1.0,0,Home Win,0
2018,4,2,2.57608,21,10,5,6.3939,3.0,0,0,1.02054,9,2,1,16.7143,4.0,1,Home Win,0
2018,4,0,1.33089,10,5,6,11.1538,3.0,0,2,2.24314,15,4,7,7.8333,3.0,0,Away Win,2
2018,4,2,1.80228,17,7,4,11.5714,4.0,0,1,1.88778,10,4,3,8.3235,4.0,0,Home Win,0
2018,4,3,3.30598,11,4,2,6.125,2.0,0,1,1.24845,14,7,7,16.5,1.0,1,Home Win,0
2018,4,2,1.73543,15,5,4,5.875,2.0,0,0,2.28937,12,3,7,6.6333,3.0,0,Home Win,0
2018,4,1,1.29044,6,2,1,3.7879,2.0,0,0,0.747402,10,1,2,4.25,1.0,0,Home Win,0
2018,4,3,2.60334,15,9,3,4.02,1.0,0,2,0.73101,8,4,6,6.1364,3.0,1,Home Win,0
2018,4,0,0.21138,6,1,6,11.2432,1.0,0,0,0.962057,10,2,5,3.2963,2.0,0,Draw,1
2018,4,3,2.32083,11,5,5,14.0455,6.0,0,2,1.09294,12,7,4,7.6,3.0,0,Home Win,0
2018,4,1,0.293383,3,2,0,13.45,2.0,0,1,0.99834,17,2,3,4.1667,2.0,0,Draw,1
2018,4,2,1.39618,8,4,5,2.931,4.0,0,2,1.36776,8,3,3,8.125,4.0,1,Draw,1
2018,4,3,2.86682,23,6,8,10.55,2.0,0,1,0.279883,6,3,3,8.1935,2.0,0,Home Win,0
2018,4,2,1.75463,11,5,1,10.8148,2.0,0,0,0.617854,10,3,2,15.0,2.0,0,Home Win,0
2018,4,0,0.964694,14,5,9,8.2692,2.0,0,1,1.39136,17,6,5,16.8824,5.0,0,Away Win,2
2018,4,1,0.651235,5,2,1,18.5909,0.0,0,1,1.20942,13,6,5,6.9412,3.0,0,Draw,1
2018,4,2,0.624479,6,2,4,10.0,3.0,0,1,1.09624,14,3,8,8.4118,2.0,0,Home Win,0
2018,4,2,0.698942,10,4,5,10.35,3.0,0,2,1.87763,12,7,7,5.2,5.0,0,Draw,1
2018,4,3,2.72704,10,3,2,7.9355,3.0,1,0,0.625236,12,2,7,7.625,6.0,1,Home Win,0
2018,4,3,1.94223,11,4,8,9.8182,2.0,0,0,0.536637,5,3,2,9.2647,4.0,0,Home Win,0
2018,4,0,0.860003,10,2,5,10.1304,3.0,0,1,1.55196,8,4,8,11.2667,1.0,0,Away Win,2
2018,4,2,2.0614,19,5,12,5.9394,4.0,1,2,2.21288,14,7,7,6.5806,1.0,0,Draw,1
2018,4,0,1.31996,16,3,8,4.1429,4.0,0,0,1.04463,10,3,3,5.6667,2.0,0,Draw,1
2018,4,2,1.78831,13,8,5,7.3684,2.0,0,1,0.331788,9,1,1,15.1176,1.0,0,Home Win,0
2018,4,1,2.02559,23,7,8,7.8077,4.0,0,2,0.268434,4,3,2,23.9286,2.0,1,Away Win,2
2018,4,2,1.2673,11,4,4,11.0333,0.0,0,1,0.883156,9,2,2,16.5294,1.0,0,Home Win,0
2018,4,2,0.928267,11,5,7,8.125,2.0,0,1,1.0992,6,2,4,15.4286,1.0,0,Home Win,0
2018,4,0,0.220726,6,1,1,16.0769,3.0,0,2,2.51344,17,6,4,4.6364,1.0,0,Away Win,2
2018,4,1,0.939017,13,4,4,9.52,4.0,0,0,0.313348,6,0,5,8.3929,3.0,0,Home Win,0
2018,4,2,1.19385,11,3,5,7.6111,4.0,0,0,0.651098,6,4,3,4.7586,1.0,0,Home Win,0
2018,4,1,1.88188,9,2,2,17.0588,2.0,0,1,2.80839,18,6,4,14.5625,1.0,0,Draw,1
2018,4,4,1.56717,5,3,3,17.85,2.0,0,0,0.298749,7,2,4,4.5385,3.0,0,Home Win,0
2018,4,0,0.517853,14,1,2,9.15,1.0,0,1,0.160435,3,2,2,11.381,2.0,0,Away Win,2
2018,4,0,0.843995,13,2,6,6.9583,2.0,0,1,1.06313,8,3,3,13.6333,3.0,0,Away Win,2
2018,4,0,0.56694,9,5,9,6.4898,1.0,0,0,1.53593,12,4,4,4.4444,3.0,0,Draw,1
2018,4,3,1.7288,14,6,4,6.6061,3.0,0,2,2.05808,12,4,3,16.6667,3.0,0,Home Win,0
2018,4,5,3.63403,20,11,5,11.7619,1.0,0,0,0.75592,12,3,4,5.8387,2.0,0,Home Win,0
2018,4,1,0.510006,13,1,7,5.875,4.0,0,0,0.584597,13,4,3,12.0,2.0,0,Home Win,0
2018,4,2,2.18907,11,7,5,5.913,2.0,0,1,0.470273,12,3,7,7.5357,3.0,0,Home Win,0
2018,4,0,0.494989,7,2,7,12.2667,2.0,0,1,1.48526,13,3,6,7.4375,3.0,0,Away Win,2
2018,4,0,0.387737,10,1,4,9.7917,1.0,0,0,0.284391,8,2,6,12.4375,0.0,0,Draw,1
2018,4,1,1.35453,14,1,8,5.4545,2.0,0,1,1.22488,14,3,6,12.2778,2.0,0,Draw,1
2018,4,1,1.54574,11,5,6,8.0968,2.0,0,0,0.460117,9,3,6,12.0588,5.0,0,Home Win,0
2018,4,1,1.02214,15,4,3,8.875,1.0,0,0,1.06533,7,3,6,5.9412,2.0,1,Home Win,0
2018,4,1,2.16463,18,5,6,11.1739,4.0,0,1,2.04379,10,4,5,11.4211,1.0,0,Draw,1
2018,4,1,2.39304,23,12,6,6.6774,4.0,0,0,0.835832,7,2,3,20.3333,3.0,0,Home Win,0
2018,4,1,1.15808,18,5,0,8.3793,5.0,0,1,1.33098,14,3,1,5.6364,2.0,1,Draw,1
2018,4,0,0.684194,17,6,13,8.96,1.0,0,1,0.746692,9,3,6,6.92,3.0,0,Away Win,2
2018,4,1,0.665523,14,6,11,5.9189,3.0,0,0,2.38466,12,6,8,18.875,2.0,0,Home Win,0
2018,4,2,1.96282,14,6,11,19.5,1.0,0,0,0.338957,8,1,1,13.7143,5.0,0,Home Win,0
2018,4,3,1.72125,11,5,5,15.7647,1.0,0,0,0.853337,11,3,6,11.08,2.0,0,Home Win,0
2018,4,1,1.16372,10,3,1,12.5789,5.0,0,0,1.34312,9,1,3,4.36,5.0,0,Home Win,0
2018,4,3,3.13671,24,11,8,9.3462,0.0,0,2,0.641476,15,7,3,11.6452,3.0,0,Home Win,0
2018,4,4,3.23086,11,7,6,7.5806,1.0,0,1,1.81692,20,3,7,5.0455,4.0,1,Home Win,0
2018,4,2,2.41782,24,4,7,12.7273,2.0,0,6,2.60868,10,7,5,25.5556,1.0,0,Away Win,2
2018,4,2,2.462,13,8,1,11.52,3.0,0,0,0.600426,4,2,3,5.9091,3.0,1,Home Win,0
2018,4,0,0.298434,7,3,3,5.08,1.0,0,3,1.28827,9,5,4,6.1951,1.0,0,Away Win,2
2018,4,3,2.05371,8,4,3,11.8,4.0,0,1,0.921241,3,2,3,15.6429,3.0,0,Home Win,0
2018,4,0,0.558882,11,4,6,15.7,4.0,1,2,2.83936,19,7,7,14.6471,1.0,0,Away Win,2
2018,4,1,1.36071,11,3,5,11.8889,3.0,0,0,0.244236,4,0,3,7.0,2.0,0,Home Win,0
2018,4,3,1.67697,10,4,7,11.85,2.0,0,1,0.716334,10,3,4,7.5455,5.0,0,Home Win,0
2018,4,1,1.86651,16,5,4,3.1154,2.0,0,2,1.48157,9,6,2,14.0909,2.0,0,Away Win,2
2018,4,1,1.42265,14,6,9,3.5172,2.0,0,2,0.563093,6,2,2,6.3793,3.0,0,Away Win,2
2018,4,2,2.00914,17,8,9,8.6,3.0,0,1,1.51781,9,2,2,10.7391,5.0,1,Home Win,0
2018,4,2,2.52958,13,8,4,6.2857,1.0,0,0,1.2421,11,0,3,13.9412,3.0,0,Home Win,0
2018,4,1,1.4302,11,4,5,11.9565,5.0,0,1,0.65825,11,5,7,11.5909,4.0,0,Draw,1
2018,4,3,2.53737,19,7,5,12.5217,1.0,0,1,0.901711,6,2,2,11.3929,2.0,1,Home Win,0
2018,4,2,1.07769,14,7,6,11.375,3.0,0,1,1.04889,13,4,4,5.5667,3.0,0,Home Win,0
2018,4,0,0.843734,9,2,1,11.1,4.0,0,2,1.71988,9,7,5,10.7083,1.0,0,Away Win,2
2018,4,2,1.70196,18,8,5,14.5714,4.0,0,2,1.11234,8,3,2,22.625,2.0,0,Draw,1
2018,4,2,2.74916,17,7,6,11.8571,0.0,0,2,1.77093,17,8,4,14.6471,1.0,1,Draw,1
2018,4,2,1.74602,9,3,2,12.6111,4.0,0,0,0.647189,9,1,3,8.4545,2.0,0,Home Win,0
2018,4,2,1.30468,15,6,4,7.24,0.0,0,1,0.916693,9,1,6,7.129,1.0,0,Home Win,0
2018,4,2,2.34277,17,5,6,9.2414,2.0,0,2,0.725479,8,4,4,4.2308,3.0,0,Draw,1
2018,4,2,1.06125,9,4,4,9.6923,3.0,0,0,0.318551,11,2,5,5.44,2.0,0,Home Win,0
2018,4,2,1.85768,14,5,3,8.9706,0.0,0,2,1.32703,11,4,5,6.4828,4.0,0,Draw,1
2018,4,0,0.755975,19,4,8,10.875,1.0,0,2,1.58197,9,6,2,15.6,3.0,0,Away Win,2
2018,3,3,3.08883,16,5,7,9.4118,1.0,0,1,0.697274,8,5,2,13.3333,4.0,0,Home Win,0
2018,3,2,1.31029,10,7,7,5.75,5.0,0,1,1.86154,9,4,2,9.9615,3.0,1,Home Win,0
2018,3,1,1.32783,9,5,7,9.4444,1.0,0,2,0.755029,14,7,5,11.04,0.0,0,Away Win,2
2018,3,1,1.03309,10,3,8,11.9167,2.0,0,0,1.34412,12,3,4,14.4,2.0,0,Home Win,0
2018,3,1,1.91197,15,3,4,11.28,0.0,0,1,0.840127,13,4,3,11.96,0.0,0,Draw,1
2018,3,0,1.46674,22,6,6,9.4211,1.0,0,2,0.81415,10,2,4,15.8667,2.0,0,Away Win,2
2018,3,2,3.34179,18,7,9,13.1667,1.0,0,0,1.05775,14,3,5,17.625,2.0,0,Home Win,0
2018,3,1,1.28621,10,3,6,8.1786,1.0,0,0,1.07847,12,3,3,14.3529,2.0,0,Home Win,0
2018,3,4,1.96153,10,5,7,10.95,2.0,0,1,1.46268,11,7,9,7.6,2.0,0,Home Win,0
2018,3,0,0.462033,7,0,4,9.25,0.0,0,0,0.842511,9,3,1,16.3182,0.0,0,Draw,1
2018,3,1,1.56238,19,4,5,12.25,2.0,0,1,0.367667,6,1,1,24.0,2.0,0,Draw,1
2018,3,1,1.25306,5,1,8,36.0,1.0,1,2,1.34271,11,7,3,8.1739,2.0,0,Away Win,2
2018,3,1,1.7521,18,7,9,11.8519,1.0,0,1,1.31189,7,2,4,12.9231,2.0,0,Draw,1
2018,3,3,3.48013,22,8,6,6.875,1.0,0,1,1.53718,11,4,4,8.6774,2.0,0,Home Win,0
2018,3,1,0.877655,16,3,5,15.0,3.0,0,3,2.13508,13,5,3,7.3226,3.0,0,Away Win,2
2018,3,0,0.0990837,4,0,0,31.6667,0.0,0,3,1.71434,24,7,12,7.88,0.0,0,Away Win,2
2018,3,1,2.25033,24,7,3,5.5714,1.0,0,1,1.43691,14,8,3,8.6,4.0,0,Draw,1
2018,3,0,1.59561,16,4,9,7.875,1.0,1,2,0.566284,5,3,0,10.75,1.0,0,Away Win,2
2018,3,3,1.95503,10,6,7,9.2143,0.0,0,1,0.199314,5,2,1,15.963,1.0,0,Home Win,0
2018,3,3,2.35222,14,6,4,21.2632,4.0,0,2,0.950644,16,8,12,7.0,4.0,0,Home Win,0
2018,3,2,2.81187,22,7,5,6.8889,1.0,0,1,0.736371,14,4,4,7.6333,2.0,0,Home Win,0
2018,3,2,2.23932,15,6,7,6.8182,1.0,0,2,0.590795,10,5,2,14.4211,2.0,0,Draw,1
2018,3,2,1.78366,8,4,0,17.9375,1.0,0,1,2.19977,20,5,9,4.9565,2.0,0,Home Win,0
2018,3,3,1.40345,15,5,9,8.7059,0.0,0,1,0.784725,3,1,1,40.2727,1.0,1,Home Win,0
2018,3,2,1.4002,15,4,6,12.7895,0.0,0,1,0.729351,16,6,6,14.0556,4.0,0,Home Win,0
2018,3,1,0.700449,14,2,4,8.9286,2.0,0,1,0.514375,11,2,7,15.3889,0.0,0,Draw,1
2018,3,3,1.20784,12,5,5,17.375,3.0,1,3,1.19724,12,6,8,9.65,4.0,0,Draw,1
2018,3,0,1.39372,10,1,2,8.4815,0.0,0,0,1.23964,19,7,9,9.3571,2.0,0,Draw,1
2018,3,1,1.92814,17,5,4,17.9524,2.0,0,1,1.4456,8,2,4,14.0556,1.0,1,Draw,1
2018,3,4,3.9572,16,7,8,17.75,2.0,0,2,2.64706,16,4,7,18.2353,2.0,0,Home Win,0
2018,3,2,2.11259,21,7,7,8.1379,2.0,0,3,1.39048,12,7,4,12.7059,2.0,0,Away Win,2
2018,3,1,0.826665,19,9,7,3.2143,0.0,0,3,2.26733,11,8,7,19.3333,3.0,0,Away Win,2
2018,3,2,1.64985,15,6,9,15.75,3.0,0,0,0.557368,8,2,3,72.25,1.0,1,Home Win,0
2018,3,0,0.358342,10,2,0,17.2069,2.0,0,2,2.58882,14,7,8,7.1905,1.0,0,Away Win,2
2018,3,1,1.29357,18,5,7,9.5556,2.0,0,0,0.76291,12,5,4,13.1111,2.0,0,Home Win,0
2018,3,1,1.80358,8,5,4,7.6552,1.0,0,1,1.8818,9,2,2,10.4118,1.0,0,Draw,1
2018,3,3,2.51866,14,6,2,10.52,1.0,0,1,0.94148,11,2,3,17.4286,3.0,0,Home Win,0
2018,3,1,2.06878,16,8,8,6.8148,2.0,0,3,1.98958,19,9,5,14.04,2.0,0,Away Win,2
2018,3,1,1.38048,15,4,3,9.0417,2.0,0,0,0.928266,15,3,3,7.4091,4.0,0,Home Win,0
2018,3,1,1.43314,15,8,8,8.4737,3.0,0,1,1.32512,11,4,4,11.1176,2.0,0,Draw,1
2018,3,1,1.75244,16,4,7,12.9583,2.0,0,2,1.48071,6,3,5,9.3913,2.0,0,Away Win,2
2018,3,7,2.18746,19,10,4,13.25,0.0,0,0,0.154216,4,1,5,32.2222,2.0,0,Home Win,0
2018,3,2,3.13273,18,8,4,14.8636,2.0,0,0,0.640951,9,0,2,8.05,3.0,0,Home Win,0
2018,3,3,1.5541,21,9,9,14.9231,0.0,0,1,1.11709,12,2,6,14.8889,0.0,0,Home Win,0
2018,3,0,0.362483,11,2,5,10.15,1.0,0,0,1.19657,12,4,11,9.4545,2.0,0,Draw,1
2018,3,2,1.48921,6,4,1,17.0,3.0,0,0,2.40599,24,4,14,4.1613,1.0,0,Home Win,0
2018,3,2,2.43649,18,5,6,13.5263,3.0,0,1,0.656694,14,3,8,7.45,4.0,1,Home Win,0
2018,3,1,1.59406,15,2,4,9.9231,2.0,0,0,0.642848,15,5,5,6.1786,2.0,0,Home Win,0
2018,3,1,1.77221,13,6,4,7.8148,1.0,0,2,1.47287,18,7,8,13.2083,3.0,0,Away Win,2
2018,3,2,0.802752,13,3,6,16.7857,2.0,0,2,0.849348,10,3,3,19.0,2.0,0,Draw,1
2018,3,3,2.42225,10,6,4,26.2308,0.0,0,0,1.17182,13,4,4,13.0,2.0,0,Home Win,0
2018,3,2,1.34044,14,6,6,12.5625,1.0,0,4,2.98145,16,10,8,7.8929,1.0,0,Away Win,2
2018,3,4,2.76495,16,7,3,9.2963,1.0,0,1,0.613099,4,1,4,6.3,2.0,0,Home Win,0
2018,3,4,4.37565,22,10,5,8.5357,0.0,0,1,1.61825,13,6,3,12.8889,1.0,0,Home Win,0
2018,3,0,0.595523,14,3,1,7.4286,2.0,0,3,0.559058,7,3,3,40.1818,2.0,0,Away Win,2
2018,3,1,2.24067,21,4,6,6.6842,2.0,0,2,1.02517,6,4,0,13.8571,4.0,1,Away Win,2
2018,3,4,2.09977,20,8,9,23.8333,1.0,0,3,3.18937,12,6,6,9.4242,7.0,0,Home Win,0
2018,3,6,3.17935,19,8,6,8.2,0.0,0,0,0.394254,3,0,1,28.9167,1.0,1,Home Win,0
2018,3,2,1.10209,15,5,7,13.3158,1.0,0,0,0.351604,10,4,5,12.2222,2.0,0,Home Win,0
2018,3,3,2.0396,15,6,5,8.6154,1.0,0,1,0.69495,11,5,7,9.4,2.0,0,Home Win,0
2018,3,0,0.501569,7,1,3,11.875,3.0,0,0,0.551906,14,0,4,7.7308,1.0,0,Draw,1
2018,3,0,1.56562,23,3,5,11.0,0.0,0,0,1.00145,11,1,6,17.0,2.0,0,Draw,1
2018,3,0,0.557607,9,3,4,10.4286,3.0,0,2,1.75802,15,5,6,7.4231,1.0,0,Away Win,2
2018,3,0,0.966026,12,4,3,14.1905,1.0,0,2,0.399747,8,3,1,8.4643,4.0,0,Away Win,2
2018,3,2,2.38988,20,7,9,5.4762,1.0,0,2,1.0744,11,7,5,8.64,5.0,1,Draw,1
2018,3,0,1.03693,14,5,10,16.6,0.0,0,4,0.952768,12,4,2,18.4375,0.0,0,Away Win,2
2018,3,7,3.51257,21,13,5,14.7778,0.0,0,1,0.666096,9,4,1,14.6087,2.0,0,Home Win,0
2018,3,4,3.00692,16,8,4,20.125,0.0,0,0,0.472964,14,4,6,23.7333,2.0,0,Home Win,0
2018,3,1,0.877118,13,5,8,8.0,2.0,0,1,0.427269,8,3,3,17.45,0.0,0,Draw,1
2018,3,0,0.267706,6,0,2,4.697,2.0,0,0,1.098,18,4,2,5.3514,5.0,0,Draw,1
2018,3,1,0.815476,9,1,2,15.8,2.0,0,3,2.75811,13,11,9,13.5294,4.0,1,Away Win,2
2018,3,1,1.11043,7,2,1,25.2667,4.0,0,3,2.46148,19,12,7,5.7083,2.0,0,Away Win,2
2018,3,4,2.93243,23,10,6,3.931,1.0,0,0,0.253449,6,0,3,23.5,1.0,1,Home Win,0
2018,3,2,3.57277,19,5,8,10.2381,2.0,0,2,2.04279,11,4,2,8.6333,3.0,0,Draw,1
2018,3,0,0.760107,15,2,7,4.4444,3.0,0,0,0.754245,6,0,4,11.0,2.0,0,Draw,1
2018,3,2,1.49927,14,6,6,7.2414,2.0,0,6,4.07211,18,12,6,23.125,2.0,0,Away Win,2
2018,3,1,0.616434,17,4,5,4.6667,2.0,0,2,1.45577,9,4,4,7.625,3.0,0,Away Win,2
2018,3,3,1.41352,13,7,3,23.125,1.0,0,1,1.14643,10,2,10,13.5909,1.0,0,Home Win,0
2018,3,1,0.592384,6,1,2,27.3571,3.0,0,2,2.15695,23,5,7,8.55,1.0,0,Away Win,2
2018,3,0,0.245269,5,1,4,15.2105,3.0,0,3,1.74956,18,6,9,6.9167,6.0,0,Away Win,2
2018,3,1,0.949097,10,3,8,17.9333,2.0,0,1,0.998569,10,2,6,11.9474,3.0,0,Draw,1
2018,3,0,1.79233,13,5,3,12.6471,2.0,0,3,3.76073,23,11,7,10.68,1.0,0,Away Win,2
2018,3,2,2.61879,16,4,6,7.5714,3.0,0,2,1.37885,15,5,6,11.2727,3.0,0,Draw,1
2018,3,2,1.54801,14,6,3,21.2632,0.0,0,1,1.25758,14,4,6,11.6667,2.0,0,Home Win,0
2018,3,0,0.44332,12,3,6,12.7619,0.0,0,1,1.19435,12,1,14,9.4583,2.0,0,Away Win,2
2018,3,1,1.8539,24,6,14,6.0,1.0,0,1,0.592458,10,1,2,21.875,1.0,0,Draw,1
2018,3,3,2.95181,15,6,7,7.3793,2.0,0,1,1.18456,19,6,7,12.6333,3.0,0,Home Win,0
2018,3,1,2.21447,20,9,6,9.5652,0.0,0,4,1.93557,10,4,7,10.2143,2.0,0,Away Win,2
2018,3,0,1.02365,10,0,1,16.3333,1.0,0,3,3.33128,15,7,3,11.9231,2.0,0,Away Win,2
2018,3,3,3.16198,20,7,10,9.1071,1.0,0,0,0.719516,13,6,4,26.6154,2.0,0,Home Win,0
2018,3,2,1.82862,18,7,6,11.16,1.0,0,1,1.14191,22,7,6,13.2381,1.0,0,Home Win,0
2018,3,3,2.56191,11,5,0,24.6429,3.0,0,2,1.84247,10,3,6,9.7419,3.0,0,Home Win,0
2018,3,3,2.55127,14,6,4,13.7407,0.0,0,0,0.443215,6,2,3,9.0909,1.0,0,Home Win,0
2018,3,3,2.51248,14,4,10,7.6667,0.0,0,0,0.609591,5,1,4,8.8333,2.0,0,Home Win,0
2018,3,1,1.50955,20,5,9,23.7143,0.0,0,3,2.73709,16,6,5,23.2143,0.0,0,Away Win,2
2018,3,2,2.08751,10,4,3,12.6957,4.0,0,1,2.99196,19,9,5,4.1818,2.0,0,Home Win,0
2018,3,1,1.86463,15,4,3,6.2917,1.0,0,3,0.770571,12,9,4,12.0417,2.0,0,Away Win,2
2018,3,4,2.89841,20,9,2,13.2083,1.0,0,1,0.960102,10,6,6,13.15,3.0,1,Home Win,0
2018,3,0,0.434841,10,3,3,10.2,1.0,0,2,1.54977,15,4,9,14.0625,0.0,0,Away Win,2
2018,3,3,2.81107,17,5,9,6.7778,0.0,0,3,1.36755,9,5,2,62.4444,1.0,0,Draw,1
2018,3,5,2.77116,20,10,7,9.7407,1.0,0,2,2.29783,12,6,2,15.8421,2.0,1,Home Win,0
2018,3,2,2.62916,17,4,6,11.5,3.0,0,0,0.393762,10,2,9,14.0,3.0,0,Home Win,0
2018,3,4,1.70943,20,6,5,10.6364,1.0,0,1,0.459166,6,3,5,46.5,1.0,0,Home Win,0
2018,3,3,2.69304,23,8,8,8.8095,1.0,0,3,1.68148,13,6,5,14.3333,2.0,0,Draw,1
2018,3,1,2.01274,25,10,8,7.6667,1.0,0,3,3.21577,15,7,5,14.1579,2.0,0,Away Win,2
2018,3,1,2.98264,23,9,6,16.8333,0.0,0,1,2.13569,19,8,3,15.125,2.0,0,Draw,1
2018,3,1,1.05805,15,7,6,28.5,2.0,0,2,1.08217,11,7,5,8.4118,1.0,0,Away Win,2
2018,3,1,1.54495,5,3,2,12.8125,1.0,0,0,0.647326,9,4,9,6.4444,2.0,0,Home Win,0
2018,3,1,2.35914,20,7,4,6.5526,3.0,0,1,2.15866,15,5,10,8.64,3.0,0,Draw,1
2018,3,2,2.69109,11,4,2,10.375,1.0,0,0,0.143781,5,1,3,20.1429,1.0,0,Home Win,0
2018,3,2,2.39576,14,6,5,25.2353,2.0,0,0,0.628352,7,4,4,14.05,2.0,0,Home Win,0
2018,3,1,0.710341,14,3,3,15.0556,4.0,0,0,1.64707,18,4,8,6.45,2.0,0,Home Win,0
2018,3,1,1.53625,13,2,9,6.4286,3.0,0,2,1.72581,12,3,3,7.8,7.0,0,Away Win,2
2018,3,1,0.637321,8,3,3,17.5714,3.0,1,2,3.29433,17,5,10,16.7333,2.0,0,Away Win,2
2018,3,0,0.54136,11,2,3,7.8182,2.0,0,2,2.10742,13,8,6,11.5,3.0,0,Away Win,2
2018,3,0,1.10941,20,7,12,16.4118,1.0,0,1,1.02576,15,3,5,22.6923,1.0,0,Away Win,2
2018,3,1,0.675448,11,4,3,12.6087,3.0,0,1,1.39302,20,6,6,2.7857,2.0,0,Draw,1
2018,3,3,2.8246,21,8,11,4.7667,1.0,0,0,0.191129,4,1,1,66.7143,0.0,0,Home Win,0
2018,3,1,1.44761,6,3,3,11.0345,4.0,0,2,0.898668,9,3,1,9.2414,3.0,0,Away Win,2
2018,3,1,1.53502,21,7,4,6.2609,1.0,0,0,0.768373,14,1,2,9.7778,2.0,0,Home Win,0
2018,3,3,2.61136,23,7,7,10.6667,2.0,0,0,0.678537,7,2,4,38.8333,4.0,1,Home Win,0
2018,3,1,0.243455,7,4,5,8.75,1.0,0,0,1.12526,18,4,9,6.8696,0.0,0,Home Win,0
2018,3,3,2.83748,22,9,6,5.2593,3.0,0,1,1.37827,12,3,4,19.5714,4.0,0,Home Win,0
2018,3,3,2.0335,12,9,3,11.8421,1.0,0,0,1.23018,16,4,12,5.7931,2.0,0,Home Win,0
2018,3,1,3.27966,28,5,9,4.2759,4.0,0,1,2.23642,11,3,1,22.2308,3.0,1,Draw,1
2018,3,2,0.515385,10,3,6,15.4118,1.0,0,2,2.10256,19,6,4,14.5238,2.0,0,Draw,1
2018,3,0,3.933,27,6,6,7.7778,0.0,0,0,0.584205,6,1,2,20.3333,2.0,0,Draw,1
2018,3,2,2.89288,16,9,4,20.2143,1.0,0,1,0.461208,11,5,10,11.0,4.0,0,Home Win,0
2018,3,4,4.47536,18,7,6,13.7368,3.0,0,1,1.33833,12,5,2,7.1304,3.0,0,Home Win,0
2018,3,2,1.43807,9,4,5,9.3462,1.0,0,1,1.53719,15,3,5,11.7778,3.0,0,Home Win,0
2018,3,2,3.59588,17,7,10,6.0526,6.0,0,1,0.744745,12,6,7,9.4091,2.0,0,Home Win,0
2018,3,1,2.00924,15,9,6,6.9429,2.0,0,1,0.758425,15,5,7,8.4167,1.0,0,Draw,1
2018,3,0,0.628893,3,0,0,26.2941,1.0,0,4,4.18084,33,14,14,8.1818,0.0,0,Away Win,2
2018,3,2,2.59785,21,8,4,16.72,2.0,0,0,0.798948,6,2,1,8.4286,1.0,0,Home Win,0
2018,3,0,0.601572,11,0,6,25.9091,2.0,0,2,0.70077,10,4,3,5.9355,1.0,0,Away Win,2
2018,3,1,1.81321,10,4,5,6.4074,2.0,1,0,0.721767,8,2,5,11.8788,2.0,1,Home Win,0
2018,3,1,1.84453,18,4,7,5.5111,4.0,0,2,0.683564,8,5,1,7.7941,4.0,0,Away Win,2
2018,3,1,2.39195,26,5,6,10.8,0.0,0,1,1.90654,14,4,3,8.6429,1.0,0,Draw,1
2018,3,1,1.62711,14,7,5,8.9355,0.0,0,1,2.01561,18,3,2,9.8333,2.0,0,Draw,1
2018,3,2,1.61471,17,6,3,7.2069,3.0,0,2,1.09488,12,4,2,6.8846,3.0,0,Draw,1
2018,3,2,1.584,16,5,4,5.9583,1.0,0,0,0.333514,11,1,8,10.3077,2.0,0,Home Win,0
2018,3,2,1.3731,8,3,2,23.5556,1.0,0,1,1.29548,10,3,2,7.8,2.0,0,Home Win,0
2018,3,2,3.61765,16,7,6,19.3333,2.0,0,0,1.13637,7,2,7,17.0476,3.0,0,Home Win,0
2018,3,2,1.74712,18,7,3,7.7273,1.0,0,2,0.728652,9,2,2,6.2258,0.0,0,Draw,1
2018,3,0,1.13859,15,3,12,8.5455,2.0,0,1,0.318199,7,3,3,14.9524,3.0,0,Away Win,2
2018,3,1,2.21326,29,7,9,7.3478,1.0,0,1,0.963816,12,5,2,19.7368,0.0,0,Draw,1
2018,3,2,1.79527,12,4,4,16.8519,0.0,0,1,0.517203,3,2,2,22.8889,1.0,0,Home Win,0
2018,3,3,1.82482,15,7,4,17.2941,0.0,0,1,1.26734,14,8,5,16.4167,1.0,0,Home Win,0
2018,3,3,1.93805,13,5,4,11.6897,2.0,0,2,2.10073,15,6,4,11.6316,0.0,0,Home Win,0
2018,3,1,1.22362,17,5,2,9.5,3.0,0,3,2.42656,14,6,5,18.0,5.0,0,Away Win,2
2018,3,0,1.31242,10,3,3,17.2857,2.0,0,3,2.04036,9,7,4,14.0,1.0,0,Away Win,2
2018,3,2,0.382344,10,4,3,9.9677,2.0,0,3,2.66718,16,5,4,6.5,3.0,0,Away Win,2
2018,3,0,0.6702,17,3,4,6.3077,2.0,0,1,1.13166,14,6,6,10.2222,3.0,0,Away Win,2
2018,3,0,0.778946,12,5,6,7.878,3.0,0,1,1.02216,8,4,7,16.3333,2.0,0,Away Win,2
2018,3,2,3.20149,28,8,13,4.7241,2.0,0,3,1.17715,14,4,8,12.2273,2.0,0,Away Win,2
2018,3,3,2.9107,9,4,5,8.6452,2.0,0,1,1.54911,21,7,5,15.125,1.0,0,Home Win,0
2018,3,1,0.869957,13,6,5,12.7826,3.0,0,2,1.0413,11,3,3,16.8235,1.0,0,Away Win,2
2018,3,0,0.516442,10,1,7,9.2917,3.0,0,1,2.168,23,13,8,8.4074,1.0,0,Away Win,2
2018,3,1,1.1239,14,3,4,17.1429,2.0,0,3,2.24853,16,8,4,11.4,1.0,0,Away Win,2
2018,3,2,3.02896,20,5,4,9.5313,1.0,0,1,1.72547,12,5,6,10.7619,0.0,0,Home Win,0
2018,3,1,1.1596,13,5,2,12.5,3.0,0,3,3.31311,21,9,6,12.7273,2.0,0,Away Win,2
2018,3,0,1.20925,22,10,10,6.5484,1.0,0,1,0.747044,7,3,3,16.8636,2.0,0,Away Win,2
2018,3,4,3.41668,19,6,8,7.4737,1.0,0,1,0.361664,7,2,1,21.8261,1.0,0,Home Win,0
2018,3,5,2.89598,18,9,6,11.4737,1.0,0,1,0.819503,11,3,3,13.6429,1.0,0,Home Win,0
2018,3,2,2.08047,14,6,4,16.0714,2.0,0,0,0.777086,4,1,0,13.2609,4.0,0,Home Win,0
2018,3,2,1.41796,11,4,3,9.3333,2.0,0,2,1.03679,13,6,6,11.7778,1.0,0,Draw,1
2018,3,2,2.6,18,9,8,15.25,4.0,0,2,1.64974,8,4,3,7.36,2.0,0,Draw,1
2018,3,2,1.77454,20,8,6,9.4242,0.0,0,4,3.27125,16,11,1,6.8667,2.0,0,Away Win,2
2018,3,2,2.36343,19,4,5,7.3333,3.0,0,1,0.32725,8,3,5,9.0417,1.0,0,Home Win,0
2018,3,0,1.19108,11,4,5,11.8636,5.0,0,3,3.00387,23,14,6,11.5,3.0,0,Away Win,2
2018,3,0,0.290714,10,0,8,11.7273,1.0,0,4,2.02739,12,9,2,10.7333,0.0,0,Away Win,2
2018,3,3,1.2769,10,4,7,8.931,3.0,0,1,1.868,17,6,4,8.4516,2.0,0,Home Win,0
2018,3,2,0.850155,17,4,7,7.9375,5.0,1,2,2.53349,16,4,8,21.9375,0.0,0,Draw,1
2018,3,1,1.44338,12,7,6,8.8421,2.0,0,1,1.8842,13,4,4,18.0,2.0,0,Draw,1
2018,3,0,1.70071,11,4,3,8.2143,3.0,0,1,1.18244,8,4,7,12.75,1.0,0,Away Win,2
2018,3,3,3.79911,16,8,7,6.5,0.0,0,0,0.20019,5,0,3,10.3913,1.0,0,Home Win,0
2018,3,0,0.138262,5,1,0,11.0,2.0,0,3,2.35194,19,8,7,5.7778,2.0,0,Away Win,2
2018,3,1,1.09967,11,2,3,14.9091,4.0,0,1,1.10992,10,3,7,7.3793,1.0,0,Draw,1
2018,3,1,1.63645,14,4,5,4.9667,3.0,0,1,1.17944,9,5,5,16.1364,4.0,0,Draw,1
2018,3,0,0.663579,10,1,1,16.6957,1.0,1,2,1.87388,16,9,6,10.2273,2.0,0,Away Win,2
2018,3,3,2.35845,16,4,7,5.871,1.0,0,1,1.39766,7,5,2,28.8571,2.0,0,Home Win,0
2018,3,3,1.99653,16,7,7,15.4375,0.0,0,3,2.47538,14,6,8,12.8966,3.0,0,Draw,1
2018,3,0,1.59427,15,1,7,11.0,4.0,0,0,0.501519,6,2,4,8.0,2.0,0,Draw,1
2018,3,0,1.30285,12,4,5,15.5455,0.0,0,3,2.49289,10,4,5,29.6923,2.0,0,Away Win,2
2018,3,4,1.66903,13,5,3,19.2105,0.0,0,0,1.05801,13,3,2,13.8,1.0,0,Home Win,0
2018,3,2,1.4289,19,8,4,5.45,2.0,0,0,0.981416,10,1,4,14.9444,2.0,1,Home Win,0
2018,3,3,0.818616,10,4,9,10.5455,3.0,0,3,1.91629,16,4,2,12.15,2.0,0,Draw,1
2018,3,1,1.88457,15,2,4,17.0323,3.0,0,5,3.30348,18,7,4,5.9545,1.0,0,Away Win,2
2018,3,3,1.64721,15,6,5,11.96,3.0,0,0,1.1803,15,2,4,8.52,4.0,1,Home Win,0
2018,3,3,3.59387,27,11,10,5.9714,0.0,0,0,0.41327,6,1,6,17.6111,1.0,0,Home Win,0
2018,3,2,1.90354,13,7,5,8.3077,1.0,0,0,0.209187,3,0,4,35.8095,3.0,0,Home Win,0
2018,3,1,1.36671,8,3,5,6.3235,1.0,0,3,1.32163,8,4,4,13.2222,1.0,0,Away Win,2
2018,3,1,1.16069,13,4,8,13.4583,3.0,0,1,1.17016,14,5,7,10.2105,1.0,0,Draw,1
2018,3,1,1.09705,11,2,4,12.5652,3.0,0,1,0.390094,8,2,3,6.3226,3.0,0,Draw,1
2018,3,2,0.510867,8,2,1,24.2778,1.0,0,3,2.20232,17,8,9,6.0476,2.0,0,Away Win,2
2018,3,3,2.13855,17,6,4,15.4615,1.0,0,0,0.719281,12,4,7,20.0769,1.0,0,Home Win,0
2018,3,0,0.498008,7,2,3,25.8667,1.0,0,0,0.930531,17,6,11,9.3684,1.0,0,Draw,1
2018,3,0,0.609421,12,2,4,19.375,0.0,1,0,1.09678,12,3,9,8.6786,4.0,1,Draw,1
2018,3,1,0.989434,12,4,11,7.8929,2.0,0,0,0.279649,9,2,3,13.3448,0.0,1,Home Win,0
2018,3,3,1.05083,9,4,3,19.2609,1.0,0,2,1.26295,13,4,8,7.9615,2.0,0,Home Win,0
2018,3,1,1.91108,14,4,6,5.2889,0.0,0,1,1.30993,7,4,4,5.1333,1.0,0,Draw,1
2018,3,0,1.18063,16,5,12,10.92,2.0,0,3,0.794633,6,3,1,32.8889,1.0,0,Away Win,2
2018,3,1,1.23401,15,4,4,10.1333,1.0,0,1,0.946008,8,4,2,29.7143,3.0,0,Draw,1
2018,3,0,0.392236,9,3,3,9.5652,1.0,0,3,2.33768,14,8,5,11.1579,1.0,0,Away Win,2
2018,3,5,2.01296,19,11,8,10.0333,0.0,0,1,1.54501,14,4,1,8.1429,3.0,1,Home Win,0
2018,3,3,2.44926,20,6,1,13.6818,4.0,0,0,0.749874,10,3,3,3.6571,2.0,0,Home Win,0
2018,3,2,1.55152,18,7,7,5.3636,3.0,0,1,0.112551,6,2,3,27.2727,4.0,1,Home Win,0
2018,3,0,0.708083,7,2,1,5.8182,4.0,0,4,2.89494,14,5,1,8.8077,2.0,0,Away Win,2
2018,3,2,3.25987,18,5,7,9.5714,0.0,0,0,0.26273,8,3,2,31.2632,0.0,0,Home Win,0
2018,3,5,2.6743,14,8,7,8.6667,2.0,0,1,0.613856,3,1,0,11.3333,2.0,0,Home Win,0
2018,3,3,2.30575,19,10,4,6.5676,0.0,0,2,1.76367,20,7,3,9.5714,3.0,1,Home Win,0
2018,3,1,0.58281,11,2,1,45.0833,2.0,0,5,5.94023,19,14,9,15.7647,2.0,0,Away Win,2
2018,3,2,1.77228,11,4,4,5.5172,0.0,0,1,0.83743,13,1,1,13.8261,2.0,0,Home Win,0
2018,3,2,0.961029,9,4,1,21.0,1.0,0,1,2.85445,17,8,4,7.8095,2.0,0,Home Win,0
2018,3,1,1.16809,13,5,6,7.3636,0.0,0,1,1.83543,12,3,4,14.1905,2.0,0,Draw,1
2018,3,0,1.02688,7,1,5,10.2857,2.0,0,1,0.920561,12,5,8,4.2821,3.0,0,Away Win,2
2018,3,6,3.77617,20,12,7,10.8261,0.0,0,0,0.159247,4,1,2,33.5455,1.0,0,Home Win,0
2018,3,2,2.64002,16,6,8,6.1818,3.0,0,1,0.79045,11,5,3,27.3333,2.0,0,Home Win,0
2018,3,3,2.5589,18,8,7,8.1111,3.0,0,1,0.897914,7,1,1,19.8571,3.0,0,Home Win,0
2018,3,0,2.35335,16,4,7,5.7083,1.0,0,0,0.181299,5,3,4,30.8,1.0,0,Draw,1
2018,3,4,2.44765,20,7,4,5.5385,2.0,0,2,1.53919,14,8,5,15.5455,1.0,0,Home Win,0
2018,3,0,0.837274,6,3,1,16.5625,1.0,0,3,2.76254,15,6,5,8.931,2.0,0,Away Win,2
2018,3,0,0.578029,14,2,2,18.8636,2.0,0,1,1.20097,9,4,6,18.0,0.0,0,Away Win,2
2018,3,2,0.972717,9,4,3,20.3125,1.0,0,1,1.0226,16,6,6,5.4074,3.0,0,Home Win,0
2018,3,2,0.672836,11,4,6,8.9677,3.0,0,3,2.44206,16,5,6,4.4667,1.0,0,Away Win,2
2018,3,1,1.35935,13,2,4,19.0556,4.0,0,1,2.90274,21,8,9,7.7619,2.0,0,Draw,1
2018,3,1,0.917302,15,2,10,6.3913,3.0,0,3,1.31225,11,5,3,19.9474,2.0,0,Away Win,2
2018,3,0,1.01343,16,3,0,5.9643,1.0,0,1,1.69354,16,4,6,6.4737,1.0,0,Away Win,2
2018,3,6,2.66818,22,11,13,7.7895,1.0,0,0,0.302976,7,1,2,35.25,0.0,0,Home Win,0
2018,3,5,3.87623,18,10,7,6.5882,1.0,0,2,1.93907,18,6,5,14.75,1.0,0,Home Win,0
2018,3,3,1.35782,22,10,2,5.4483,1.0,0,1,1.4864,13,4,3,17.1875,4.0,0,Home Win,0
2018,3,2,2.20854,7,4,4,9.5417,3.0,2,3,2.23731,25,8,10,14.4286,3.0,0,Away Win,2
2018,3,1,1.17388,12,2,10,14.2308,0.0,0,1,0.514838,10,2,6,18.7273,3.0,0,Draw,1
2018,3,1,2.58949,23,4,8,6.7273,0.0,0,0,0.702802,9,3,3,14.5,2.0,0,Home Win,0
2018,3,4,2.4473,12,4,4,17.2174,2.0,0,1,1.71436,17,5,7,10.05,2.0,0,Home Win,0
2018,3,2,1.45093,11,5,5,13.4,0.0,0,0,0.171788,6,3,4,10.8696,3.0,0,Home Win,0
2018,3,5,5.04475,22,9,6,17.3684,1.0,0,0,0.895578,6,0,3,17.8,1.0,0,Home Win,0
2018,3,3,2.00509,11,5,5,7.3846,2.0,0,0,0.569489,9,3,5,12.8333,1.0,0,Home Win,0
2018,3,3,1.76901,11,4,4,14.8,1.0,0,0,0.867874,15,3,4,8.9583,3.0,0,Home Win,0
2018,3,3,1.22854,8,4,7,8.0833,0.0,0,1,0.998556,14,5,8,11.0667,1.0,0,Home Win,0
2018,3,0,0.755656,15,3,8,5.3125,1.0,0,1,0.864608,6,3,2,12.2308,1.0,0,Away Win,2
2018,3,1,0.719026,12,5,1,28.1333,3.0,0,1,3.23843,27,8,7,5.4688,1.0,0,Draw,1
2018,3,3,1.66988,8,4,1,22.6667,2.0,0,1,1.34223,14,6,2,6.8696,3.0,0,Home Win,0
2018,3,5,4.30876,22,10,11,11.75,1.0,0,0,0.478204,4,1,1,33.1818,2.0,0,Home Win,0
2018,3,1,1.19525,6,4,3,9.6429,5.0,1,2,2.24621,16,5,6,5.3043,1.0,0,Away Win,2
2018,3,2,2.1254,10,4,6,8.05,2.0,0,4,1.44447,8,4,2,11.2121,1.0,0,Away Win,2
2018,3,1,1.62221,13,4,12,7.3103,1.0,0,1,2.37695,20,6,5,11.8333,3.0,0,Draw,1
2018,3,1,1.99752,15,3,7,13.9474,2.0,0,1,1.05039,12,6,1,14.4545,2.0,0,Draw,1
2018,3,1,1.90031,13,3,2,6.7419,2.0,0,2,2.72781,15,7,6,16.4091,1.0,0,Away Win,2
2018,3,0,0.653608,8,0,4,11.3235,1.0,0,4,3.60653,19,9,3,12.625,1.0,0,Away Win,2
2018,3,5,2.27396,9,5,2,14.9643,3.0,0,0,1.80652,17,5,7,6.1071,1.0,0,Home Win,0
2018,3,3,1.43754,12,5,9,7.3043,1.0,0,1,1.54016,11,4,2,14.9,2.0,0,Home Win,0
2018,3,2,3.53386,29,7,9,6.0286,1.0,0,0,0.305091,5,2,3,14.16,0.0,0,Home Win,0
2018,3,2,2.13802,12,7,4,14.6667,0.0,0,1,2.93676,17,9,4,17.3077,1.0,0,Home Win,0
2018,3,2,2.11199,21,10,9,6.4412,1.0,0,0,0.38877,6,2,3,10.6111,1.0,0,Home Win,0
2018,3,0,0.444283,12,5,7,15.6429,1.0,1,1,2.53521,17,5,6,10.5714,0.0,0,Away Win,2
2018,3,1,2.09741,18,4,8,10.0833,3.0,1,3,2.22016,16,6,2,9.1667,1.0,0,Away Win,2
2018,3,2,1.81623,16,7,7,4.2162,1.0,0,1,0.55263,9,5,3,22.1538,3.0,0,Home Win,0
2018,3,0,1.36963,12,5,3,12.1923,0.0,0,1,1.76261,19,9,12,10.1111,0.0,0,Away Win,2
2018,3,1,0.972295,7,2,2,33.3571,1.0,0,4,3.34878,19,10,6,8.8077,0.0,0,Away Win,2
2018,3,1,2.35613,17,6,11,10.8824,1.0,0,1,0.850368,16,2,9,9.6923,2.0,0,Draw,1
2018,3,1,2.60771,28,7,14,7.15,0.0,0,0,0.134891,3,0,3,27.8462,2.0,1,Home Win,0
2018,3,2,1.51156,21,9,11,8.25,0.0,0,0,0.245739,5,1,1,22.75,0.0,0,Home Win,0
2018,3,2,2.02105,15,5,6,11.5357,2.0,0,5,1.87167,11,6,1,7.2083,3.0,0,Away Win,2
2018,3,0,0.536271,11,2,5,16.0741,2.0,0,4,2.91662,10,6,3,27.7273,0.0,0,Away Win,2
2018,3,6,2.39187,23,13,9,12.0435,0.0,0,0,1.38001,13,4,4,19.5333,0.0,0,Home Win,0
2018,3,0,1.07608,16,3,5,4.2059,4.0,0,0,0.527392,13,5,8,12.4737,1.0,0,Draw,1
2018,3,1,2.19831,15,4,2,5.9032,0.0,0,2,2.13066,13,4,4,14.92,2.0,0,Away Win,2
2018,3,1,2.01024,20,8,13,8.2,2.0,0,1,1.62116,12,3,6,13.15,3.0,0,Draw,1
2018,3,3,3.24326,20,5,3,8.087,0.0,0,1,2.5269,16,7,7,14.3333,3.0,0,Home Win,0
2018,3,2,1.10244,8,2,2,10.2778,0.0,2,4,1.12367,8,4,4,11.25,6.0,0,Away Win,2
2018,3,1,3.38957,18,7,9,11.68,2.0,0,4,2.05348,21,10,3,9.1154,2.0,0,Away Win,2
2018,3,2,2.04886,14,4,5,12.625,3.0,0,1,0.874413,14,8,4,9.2727,5.0,0,Home Win,0
2018,3,1,1.59767,13,6,2,12.2308,2.0,0,0,1.30221,18,4,7,5.75,1.0,0,Home Win,0
2018,3,0,2.16123,11,4,2,8.0357,0.0,0,0,1.17855,11,3,4,4.8788,5.0,1,Draw,1
2018,3,1,0.278207,8,2,3,22.8,1.0,0,4,2.9293,13,7,3,6.087,0.0,0,Away Win,2
2018,3,1,0.877396,7,2,4,13.6667,2.0,0,0,2.93831,23,4,7,5.6667,1.0,0,Home Win,0
2018,3,4,2.06935,12,6,4,20.9231,1.0,0,1,2.73602,18,9,9,12.9545,3.0,0,Home Win,0
2018,3,1,1.90716,10,4,5,32.0833,1.0,0,1,1.68788,16,6,5,9.0556,2.0,0,Draw,1
2018,3,3,5.36034,27,14,11,9.2857,0.0,0,1,0.871424,2,1,0,152.0,3.0,1,Home Win,0
2018,3,0,1.82173,15,3,7,13.5926,1.0,0,0,0.589384,7,3,4,15.2857,0.0,0,Draw,1
2018,3,6,2.78767,17,11,1,5.4444,0.0,0,1,0.17067,6,2,4,24.6452,3.0,0,Home Win,0
2018,3,2,1.23948,11,5,2,20.7857,2.0,0,2,3.2364,26,9,7,5.6364,4.0,0,Draw,1
2018,3,3,2.28859,13,6,2,11.2381,1.0,0,1,1.39423,15,1,5,10.6923,1.0,0,Home Win,0
2018,3,2,0.642264,14,4,4,7.7561,2.0,0,2,2.6708,20,8,8,18.0667,1.0,0,Draw,1
2018,3,1,1.2563,10,3,5,16.9091,2.0,1,1,0.911705,13,3,4,12.9412,3.0,0,Draw,1
2018,3,3,1.72126,15,6,6,7.2083,1.0,0,3,2.74717,14,5,4,8.6176,1.0,0,Draw,1
2018,3,2,1.18184,9,4,4,7.2903,0.0,0,0,0.566199,12,3,5,19.0,0.0,0,Home Win,0
2018,3,0,1.80986,19,3,1,3.9,3.0,0,1,0.931751,11,6,4,16.2105,4.0,0,Away Win,2
2018,3,3,2.03631,15,5,2,10.6538,1.0,0,2,2.07768,8,3,4,20.95,0.0,1,Home Win,0
2018,3,1,1.61536,18,5,4,8.0588,2.0,0,1,1.79193,8,3,4,27.2632,1.0,0,Draw,1
2018,3,0,0.609829,10,3,1,19.4762,0.0,0,0,1.72176,11,5,6,3.5455,2.0,0,Draw,1
2018,3,3,0.680306,11,4,4,12.5652,1.0,0,0,0.340041,8,2,3,5.9565,2.0,0,Home Win,0
2018,3,0,1.71254,13,4,9,5.6522,1.0,0,2,1.2497,15,4,6,7.5,1.0,0,Away Win,2
2018,3,3,1.43088,5,3,1,25.9231,0.0,0,4,2.5836,24,8,9,13.3684,1.0,0,Away Win,2
2018,3,3,2.29894,18,6,5,7.6452,0.0,0,0,0.674621,5,1,3,13.0,2.0,0,Home Win,0
2018,3,0,0.797591,12,2,1,28.2727,0.0,0,4,1.75711,16,5,5,12.913,2.0,0,Away Win,2
2018,3,0,0.688908,12,3,7,17.0,0.0,0,0,0.668898,16,8,5,11.8421,1.0,0,Draw,1
2018,3,5,4.62869,23,14,5,8.0,2.0,0,1,0.954021,6,2,3,15.7059,2.0,0,Home Win,0
2018,3,5,1.08819,18,8,4,9.5172,2.0,0,1,0.734435,15,5,2,32.9286,1.0,0,Home Win,0
2018,3,2,1.20038,6,3,3,10.36,2.0,0,1,1.84544,10,3,9,11.4167,2.0,0,Home Win,0
2018,3,1,1.20477,9,4,4,21.2174,1.0,0,5,2.37483,13,8,3,8.3929,1.0,0,Away Win,2
2018,3,0,0.629959,7,0,2,36.25,1.0,0,2,2.35948,12,3,2,15.6875,1.0,0,Away Win,2
2018,3,2,2.17162,15,7,2,7.8462,2.0,0,1,1.04029,14,3,7,12.4583,1.0,0,Home Win,0
2018,3,8,4.15452,18,10,6,7.9545,0.0,0,1,0.672581,12,4,5,15.8235,2.0,0,Home Win,0
2018,3,4,2.87626,22,12,8,8.3043,2.0,0,2,1.64469,19,7,5,10.1429,4.0,1,Home Win,0
2018,5,4,3.46292,23,10,5,6.3871,1.0,0,0,0.234157,5,1,1,10.6774,3.0,0,Home Win,0
2018,5,1,1.22055,16,4,7,5.2273,1.0,0,3,2.8413,11,6,2,10.2,0.0,0,Away Win,2
2018,5,0,1.03263,19,1,10,4.0909,1.0,0,1,0.26742,5,3,2,30.5833,2.0,0,Away Win,2
2018,5,1,1.34076,17,7,4,9.88,2.0,0,2,1.94817,9,4,2,9.8846,2.0,0,Away Win,2
2018,5,3,2.62438,21,7,5,5.6897,2.0,0,4,1.21376,14,5,1,11.1304,2.0,1,Away Win,2
2018,5,3,1.88164,15,6,2,11.375,1.0,0,1,0.447458,8,2,6,10.8077,0.0,0,Home Win,0
2018,5,2,0.934842,11,6,6,13.2,3.0,0,1,1.37217,11,5,9,11.9412,1.0,0,Home Win,0
2018,5,2,1.30809,15,7,10,6.125,0.0,0,0,0.286084,10,1,1,15.6087,2.0,0,Home Win,0
2018,5,0,0.0853905,5,2,3,14.6087,1.0,1,2,1.32715,17,6,10,8.8,0.0,0,Away Win,2
2018,5,3,3.34692,11,8,6,10.4444,1.0,0,0,0.189346,5,1,3,45.4545,0.0,0,Home Win,0
2018,5,1,0.677345,7,2,0,15.9,2.0,0,0,0.977973,19,5,4,10.7,0.0,0,Home Win,0
2018,5,1,1.3524,11,3,4,15.375,0.0,0,3,2.62399,17,7,7,3.725,1.0,0,Away Win,2
2018,5,0,1.62023,10,1,8,11.6667,0.0,0,0,0.580405,13,4,4,9.2273,0.0,0,Draw,1
2018,5,1,0.390542,5,2,3,10.7895,1.0,0,0,0.349744,7,0,0,31.1,2.0,0,Home Win,0
2018,5,1,1.11001,11,2,6,7.7083,1.0,0,2,0.308208,7,3,2,16.5556,3.0,0,Away Win,2
2018,5,1,1.20052,13,4,5,11.1765,2.0,0,1,0.568951,15,5,10,8.5714,2.0,0,Draw,1
2018,5,2,2.95975,14,7,3,10.6563,0.0,0,0,0.228631,7,0,4,4.6552,1.0,1,Home Win,0
2018,5,1,0.626045,11,5,7,12.9524,1.0,0,1,0.329551,9,2,2,29.4,2.0,1,Draw,1
2018,5,2,1.27761,13,5,1,19.6429,1.0,0,1,0.784815,15,8,2,11.3462,1.0,0,Home Win,0
2018,5,3,1.63136,14,7,6,10.1538,3.0,0,1,0.967387,11,6,7,4.6538,1.0,0,Home Win,0
2018,5,2,1.24291,22,10,5,7.3846,1.0,0,0,0.393592,9,1,4,11.2,2.0,0,Home Win,0
2018,5,3,2.03223,13,5,9,8.2647,2.0,0,1,1.5059,11,6,1,25.8333,0.0,0,Home Win,0
2018,5,0,1.7067,16,3,5,11.4286,2.0,0,4,1.94227,9,5,3,10.6176,3.0,0,Away Win,2
2018,5,1,2.72202,10,5,3,7.15,1.0,0,0,0.486732,9,0,3,8.3684,3.0,0,Home Win,0
2018,5,0,0.417545,14,1,6,11.7188,3.0,0,0,0.245117,9,2,3,9.4615,0.0,0,Draw,1
2018,5,1,1.89955,16,3,3,5.25,2.0,0,1,0.635046,3,2,1,11.6,3.0,1,Draw,1
2018,5,4,2.18312,14,8,4,7.8438,1.0,0,1,0.700141,7,3,2,17.25,1.0,1,Home Win,0
2018,5,3,1.70571,13,7,4,17.375,2.0,0,0,0.563755,12,4,4,12.3,1.0,1,Home Win,0
2018,5,2,2.22891,14,6,5,11.0435,1.0,0,1,0.557262,15,5,8,8.24,2.0,0,Home Win,0
2018,5,2,1.03242,8,3,8,7.5789,1.0,0,2,1.67594,7,2,4,14.1739,1.0,0,Draw,1
2018,5,0,1.93732,29,9,10,7.6129,0.0,0,1,0.413102,8,1,5,13.4348,2.0,0,Away Win,2
2018,5,2,1.1751,14,6,3,10.1875,1.0,1,4,2.55182,7,5,4,5.3333,3.0,1,Away Win,2
2018,5,1,0.762905,6,3,4,20.9333,0.0,1,0,1.51191,17,4,5,8.0556,1.0,0,Home Win,0
2018,5,0,0.904946,15,2,9,8.5,0.0,0,2,1.24948,9,4,5,12.8,3.0,0,Away Win,2
2018,5,1,2.05332,23,5,11,8.16,3.0,0,2,1.02165,5,4,4,17.2308,2.0,1,Away Win,2
2018,5,0,1.01568,21,6,5,11.5,0.0,0,1,0.469098,9,3,5,23.2,0.0,0,Away Win,2
2018,5,2,1.42569,10,5,1,11.1667,1.0,0,3,1.29618,14,5,3,9.64,2.0,0,Away Win,2
2018,5,0,0.737428,19,5,14,5.9615,3.0,0,0,0.325126,9,2,1,20.6154,2.0,0,Draw,1
2018,5,2,2.64705,16,8,6,12.381,0.0,0,0,0.448128,8,1,5,9.5455,3.0,0,Home Win,0
2018,5,2,1.85881,8,4,1,7.6875,1.0,0,3,1.82074,15,5,5,9.2727,1.0,0,Away Win,2
2018,5,2,1.44867,7,4,3,14.6471,1.0,0,3,2.81999,18,9,3,9.16,2.0,0,Away Win,2
2018,5,3,0.987408,15,4,8,12.375,2.0,0,3,1.4185,15,5,3,9.25,0.0,0,Draw,1
2018,5,2,1.82361,18,4,2,13.2917,1.0,2,2,1.00941,17,6,4,5.5882,2.0,0,Draw,1
2018,5,1,1.2955,13,3,4,6.7692,2.0,0,3,1.54749,14,6,6,12.6957,2.0,0,Away Win,2
2018,5,4,2.10486,17,6,8,6.6061,1.0,0,0,0.14654,2,0,1,24.1333,1.0,0,Home Win,0
2018,5,1,0.344069,10,3,5,14.2,1.0,0,1,0.756661,7,1,5,8.0,2.0,0,Draw,1
2018,5,0,0.822305,12,6,7,3.4857,3.0,0,0,0.426507,7,0,7,11.52,4.0,0,Draw,1
2018,5,2,1.43287,13,4,3,9.0,4.0,0,1,1.04178,9,2,2,8.7879,1.0,0,Home Win,0
2018,5,4,2.6433,16,9,7,9.2609,1.0,0,0,0.8923,11,2,4,18.619,1.0,0,Home Win,0
2018,5,1,1.04734,13,6,6,7.04,2.0,0,1,0.411114,12,2,3,8.6452,3.0,0,Draw,1
2018,5,0,0.613569,16,4,4,20.1765,1.0,0,0,0.419431,7,0,4,6.625,2.0,0,Draw,1
2018,5,1,2.05919,18,5,6,8.25,1.0,0,3,0.812676,11,6,4,8.0909,4.0,0,Away Win,2
2018,5,2,0.703161,11,8,4,9.1034,3.0,0,1,1.2322,11,4,1,5.3333,4.0,0,Home Win,0
2018,5,1,1.71296,15,4,5,7.5455,1.0,0,1,0.776658,9,2,5,15.1667,2.0,0,Draw,1
2018,5,1,1.67209,12,5,6,13.7241,3.0,0,0,0.311974,9,2,5,9.2174,2.0,0,Home Win,0
2018,5,0,1.06301,11,2,9,12.96,1.0,0,0,0.154099,6,0,3,6.5357,1.0,0,Draw,1
2018,5,1,1.29214,14,4,9,13.8571,2.0,0,3,1.57303,15,6,4,9.7619,3.0,0,Away Win,2
2018,5,2,3.12231,23,7,9,8.5238,2.0,0,1,0.307587,9,2,6,6.6129,3.0,0,Home Win,0
2018,5,3,1.07472,13,6,1,8.0741,1.0,0,1,0.672883,8,3,1,10.7143,4.0,0,Home Win,0
2018,5,4,2.17661,17,5,3,15.4167,1.0,0,2,0.799911,9,3,7,16.1053,2.0,1,Home Win,0
2018,5,2,0.730869,12,3,9,9.0,0.0,0,1,1.83024,16,2,6,8.9048,2.0,1,Home Win,0
2018,5,1,0.891123,7,3,3,10.5,1.0,0,0,2.01084,16,7,4,3.5135,3.0,1,Home Win,0
2018,5,2,0.8109,11,3,4,17.0769,2.0,0,2,2.0286,16,6,6,11.037,2.0,1,Draw,1
2018,5,0,1.93189,30,6,8,8.3824,2.0,1,3,2.46562,16,5,2,21.5,2.0,1,Away Win,2
2018,5,3,1.27899,13,5,3,10.7037,3.0,1,2,0.81086,9,5,2,17.2778,3.0,0,Home Win,0
2018,5,0,0.64811,7,0,5,5.92,1.0,0,1,0.353164,6,3,4,19.8235,2.0,0,Away Win,2
2018,5,1,0.867099,10,3,8,10.6667,1.0,0,2,1.50808,12,5,8,7.0938,2.0,0,Away Win,2
2018,5,0,0.922377,7,2,4,4.5833,3.0,0,0,0.355414,9,3,3,15.4,3.0,0,Draw,1
2018,5,4,3.65268,15,7,8,5.5,0.0,0,1,0.326745,9,3,4,22.7368,1.0,0,Home Win,0
2018,5,2,1.09674,20,6,4,11.875,1.0,0,3,2.23179,14,8,2,14.4706,2.0,0,Away Win,2
2018,5,0,0.366935,11,4,1,6.0667,3.0,0,1,1.49767,11,5,4,24.25,3.0,0,Away Win,2
2018,5,1,1.44696,12,4,7,7.7308,2.0,0,0,0.247116,7,2,4,17.6154,2.0,1,Home Win,0
2018,5,3,2.94559,16,4,5,15.5294,1.0,0,0,0.424331,8,3,2,8.7917,3.0,0,Home Win,0
2018,5,1,2.16048,20,7,10,9.625,3.0,0,1,1.00631,19,4,10,10.25,4.0,0,Draw,1
2018,5,0,0.34909,9,1,3,16.8261,3.0,1,3,3.19562,21,8,7,7.6897,2.0,0,Away Win,2
2018,5,3,2.65101,19,6,4,6.2083,2.0,0,0,0.941051,11,3,1,11.2222,3.0,0,Home Win,0
2018,5,0,0.63867,9,0,7,6.0625,2.0,0,0,0.205687,7,3,1,7.5926,3.0,0,Draw,1
2018,5,1,2.45218,22,7,7,6.4231,1.0,0,1,0.278664,5,2,3,15.3158,4.0,1,Draw,1
2018,5,3,0.748818,7,5,0,9.8077,1.0,0,0,1.0504,14,1,5,7.5152,3.0,0,Home Win,0
2018,5,2,2.03551,16,5,6,14.25,0.0,0,0,1.85855,20,7,3,10.2,1.0,0,Home Win,0
2018,5,1,0.301024,8,2,6,7.9459,0.0,0,0,0.371877,10,3,2,7.8148,0.0,0,Home Win,0
2018,5,2,2.15923,24,6,6,10.4375,1.0,0,2,1.30474,9,4,1,23.7692,5.0,0,Draw,1
2018,5,3,1.75432,16,7,4,10.8421,1.0,0,0,0.701317,12,2,6,10.9355,1.0,0,Home Win,0
2018,5,1,0.757802,7,2,3,16.0455,0.0,1,1,1.08337,11,5,4,9.2917,3.0,1,Draw,1
2018,5,3,0.792513,12,5,1,23.3077,2.0,0,1,1.33367,7,2,4,9.1364,1.0,0,Home Win,0
2018,5,2,1.4975,17,6,4,7.2593,3.0,0,0,0.536643,7,2,2,11.9286,5.0,0,Home Win,0
2018,5,1,0.390296,8,2,2,12.7273,5.0,1,2,1.01659,11,4,3,10.3913,1.0,0,Away Win,2
2018,5,0,0.760306,17,5,9,5.6818,1.0,0,0,1.4833,9,3,1,16.2,1.0,0,Draw,1
2018,5,1,1.19251,13,2,3,13.3846,1.0,0,1,0.732437,11,2,2,4.7143,2.0,0,Draw,1
2018,5,5,4.4359,14,8,2,8.2903,2.0,1,0,1.63396,16,6,10,9.6552,4.0,1,Home Win,0
2018,5,0,0.663293,5,2,3,6.6333,0.0,0,0,0.420901,7,2,2,27.2857,0.0,0,Draw,1
2018,5,1,1.51825,17,7,10,7.3571,2.0,0,2,1.94079,8,3,5,11.7778,2.0,0,Away Win,2
2018,5,2,1.71752,13,5,7,8.619,1.0,0,0,1.39758,23,6,7,13.8,2.0,0,Home Win,0
2018,5,2,1.87946,13,4,2,11.5152,2.0,0,0,0.824068,12,3,3,21.8,3.0,0,Home Win,0
2018,5,4,2.70942,17,9,4,10.963,3.0,0,0,0.540454,5,2,3,11.0,1.0,0,Home Win,0
2018,5,0,0.664719,14,3,5,13.1053,3.0,0,1,0.477268,9,1,7,20.0556,1.0,0,Away Win,2
2018,5,5,2.50391,16,8,10,10.2273,0.0,0,0,0.573532,8,2,5,15.8636,0.0,0,Home Win,0
2018,5,1,1.03372,12,5,8,6.0333,1.0,0,1,1.62653,17,7,6,9.0,0.0,0,Draw,1
2018,5,1,1.76728,9,2,2,10.4615,1.0,0,1,2.01595,15,5,4,11.0714,1.0,0,Draw,1
2018,5,2,0.819667,8,5,4,12.3478,2.0,0,1,1.35931,12,5,6,17.6154,3.0,1,Home Win,0
2018,5,1,1.03691,18,8,10,6.2083,1.0,0,2,1.6779,12,5,2,9.6667,2.0,0,Away Win,2
2018,5,1,1.01309,14,4,7,22.4737,2.0,1,2,1.73098,9,5,0,6.1818,5.0,0,Away Win,2
2018,5,0,1.67819,27,9,5,10.7037,2.0,0,1,1.16671,13,2,2,12.1818,3.0,0,Away Win,2
2018,5,1,1.20639,10,4,6,19.375,1.0,0,1,1.33564,12,5,5,10.3125,1.0,0,Draw,1
2018,5,1,0.613536,11,4,9,7.5185,0.0,0,0,0.248162,5,1,4,9.8,2.0,0,Home Win,0
2018,5,2,1.31423,12,5,6,11.9231,2.0,0,2,0.476065,11,3,4,10.8182,3.0,0,Draw,1
2018,5,1,1.32474,13,6,7,11.05,1.0,0,1,1.21742,13,5,4,10.1818,3.0,0,Draw,1
2018,5,0,0.512686,11,5,11,3.6563,3.0,0,2,0.225626,6,3,2,14.2609,2.0,0,Away Win,2
2018,5,0,1.13389,15,4,5,10.9545,2.0,0,3,1.64491,22,8,7,12.1429,1.0,0,Away Win,2
2018,5,0,0.480784,12,2,5,17.0,4.0,0,2,1.47049,13,6,7,6.8485,2.0,0,Away Win,2
2018,5,1,1.3999,12,3,2,9.6316,1.0,0,2,2.61648,22,9,4,11.3913,2.0,0,Away Win,2
2018,5,0,1.27921,23,7,7,3.1935,1.0,0,4,2.02604,11,6,3,15.2381,0.0,0,Away Win,2
2018,5,1,0.287615,6,2,5,10.5185,1.0,0,1,1.08818,17,3,5,8.6098,1.0,0,Draw,1
2018,5,3,1.20106,14,6,2,11.7,0.0,0,0,1.31501,11,2,6,10.2273,3.0,0,Home Win,0
2018,5,5,2.4544,19,10,8,11.7895,0.0,0,0,0.16042,4,0,5,12.5,2.0,0,Home Win,0
2018,5,1,1.24182,7,4,1,14.6667,1.0,0,0,0.702143,13,7,4,10.5313,0.0,0,Home Win,0
2018,5,2,2.33789,19,5,8,4.2,2.0,0,1,0.926791,6,2,0,14.4074,3.0,0,Home Win,0
2018,5,1,1.10683,8,4,2,16.4583,0.0,1,0,1.02637,5,1,4,4.6957,3.0,1,Home Win,0
2018,5,4,2.07401,18,9,9,7.1667,1.0,0,3,1.65241,10,6,5,18.3684,1.0,0,Home Win,0
2018,5,1,1.10891,18,2,10,8.7222,2.0,0,1,1.10788,6,2,3,43.7778,1.0,0,Draw,1
2018,5,1,1.16521,11,3,5,22.1176,1.0,0,0,0.268513,10,3,3,7.931,2.0,0,Home Win,0
2018,5,0,1.50911,16,6,3,8.6667,4.0,0,0,0.302412,9,1,6,10.8077,3.0,0,Draw,1
2018,5,2,1.29165,9,2,6,12.3077,1.0,0,4,1.50726,19,6,0,5.68,2.0,0,Away Win,2
2018,5,2,2.89061,16,3,10,10.1739,0.0,0,0,0.304655,10,3,4,10.3333,2.0,0,Home Win,0
2018,5,0,1.00634,8,3,4,18.1579,4.0,2,1,1.11076,13,8,6,5.1304,5.0,0,Away Win,2
2018,5,1,1.88164,14,4,8,5.5714,4.0,0,1,0.184793,7,3,4,9.3636,3.0,0,Draw,1
2018,5,2,1.30361,14,5,5,6.5652,3.0,0,0,0.7083,14,3,6,7.2821,1.0,0,Home Win,0
2018,5,0,1.46625,23,6,7,10.9545,3.0,0,1,0.703611,7,2,3,8.7619,1.0,0,Away Win,2
2018,5,0,1.30563,22,8,7,4.027,0.0,0,0,0.137134,4,1,0,22.1111,2.0,0,Draw,1
2018,5,0,1.15132,15,2,6,13.5926,0.0,0,4,3.96363,14,9,9,5.5333,0.0,0,Away Win,2
2018,5,1,0.994152,9,3,5,13.1667,2.0,0,3,1.84765,21,9,8,9.0417,2.0,0,Away Win,2
2018,5,0,0.789079,8,1,7,11.8667,2.0,0,1,0.845589,10,4,4,7.9667,3.0,0,Away Win,2
2018,5,0,0.836819,14,4,6,8.9615,2.0,0,0,0.356882,11,0,6,11.5455,1.0,0,Draw,1
2018,5,1,0.649858,13,1,6,8.4762,1.0,1,0,1.31216,16,3,8,8.7742,2.0,0,Home Win,0
2018,5,2,2.46441,15,4,2,11.3158,3.0,0,2,1.48787,16,7,5,13.85,1.0,0,Draw,1
2018,5,2,1.07478,10,3,5,14.2941,1.0,0,1,1.26231,6,4,2,7.84,4.0,0,Home Win,0
2018,5,1,1.71842,9,2,7,7.9412,0.0,0,0,0.557678,11,3,6,38.3333,0.0,0,Home Win,0
2018,5,2,0.888644,11,4,4,12.5556,1.0,0,0,0.297641,9,2,12,8.1111,4.0,0,Home Win,0
2018,5,1,1.63216,24,8,8,8.3333,2.0,0,1,1.01835,7,1,2,24.4,3.0,0,Draw,1
2018,5,0,0.726506,12,4,7,4.6,3.0,1,1,1.10329,14,3,8,23.5333,1.0,0,Away Win,2
2018,5,0,1.0441,12,2,4,31.0,1.0,0,0,0.616059,10,1,1,11.0526,1.0,0,Draw,1
2018,5,2,0.998116,13,6,4,21.2222,2.0,0,2,2.54317,18,5,6,4.08,1.0,0,Draw,1
2018,5,0,0.682463,16,5,13,4.1613,2.0,0,0,0.510439,12,4,1,22.1875,1.0,0,Draw,1
2018,5,1,0.730635,13,2,4,31.25,0.0,0,2,1.38205,15,3,3,11.3182,0.0,0,Away Win,2
2018,5,3,2.01592,13,7,5,12.6471,1.0,0,0,0.737512,8,1,2,9.375,4.0,0,Home Win,0
2018,5,1,0.579518,12,2,10,11.5769,3.0,0,4,3.47771,14,8,3,24.3636,1.0,0,Away Win,2
2018,5,3,2.78933,16,4,8,4.3333,1.0,0,0,0.382165,7,1,1,15.7619,2.0,0,Home Win,0
2018,5,2,0.794616,12,3,2,23.4706,1.0,1,2,2.01627,14,5,5,5.0,3.0,0,Draw,1
2018,5,1,1.84283,11,4,6,19.0,1.0,0,1,0.806956,8,3,2,14.1304,2.0,0,Draw,1
2018,5,2,0.645329,18,4,4,12.5758,1.0,0,2,1.54367,9,2,4,6.6774,2.0,0,Draw,1
2018,5,0,0.82747,16,4,8,5.1081,2.0,0,1,2.01852,13,6,8,8.9615,2.0,0,Away Win,2
2018,5,0,1.40536,15,8,5,7.5652,1.0,0,2,1.54472,10,2,2,13.2414,0.0,0,Away Win,2
2018,5,0,0.710707,15,2,5,7.7143,2.0,1,2,1.77175,6,4,2,14.5789,3.0,0,Away Win,2
2018,5,3,2.49424,13,5,3,18.8125,2.0,0,2,1.93225,14,4,7,8.2121,3.0,0,Home Win,0
2018,5,1,0.783167,10,3,0,10.7,1.0,0,2,2.56928,23,7,6,8.16,3.0,0,Away Win,2
2018,5,2,0.258741,9,3,2,4.6,6.0,1,1,0.901172,19,8,9,9.3793,1.0,0,Home Win,0
2018,5,3,1.47772,11,4,8,7.9655,0.0,0,2,1.09463,8,3,7,6.9565,1.0,0,Home Win,0
2018,5,0,2.32239,16,5,7,8.7778,3.0,0,0,0.25499,8,2,2,23.9091,1.0,1,Draw,1
2018,5,0,1.55092,22,7,10,8.4762,3.0,0,1,1.2521,7,3,3,7.72,6.0,1,Away Win,2
2018,5,1,0.98684,4,2,3,20.8,2.0,0,1,2.3422,20,5,11,5.75,3.0,0,Draw,1
2018,5,1,2.30506,19,8,9,9.3462,1.0,0,2,0.399046,9,4,7,9.6667,0.0,0,Away Win,2
2018,5,1,1.12624,18,2,12,4.2857,1.0,1,2,1.57965,11,3,0,7.3158,4.0,0,Away Win,2
2018,5,1,1.68774,12,3,5,5.25,1.0,0,1,1.18633,8,3,4,8.7429,3.0,0,Draw,1
2018,5,1,0.989003,13,5,10,12.6154,2.0,0,1,1.25386,6,2,2,19.625,2.0,1,Draw,1
2018,5,1,0.79587,11,2,5,7.7895,0.0,0,0,0.551147,11,3,4,11.5789,0.0,0,Home Win,0
2018,5,5,3.81116,18,9,8,8.4231,2.0,0,1,1.01559,15,7,3,20.1818,1.0,0,Home Win,0
2018,5,2,2.99488,21,10,8,24.1818,1.0,0,0,0.494817,9,4,4,9.963,2.0,0,Home Win,0
2018,5,2,1.91237,11,5,4,12.1579,0.0,0,1,1.15355,15,4,2,14.1579,0.0,0,Home Win,0
2018,5,2,1.20496,10,4,8,12.1667,1.0,0,2,0.272896,5,3,4,13.3704,1.0,0,Draw,1
2018,5,2,0.912447,6,4,4,24.3636,4.0,0,2,1.64178,23,5,10,5.6364,3.0,0,Draw,1
2018,5,0,1.67735,21,5,4,9.04,0.0,0,0,0.225282,7,2,7,27.3333,1.0,0,Draw,1
2018,5,2,1.44798,13,7,2,10.2727,2.0,0,1,1.38531,8,3,3,5.3429,2.0,0,Home Win,0
2018,5,0,0.337468,9,2,3,16.9655,2.0,0,4,2.75884,16,7,5,14.0556,1.0,0,Away Win,2
2018,5,2,1.13952,7,2,7,16.95,2.0,0,1,1.41986,17,3,4,6.9565,3.0,0,Home Win,0
2018,5,3,2.3216,21,11,7,6.8261,1.0,0,0,0.0994342,4,1,1,35.8333,2.0,1,Home Win,0
2018,5,1,2.12989,24,7,4,6.7714,3.0,0,0,0.186472,6,1,2,26.9333,2.0,1,Home Win,0
2018,5,2,1.65677,16,5,4,4.0,1.0,0,0,0.954317,9,2,3,14.7895,2.0,1,Home Win,0
2018,5,1,2.24971,23,7,7,11.5294,2.0,1,1,1.54512,11,4,6,12.0833,3.0,1,Draw,1
2018,5,2,1.21197,17,6,6,3.6667,3.0,0,3,0.799215,7,6,2,20.5833,3.0,1,Away Win,2
2018,5,2,0.766134,12,5,6,7.4063,1.0,0,1,0.491204,5,3,3,8.3846,1.0,0,Home Win,0
2018,5,1,2.20776,15,4,6,16.9524,1.0,0,1,1.6101,14,2,4,6.9394,3.0,0,Draw,1
2018,5,1,0.477339,9,4,6,12.0952,0.0,0,1,0.348658,8,4,6,8.8235,2.0,0,Draw,1
2018,5,1,1.21833,17,5,6,11.2,3.0,0,2,1.66998,6,3,7,7.3871,4.0,0,Away Win,2
2018,5,0,0.516533,6,2,8,4.6364,2.0,0,2,1.05145,9,3,6,8.9394,4.0,0,Away Win,2
2018,5,1,0.915284,13,5,6,11.2963,2.0,0,1,0.406306,10,3,2,8.52,1.0,0,Draw,1
2018,5,1,2.39798,23,3,9,8.1304,2.0,0,0,0.468203,11,2,1,15.3913,0.0,0,Home Win,0
2018,5,2,1.74452,19,11,10,4.5625,3.0,0,2,0.412006,7,2,2,11.0357,3.0,0,Draw,1
2018,5,4,3.07216,13,7,2,8.8214,1.0,0,0,0.716404,18,6,7,9.0,2.0,0,Home Win,0
2018,5,3,2.19805,18,9,5,6.0588,4.0,0,0,0.759878,7,2,3,7.6563,3.0,0,Home Win,0
2018,5,2,2.16724,11,5,2,9.8788,2.0,0,0,1.56494,9,4,4,7.9063,0.0,0,Home Win,0
2018,5,0,0.562421,10,2,9,10.0294,0.0,0,1,0.565001,4,2,4,10.9048,1.0,0,Away Win,2
2018,5,1,1.17326,15,5,8,6.6,0.0,0,1,1.01755,9,5,0,21.4118,1.0,0,Draw,1
2018,5,0,1.38738,22,3,4,5.3421,5.0,0,1,0.282378,6,1,3,9.4615,3.0,0,Away Win,2
2018,5,1,1.63508,9,3,5,10.0,2.0,0,0,1.62458,18,4,5,8.7188,3.0,0,Home Win,0
2018,5,3,1.76356,16,6,9,13.5263,1.0,0,1,1.58031,11,4,2,14.1176,2.0,0,Home Win,0
2018,5,1,1.49547,17,4,7,10.8571,1.0,0,2,1.59408,12,5,4,16.1333,1.0,0,Away Win,2
2018,5,0,0.280069,4,1,1,22.2667,3.0,1,3,2.45409,20,9,8,3.6571,0.0,0,Away Win,2
2018,5,1,1.25049,9,3,4,11.2632,3.0,0,3,3.05098,12,7,2,8.9355,1.0,1,Away Win,2
2018,5,1,0.676429,13,7,3,10.7407,2.0,0,1,1.54415,13,6,7,6.12,0.0,0,Draw,1
2018,5,1,1.56381,14,3,6,8.0,2.0,0,1,0.845128,8,3,3,17.25,1.0,0,Draw,1
2018,5,0,0.768295,16,1,6,10.2857,2.0,0,0,0.339628,13,3,0,12.913,2.0,0,Draw,1
2018,5,9,5.85948,26,12,8,5.1143,1.0,0,0,0.0286998,2,0,1,31.125,0.0,0,Home Win,0
2018,5,1,1.29292,11,2,2,12.8065,0.0,0,1,1.0655,9,5,7,9.8,3.0,0,Draw,1
2018,5,1,0.918151,10,5,3,16.9545,4.0,1,5,1.61975,16,6,7,18.125,2.0,1,Away Win,2
2018,5,0,0.847241,18,6,8,6.7308,3.0,0,1,1.07431,11,4,2,10.5882,1.0,0,Away Win,2
2018,5,1,0.198071,4,3,3,17.7222,2.0,0,0,1.14784,13,4,6,11.2381,3.0,0,Home Win,0
2018,5,1,1.56037,13,5,2,4.5172,3.0,0,0,0.894868,10,3,2,33.1818,3.0,1,Home Win,0
2018,5,0,0.404407,9,4,5,14.15,6.0,1,1,1.08581,9,1,4,8.3043,3.0,0,Away Win,2
2018,5,2,2.42512,17,3,4,6.4828,0.0,0,1,0.372963,2,1,3,12.2083,3.0,0,Home Win,0
2018,5,1,3.05035,15,9,4,8.4571,2.0,0,2,2.23643,23,7,4,5.4815,2.0,0,Away Win,2
2018,5,0,0.667387,12,2,3,10.0667,1.0,0,1,1.24157,18,11,4,5.3846,3.0,0,Away Win,2
2018,5,2,1.19659,11,6,4,10.4138,1.0,0,0,0.282962,9,1,3,11.875,1.0,0,Home Win,0
2018,5,1,0.607173,15,5,9,9.0606,5.0,1,2,2.01792,9,3,6,19.1667,3.0,0,Away Win,2
2018,5,0,0.444499,7,2,4,8.5357,1.0,1,1,0.658018,7,3,4,10.7778,2.0,0,Away Win,2
2018,5,2,1.41651,13,7,3,10.6154,3.0,0,0,1.36922,18,5,5,9.8636,2.0,1,Home Win,0
2018,5,1,0.540997,10,5,5,7.5172,2.0,0,0,0.576044,10,1,4,10.2174,2.0,0,Home Win,0
2018,5,4,2.8581,16,7,2,10.7083,1.0,0,1,0.997637,10,3,1,20.65,2.0,0,Home Win,0
2018,5,2,1.72169,15,7,6,6.5,1.0,0,0,0.689154,14,7,4,10.1556,3.0,0,Home Win,0
2018,5,1,1.65404,13,3,7,13.8947,2.0,1,1,1.82915,10,4,6,18.7692,1.0,1,Draw,1
2018,5,0,1.46217,14,4,4,9.5833,1.0,0,0,1.33953,13,3,5,16.5556,1.0,0,Draw,1
2018,5,0,0.460068,14,1,4,8.8125,4.0,0,1,1.32567,14,5,8,15.6471,3.0,1,Away Win,2
2018,5,4,2.38345,15,7,4,16.1724,2.0,0,0,0.504972,5,2,1,18.875,0.0,1,Home Win,0
2018,5,2,1.25415,13,3,6,10.0741,2.0,0,1,0.842206,10,3,5,10.0,3.0,0,Home Win,0
2018,5,1,0.489402,12,5,5,6.8065,2.0,0,1,0.733137,11,4,3,2.7727,1.0,0,Draw,1
2018,5,2,0.600538,9,4,6,22.9167,3.0,0,1,1.03793,14,5,5,6.9697,0.0,0,Home Win,0
2018,5,1,1.92834,15,4,7,12.9444,1.0,0,0,0.681757,9,1,4,13.0,3.0,0,Home Win,0
2018,5,2,1.73664,11,6,3,7.8095,0.0,0,1,0.83933,9,2,4,10.6857,5.0,0,Home Win,0
2018,5,0,1.3793,11,4,8,5.5313,2.0,0,0,1.2912,13,1,7,10.2188,2.0,0,Draw,1
2018,5,1,1.37192,12,5,4,16.3,0.0,0,0,0.359499,7,2,8,11.75,0.0,0,Home Win,0
2018,5,2,3.40975,14,10,6,15.5652,1.0,0,1,1.61516,16,9,8,12.5909,2.0,0,Home Win,0
2018,5,1,0.830006,10,1,4,8.1667,0.0,0,0,0.385482,11,4,2,9.92,0.0,0,Home Win,0
2018,5,1,1.22126,10,4,3,17.1579,3.0,0,2,1.26922,18,8,12,4.7273,3.0,0,Away Win,2
2018,5,0,0.590045,7,1,7,8.697,2.0,0,2,1.33904,9,3,4,10.7,1.0,0,Away Win,2
2018,5,2,1.59524,11,3,5,10.7619,1.0,0,2,1.60449,10,5,3,9.65,6.0,1,Draw,1
2018,5,2,1.83127,16,4,9,5.1111,1.0,0,4,1.85321,13,4,4,17.4211,2.0,0,Away Win,2
2018,5,1,1.5374,11,4,4,22.25,2.0,0,0,2.46454,23,5,14,9.68,2.0,0,Home Win,0
2018,5,1,2.4199,10,3,4,7.85,3.0,0,0,0.862585,8,3,8,11.7857,3.0,0,Home Win,0
2018,5,1,1.12166,16,7,5,4.3793,2.0,0,2,0.749397,8,3,3,14.8095,3.0,0,Away Win,2
2018,5,3,2.78276,15,5,6,18.8421,0.0,0,0,1.45439,15,3,8,8.7391,4.0,1,Home Win,0
2018,5,1,0.608776,9,3,3,6.1923,2.0,0,1,1.41872,9,3,3,9.8214,4.0,0,Draw,1
2018,5,3,2.26785,12,4,8,36.5625,0.0,0,0,0.484624,13,4,5,7.1667,2.0,0,Home Win,0
2018,5,2,0.793463,8,4,7,10.6087,2.0,0,1,1.86337,20,5,5,4.8333,2.0,0,Home Win,0
2018,5,0,0.52674,10,2,8,12.7,0.0,0,0,0.629274,15,3,6,8.2069,3.0,0,Draw,1
2018,5,0,1.04707,12,3,1,10.3,3.0,0,0,0.654043,8,2,4,40.1111,3.0,0,Draw,1
2018,5,2,1.57413,18,9,7,8.6111,2.0,0,1,1.94709,14,3,2,20.4545,1.0,0,Home Win,0
2018,5,2,1.28871,16,5,3,6.4242,1.0,0,0,1.0545,10,2,6,12.5417,0.0,0,Home Win,0
2018,5,1,1.20791,11,6,2,8.3056,4.0,0,0,0.209983,6,2,3,10.8519,2.0,0,Home Win,0
2018,5,2,0.947223,14,6,5,10.0435,2.0,0,0,0.847362,13,2,4,6.5769,5.0,1,Home Win,0
2018,5,2,0.665264,7,4,2,17.1,1.0,0,0,0.395172,10,1,4,7.12,1.0,0,Home Win,0
2018,5,0,0.565414,11,2,4,19.4211,1.0,0,1,1.25551,11,3,5,7.3125,5.0,0,Away Win,2
2018,5,1,1.66901,11,4,4,14.44,0.0,0,0,0.204022,7,0,4,8.1333,2.0,0,Home Win,0
2018,5,0,0.322809,11,2,4,9.7667,0.0,0,1,0.990687,16,6,5,8.5455,0.0,0,Away Win,2
2018,5,1,0.619943,8,3,6,15.2857,2.0,0,0,0.331604,8,1,2,9.7857,2.0,0,Home Win,0
2018,5,2,1.48978,19,4,5,7.9,0.0,0,4,1.97606,15,8,2,11.6897,1.0,0,Away Win,2
2018,5,1,2.03944,19,8,11,10.44,2.0,0,0,0.15625,7,2,1,9.4706,2.0,0,Home Win,0
2018,5,3,3.96354,21,7,9,4.6667,3.0,0,0,0.655467,8,3,7,19.913,0.0,0,Home Win,0
2018,5,1,1.06207,16,3,7,5.5,4.0,0,1,0.464577,9,2,2,8.25,3.0,1,Draw,1
2018,5,1,0.390051,9,2,6,13.15,1.0,0,1,1.16066,15,5,2,18.5625,1.0,0,Draw,1
2018,5,1,1.37742,12,8,6,7.0909,2.0,0,1,2.12374,13,4,2,10.8889,3.0,1,Draw,1
2018,5,2,0.828373,11,5,3,7.814,3.0,0,0,1.45564,9,3,6,7.8077,1.0,0,Home Win,0
2018,5,2,1.21225,10,4,6,9.5,1.0,0,2,2.06668,8,2,3,13.15,1.0,0,Draw,1
2018,5,2,1.19865,13,4,2,22.3125,2.0,0,2,1.48671,12,5,3,8.55,3.0,0,Draw,1
2018,5,1,1.2022,15,4,12,7.4444,1.0,0,2,2.07677,8,5,2,12.1154,1.0,0,Away Win,2
2018,5,1,0.706972,7,2,2,16.0476,2.0,0,2,4.04015,25,7,8,3.4063,1.0,0,Away Win,2
2018,5,0,0.814976,7,1,3,8.5714,1.0,0,0,0.925699,9,3,1,8.1053,2.0,0,Draw,1
2018,5,1,0.755393,14,1,9,7.0909,0.0,0,0,0.279519,6,1,5,9.52,1.0,0,Home Win,0
2018,5,5,3.78139,22,10,8,6.1786,0.0,0,1,0.44588,5,2,1,11.8929,2.0,1,Home Win,0
2018,5,2,2.5842,12,7,3,12.4444,2.0,0,0,0.226702,6,1,5,9.8519,2.0,0,Home Win,0
2018,5,1,1.37605,9,2,5,20.0714,0.0,1,0,0.387812,10,1,3,10.3871,0.0,1,Home Win,0
2018,5,3,1.4484,19,8,5,13.7391,2.0,1,1,0.816818,7,2,3,9.4583,2.0,1,Home Win,0
2018,5,2,0.590414,17,7,5,8.6,1.0,0,2,3.36381,21,8,6,9.8824,2.0,0,Draw,1
2018,5,1,1.6201,19,4,8,5.7368,1.0,0,0,0.508737,4,0,2,16.5,2.0,1,Home Win,0
2018,5,3,1.89298,11,6,5,7.8519,2.0,0,1,0.179397,5,1,4,18.9375,4.0,1,Home Win,0
2018,5,0,0.309982,6,1,9,4.5882,4.0,2,1,1.56667,14,8,4,6.6,3.0,0,Away Win,2
2018,5,3,1.98839,15,8,4,15.8077,1.0,0,2,0.60586,9,6,4,5.64,3.0,0,Home Win,0
2018,5,1,0.762295,16,9,4,6.303,5.0,0,1,1.56603,9,3,3,17.5882,2.0,0,Draw,1
2018,5,2,1.13122,8,4,5,11.125,3.0,0,2,1.09374,12,6,8,7.3333,0.0,1,Draw,1
2018,5,2,2.30832,21,6,4,6.0,2.0,1,1,0.756547,14,2,5,5.8182,1.0,0,Home Win,0
2018,5,1,0.829466,5,1,4,11.08,1.0,1,1,2.87131,26,5,6,6.0455,1.0,0,Draw,1
2018,5,1,0.667651,12,6,9,5.2373,2.0,0,0,0.506387,6,1,0,12.64,1.0,0,Home Win,0
2018,5,1,0.568493,10,2,7,8.8696,4.0,0,0,0.290251,7,1,3,8.2258,3.0,1,Home Win,0
2018,5,2,2.35969,15,4,7,5.5652,4.0,0,2,0.548576,6,2,1,15.7647,5.0,0,Draw,1
2018,5,1,0.689083,10,2,2,10.4286,0.0,0,1,1.05922,18,3,6,6.0,2.0,0,Draw,1
2018,5,3,2.62389,23,13,8,7.1786,1.0,0,2,0.739555,10,4,6,16.4583,2.0,0,Home Win,0
2018,5,0,1.41618,11,3,2,8.4091,1.0,0,0,0.513682,8,4,1,6.8889,4.0,0,Draw,1
2018,5,1,1.52147,14,4,3,7.9231,2.0,0,1,0.83608,10,3,9,9.04,3.0,0,Draw,1
2018,5,0,1.82457,12,3,5,6.6875,3.0,0,1,2.02122,12,8,3,11.7692,2.0,0,Away Win,2
2018,5,0,0.0268116,2,1,0,9.9,0.0,0,5,2.3696,13,7,8,8.4848,0.0,0,Away Win,2
2018,5,1,1.20641,14,2,6,9.7727,0.0,0,0,0.415835,12,4,4,12.8824,2.0,0,Home Win,0
2018,5,3,1.23552,9,7,7,8.9286,4.0,0,1,0.189011,3,2,3,16.7917,3.0,1,Home Win,0
2018,5,2,0.969941,11,5,3,13.6471,4.0,1,2,2.18504,14,4,7,13.4231,1.0,0,Draw,1
2018,5,0,0.616458,14,1,8,11.56,3.0,1,1,0.762646,12,6,5,18.75,1.0,0,Away Win,2
2018,5,0,0.663195,12,3,7,8.0909,1.0,0,0,0.543639,5,0,1,6.8929,3.0,0,Draw,1
2018,5,2,2.20428,14,9,5,6.6818,3.0,0,1,1.66277,14,6,7,10.0357,4.0,0,Home Win,0
2018,5,0,1.34197,12,2,2,11.12,2.0,0,1,1.9168,18,5,6,5.5313,3.0,0,Away Win,2
2018,5,0,1.58473,24,6,13,6.5882,1.0,0,1,0.614797,7,2,0,15.125,2.0,0,Away Win,2
2018,5,2,1.8751,8,2,3,9.7727,2.0,0,3,2.62697,10,3,6,8.1667,3.0,0,Away Win,2
2018,5,2,2.21619,17,7,5,12.45,0.0,0,0,0.48982,8,3,8,18.4375,2.0,0,Home Win,0
2018,5,0,1.1462,9,3,6,14.5,2.0,0,1,1.21757,10,4,6,4.2105,1.0,0,Away Win,2
2018,5,4,2.46941,13,9,4,15.5625,2.0,1,0,0.996951,10,3,9,8.625,3.0,0,Home Win,0
2018,5,2,1.16144,5,4,1,14.5263,2.0,1,2,2.00231,26,6,7,8.2,2.0,0,Draw,1
2018,5,1,2.91718,14,5,4,5.8148,3.0,0,0,0.749901,19,1,5,17.25,1.0,1,Home Win,0
2018,5,1,1.25379,10,3,6,17.1,2.0,0,1,0.922252,11,4,4,12.2105,2.0,0,Draw,1
2018,5,2,2.68148,21,6,10,7.15,0.0,0,2,0.620221,9,4,5,31.4545,2.0,0,Draw,1
2018,5,2,1.08376,13,7,4,6.5161,1.0,0,0,0.18775,5,1,2,10.5294,4.0,0,Home Win,0
2018,5,3,1.97361,17,9,4,14.44,3.0,0,3,2.1258,7,5,2,12.25,4.0,0,Draw,1
2018,5,2,1.53461,7,7,1,17.8889,2.0,1,0,1.52509,21,5,11,6.1429,3.0,0,Home Win,0
2018,5,1,0.507481,11,2,3,11.8333,4.0,0,1,2.00597,18,5,9,4.4348,5.0,0,Draw,1
2018,5,1,3.78821,27,6,8,6.3478,1.0,0,3,1.1788,8,3,3,13.087,2.0,0,Away Win,2
2018,5,1,1.3882,14,5,6,14.4211,1.0,0,0,0.585107,16,4,3,12.3929,1.0,0,Home Win,0
2018,5,0,1.31762,18,5,8,7.2,3.0,0,0,0.205846,4,1,1,14.0667,3.0,1,Draw,1
2018,5,0,0.515272,8,2,1,12.96,4.0,0,1,1.20442,13,5,3,11.1429,1.0,0,Away Win,2
2018,5,2,1.2573,14,4,4,7.7391,1.0,0,1,0.998275,8,3,6,12.8462,2.0,0,Home Win,0
2018,5,5,1.98648,15,6,2,18.1053,1.0,0,1,1.27918,10,5,2,13.25,3.0,1,Home Win,0
2018,5,0,1.62135,27,6,18,7.0313,2.0,0,0,0.568613,10,3,3,12.6667,0.0,0,Draw,1
2018,5,2,2.02444,16,5,4,10.0,2.0,0,1,0.214379,6,2,3,7.6538,1.0,0,Home Win,0
2018,5,2,1.07257,14,5,6,17.1053,2.0,0,1,1.16906,11,4,7,8.3529,1.0,0,Home Win,0
2018,5,0,1.06213,14,7,4,12.6071,2.0,0,0,0.482453,7,2,2,16.2,1.0,0,Draw,1
2018,5,3,2.13067,14,6,8,10.7333,2.0,0,0,0.639973,5,1,4,9.6667,0.0,0,Home Win,0
2018,5,3,1.68016,11,6,1,4.8966,1.0,0,3,2.27104,15,5,4,17.7895,2.0,0,Draw,1
2018,5,3,1.07506,12,10,6,12.7037,2.0,0,2,0.868226,10,4,6,4.5714,3.0,0,Home Win,0
2018,5,1,0.992492,9,3,3,9.6087,2.0,0,3,2.38873,15,6,5,5.2727,3.0,0,Away Win,2
2018,5,2,2.88984,24,11,7,10.8095,0.0,0,1,0.447996,11,3,7,22.3182,2.0,0,Home Win,0
2018,5,3,1.31106,10,4,4,9.3043,2.0,0,2,0.49349,8,4,1,13.25,3.0,0,Home Win,0
2018,5,0,2.43168,20,8,11,10.0526,2.0,0,1,0.336975,7,2,4,19.25,3.0,0,Away Win,2
2018,5,2,1.2151,8,2,3,11.6071,0.0,0,1,1.21334,11,2,6,7.1905,4.0,0,Home Win,0
2018,5,0,0.598019,8,1,1,14.4,3.0,0,2,1.74243,14,3,6,13.2,0.0,0,Away Win,2
2018,5,1,0.296585,6,1,3,10.2609,2.0,0,3,2.32593,20,7,5,13.3333,2.0,0,Away Win,2
2018,5,0,0.509305,10,2,2,8.6154,2.0,0,0,1.07885,16,4,3,4.6389,3.0,0,Draw,1
2018,5,3,2.54628,10,5,3,6.1111,0.0,0,1,0.927023,15,4,4,9.6585,1.0,0,Home Win,0
2018,5,0,0.495867,8,1,3,12.1154,1.0,0,0,0.329978,7,1,1,8.2424,3.0,0,Draw,1
2018,5,2,1.98087,14,7,5,7.0645,1.0,0,0,1.55702,12,3,6,10.25,2.0,0,Home Win,0
2018,5,2,1.79066,10,4,5,9.9091,2.0,0,2,0.969653,16,5,9,5.3404,2.0,0,Draw,1
2018,5,3,2.47263,15,5,2,7.6667,4.0,0,0,0.553315,14,3,4,11.4571,3.0,0,Home Win,0
2018,5,3,2.01173,15,9,9,11.0833,3.0,0,2,1.61712,8,3,3,9.0588,4.0,0,Home Win,0
2018,5,1,1.4298,17,2,7,4.75,4.0,0,2,1.41006,14,6,4,13.55,1.0,0,Away Win,2
2018,5,5,2.44144,14,8,1,14.1765,1.0,0,0,0.915687,8,3,4,15.4348,2.0,0,Home Win,0
2018,5,1,1.3218,14,2,5,5.7143,1.0,0,0,0.563943,12,3,3,6.75,4.0,0,Home Win,0
2018,5,2,0.919754,10,2,2,18.1053,3.0,1,3,2.44073,18,5,3,8.7826,3.0,0,Away Win,2
2018,5,1,0.69153,10,5,4,12.5385,0.0,0,1,0.284685,5,4,0,13.88,3.0,0,Draw,1
2018,5,1,2.56298,17,5,9,7.9722,2.0,0,1,1.07144,8,2,1,20.8125,3.0,0,Draw,1
2018,5,0,0.371217,8,2,3,7.7188,3.0,0,3,1.83967,15,5,5,18.6111,2.0,0,Away Win,2
2018,5,1,1.29178,7,4,0,18.15,1.0,0,1,1.79589,13,2,4,8.7742,2.0,0,Draw,1
2018,5,2,1.7182,19,4,6,6.1304,3.0,0,2,1.93129,11,3,6,12.25,3.0,0,Draw,1
2018,5,0,0.441838,10,2,5,6.0526,2.0,0,1,0.736511,9,1,1,14.6207,0.0,0,Away Win,2
2018,5,0,0.380624,10,1,5,3.6875,1.0,0,0,0.0263437,1,0,0,15.9333,4.0,0,Draw,1
2018,5,2,1.67052,20,8,5,7.4615,0.0,0,2,1.90984,13,6,4,20.5,2.0,0,Draw,1
2018,5,2,2.44244,13,5,2,14.0476,3.0,0,3,0.724014,8,3,8,6.5,5.0,0,Away Win,2
2018,5,1,0.557285,13,4,5,7.8333,1.0,0,1,0.184865,4,1,0,6.2069,2.0,0,Draw,1
2018,5,3,1.74317,22,5,3,10.2778,0.0,0,0,0.350505,8,3,2,18.9375,2.0,1,Home Win,0
2018,5,0,0.735648,19,3,3,7.8846,2.0,0,0,0.357155,7,2,3,9.3043,4.0,0,Draw,1
2018,5,1,2.02633,14,4,2,12.3235,0.0,0,2,1.21061,9,4,3,8.2308,0.0,1,Away Win,2
2018,5,3,1.06469,14,10,4,12.05,1.0,0,2,1.63278,15,4,9,5.4375,2.0,0,Home Win,0
2018,5,2,1.29438,11,6,2,11.4828,1.0,0,1,2.20981,17,8,7,11.25,1.0,0,Home Win,0
2018,5,1,0.978483,8,4,3,22.8571,2.0,0,0,0.560038,6,1,4,7.7188,4.0,1,Home Win,0
2018,5,1,1.8569,8,2,4,7.7742,2.0,0,1,2.47631,13,3,1,9.5676,3.0,0,Draw,1
2018,5,1,1.5884,12,4,5,10.9565,1.0,0,0,0.618531,12,5,9,5.7,4.0,0,Home Win,0
2018,5,1,1.23657,7,4,6,9.1053,3.0,1,1,3.01854,23,9,8,9.8333,1.0,0,Draw,1
2018,5,0,0.768847,16,5,11,9.875,3.0,1,1,1.54022,11,4,1,12.68,4.0,1,Away Win,2
2018,5,0,1.21218,17,6,4,6.75,3.0,1,3,1.62093,15,5,1,11.5789,1.0,0,Away Win,2
2018,5,0,0.599441,13,4,10,10.1176,0.0,0,1,1.76216,9,2,0,19.8889,1.0,0,Away Win,2
2018,5,2,2.24663,18,9,5,7.7667,2.0,0,2,2.28203,21,4,5,13.7273,2.0,0,Draw,1
2018,5,5,2.70697,18,12,3,12.4,1.0,0,0,1.4112,13,3,6,9.0,3.0,0,Home Win,0
2018,5,4,3.31397,16,8,4,7.64,3.0,0,0,0.227017,7,2,4,12.68,1.0,0,Home Win,0
2018,5,2,0.853588,9,3,4,6.4857,5.0,0,0,0.920134,9,3,5,6.25,2.0,0,Home Win,0
2018,5,1,0.507096,16,2,4,3.8919,0.0,0,1,0.730524,10,2,3,13.7368,3.0,0,Draw,1
2018,5,4,3.6021,17,7,2,7.625,1.0,0,0,0.584704,13,3,5,28.2941,1.0,0,Home Win,0
2018,5,3,2.08331,9,5,2,8.95,0.0,0,0,0.86802,19,5,9,5.6,3.0,0,Home Win,0
2018,5,0,1.61956,19,6,11,15.4,1.0,0,2,0.9134,11,6,1,12.0435,2.0,0,Away Win,2
2018,5,2,1.9512,19,5,5,16.0,1.0,0,5,2.31775,21,8,9,8.75,2.0,0,Away Win,2
2018,5,2,2.9567,19,9,3,11.069,0.0,0,1,1.21866,16,4,3,7.8095,0.0,0,Home Win,0
2018,5,1,1.67732,14,5,7,25.1667,1.0,0,1,1.2003,15,4,8,6.3929,1.0,0,Draw,1
2018,5,0,1.00444,14,1,6,8.6579,1.0,0,1,1.71414,12,5,3,5.0313,1.0,0,Away Win,2
2018,5,2,1.04483,12,6,4,15.3182,2.0,0,1,0.397508,13,3,5,12.6923,2.0,0,Home Win,0
2018,5,1,1.35474,10,3,7,6.1111,2.0,1,0,0.484752,14,4,13,10.88,0.0,0,Home Win,0
2018,5,0,1.40096,21,1,4,14.9412,2.0,0,1,0.885205,5,1,4,9.8571,1.0,0,Away Win,2
2018,5,2,1.25529,8,2,3,12.7273,2.0,0,0,1.47108,11,4,4,19.6522,3.0,0,Home Win,0
2018,5,2,1.61612,17,8,11,11.75,1.0,0,3,1.4558,19,8,9,12.4,1.0,0,Away Win,2
2018,5,3,0.863766,10,6,4,20.75,2.0,0,1,1.41575,13,2,5,16.3077,1.0,0,Home Win,0
2018,5,3,2.09891,13,8,4,12.3043,1.0,0,1,1.02643,14,7,7,11.6111,2.0,1,Home Win,0
2019,1,4,2.23456,15,7,11,5.9429,0.0,0,1,0.842407,12,5,2,21.4545,2.0,0,Home Win,0
2019,1,0,1.2003,5,3,1,16.4,2.0,0,5,3.18377,14,9,1,6.9355,2.0,0,Away Win,2
2019,1,1,1.34099,13,3,3,13.6,2.0,0,1,1.59864,8,3,4,9.1333,1.0,0,Draw,1
2019,1,3,0.909241,10,4,2,9.2778,0.0,0,0,1.08752,11,3,7,5.5,0.0,0,Home Win,0
2019,1,0,0.87159,6,2,6,11.3077,2.0,0,0,1.2246,10,3,2,4.0741,1.0,1,Draw,1
2019,1,0,0.670022,11,3,5,9.7857,0.0,0,3,0.855516,5,3,2,11.5,1.0,0,Away Win,2
2019,1,3,2.57262,31,7,14,5.25,1.0,0,1,0.639599,7,4,0,13.4211,0.0,0,Home Win,0
2019,1,0,0.380551,9,2,5,13.2069,1.0,0,1,1.13309,8,2,3,11.0526,3.0,0,Away Win,2
2019,1,0,0.543759,16,1,12,6.4348,0.0,0,0,0.812949,8,2,3,18.6667,2.0,0,Draw,1
2019,1,4,2.37442,11,5,3,9.0645,3.0,0,0,1.09534,18,7,5,6.4524,4.0,0,Home Win,0
2019,1,2,1.1644,15,9,10,5.3125,2.0,0,1,1.39172,18,5,7,11.3846,1.0,0,Home Win,0
2019,1,1,1.65069,22,7,10,13.0,0.0,0,2,1.62777,12,4,5,10.72,2.0,0,Away Win,2
2019,1,1,2.40461,16,4,8,5.4857,0.0,0,1,1.00856,8,3,6,8.871,2.0,0,Draw,1
2019,1,1,0.832913,12,2,4,8.8636,2.0,0,0,1.17279,8,2,7,3.925,3.0,0,Home Win,0
2019,1,3,2.09572,15,8,7,13.9286,1.0,0,1,0.920429,12,4,5,17.5,3.0,0,Home Win,0
2019,1,1,2.14047,14,3,5,12.0,2.0,0,2,1.52022,15,6,9,9.4286,1.0,0,Away Win,2
2019,1,2,3.20076,30,10,13,8.9767,1.0,0,2,0.074542,3,2,2,47.1429,0.0,0,Draw,1
2019,1,1,1.84778,15,3,8,11.12,3.0,0,0,0.241912,6,4,4,11.6,1.0,0,Home Win,0
2019,1,1,1.22629,14,5,4,10.5769,1.0,0,1,0.947941,12,3,5,6.2973,0.0,0,Draw,1
2019,1,1,0.307356,6,2,4,19.95,2.0,0,1,1.14332,9,2,6,8.3636,2.0,0,Draw,1
2019,1,2,0.855926,7,3,0,13.25,2.0,0,0,1.25668,12,1,6,5.4074,3.0,0,Home Win,0
2019,1,2,1.07904,6,5,1,10.0,1.0,0,3,1.89428,23,8,8,13.7273,1.0,0,Away Win,2
2019,1,1,0.654318,8,3,7,11.3913,1.0,0,2,0.704879,10,2,4,8.9412,0.0,0,Away Win,2
2019,1,0,0.997711,12,3,8,9.1739,1.0,1,2,2.07795,12,4,5,10.75,3.0,0,Away Win,2
2019,1,1,2.29348,23,3,8,9.2857,1.0,0,3,3.45768,16,10,7,12.9474,1.0,0,Away Win,2
2019,1,1,1.32793,17,2,4,11.8333,0.0,0,1,1.22762,13,4,3,14.619,2.0,0,Draw,1
2019,1,1,2.23561,22,3,8,6.8571,2.0,0,2,0.676993,5,3,1,15.2778,4.0,0,Away Win,2
2019,1,3,2.78821,25,5,6,9.7838,1.0,0,1,0.985542,9,3,4,28.4286,1.0,0,Home Win,0
2019,1,1,1.89345,10,7,4,22.9,1.0,0,3,3.12856,19,5,5,5.1739,3.0,0,Away Win,2
2019,1,0,1.25927,17,2,6,4.8421,2.0,0,1,0.51428,8,3,6,32.3,2.0,0,Away Win,2
2019,1,1,0.769616,10,2,2,6.6667,1.0,1,1,1.90356,21,8,3,13.5714,2.0,0,Draw,1
2019,1,2,2.20657,18,8,8,7.8421,2.0,0,0,1.1674,8,3,2,8.7407,1.0,0,Home Win,0
2019,1,2,2.30579,13,5,3,14.8824,0.0,0,2,1.04649,8,2,4,20.9167,1.0,0,Draw,1
2019,1,1,1.41394,22,5,13,9.0,2.0,0,0,0.30354,10,2,2,9.04,4.0,1,Home Win,0
2019,1,3,2.23766,15,6,4,6.9143,1.0,0,1,0.554726,8,2,5,10.0,3.0,0,Home Win,0
2019,1,4,2.30818,15,6,8,11.4375,1.0,0,0,0.861035,6,2,1,21.625,1.0,0,Home Win,0
2019,1,1,1.04131,13,5,6,19.6,2.0,0,1,1.1068,13,3,5,12.0,3.0,0,Draw,1
2019,1,0,0.61739,7,2,6,16.2632,0.0,0,3,1.20057,15,7,4,6.2083,0.0,0,Away Win,2
2019,1,3,1.48842,15,6,7,5.3333,1.0,0,2,2.00172,8,5,7,20.1667,4.0,1,Home Win,0
2019,1,2,1.92509,26,8,11,6.7879,3.0,0,2,1.95514,13,9,6,12.1765,5.0,0,Draw,1
2019,1,3,2.93281,21,9,10,6.9583,0.0,0,1,0.291073,8,1,1,41.9,0.0,0,Home Win,0
2019,1,1,1.10019,10,5,3,9.72,1.0,0,0,0.459141,9,3,9,4.7714,2.0,0,Home Win,0
2019,1,1,1.68545,14,5,3,3.9643,0.0,0,1,0.341654,7,1,6,12.1,2.0,0,Draw,1
2019,1,0,1.88034,17,4,12,12.5238,1.0,1,1,1.57659,11,7,6,12.8235,1.0,0,Away Win,2
2019,1,4,1.04944,13,5,4,6.5455,4.0,0,0,0.577323,11,6,3,17.0833,2.0,0,Home Win,0
2019,1,2,1.49359,11,4,7,13.1071,1.0,0,5,3.06799,15,6,5,7.1,2.0,0,Away Win,2
2019,1,3,1.7413,7,3,3,18.4286,3.0,0,2,2.34436,25,8,16,7.9583,1.0,0,Home Win,0
2019,1,3,1.41542,13,6,7,12.0909,0.0,0,1,1.50641,14,5,7,5.5161,4.0,0,Home Win,0
2019,1,2,2.83209,31,10,7,9.0714,3.0,0,2,1.00616,7,4,1,21.4167,3.0,0,Draw,1
2019,1,0,1.40502,10,5,2,9.6818,2.0,0,0,0.535279,13,1,4,10.0909,1.0,1,Draw,1
2019,1,1,2.18021,25,6,4,4.0857,1.0,0,3,1.29773,6,3,5,17.9375,3.0,0,Away Win,2
2019,1,2,1.28752,16,7,8,10.6364,1.0,0,1,1.33735,11,4,2,5.6176,2.0,0,Home Win,0
2019,1,8,6.63049,28,11,5,11.3333,2.0,0,0,0.344718,5,4,4,35.8333,2.0,0,Home Win,0
2019,1,2,2.39312,13,6,7,11.68,0.0,0,0,0.801428,11,2,3,14.9,1.0,0,Home Win,0
2019,1,1,0.984777,13,4,6,13.9474,2.0,0,1,1.75572,13,4,7,12.5238,1.0,1,Draw,1
2019,1,0,1.26041,16,3,12,5.6471,1.0,0,2,0.508011,2,1,3,13.15,3.0,0,Away Win,2
2019,1,0,1.09807,11,4,5,22.9,2.0,0,0,1.21592,16,3,3,6.0952,1.0,0,Draw,1
2019,1,2,0.51376,8,6,3,14.9474,2.0,0,0,1.27826,9,3,7,17.1818,2.0,0,Home Win,0
2019,1,1,1.23321,13,2,6,11.625,3.0,0,2,1.03003,6,3,4,7.9143,3.0,0,Away Win,2
2019,1,3,2.53209,21,6,9,9.1,5.0,1,2,1.71546,14,9,4,11.0,1.0,0,Home Win,0
2019,1,0,1.17022,12,2,6,24.2353,1.0,0,1,1.97079,16,4,5,11.2727,1.0,0,Away Win,2
2019,1,2,1.19008,9,4,6,31.75,0.0,1,1,1.16256,14,6,6,5.6486,2.0,0,Home Win,0
2019,1,2,1.16363,6,2,1,22.9375,0.0,0,0,1.06615,14,5,6,11.381,1.0,0,Home Win,0
2019,1,2,0.914266,16,3,7,6.05,1.0,0,2,1.66919,10,3,3,9.0455,4.0,0,Draw,1
2019,1,2,2.31957,13,5,6,11.25,3.0,0,2,1.29546,17,6,6,13.1,1.0,0,Draw,1
2019,1,2,4.26443,24,10,5,14.5417,2.0,0,0,0.616263,8,1,2,12.7692,3.0,0,Home Win,0
2019,1,2,1.80497,15,3,5,12.7826,3.0,0,0,0.712129,10,3,5,9.1111,1.0,0,Home Win,0
2019,1,5,1.82438,13,5,9,5.5588,1.0,0,0,0.054134,3,0,0,35.7273,1.0,1,Home Win,0
2019,1,1,2.35854,12,8,5,32.6667,2.0,0,3,3.1082,20,9,2,9.7143,2.0,0,Away Win,2
2019,1,1,1.1335,16,4,8,5.9259,4.0,0,1,1.70399,10,5,7,10.125,2.0,0,Draw,1
2019,1,3,2.60017,17,6,4,8.1351,2.0,0,0,0.478504,8,3,4,15.2353,1.0,0,Home Win,0
2019,1,1,0.558912,9,3,7,19.5,2.0,0,0,1.30723,11,2,9,7.8,1.0,1,Home Win,0
2019,1,2,3.74867,18,8,4,7.7813,1.0,0,1,0.0982107,2,1,6,9.25,4.0,0,Home Win,0
2019,1,0,1.61884,18,2,9,4.1154,5.0,0,2,1.18825,7,2,1,19.6875,2.0,0,Away Win,2
2019,1,1,1.84838,21,5,10,6.0417,1.0,0,5,3.67827,22,12,6,8.8,3.0,0,Away Win,2
2019,1,1,1.27044,10,3,3,10.8846,0.0,0,4,2.15201,13,7,4,11.1053,1.0,0,Away Win,2
2019,1,0,1.44318,8,2,7,19.375,0.0,0,0,0.353724,9,3,7,6.7273,2.0,0,Draw,1
2019,1,1,1.23577,9,4,2,14.7895,3.0,0,2,2.0682,7,4,2,20.0714,2.0,0,Away Win,2
2019,1,1,0.650296,12,2,4,28.4545,3.0,0,0,0.969204,12,3,6,6.8182,3.0,0,Home Win,0
2019,1,1,1.24109,12,2,14,7.0286,1.0,0,0,0.683967,10,2,5,10.2174,2.0,0,Home Win,0
2019,1,2,2.96692,24,8,7,15.0556,1.0,0,1,1.32184,20,5,5,9.5238,2.0,1,Home Win,0
2019,1,0,0.675554,11,2,6,12.7,1.0,0,0,0.402873,10,1,7,11.8333,3.0,0,Draw,1
2019,1,1,2.30068,16,8,11,4.6522,2.0,0,0,0.197082,5,0,0,23.5,1.0,0,Home Win,0
2019,1,0,0.616864,7,2,1,18.5789,1.0,0,2,4.02104,21,10,8,6.7368,1.0,0,Away Win,2
2019,1,2,2.23324,19,10,11,5.7188,2.0,0,0,0.459112,8,4,2,10.0526,2.0,0,Home Win,0
2019,1,2,0.8291,19,3,9,7.6,0.0,0,1,1.79569,13,4,4,15.2,3.0,0,Home Win,0
2019,1,1,0.791862,7,2,3,31.5,0.0,0,1,1.03212,10,4,1,5.1724,1.0,0,Draw,1
2019,1,1,0.895722,8,2,7,12.2143,4.0,0,0,0.949735,9,3,12,5.9444,4.0,0,Home Win,0
2019,1,1,0.891617,12,2,11,7.4348,4.0,0,1,0.846851,7,2,2,18.8947,3.0,0,Draw,1
2019,1,1,0.887495,4,1,1,14.6667,3.0,0,1,1.37695,14,5,3,12.0417,2.0,0,Draw,1
2019,1,2,1.54014,15,6,12,7.6667,2.0,0,2,1.77892,10,4,5,26.3,0.0,0,Draw,1
2019,1,3,1.15279,8,4,0,8.4643,2.0,0,2,1.04723,10,6,5,11.6786,1.0,0,Home Win,0
2019,1,2,2.23494,13,5,5,15.96,3.0,0,4,0.988321,16,7,6,10.4737,2.0,0,Away Win,2
2019,1,2,2.18851,21,13,8,5.069,3.0,0,1,1.35143,11,4,3,32.3,3.0,0,Home Win,0
2019,1,3,3.19004,25,9,13,8.0833,1.0,1,0,0.980145,11,5,7,26.7,1.0,0,Home Win,0
2019,1,1,0.603104,13,2,3,38.625,2.0,1,1,1.93255,13,5,6,9.6,2.0,0,Draw,1
2019,1,1,0.8924,10,3,1,8.6538,2.0,0,3,4.51232,21,11,10,9.5,2.0,0,Away Win,2
2019,1,0,0.457334,6,3,2,17.0476,0.0,1,9,4.38046,25,15,7,3.1892,0.0,0,Away Win,2
2019,1,0,0.674903,7,3,5,13.1538,5.0,0,0,0.899526,15,5,10,9.3684,3.0,0,Draw,1
2019,1,1,2.33891,12,4,10,10.125,2.0,0,1,1.16171,10,4,4,14.4286,2.0,0,Draw,1
2019,1,1,1.02552,10,4,8,14.0714,0.0,0,1,1.5103,25,8,9,11.76,2.0,0,Draw,1
2019,1,1,0.741615,5,2,2,20.9286,1.0,0,2,2.38824,25,6,10,4.4,2.0,0,Away Win,2
2019,1,1,1.86862,12,6,4,8.2593,4.0,0,0,0.641129,15,4,10,8.5,3.0,0,Home Win,0
2019,1,2,2.65496,21,5,8,6.9677,0.0,0,0,0.455082,7,0,3,15.2105,1.0,0,Home Win,0
2019,1,0,0.44291,12,3,5,17.8,2.0,0,2,0.981167,14,5,6,6.4138,2.0,0,Away Win,2
2019,1,1,1.15532,7,3,5,11.24,1.0,0,1,0.243393,4,2,2,10.2222,2.0,1,Draw,1
2019,1,2,3.36132,26,4,17,3.1923,3.0,0,1,0.893889,3,3,0,17.75,1.0,0,Home Win,0
2019,1,3,2.58392,13,6,7,17.7143,1.0,0,0,0.716613,6,0,6,8.5,2.0,0,Home Win,0
2019,1,1,1.4744,12,3,1,20.2,4.0,0,2,2.18313,16,10,6,11.2632,2.0,0,Away Win,2
2019,1,2,1.53597,17,6,7,4.1667,2.0,0,3,1.93192,12,9,3,14.4706,1.0,0,Away Win,2
2019,1,3,2.4158,14,12,11,9.0833,2.0,0,0,0.474281,7,4,4,5.7083,1.0,0,Home Win,0
2019,1,2,3.28903,23,5,7,7.75,3.0,0,0,0.479488,3,1,0,13.913,2.0,0,Home Win,0
2019,1,3,1.3319,12,5,4,20.4615,0.0,0,1,1.48104,18,3,13,12.0476,2.0,0,Home Win,0
2019,1,2,2.3306,20,9,5,18.8824,2.0,0,1,1.9213,16,3,4,7.8235,0.0,0,Home Win,0
2019,1,0,0.62104,17,5,10,7.5789,1.0,0,2,1.36017,12,2,4,15.5455,2.0,1,Away Win,2
2019,1,1,0.742281,4,3,5,9.9412,1.0,0,2,2.08883,24,5,9,6.5161,1.0,0,Away Win,2
2019,1,1,1.5104,17,5,4,9.5294,2.0,0,1,0.923443,14,4,4,11.5172,2.0,0,Draw,1
2019,1,2,2.09891,17,5,6,6.5938,4.0,0,1,0.473225,13,4,3,6.3,3.0,0,Home Win,0
2019,1,3,3.65299,21,11,5,11.9615,2.0,0,1,1.1342,6,2,2,5.3143,5.0,0,Home Win,0
2019,1,2,1.37055,19,7,5,8.0882,1.0,0,0,0.961339,8,1,4,17.1429,1.0,0,Home Win,0
2019,1,2,1.60823,12,5,6,6.0,6.0,0,2,2.60312,21,6,8,7.3429,2.0,0,Draw,1
2019,1,2,2.6985,17,8,11,7.3333,1.0,0,0,0.69784,11,5,6,17.6,1.0,0,Home Win,0
2019,1,1,0.849789,9,2,5,14.0435,2.0,1,2,1.2765,17,7,9,13.7,1.0,0,Away Win,2
2019,1,0,0.784706,7,0,6,16.4667,2.0,0,2,3.50917,19,9,7,27.0,0.0,0,Away Win,2
2019,1,1,1.02306,16,6,9,21.9231,0.0,0,2,1.64291,12,4,8,10.1111,1.0,0,Away Win,2
2019,1,0,0.812693,18,7,7,5.9565,3.0,0,2,1.80849,13,5,7,8.2174,5.0,0,Away Win,2
2019,1,2,1.23596,15,4,8,16.3333,1.0,0,1,0.820474,11,2,2,18.6316,1.0,0,Home Win,0
2019,1,3,1.56025,12,8,6,10.4839,1.0,0,3,1.33065,11,5,3,8.6316,2.0,0,Draw,1
2019,1,0,0.902384,13,3,7,5.9474,0.0,0,3,2.66281,11,5,5,11.625,3.0,0,Away Win,2
2019,1,2,0.661449,11,4,3,11.3333,3.0,0,3,2.20681,15,6,7,9.087,2.0,0,Away Win,2
2019,1,0,1.8509,15,4,5,8.375,2.0,0,2,0.936732,7,2,6,7.2917,0.0,0,Away Win,2
2019,1,0,2.73185,19,6,9,11.3571,0.0,0,1,1.12034,5,4,3,11.2059,3.0,0,Away Win,2
2019,1,2,2.24348,16,6,4,5.6087,0.0,0,1,1.24986,11,3,4,18.35,1.0,0,Home Win,0
2019,1,2,1.36832,15,7,4,14.9167,0.0,1,1,0.867601,12,5,5,15.0556,0.0,0,Home Win,0
2019,1,2,0.208252,6,3,1,38.5556,1.0,0,2,2.44389,24,9,10,4.1154,2.0,0,Draw,1
2019,1,2,1.9671,11,6,6,7.5556,1.0,0,1,0.504005,6,3,7,14.2,0.0,0,Home Win,0
2019,1,3,2.93189,15,5,4,8.8889,0.0,0,2,1.02949,20,6,8,8.5625,2.0,0,Home Win,0
2019,1,1,1.27422,13,3,7,7.5714,1.0,0,1,1.47296,9,4,2,7.8919,4.0,0,Draw,1
2019,1,2,0.810596,15,7,7,24.6667,2.0,0,2,1.96157,16,7,12,7.8846,1.0,0,Draw,1
2019,1,2,1.84804,16,6,9,6.6522,4.0,0,2,1.29701,9,3,9,12.0,1.0,0,Draw,1
2019,1,1,0.965377,12,5,9,13.9375,3.0,0,2,1.53446,20,9,9,8.3929,1.0,0,Away Win,2
2019,1,1,0.486548,4,2,3,25.9375,1.0,0,4,2.56057,17,8,6,11.2,1.0,0,Away Win,2
2019,1,2,2.28735,12,6,7,7.1905,3.0,0,0,0.199733,4,1,2,13.5417,2.0,0,Home Win,0
2019,1,0,1.09175,13,6,8,7.3125,2.0,0,2,0.533775,6,4,1,60.0,0.0,0,Away Win,2
2019,1,2,1.82237,13,7,5,9.2581,1.0,0,0,0.501977,6,3,4,9.8462,2.0,0,Home Win,0
2019,1,2,1.47683,12,7,4,7.3684,0.0,0,1,0.542315,8,5,3,8.4815,1.0,0,Home Win,0
2019,1,2,1.9774,25,9,9,6.9615,2.0,0,1,0.86086,9,3,5,13.8929,1.0,0,Home Win,0
2019,1,2,2.00232,14,5,6,9.3056,1.0,0,1,0.896647,10,3,1,13.8333,1.0,0,Home Win,0
2019,1,1,0.383763,7,2,6,20.3333,3.0,1,0,0.342799,6,3,9,5.619,3.0,0,Home Win,0
2019,1,5,2.41397,11,5,5,9.6842,1.0,0,2,1.76453,12,4,6,9.0,2.0,0,Home Win,0
2019,1,1,1.24141,15,2,8,8.6667,6.0,0,4,4.03286,23,8,5,4.2963,2.0,0,Away Win,2
2019,1,0,0.154608,3,0,1,43.9167,0.0,0,3,3.04446,22,9,3,9.3529,1.0,0,Away Win,2
2019,1,2,0.951621,13,4,3,5.8667,3.0,0,2,1.87208,13,5,4,23.1333,0.0,0,Draw,1
2019,1,3,2.03892,13,7,1,8.9744,3.0,0,1,1.25734,15,4,5,4.6111,0.0,0,Home Win,0
2019,1,1,2.07108,21,5,16,3.7429,3.0,0,2,1.63385,11,7,3,20.8462,2.0,0,Away Win,2
2019,1,2,1.10449,12,6,3,13.8,1.0,0,1,1.89255,19,4,12,4.8667,3.0,0,Home Win,0
2019,1,1,0.585805,14,4,9,12.375,0.0,0,2,0.712899,9,3,1,11.12,4.0,0,Away Win,2
2019,1,5,2.39684,13,7,1,11.0,1.0,0,0,1.08645,7,1,1,11.2963,1.0,0,Home Win,0
2019,1,0,1.57132,13,3,6,10.5,4.0,0,0,0.210746,3,0,2,9.05,2.0,0,Draw,1
2019,1,1,0.521847,11,4,4,12.1351,2.0,0,3,1.79181,10,3,3,23.1667,0.0,0,Away Win,2
2019,1,0,0.28161,6,1,3,18.1304,1.0,0,3,1.69553,14,7,3,8.5135,4.0,0,Away Win,2
2019,1,1,1.43602,7,4,4,7.1481,0.0,0,0,1.08726,9,0,3,10.45,2.0,0,Home Win,0
2019,1,0,2.02119,18,5,9,4.5333,1.0,0,1,1.20777,11,2,4,17.2105,2.0,0,Away Win,2
2019,1,1,0.484859,11,4,3,19.3125,1.0,0,1,2.48355,15,10,7,5.25,1.0,0,Draw,1
2019,1,1,1.06421,18,5,12,7.0333,0.0,0,1,1.16408,10,3,4,11.5,4.0,0,Draw,1
2019,1,2,1.56674,16,6,6,5.0385,2.0,0,0,1.01166,8,2,3,17.7727,1.0,0,Home Win,0
2019,1,1,1.48327,24,8,6,8.9091,1.0,0,1,0.276759,8,3,5,11.25,2.0,0,Draw,1
2019,1,2,1.888,7,3,3,8.0,2.0,0,0,0.97258,8,0,2,10.85,2.0,0,Home Win,0
2019,1,0,0.805884,11,2,5,7.7222,1.0,0,1,0.90324,11,4,8,11.95,3.0,0,Away Win,2
2019,1,1,0.718669,18,5,11,6.6774,4.0,0,2,0.989205,9,5,2,8.6923,4.0,0,Away Win,2
2019,1,1,0.921054,19,5,7,10.4375,2.0,0,3,2.63444,17,8,5,12.0,1.0,0,Away Win,2
2019,1,0,0.138532,3,0,4,5.5556,2.0,0,1,0.144318,2,1,5,8.3929,4.0,0,Away Win,2
2019,1,0,0.428371,9,2,4,8.5333,1.0,0,1,1.65933,7,2,3,20.2222,3.0,0,Away Win,2
2019,1,0,0.486523,9,0,5,12.4231,2.0,0,0,0.881818,6,2,4,8.0435,3.0,0,Draw,1
2019,1,3,3.59139,23,12,6,8.625,2.0,0,1,1.01388,5,2,1,32.9167,2.0,0,Home Win,0
2019,1,1,0.714368,8,3,4,12.5,2.0,0,0,0.985368,16,4,5,8.6522,0.0,0,Home Win,0
2019,1,1,1.26536,13,7,3,14.5882,2.0,0,2,1.65224,14,4,11,9.4615,4.0,0,Away Win,2
2019,1,0,0.276667,5,1,3,12.7826,4.0,1,2,1.49374,13,3,5,10.4,3.0,0,Away Win,2
2019,1,2,1.59291,11,3,3,8.875,3.0,0,0,1.5309,17,8,5,5.4167,1.0,0,Home Win,0
2019,1,0,0.878341,7,4,3,38.3571,2.0,0,2,2.59926,13,5,7,7.4815,0.0,0,Away Win,2
2019,1,1,0.654194,11,2,5,11.5217,2.0,0,0,1.45005,16,6,8,9.2222,3.0,0,Home Win,0
2019,1,1,1.55463,12,4,8,23.8,4.0,0,1,1.42464,17,2,3,7.6538,4.0,0,Draw,1
2019,1,0,0.859973,10,3,8,5.1111,3.0,0,2,0.981321,5,3,1,12.5357,2.0,0,Away Win,2
2019,1,2,2.14195,13,4,7,9.9412,0.0,0,1,0.796338,10,2,6,9.9091,2.0,0,Home Win,0
2019,1,1,1.47521,21,5,10,5.5263,0.0,0,0,0.565252,6,0,2,13.0833,0.0,0,Home Win,0
2019,1,0,0.120994,3,0,2,20.4706,1.0,0,4,3.76973,15,6,8,11.4348,1.0,0,Away Win,2
2019,1,4,1.99638,22,10,5,5.5185,2.0,0,1,1.05018,7,2,0,40.4545,2.0,0,Home Win,0
2019,1,1,2.04481,16,4,9,13.2,1.0,0,1,0.596611,5,2,1,20.4286,3.0,0,Draw,1
2019,1,2,1.02645,11,5,9,10.125,4.0,0,1,1.09007,11,5,2,9.6923,2.0,0,Home Win,0
2019,1,3,2.39405,20,8,3,13.0588,0.0,0,2,1.52044,7,3,1,18.8,1.0,1,Home Win,0
2019,1,1,0.785214,7,2,2,14.0435,5.0,0,2,1.49666,13,4,3,6.8947,4.0,0,Away Win,2
2019,1,2,1.05876,16,6,9,9.375,0.0,0,0,0.500726,10,2,2,17.125,2.0,0,Home Win,0
2019,1,0,0.386662,8,1,5,13.5,4.0,0,2,2.10542,14,5,4,8.3333,3.0,0,Away Win,2
2019,1,1,1.49124,10,3,5,6.2667,1.0,0,0,0.363764,10,2,6,21.3333,0.0,0,Home Win,0
2019,1,2,1.08628,16,4,8,10.9231,1.0,0,0,1.23346,8,0,5,34.5714,1.0,0,Home Win,0
2019,1,1,1.63211,20,5,5,14.7059,2.0,0,2,2.82576,22,9,8,8.5,2.0,0,Away Win,2
2019,1,2,0.268052,5,2,4,8.4667,3.0,0,2,1.82189,15,7,6,9.8,3.0,0,Draw,1
2019,1,1,1.47937,14,5,12,5.4118,1.0,0,1,0.137837,5,2,4,19.3571,2.0,0,Draw,1
2019,1,3,3.25314,20,7,6,8.76,3.0,1,0,0.610997,11,2,3,16.0,1.0,0,Home Win,0
2019,1,1,0.782104,14,4,5,8.9412,4.0,0,2,2.62349,13,8,5,7.5909,1.0,0,Away Win,2
2019,1,4,2.32825,14,7,9,22.5263,1.0,0,0,0.720709,3,2,2,15.9333,2.0,0,Home Win,0
2019,1,2,1.90747,10,4,1,13.5652,2.0,0,0,0.715563,10,4,4,11.2414,0.0,0,Home Win,0
2019,1,1,1.56978,16,5,5,12.1481,2.0,0,1,1.57497,16,5,3,8.5313,3.0,0,Draw,1
2019,1,1,2.34418,20,1,8,7.9444,1.0,0,2,1.74824,11,6,4,26.5,1.0,0,Away Win,2
2019,1,2,3.0465,19,7,8,14.5833,0.0,0,0,0.634607,3,2,4,32.6842,0.0,0,Home Win,0
2019,1,2,1.79757,16,7,3,10.28,0.0,0,1,0.848942,7,2,6,22.5217,4.0,0,Home Win,0
2019,1,0,0.780118,5,2,4,39.9231,1.0,0,3,2.43642,17,10,5,3.5882,1.0,0,Away Win,2
2019,1,1,1.66454,15,4,2,11.2727,5.0,0,1,1.29896,12,3,5,8.0,0.0,0,Draw,1
2019,1,1,1.51192,12,3,6,6.375,3.0,0,0,1.078,11,5,9,6.4348,4.0,0,Home Win,0
2019,1,2,1.07053,9,3,4,20.1176,3.0,1,1,1.23252,16,4,7,8.45,1.0,0,Home Win,0
2019,1,1,2.04805,9,4,5,4.7333,0.0,0,1,0.184495,5,1,2,16.6957,3.0,0,Draw,1
2019,1,0,1.10584,14,4,4,29.9375,0.0,0,1,1.74564,13,7,3,12.3,2.0,0,Away Win,2
2019,1,1,2.02768,13,3,7,9.9286,1.0,0,0,0.90477,7,2,3,10.9474,0.0,0,Home Win,0
2019,1,1,1.12565,7,1,2,34.3125,2.0,0,6,3.75131,22,12,4,7.6333,1.0,0,Away Win,2
2019,1,0,0.320447,10,1,5,13.0667,1.0,0,3,2.29827,18,6,5,11.44,1.0,0,Away Win,2
2019,1,3,2.87633,18,8,10,9.5882,0.0,0,0,0.717407,7,3,3,28.8182,3.0,0,Home Win,0
2019,1,1,0.317862,6,3,1,8.8182,2.0,0,1,1.43924,7,4,4,5.6875,3.0,1,Draw,1
2019,1,1,2.02533,14,6,4,8.6897,2.0,0,0,1.53324,9,2,3,17.4375,1.0,0,Home Win,0
2019,1,1,0.780114,5,5,2,12.0,0.0,0,2,2.40601,16,10,4,7.7273,3.0,0,Away Win,2
2019,1,4,3.13456,13,6,4,5.0,0.0,0,0,0.275987,8,3,2,15.8947,0.0,0,Home Win,0
2019,1,1,1.22882,11,4,4,9.4444,1.0,0,1,1.18444,12,4,5,8.9722,2.0,0,Draw,1
2019,1,2,2.47314,25,6,14,4.9231,1.0,0,2,0.586716,5,3,2,29.5,2.0,0,Draw,1
2019,1,2,2.00655,16,5,11,11.0,1.0,0,0,1.4185,9,4,5,15.0,3.0,0,Home Win,0
2019,1,2,1.50886,8,5,4,9.72,1.0,0,1,2.33415,18,8,5,9.8261,0.0,0,Home Win,0
2019,1,1,1.30028,10,2,3,7.2414,3.0,0,1,1.02045,8,3,4,10.7778,3.0,0,Draw,1
2019,1,1,0.892988,7,2,1,23.2727,1.0,0,0,2.05436,19,4,10,4.2333,1.0,0,Home Win,0
2019,1,1,1.76046,16,5,4,9.7647,2.0,1,0,0.558298,6,3,5,13.75,2.0,1,Home Win,0
2019,1,2,0.786974,11,5,1,5.1944,2.0,0,3,2.1772,8,4,3,15.3077,1.0,0,Away Win,2
2019,1,0,2.39174,15,2,3,9.1667,2.0,0,0,1.76697,16,5,3,7.2941,3.0,0,Draw,1
2019,1,1,1.68436,12,6,7,9.8,1.0,0,1,1.95473,11,3,6,8.2593,0.0,0,Draw,1
2019,1,2,1.06739,16,5,6,6.1739,2.0,0,1,1.81101,8,2,3,9.2727,2.0,0,Home Win,0
2019,1,1,1.85442,10,3,2,22.375,0.0,0,2,1.59024,13,6,4,11.8889,1.0,0,Away Win,2
2019,1,0,0.774943,4,1,5,23.0,4.0,0,1,2.873,18,5,13,8.8333,3.0,0,Away Win,2
2019,1,4,2.91302,19,8,7,5.9545,1.0,0,1,1.16254,6,2,8,15.8,1.0,0,Home Win,0
2019,1,2,2.05254,17,8,6,11.72,1.0,0,2,0.570931,9,3,4,15.087,1.0,0,Draw,1
2019,1,3,1.92315,11,3,5,11.129,1.0,0,1,1.97227,21,8,8,6.4286,1.0,0,Home Win,0
2019,1,0,1.416,24,7,5,10.9,0.0,0,2,0.717284,5,2,2,13.8846,2.0,0,Away Win,2
2019,1,2,2.22282,14,3,7,9.0323,0.0,0,1,1.42472,13,2,3,14.2353,1.0,0,Home Win,0
2019,1,2,3.38612,19,8,17,8.3214,2.0,0,2,0.568077,2,2,5,21.6667,1.0,1,Draw,1
2019,1,0,0.674589,6,0,0,7.8333,1.0,0,2,1.1306,15,6,8,4.5,2.0,0,Away Win,2
2019,1,2,2.72236,16,6,1,10.0,1.0,1,1,1.40955,17,4,8,7.6429,3.0,0,Home Win,0
2019,1,0,2.24562,15,2,5,11.1667,1.0,0,0,1.48025,13,2,7,6.6364,3.0,0,Draw,1
2019,1,0,0.970063,13,3,9,11.0,3.0,0,1,0.860755,10,3,5,10.3103,2.0,0,Away Win,2
2019,1,2,1.65956,14,4,4,7.8485,2.0,0,2,0.806995,7,3,6,14.6316,2.0,0,Draw,1
2019,1,4,3.7195,16,9,6,6.2273,0.0,0,0,0.716298,17,4,11,12.7391,2.0,0,Home Win,0
2019,1,0,1.18608,16,5,4,7.2414,3.0,0,0,1.54211,15,4,6,9.3448,2.0,0,Draw,1
2019,1,0,0.937293,15,5,8,11.3182,2.0,0,0,2.39985,19,4,12,7.6923,1.0,0,Draw,1
2019,1,2,0.420293,3,3,2,21.4118,2.0,0,0,3.25139,19,6,6,7.32,3.0,1,Home Win,0
2019,1,2,0.919248,11,2,4,9.24,2.0,0,3,2.70178,12,5,4,8.2857,2.0,1,Away Win,2
2019,1,3,1.30774,12,6,4,17.3333,1.0,0,3,2.03179,19,6,6,6.3333,1.0,0,Draw,1
2019,1,4,3.02257,15,7,5,5.6552,2.0,0,0,1.16662,10,2,6,19.5556,0.0,0,Home Win,0
2019,1,2,1.71313,18,4,12,9.4762,2.0,0,3,3.86024,23,10,7,8.7241,0.0,0,Away Win,2
2019,1,1,0.76201,10,2,3,7.15,2.0,0,1,0.280048,5,2,2,15.3636,2.0,0,Draw,1
2019,1,0,0.940204,17,1,9,8.9583,4.0,0,2,0.681814,9,3,8,13.0357,3.0,0,Away Win,2
2019,1,3,2.79103,14,8,4,8.129,0.0,0,1,0.865323,10,2,6,7.8636,1.0,0,Home Win,0
2019,1,2,2.13777,20,7,6,10.2308,0.0,0,0,0.0895892,3,0,1,25.8235,1.0,0,Home Win,0
2019,1,0,0.383495,5,1,2,45.4286,1.0,0,1,2.07331,17,6,7,8.1481,2.0,0,Away Win,2
2019,1,2,2.04467,16,6,8,9.3684,2.0,0,1,1.07183,10,2,4,10.15,2.0,0,Home Win,0
2019,1,1,0.694025,10,2,4,7.4444,2.0,0,2,0.892699,9,6,3,9.92,2.0,0,Away Win,2
2019,1,0,1.14491,15,3,7,15.3889,2.0,0,0,0.527366,9,3,0,6.5,2.0,1,Draw,1
2019,1,3,1.33567,9,4,6,13.6,0.0,0,2,2.65691,17,5,3,10.7778,4.0,0,Home Win,0
2019,1,0,0.723269,10,3,3,23.125,0.0,0,1,2.42749,18,7,7,6.0667,0.0,0,Away Win,2
2019,1,1,1.75552,18,9,7,6.878,2.0,0,0,0.164495,8,2,5,9.65,6.0,1,Home Win,0
2019,1,2,1.78193,17,7,3,7.5319,1.0,0,1,0.265879,5,3,5,11.0,2.0,0,Home Win,0
2019,1,3,3.09935,16,10,7,10.9524,4.0,0,0,1.75718,12,4,3,11.3636,3.0,0,Home Win,0
2019,1,2,3.02926,28,9,9,7.4839,1.0,0,0,0.47235,4,1,6,5.92,4.0,0,Home Win,0
2019,1,1,1.6597,13,3,12,7.3333,0.0,0,1,1.06035,9,2,2,15.6667,2.0,0,Draw,1
2019,1,3,2.5042,21,9,3,9.1818,0.0,0,0,0.294956,7,2,5,9.1842,1.0,0,Home Win,0
2019,1,3,2.48209,25,7,16,3.3611,0.0,0,2,0.638236,7,4,8,33.7,3.0,0,Home Win,0
2019,1,3,3.25033,19,6,4,10.5714,2.0,0,0,0.360646,6,4,1,9.7391,3.0,0,Home Win,0
2019,1,0,1.00877,14,6,12,16.2143,1.0,0,0,0.235909,5,1,4,7.9259,1.0,0,Draw,1
2019,1,2,1.58495,9,5,4,17.2308,2.0,0,2,1.98271,23,6,14,5.4615,2.0,0,Draw,1
2019,1,0,1.78712,23,8,8,6.1739,1.0,0,1,2.17159,12,3,7,17.0556,1.0,0,Away Win,2
2019,1,1,2.41259,16,5,13,8.375,3.0,0,1,1.12561,14,5,8,9.1176,4.0,0,Draw,1
2019,1,3,2.73725,20,12,5,9.48,1.0,0,0,0.496759,3,0,2,26.5333,1.0,1,Home Win,0
2019,1,0,1.11713,21,4,11,6.6364,4.0,0,0,0.617612,7,0,7,8.8571,3.0,0,Draw,1
2019,1,1,0.591716,11,6,6,8.1786,1.0,0,0,1.42581,19,4,7,7.5217,2.0,0,Home Win,0
2019,1,2,1.63079,13,5,4,7.0,3.0,0,3,2.62251,14,4,5,12.7097,2.0,0,Away Win,2
2019,1,3,2.71351,14,5,3,33.1818,0.0,0,0,0.206031,7,1,5,11.5455,0.0,0,Home Win,0
2019,1,3,2.78682,14,7,4,14.5789,1.0,0,1,0.868573,10,2,9,4.5455,1.0,0,Home Win,0
2019,1,1,1.55974,9,2,6,11.8,1.0,0,0,1.61615,14,6,7,23.1333,2.0,0,Home Win,0
2019,1,1,3.33302,21,8,3,7.5806,5.0,0,1,1.13669,13,2,5,12.5294,4.0,0,Draw,1
2019,1,4,2.02883,17,11,6,12.7143,1.0,0,0,0.445922,3,1,1,19.087,2.0,0,Home Win,0
2019,1,1,0.856107,10,3,8,10.3182,4.0,0,0,0.449161,10,3,8,5.8387,4.0,0,Home Win,0
2019,1,4,2.41239,15,7,9,5.3793,2.0,0,0,0.672448,4,1,0,13.2174,1.0,0,Home Win,0
2019,1,2,1.89453,14,6,9,4.75,0.0,0,1,1.29544,6,4,4,20.2941,1.0,0,Home Win,0
2019,1,1,1.17263,10,4,10,9.9412,0.0,0,0,2.55449,12,5,5,8.0625,0.0,0,Home Win,0
2019,1,0,0.348871,6,3,5,12.5238,0.0,1,1,3.06384,14,7,8,5.0,3.0,0,Away Win,2
2019,1,0,0.898221,11,1,2,20.0,1.0,0,0,0.308874,7,1,0,9.5357,3.0,0,Draw,1
2019,1,2,1.7389,12,6,2,14.7097,2.0,0,0,0.585469,7,4,11,6.0417,4.0,0,Home Win,0
2019,1,1,1.57223,8,4,2,22.4,2.0,0,2,1.14011,19,5,10,6.125,1.0,0,Away Win,2
2019,1,0,0.44207,7,2,5,17.2353,1.0,0,2,1.06433,10,6,7,16.0833,1.0,0,Away Win,2
2019,1,1,1.00765,8,4,2,13.381,0.0,0,1,1.05245,15,2,7,3.8,1.0,0,Draw,1
2019,1,1,0.534852,10,3,7,16.0526,0.0,0,1,1.77307,12,6,6,5.5455,1.0,0,Draw,1
2019,1,0,0.654932,9,1,9,7.9333,1.0,0,3,1.87099,22,9,7,5.6111,1.0,0,Away Win,2
2019,1,3,2.15148,12,8,2,27.7,2.0,0,0,0.57107,7,1,4,15.6111,0.0,1,Home Win,0
2019,1,5,2.71096,19,7,3,12.5,1.0,0,0,0.0303408,1,0,1,45.8182,1.0,0,Home Win,0
2019,1,0,0.621456,9,3,1,18.4706,2.0,0,0,0.659123,10,3,6,3.9706,2.0,0,Draw,1
2019,1,2,0.670973,9,5,10,17.1667,2.0,0,1,0.69627,13,6,7,9.5625,1.0,0,Home Win,0
2019,1,0,0.363637,12,1,11,9.0,3.0,0,2,0.788453,7,2,4,9.7917,2.0,0,Away Win,2
2019,1,1,0.964774,9,5,1,6.7222,1.0,0,0,0.495542,10,4,7,10.3,0.0,0,Home Win,0
2019,1,2,2.24125,15,4,9,11.6429,2.0,0,0,0.83104,10,2,4,17.0455,2.0,0,Home Win,0
2019,1,0,0.505486,11,2,6,7.5,2.0,0,0,1.10227,9,1,7,14.913,2.0,0,Draw,1
2019,1,2,4.206,15,10,5,30.0769,1.0,0,1,0.690594,11,2,7,22.7273,1.0,1,Home Win,0
2019,1,1,0.715002,10,2,6,12.0625,3.0,0,0,0.0619009,4,0,4,14.6667,3.0,0,Home Win,0
2019,1,0,0.382813,9,1,6,14.0909,0.0,0,1,0.654912,12,5,5,10.5,1.0,0,Away Win,2
2019,1,1,0.661808,13,3,6,9.4706,2.0,0,1,1.22985,14,2,9,9.913,2.0,0,Draw,1
2019,1,3,2.8416,15,6,10,12.6429,1.0,0,0,0.108082,4,1,5,24.9412,0.0,0,Home Win,0
2019,1,4,2.56729,21,7,6,5.1714,0.0,0,0,0.0645285,3,0,0,79.1667,0.0,0,Home Win,0
2019,1,0,0.738305,12,3,4,7.8667,0.0,1,2,2.18595,10,5,6,9.0833,2.0,0,Away Win,2
2019,1,4,1.76496,13,8,6,11.5,1.0,0,0,0.153871,8,2,2,21.6667,4.0,0,Home Win,0
2019,1,0,0.403418,11,1,2,8.7391,1.0,0,1,0.703549,9,2,2,16.7857,1.0,0,Away Win,2
2019,1,1,1.27503,12,1,6,10.3913,2.0,0,4,2.23457,12,7,3,17.8824,0.0,0,Away Win,2
2019,1,0,0.31013,8,2,4,18.7895,0.0,0,3,1.20903,12,6,5,15.2143,1.0,0,Away Win,2
2019,1,0,1.06533,17,4,9,8.5455,1.0,0,1,0.359906,8,4,1,13.0556,1.0,0,Away Win,2
2019,1,2,1.17592,7,2,3,15.6667,1.0,0,1,1.80384,15,3,5,5.84,1.0,0,Home Win,0
2019,1,4,2.65433,14,6,3,31.1818,2.0,0,0,0.819606,11,3,3,15.5,2.0,0,Home Win,0
2019,1,3,1.59994,7,5,1,16.3182,2.0,0,1,1.01524,9,2,6,5.2273,0.0,0,Home Win,0
2019,1,1,0.365347,8,0,5,9.0,3.0,0,3,1.3364,11,7,3,9.2381,0.0,0,Away Win,2
2019,1,3,2.10497,11,4,2,21.0,2.0,0,2,1.57609,17,6,3,6.4737,1.0,0,Home Win,0
2019,1,1,1.31966,9,4,3,9.1429,0.0,0,1,1.63343,10,3,9,13.8,0.0,0,Draw,1
2019,1,3,2.78877,21,9,5,11.1875,0.0,0,0,0.608971,7,3,3,25.2353,2.0,0,Home Win,0
2019,1,3,2.20683,15,4,3,8.4063,2.0,0,0,0.507537,7,1,7,15.6842,1.0,0,Home Win,0
2019,1,2,1.0837,6,4,7,3.7241,1.0,0,0,0.689775,9,3,5,20.8235,1.0,0,Home Win,0
2019,1,5,2.63259,19,10,8,9.0,0.0,0,2,1.52161,7,3,3,22.9333,1.0,0,Home Win,0
2019,1,2,1.49121,11,4,6,17.0,0.0,0,2,2.03065,17,7,4,12.96,0.0,0,Draw,1
2019,1,0,0.545069,12,1,0,15.9375,2.0,0,1,0.903046,8,2,2,19.5556,2.0,0,Away Win,2
2019,1,1,0.628765,8,4,2,15.2143,1.0,0,0,3.39575,26,6,13,6.8095,2.0,0,Home Win,0
2019,1,1,0.511828,12,2,5,10.5833,3.0,0,0,0.403762,11,3,6,12.2,2.0,0,Home Win,0
2019,1,0,0.985166,10,1,3,30.3,2.0,0,2,1.28273,8,5,5,12.4231,4.0,0,Away Win,2
2019,1,1,1.29023,11,7,10,17.1111,1.0,1,1,1.00238,13,5,1,8.0,0.0,0,Draw,1
2019,1,0,0.598873,9,1,3,21.2353,2.0,0,3,2.86531,14,6,5,8.0,3.0,0,Away Win,2
2019,1,0,0.960349,8,2,8,12.2857,3.0,0,0,0.479274,9,0,12,6.4737,2.0,0,Draw,1
2019,1,1,2.3646,12,2,6,20.9167,1.0,0,3,2.61624,19,8,10,8.6538,4.0,0,Away Win,2
2019,1,2,1.2882,13,4,7,14.0,1.0,0,3,2.65753,14,6,9,7.3846,0.0,0,Away Win,2
2019,1,1,0.671442,11,4,3,14.4118,3.0,0,1,2.29684,17,4,5,6.9286,3.0,0,Draw,1
2019,1,5,3.28662,23,9,8,6.3846,0.0,0,0,0.21643,6,1,1,33.3333,0.0,0,Home Win,0
2019,1,1,0.470483,7,3,6,18.8889,2.0,0,0,0.326909,6,1,1,11.8462,0.0,0,Home Win,0
2019,1,2,0.725199,9,4,4,11.2308,2.0,0,1,1.13378,12,3,3,9.0,4.0,0,Home Win,0
2019,1,0,1.99821,22,5,10,10.9412,1.0,0,1,1.05291,8,4,3,24.125,1.0,0,Away Win,2
2019,1,2,1.6977,12,9,5,8.9231,2.0,0,0,0.974181,9,5,1,7.45,4.0,1,Home Win,0
2019,1,4,2.54311,10,4,2,18.4706,2.0,0,1,1.66084,13,5,6,9.3478,1.0,1,Home Win,0
2019,1,0,0.149588,3,0,2,27.0556,1.0,0,5,5.51767,26,8,7,9.6,0.0,0,Away Win,2
2019,1,1,2.17649,23,9,12,8.6923,1.0,0,1,0.452331,6,2,6,23.4667,2.0,0,Draw,1
2019,1,2,1.5033,8,4,4,13.5789,1.0,0,2,1.8051,9,5,6,8.8333,3.0,0,Draw,1
2019,1,0,0.613251,11,2,1,14.1111,1.0,0,4,3.81088,19,7,6,20.875,0.0,0,Away Win,2
2019,1,3,2.00632,9,4,4,45.9091,1.0,0,0,1.17509,15,4,6,4.7333,0.0,0,Home Win,0
2019,1,2,1.81846,15,9,6,17.0385,5.0,0,1,0.68991,13,4,5,13.0625,3.0,0,Home Win,0
2019,1,2,3.12855,17,5,2,6.25,1.0,0,1,1.49134,8,4,4,12.0833,4.0,0,Home Win,0
2019,1,3,2.86724,14,7,5,14.35,0.0,0,0,0.286561,6,2,2,18.6316,2.0,0,Home Win,0
2019,1,2,1.31516,3,2,2,17.0,3.0,0,1,2.2233,24,8,13,4.7931,1.0,0,Home Win,0
2019,1,1,1.53435,9,1,3,7.7308,0.0,0,1,1.2857,14,5,8,22.5,0.0,0,Draw,1
2019,1,1,3.05119,22,6,8,7.9667,2.0,0,0,0.0631109,2,0,1,27.6875,2.0,0,Home Win,0
2019,1,0,0.572141,13,5,2,11.6563,1.0,0,2,1.90448,17,5,7,7.9231,2.0,0,Away Win,2
2019,1,1,0.944434,9,1,5,7.36,2.0,0,1,1.52021,15,1,5,12.8636,1.0,0,Draw,1
2019,1,2,3.05752,15,7,9,9.25,1.0,0,0,0.660214,5,1,5,10.1739,2.0,0,Home Win,0
2019,1,2,0.82755,8,4,3,4.9,1.0,0,1,1.66635,14,3,5,27.8125,1.0,0,Home Win,0
2019,1,1,1.05748,22,6,5,17.7333,2.0,0,3,1.7498,8,5,4,11.7407,3.0,0,Away Win,2
2019,1,3,0.833995,10,4,9,9.7143,0.0,0,1,1.03402,14,3,3,5.2105,2.0,0,Home Win,0
2019,1,1,2.33745,21,6,8,5.4762,1.0,0,1,0.67264,10,2,2,19.7333,0.0,0,Draw,1
2019,1,1,0.57408,8,3,8,18.6316,2.0,0,0,0.737137,7,0,9,6.2857,4.0,0,Home Win,0
2019,1,0,0.583117,11,3,12,6.4074,2.0,0,2,2.24527,16,8,6,6.8824,2.0,0,Away Win,2
2019,1,0,0.855896,11,3,9,6.7308,4.0,0,0,0.929091,12,1,7,15.4286,2.0,0,Draw,1
2019,1,5,1.45179,10,7,6,12.1,1.0,0,3,2.38205,10,5,0,14.75,0.0,0,Home Win,0
2019,1,1,0.984161,11,4,2,11.85,3.0,0,1,1.29009,12,3,3,13.3889,1.0,0,Draw,1
2019,1,0,0.576602,6,2,6,24.5,0.0,2,2,1.8233,23,8,8,6.8065,0.0,0,Away Win,2
2019,1,0,0.468461,8,0,7,11.4,1.0,0,1,0.624814,5,2,1,13.0625,3.0,0,Away Win,2
2019,1,3,0.766922,7,3,4,21.1667,2.0,0,0,1.20085,24,6,13,6.5385,1.0,0,Home Win,0
2019,1,0,0.131868,2,0,0,21.0,2.0,0,4,3.73814,26,10,8,4.4815,0.0,0,Away Win,2
2019,1,2,1.48696,11,5,5,14.1176,2.0,0,0,0.440119,7,3,2,11.6818,1.0,0,Home Win,0
2019,1,1,0.781465,10,1,0,7.2222,2.0,0,1,0.983594,13,4,7,10.6364,1.0,0,Draw,1
2019,1,3,1.95282,13,5,4,16.4167,3.0,0,2,3.9197,19,6,8,11.32,3.0,0,Home Win,0
2019,1,3,1.64306,13,4,9,6.8,0.0,0,1,1.41051,5,3,1,17.6087,1.0,0,Home Win,0
2019,1,1,0.339294,3,2,2,19.1739,1.0,0,3,0.56818,14,6,4,6.0,0.0,0,Away Win,2
2019,1,5,3.56749,31,10,9,6.6,1.0,0,0,0.786563,5,4,0,31.0,1.0,0,Home Win,0
2019,1,0,0.754668,14,3,3,9.8571,1.0,1,2,1.41019,7,3,3,8.0323,4.0,0,Away Win,2
2019,1,1,1.74699,13,5,2,5.3478,1.0,0,3,1.46461,13,7,5,13.5625,0.0,0,Away Win,2
2019,1,1,0.988534,13,2,7,13.2381,3.0,0,1,0.310302,7,2,2,6.3056,2.0,0,Draw,1
2019,1,2,1.15938,11,3,3,6.8276,2.0,0,0,0.164561,5,1,3,14.5185,3.0,0,Home Win,0
2019,1,1,1.44244,13,2,6,5.9259,3.0,0,2,1.3696,14,4,7,16.3636,0.0,0,Away Win,2
2019,4,1,1.51166,7,4,6,11.3684,5.0,0,3,1.99723,17,11,4,14.087,2.0,1,Away Win,2
2019,4,1,2.31396,14,6,3,18.3,4.0,1,1,1.79528,12,3,3,7.2692,4.0,0,Draw,1
2019,4,2,1.68856,15,3,9,15.1765,2.0,0,1,0.794158,11,5,3,6.9545,3.0,0,Home Win,0
2019,4,1,0.457129,11,5,3,15.0,1.0,0,0,1.03621,11,2,8,7.0625,1.0,0,Home Win,0
2019,4,0,1.26802,13,2,8,6.4231,1.0,1,1,0.188265,4,2,0,9.8333,4.0,0,Away Win,2
2019,4,4,1.93202,12,7,2,8.4348,3.0,0,4,1.96668,14,7,7,12.8261,1.0,0,Draw,1
2019,4,1,0.68416,9,2,2,13.15,2.0,0,0,0.859231,16,4,9,4.913,1.0,0,Home Win,0
2019,4,0,0.145879,7,2,8,11.2759,2.0,0,2,2.40044,12,4,4,11.1304,2.0,0,Away Win,2
2019,4,1,1.24003,13,4,6,23.8182,2.0,1,2,0.736026,14,3,1,8.1333,6.0,0,Away Win,2
2019,4,1,2.44678,5,5,3,6.8947,3.0,1,0,0.333556,6,0,4,11.5714,4.0,1,Home Win,0
2019,4,0,0.856433,6,2,6,4.125,4.0,0,0,0.65217,12,0,6,4.5417,4.0,0,Draw,1
2019,4,1,1.72798,22,4,4,7.72,2.0,0,1,1.22209,9,2,3,18.9444,2.0,0,Draw,1
2019,4,0,0.428332,12,0,6,11.3333,1.0,0,1,1.39211,11,6,6,7.5417,1.0,0,Away Win,2
2019,4,0,0.379878,8,3,9,10.8519,4.0,0,1,1.39426,6,4,4,10.2857,5.0,0,Away Win,2
2019,4,1,2.37702,11,6,6,18.9167,1.0,0,0,0.675601,9,1,4,10.6897,2.0,0,Home Win,0
2019,4,1,0.265811,6,2,4,7.0,2.0,0,1,0.454246,4,2,6,5.4211,1.0,0,Draw,1
2019,4,0,0.675919,10,2,3,14.8519,3.0,0,0,0.159461,5,1,5,8.7222,1.0,0,Draw,1
2019,4,0,0.871995,12,4,5,16.7143,1.0,0,1,1.59382,12,4,5,8.1765,2.0,0,Away Win,2
2019,4,2,2.07744,16,4,7,9.8846,1.0,0,1,2.82602,23,6,3,11.0,2.0,0,Home Win,0
2019,4,5,2.85088,20,7,11,4.9783,1.0,0,2,0.145785,4,3,0,21.0588,1.0,0,Home Win,0
2019,4,2,1.7305,15,5,3,12.0,3.0,0,2,0.360967,8,4,2,4.1,4.0,0,Draw,1
2019,4,1,0.972134,15,1,4,5.5833,3.0,0,1,1.01227,5,1,2,11.625,1.0,0,Draw,1
2019,4,2,2.77857,16,3,6,8.8095,2.0,0,0,1.02789,15,3,6,8.7895,2.0,0,Home Win,0
2019,4,1,1.50787,19,5,9,5.7576,4.0,0,1,0.454026,2,1,1,14.8947,2.0,0,Draw,1
2019,4,2,1.16451,15,5,3,9.0857,2.0,0,0,0.217717,2,2,0,8.2778,3.0,0,Home Win,0
2019,4,2,2.52444,17,5,11,4.0476,4.0,0,1,1.44559,19,7,8,14.9444,2.0,0,Home Win,0
2019,4,2,2.09044,10,4,7,13.4211,0.0,0,0,1.16388,12,1,4,10.04,1.0,0,Home Win,0
2019,4,0,1.34324,15,3,8,15.7778,2.0,0,3,1.58505,14,6,6,14.75,3.0,0,Away Win,2
2019,4,3,1.8114,7,3,1,7.4286,0.0,0,2,0.847966,6,2,1,10.44,3.0,0,Home Win,0
2019,4,2,2.13825,10,5,1,18.3158,1.0,0,2,1.76659,17,5,8,8.5484,4.0,1,Draw,1
2019,4,0,0.773661,7,0,2,11.1667,5.0,0,1,1.091,19,7,6,8.8,5.0,0,Away Win,2
2019,4,5,2.61069,17,10,2,8.1613,1.0,0,2,1.27064,9,3,5,19.2941,4.0,0,Home Win,0
2019,4,1,1.00209,7,2,5,6.1538,3.0,2,1,1.49492,12,4,6,6.1538,6.0,0,Draw,1
2019,4,0,0.233721,4,0,3,13.9333,4.0,2,2,1.1436,13,3,5,6.5,2.0,0,Away Win,2
2019,4,1,0.567742,11,1,7,8.6,2.0,0,2,1.64516,7,2,2,9.0,4.0,1,Away Win,2
2019,4,0,0.399916,10,4,8,18.0,2.0,0,3,1.83013,8,4,6,10.9048,0.0,0,Away Win,2
2019,4,0,2.1905,10,1,4,9.4211,4.0,0,0,1.39203,11,5,6,5.8333,3.0,0,Draw,1
2019,4,3,3.3111,25,11,9,6.0645,2.0,0,2,1.81125,8,3,6,24.5333,2.0,0,Home Win,0
2019,4,2,2.08851,13,4,5,9.5714,1.0,0,0,1.06745,12,2,5,14.3684,3.0,0,Home Win,0
2019,4,1,0.790606,11,1,10,10.7,0.0,0,1,2.68375,17,5,6,10.05,1.0,0,Draw,1
2019,4,2,1.9352,11,3,3,9.1364,1.0,0,0,0.522331,4,1,2,10.5333,4.0,0,Home Win,0
2019,4,0,1.71994,20,5,13,9.1481,3.0,0,0,0.582564,6,3,3,17.9167,5.0,0,Draw,1
2019,4,2,1.87283,9,4,4,14.7308,3.0,0,0,0.557709,8,1,5,5.2727,2.0,0,Home Win,0
2019,4,0,1.613,13,4,6,9.9167,0.0,0,0,1.12755,18,4,7,12.3684,2.0,0,Draw,1
2019,4,0,2.20072,11,5,9,7.7742,1.0,0,0,0.334273,7,2,4,18.6364,2.0,0,Draw,1
2019,4,0,0.394624,9,0,9,8.9231,3.0,0,1,1.23916,7,4,6,10.4483,2.0,0,Away Win,2
2019,4,1,1.66574,13,4,6,9.0,3.0,0,1,1.52139,13,4,6,11.5769,4.0,0,Draw,1
2019,4,2,2.03561,18,6,4,5.0,2.0,0,0,0.434119,7,3,8,16.2222,1.0,0,Home Win,0
2019,4,4,2.70951,14,5,7,6.85,4.0,0,2,0.726341,7,3,2,5.1667,5.0,0,Home Win,0
2019,4,1,0.701868,17,3,5,9.8947,1.0,0,3,1.49572,10,5,7,11.68,0.0,0,Away Win,2
2019,4,2,0.643865,8,4,6,13.7273,4.0,0,1,0.54607,11,3,5,12.8889,2.0,0,Home Win,0
2019,4,3,2.73836,17,5,5,10.5455,2.0,0,1,1.93984,17,3,2,23.6667,2.0,0,Home Win,0
2019,4,1,1.26726,9,5,6,10.0909,3.0,0,1,0.650478,6,4,3,7.4615,2.0,0,Draw,1
2019,4,3,1.67819,8,4,4,5.0,1.0,0,3,2.65542,18,5,5,7.2368,4.0,0,Draw,1
2019,4,3,3.80899,21,7,5,9.2609,1.0,0,0,0.195935,5,0,3,12.6364,4.0,1,Home Win,0
2019,4,2,1.98715,15,4,7,7.4688,2.0,0,0,0.11469,4,0,5,8.2571,2.0,0,Home Win,0
2019,4,0,0.673477,9,3,8,20.0,3.0,0,2,1.21545,13,3,5,8.7308,5.0,1,Away Win,2
2019,4,1,0.496204,7,3,4,14.913,0.0,0,1,1.29281,9,2,5,5.0323,1.0,0,Draw,1
2019,4,3,1.69937,11,4,3,9.7576,3.0,0,2,1.3532,7,4,1,8.913,4.0,0,Home Win,0
2019,4,1,1.1247,14,3,6,8.7037,2.0,0,1,1.50653,10,4,4,15.2,5.0,0,Draw,1
2019,4,2,1.84115,11,6,4,7.8182,2.0,0,0,0.16946,5,1,1,11.2609,3.0,0,Home Win,0
2019,4,0,1.04848,14,3,7,9.3077,2.0,0,1,2.10545,10,6,7,11.1,5.0,0,Away Win,2
2019,4,0,0.819412,7,1,5,14.0,1.0,0,0,0.379757,14,3,7,9.1923,2.0,0,Draw,1
2019,4,2,1.02791,7,3,6,11.0385,3.0,0,0,0.826593,3,2,5,4.8333,1.0,0,Home Win,0
2019,4,0,0.947178,16,2,4,5.8667,2.0,1,2,2.13178,9,6,3,13.45,0.0,0,Away Win,2
2019,4,0,1.0808,8,1,4,7.9706,4.0,0,2,1.3084,10,6,1,5.65,4.0,1,Away Win,2
2019,4,1,0.718298,11,4,8,7.2,3.0,0,0,0.989332,15,6,3,7.4,4.0,0,Home Win,0
2019,4,1,1.55287,10,5,7,8.5652,6.0,1,1,0.758419,18,3,11,7.6087,0.0,0,Draw,1
2019,4,3,1.60195,21,8,7,16.2941,1.0,0,2,0.774246,5,2,0,14.8889,1.0,0,Home Win,0
2019,4,5,2.95644,17,10,3,9.8621,2.0,0,1,0.667105,11,6,7,11.2105,2.0,0,Home Win,0
2019,4,4,2.40324,15,8,7,10.5217,5.0,2,0,3.03653,16,4,10,11.4333,3.0,0,Home Win,0
2019,4,1,1.74382,12,3,4,11.5455,3.0,0,1,1.18435,8,2,9,7.3333,6.0,1,Draw,1
2019,4,1,1.91529,13,2,6,14.1111,0.0,0,0,0.127135,6,2,4,12.3043,5.0,0,Home Win,0
2019,4,1,3.28469,25,10,9,6.5769,3.0,0,2,1.08538,9,2,4,21.5,5.0,0,Away Win,2
2019,4,2,1.02963,9,3,2,19.1429,1.0,0,0,0.731578,11,3,4,6.7857,3.0,0,Home Win,0
2019,4,2,1.13814,16,4,8,13.4444,2.0,0,1,2.52105,16,5,9,14.4667,2.0,0,Home Win,0
2019,4,4,2.7833,17,10,6,8.3,4.0,0,2,1.6065,8,5,2,9.2,5.0,0,Home Win,0
2019,4,1,0.770489,6,3,3,4.4762,2.0,1,2,0.86893,13,4,8,6.2083,4.0,0,Away Win,2
2019,4,2,1.7079,11,3,4,18.1,1.0,0,1,1.4742,10,4,7,14.9048,3.0,0,Home Win,0
2019,4,0,0.969549,5,1,3,13.5882,6.0,0,0,0.768197,9,1,4,7.0345,4.0,0,Draw,1
2019,4,2,2.08309,12,5,4,9.7778,5.0,0,0,1.1334,14,2,6,9.3889,1.0,0,Home Win,0
2019,4,1,1.50554,19,7,3,9.0417,2.0,0,1,0.672979,9,3,4,14.0,3.0,0,Draw,1
2019,4,1,1.54344,15,4,2,9.4333,2.0,0,1,0.757907,11,3,4,11.3889,1.0,1,Draw,1
2019,4,0,0.212797,5,0,2,16.2174,5.0,0,3,1.72534,9,4,2,12.8333,0.0,0,Away Win,2
2019,4,0,0.746222,17,3,7,7.0,2.0,0,1,1.64809,11,5,3,9.8947,1.0,0,Away Win,2
2019,4,2,1.0435,5,2,2,4.1944,1.0,0,0,0.372249,7,3,3,5.7273,4.0,0,Home Win,0
2019,4,1,0.360979,6,2,2,8.1111,2.0,0,0,0.658856,9,4,7,7.7895,8.0,1,Home Win,0
2019,4,1,0.245649,5,1,4,13.9091,2.0,0,0,0.808026,14,4,4,5.2258,2.0,1,Home Win,0
2019,4,3,1.32948,18,6,11,6.6667,4.0,0,1,0.63684,12,5,2,10.95,2.0,0,Home Win,0
2019,4,1,2.58436,19,5,9,4.8438,2.0,0,0,0.459674,12,5,1,13.2778,2.0,0,Home Win,0
2019,4,0,0.72288,9,2,2,16.1765,3.0,0,0,0.844042,17,4,6,11.0286,5.0,0,Draw,1
2019,4,0,0.846315,9,1,3,11.0476,5.0,1,1,0.967791,9,4,7,9.4667,2.0,0,Away Win,2
2019,4,2,1.94897,9,2,7,9.3333,2.0,0,0,0.328031,9,2,7,15.7692,2.0,0,Home Win,0
2019,4,1,1.61831,13,3,4,20.7222,3.0,0,0,0.683829,12,0,2,14.9091,4.0,0,Home Win,0
2019,4,1,1.7617,9,3,4,8.5357,4.0,0,0,0.858516,9,1,5,9.3333,1.0,0,Home Win,0
2019,4,0,0.331551,7,3,4,9.3,2.0,0,1,0.928166,14,3,7,5.8889,3.0,0,Away Win,2
2019,4,3,3.08572,29,14,6,5.3667,1.0,0,1,0.836057,3,1,1,14.2222,1.0,1,Home Win,0
2019,4,2,2.14059,15,8,5,3.8571,2.0,0,0,0.62652,9,4,0,7.6757,3.0,0,Home Win,0
2019,4,4,2.56098,19,8,5,7.3,2.0,0,1,0.591294,12,3,4,13.2,2.0,0,Home Win,0
2019,4,2,1.95496,8,4,4,14.5,1.0,0,0,0.395075,13,3,3,6.0909,2.0,0,Home Win,0
2019,4,1,0.442747,11,3,4,7.2308,3.0,0,1,1.72516,9,3,1,5.2581,3.0,0,Draw,1
2019,4,3,0.410171,7,5,2,9.8846,0.0,0,0,0.561641,12,5,5,4.7561,1.0,0,Home Win,0
2019,4,5,3.77856,18,9,6,10.5217,0.0,0,1,1.2024,9,1,3,12.9615,3.0,0,Home Win,0
2019,4,2,1.11761,11,7,5,14.3158,6.0,0,1,1.59702,18,5,10,6.24,1.0,0,Home Win,0
2019,4,2,2.782,25,8,8,12.96,0.0,0,1,1.40491,9,2,3,12.7143,3.0,0,Home Win,0
2019,4,3,1.1273,8,3,2,7.5417,5.0,0,1,1.91693,10,2,3,7.3529,5.0,0,Home Win,0
2019,4,2,2.15631,11,3,5,16.5,1.0,0,2,0.869837,12,4,3,12.0667,5.0,0,Draw,1
2019,4,5,5.60648,22,11,8,7.5333,1.0,0,0,0.240435,5,3,3,26.6154,5.0,0,Home Win,0
2019,4,1,1.71528,17,5,9,5.9565,3.0,0,2,2.03092,13,4,5,11.0,4.0,0,Away Win,2
2019,4,1,1.0283,10,3,6,21.1538,6.0,0,1,0.46703,10,1,1,8.3333,3.0,0,Draw,1
2019,4,0,0.133684,6,2,4,7.75,3.0,0,1,0.389551,9,5,4,7.3125,3.0,0,Away Win,2
2019,4,1,1.27932,13,4,5,8.5333,0.0,0,2,1.9466,11,4,5,8.6316,1.0,0,Away Win,2
2019,4,1,0.163677,5,3,4,14.25,0.0,0,2,1.02564,9,5,5,5.3333,2.0,0,Away Win,2
2019,4,1,1.56154,12,5,4,6.2,5.0,0,2,1.0478,7,4,2,13.0,2.0,0,Away Win,2
2019,4,3,0.927053,9,3,2,24.4667,1.0,0,1,2.13479,9,6,3,6.8182,6.0,0,Home Win,0
2019,4,4,3.87668,19,6,5,6.2857,4.0,0,2,1.45796,11,3,1,7.8519,2.0,0,Home Win,0
2019,4,0,2.81646,22,7,9,8.96,2.0,0,0,0.437853,13,3,4,20.5714,4.0,0,Draw,1
2019,4,1,0.888419,11,4,6,6.3333,4.0,0,1,2.45211,14,5,3,9.8125,3.0,0,Draw,1
2019,4,0,1.01674,11,7,8,8.25,2.0,0,0,1.31553,12,2,10,10.9091,0.0,0,Draw,1
2019,4,3,1.96371,12,6,2,7.5185,5.0,0,0,0.590538,14,1,6,7.2222,4.0,0,Home Win,0
2019,4,3,2.8505,14,5,6,7.963,3.0,0,0,0.280826,7,1,7,7.7619,3.0,0,Home Win,0
2019,4,2,1.79133,23,10,10,6.2857,3.0,0,1,0.873861,8,2,2,12.9412,2.0,0,Home Win,0
2019,4,3,3.05161,18,5,9,8.1538,2.0,0,1,0.379993,10,1,2,4.2973,2.0,0,Home Win,0
2019,4,4,1.49638,10,7,2,11.2609,4.0,0,1,0.317045,6,5,2,18.3,1.0,0,Home Win,0
2019,4,1,1.56474,18,5,4,10.25,2.0,0,2,0.993088,10,6,4,9.8077,3.0,0,Away Win,2
2019,4,0,0.88387,14,1,6,11.9677,0.0,0,4,2.84489,10,5,6,20.3333,0.0,0,Away Win,2
2019,4,0,1.06639,14,5,9,4.6296,2.0,0,0,0.065756,4,1,5,7.9412,4.0,0,Draw,1
2019,4,3,1.56727,5,3,2,11.5385,2.0,0,1,3.04498,22,6,5,5.3667,3.0,0,Home Win,0
2019,4,1,1.19357,11,5,5,4.1818,2.0,0,1,0.326909,6,2,1,10.2857,6.0,1,Draw,1
2019,4,2,1.04627,12,4,7,8.4,0.0,0,0,0.417522,13,1,4,15.6154,5.0,0,Home Win,0
2019,4,2,1.62946,25,8,5,5.25,2.0,0,1,0.910796,9,3,4,14.5,2.0,0,Home Win,0
2019,4,0,1.61983,18,7,10,4.3333,1.0,0,2,1.47648,7,5,4,9.1875,2.0,0,Away Win,2
2019,4,1,1.12432,6,2,3,3.129,3.0,0,1,0.773228,11,2,3,7.6154,4.0,0,Draw,1
2019,4,1,0.669993,9,3,2,11.5,4.0,0,1,2.0596,17,6,8,6.2,3.0,0,Draw,1
2019,4,1,0.484105,9,4,0,12.6538,1.0,0,2,1.68235,11,6,6,4.3158,2.0,0,Away Win,2
2019,4,2,1.83517,13,6,3,11.95,2.0,1,1,1.41139,14,7,6,13.1111,1.0,0,Home Win,0
2019,4,1,1.27092,12,7,6,5.5556,4.0,0,2,1.21625,6,4,2,7.0323,3.0,0,Away Win,2
2019,4,3,1.69928,18,10,4,10.1071,1.0,0,1,1.41126,11,6,3,11.6957,1.0,0,Home Win,0
2019,4,1,1.20262,15,1,8,6.3714,3.0,0,3,1.75554,11,7,2,16.4,2.0,0,Away Win,2
2019,4,0,0.363545,7,1,8,7.7647,3.0,0,1,1.11673,4,2,4,7.88,4.0,1,Away Win,2
2019,4,1,1.10771,8,2,9,17.6667,4.0,0,2,2.08673,12,6,4,7.6,3.0,0,Away Win,2
2019,4,2,1.82466,14,6,4,5.8148,5.0,0,0,0.233324,8,1,3,9.68,4.0,0,Home Win,0
2019,4,0,1.16353,17,2,9,17.0952,4.0,0,1,1.18842,13,5,5,6.1724,4.0,0,Away Win,2
2019,4,0,1.43181,13,5,11,10.2105,1.0,0,0,0.263566,9,2,3,9.4667,3.0,0,Draw,1
2019,4,2,1.55803,12,5,2,6.2857,1.0,0,4,3.03712,14,8,3,10.8571,4.0,1,Away Win,2
2019,4,4,2.05726,13,9,6,6.6667,2.0,0,0,0.476355,7,2,7,5.7857,3.0,0,Home Win,0
2019,4,1,2.37108,16,7,6,10.25,3.0,1,2,2.27656,15,3,5,9.2857,4.0,0,Away Win,2
2019,4,4,1.39065,15,4,6,7.4706,1.0,0,1,0.605108,10,4,4,10.1212,4.0,0,Home Win,0
2019,4,1,2.44081,16,8,7,8.7143,3.0,0,0,1.05322,8,4,4,20.0556,3.0,0,Home Win,0
2019,4,2,1.58912,13,7,6,14.8333,1.0,0,1,1.94325,24,7,4,5.7778,2.0,0,Home Win,0
2019,4,5,4.28236,25,17,8,5.7778,3.0,0,2,1.0224,9,3,4,20.2353,0.0,0,Home Win,0
2019,4,3,1.98458,10,6,3,11.9412,2.0,0,2,0.985449,8,2,3,9.04,4.0,0,Home Win,0
2019,4,0,0.267821,6,3,3,3.5,5.0,1,1,0.913932,6,3,8,5.8,1.0,0,Away Win,2
2019,4,3,2.63161,13,3,6,7.0,1.0,0,0,0.37368,5,1,2,9.5882,4.0,2,Home Win,0
2019,4,3,0.971054,15,8,3,13.625,3.0,0,2,0.47817,9,4,5,5.5556,3.0,1,Home Win,0
2019,4,2,2.12541,17,6,5,17.2222,5.0,1,4,2.95856,10,6,1,14.0,2.0,0,Away Win,2
2019,4,1,0.661362,10,1,2,8.4706,4.0,1,1,1.46737,13,4,6,8.5556,4.0,0,Draw,1
2019,4,2,2.55366,18,8,5,9.5263,4.0,1,0,0.286726,6,2,3,10.96,3.0,0,Home Win,0
2019,4,0,1.41318,23,3,11,8.0938,2.0,0,0,1.71887,18,3,6,10.3846,1.0,0,Draw,1
2019,4,0,0.509978,4,2,1,13.08,0.0,0,0,1.87222,16,2,4,4.25,4.0,0,Draw,1
2019,4,1,1.56275,10,3,2,3.6071,2.0,0,1,0.915597,3,1,0,14.2609,3.0,0,Draw,1
2019,4,0,0.358952,8,3,6,7.3333,3.0,0,0,0.276155,8,2,7,7.5926,3.0,0,Draw,1
2019,4,2,2.5649,19,9,6,7.4194,2.0,0,0,0.528091,15,3,5,9.3636,1.0,0,Home Win,0
2019,4,2,2.18849,18,7,3,4.6818,3.0,0,2,1.51622,8,2,3,7.6875,5.0,1,Draw,1
2019,4,2,1.58859,16,4,7,5.3023,4.0,0,2,0.502557,10,5,5,8.2,1.0,0,Draw,1
2019,4,2,1.88065,7,3,4,5.9737,3.0,0,0,0.435816,10,3,3,7.5556,3.0,0,Home Win,0
2019,4,1,1.21053,18,4,8,7.0,4.0,0,2,0.917727,13,6,6,5.8571,3.0,0,Away Win,2
2019,4,2,2.87892,19,5,8,13.5714,0.0,0,2,1.18314,9,5,5,12.8077,1.0,0,Draw,1
2019,4,1,1.73952,24,5,14,5.52,2.0,0,2,1.62777,9,3,2,30.7273,0.0,0,Away Win,2
2019,4,1,2.28638,9,6,1,26.0714,1.0,0,1,1.97126,19,6,2,10.7273,2.0,0,Draw,1
2019,4,4,1.43229,8,4,3,6.6429,2.0,0,1,0.432162,5,3,4,21.9524,4.0,0,Home Win,0
2019,4,1,0.922514,15,2,5,7.2105,4.0,0,2,1.41727,8,5,3,12.5714,3.0,0,Away Win,2
2019,4,3,2.55405,21,7,5,5.3636,3.0,0,0,1.72232,12,1,5,4.0,3.0,0,Home Win,0
2019,4,2,0.84514,11,5,1,8.5455,1.0,0,0,0.649033,9,3,5,3.8261,6.0,0,Home Win,0
2019,4,3,2.68998,13,7,8,12.9412,3.0,0,1,1.4501,12,5,7,7.0,6.0,0,Home Win,0
2019,4,0,0.788281,8,1,3,7.2195,6.0,0,2,1.80841,13,6,6,5.7917,3.0,0,Away Win,2
2019,4,3,3.10563,19,7,8,11.2,6.0,1,4,2.29198,13,7,3,10.0,2.0,0,Away Win,2
2019,4,0,2.95373,20,8,6,10.2222,1.0,0,0,0.415201,8,2,4,16.1739,0.0,0,Draw,1
2019,4,1,2.63083,11,4,2,7.1429,2.0,0,0,0.646333,7,0,5,11.96,5.0,1,Home Win,0
2019,4,1,0.7245,14,6,5,11.56,0.0,0,1,0.835691,5,2,4,13.75,3.0,0,Draw,1
2019,4,1,0.304027,6,1,3,8.4324,7.0,0,1,2.02653,10,3,6,5.6667,3.0,1,Draw,1
2019,4,2,1.56308,17,8,5,11.4783,1.0,0,1,0.736284,6,3,5,10.1111,3.0,0,Home Win,0
2019,4,1,1.91143,20,7,6,6.5909,4.0,0,1,0.76674,8,1,1,8.9394,3.0,0,Draw,1
2019,4,2,0.730874,7,3,4,14.8966,2.0,0,2,2.3097,14,7,5,8.2778,2.0,1,Draw,1
2019,4,0,1.26627,15,4,7,8.2258,3.0,0,3,2.09016,9,7,4,6.875,2.0,0,Away Win,2
2019,4,1,1.38848,7,4,3,6.7059,5.0,0,0,0.78276,17,5,4,12.3846,1.0,0,Home Win,0
2019,4,1,1.01062,10,2,7,8.4348,5.0,0,2,1.29087,14,2,2,10.9333,4.0,0,Away Win,2
2019,4,1,1.07523,9,2,9,9.1579,2.0,0,1,0.237728,6,1,1,10.7667,4.0,0,Draw,1
2019,4,1,1.10197,9,1,6,10.7778,1.0,0,0,0.817026,10,3,5,8.5938,3.0,1,Home Win,0
2019,4,2,1.56625,14,5,4,4.6667,3.0,0,2,2.14709,12,5,3,12.0385,2.0,0,Draw,1
2019,4,1,3.43632,22,6,13,5.6552,4.0,0,1,0.716642,7,3,0,19.2667,3.0,0,Draw,1
2019,4,1,1.43259,18,6,7,3.5,0.0,0,0,0.187953,5,1,0,22.5833,4.0,1,Home Win,0
2019,4,3,2.26225,14,6,6,11.2222,3.0,0,0,0.281591,7,0,2,8.6538,1.0,0,Home Win,0
2019,4,2,1.03493,9,4,6,12.1304,1.0,0,0,1.03685,12,4,7,5.7083,2.0,0,Home Win,0
2019,4,0,0.280841,8,2,4,3.5455,6.0,0,3,1.96098,8,4,4,7.4815,4.0,0,Away Win,2
2019,4,0,1.16982,20,3,7,6.5,2.0,0,1,1.73657,14,6,6,6.9375,4.0,0,Away Win,2
2019,4,4,2.18221,14,6,1,13.3478,4.0,0,1,0.449368,8,1,6,8.9048,4.0,1,Home Win,0
2019,4,0,1.59896,21,5,9,7.95,2.0,0,0,0.618269,5,3,1,10.381,2.0,0,Draw,1
2019,4,2,1.37156,13,4,2,9.1143,3.0,0,1,0.373928,8,3,4,15.1579,1.0,0,Home Win,0
2019,4,1,2.23006,21,5,4,4.3929,1.0,0,2,2.04252,16,5,4,13.8182,3.0,1,Away Win,2
2019,4,1,0.975012,11,5,7,9.7826,2.0,0,2,1.07139,11,6,4,13.1579,1.0,0,Away Win,2
2019,4,0,0.990297,14,3,7,7.56,2.0,0,0,0.37528,10,4,6,8.8214,6.0,1,Draw,1
2019,4,0,1.03102,18,5,6,6.8235,1.0,0,0,0.223406,5,3,3,10.7742,0.0,0,Draw,1
2019,4,1,0.552668,9,3,2,10.3889,3.0,0,1,0.660786,11,3,3,9.4,1.0,0,Draw,1
2019,4,1,1.45193,7,3,8,10.4091,2.0,0,0,1.33797,8,1,4,7.4444,4.0,1,Home Win,0
2019,4,2,1.94107,15,3,5,4.1081,3.0,0,0,0.601469,6,2,5,7.1379,3.0,0,Home Win,0
2019,4,3,2.6866,14,6,7,4.9063,0.0,0,0,0.885045,8,4,3,18.619,2.0,0,Home Win,0
2019,4,2,0.807577,12,4,3,8.5909,4.0,0,0,0.475664,8,1,6,7.45,1.0,0,Home Win,0
2019,4,2,1.43787,8,6,2,37.0909,1.0,0,0,1.15303,14,5,0,8.8095,3.0,0,Home Win,0
2019,4,0,0.190691,4,0,3,18.1111,1.0,0,1,0.5486,12,3,5,5.9143,3.0,0,Away Win,2
2019,4,2,3.38735,23,9,8,10.4091,2.0,0,1,1.21881,11,5,3,24.4706,0.0,0,Home Win,0
2019,4,1,2.28348,8,3,2,8.6667,2.0,0,1,0.959112,14,6,7,4.375,2.0,0,Draw,1
2019,4,2,0.875651,8,2,3,5.5484,3.0,0,1,2.69997,22,4,9,5.8333,3.0,0,Home Win,0
2019,4,2,1.42,12,5,3,7.2778,4.0,0,1,0.108866,2,1,1,5.5385,3.0,0,Home Win,0
2019,4,0,0.550096,16,4,8,9.05,4.0,0,1,1.09282,15,7,5,11.2727,1.0,0,Away Win,2
2019,4,1,1.08227,16,5,5,6.1875,2.0,0,0,0.454401,4,1,6,12.129,3.0,0,Home Win,0
2019,4,1,1.64919,14,3,6,3.3571,2.0,0,1,0.984092,4,3,1,19.35,1.0,0,Draw,1
2019,4,1,1.103,9,5,4,11.9048,6.0,0,0,1.35798,11,4,7,12.1739,3.0,0,Home Win,0
2019,4,3,1.9166,9,4,4,7.5556,3.0,0,1,0.915717,17,5,6,8.9643,2.0,0,Home Win,0
2019,4,0,0.734487,8,2,5,5.8182,2.0,0,2,2.25172,9,3,4,12.2308,5.0,0,Away Win,2
2019,4,1,1.81523,12,7,1,6.3409,6.0,0,0,0.669911,7,3,7,7.619,2.0,0,Home Win,0
2019,4,3,3.27894,22,10,10,7.3103,4.0,0,0,0.257146,5,0,0,7.4444,4.0,1,Home Win,0
2019,4,2,0.933595,9,5,2,9.5652,2.0,0,0,1.18902,12,4,2,8.1379,3.0,0,Home Win,0
2019,4,1,0.68297,14,4,4,8.8108,2.0,0,4,2.74949,17,7,3,8.2857,2.0,0,Away Win,2
2019,4,2,2.27376,14,4,4,3.9118,2.0,0,1,0.643736,6,3,4,7.25,2.0,1,Home Win,0
2019,4,1,0.646254,8,1,2,10.8,3.0,0,1,1.38092,8,3,4,3.9286,3.0,0,Draw,1
2019,4,2,1.44414,9,5,3,12.5263,3.0,0,1,0.159152,5,1,5,5.7826,2.0,0,Home Win,0
2019,4,1,0.92576,6,3,2,6.3667,4.0,0,0,0.89501,10,2,3,5.4324,6.0,0,Home Win,0
2019,4,2,1.05905,7,3,0,10.3111,5.0,1,3,1.85454,10,6,8,7.8571,5.0,1,Away Win,2
2019,4,2,1.38338,13,7,3,9.303,3.0,0,1,1.13918,11,4,4,7.8571,2.0,0,Home Win,0
2019,4,0,0.763109,12,2,4,5.9091,4.0,0,1,0.836206,6,2,0,15.7,4.0,0,Away Win,2
2019,4,2,1.87978,12,5,2,5.3571,3.0,0,1,1.18616,7,2,3,7.7627,2.0,0,Home Win,0
2019,4,1,1.84648,13,4,3,10.0,3.0,0,2,1.30335,6,2,1,15.7333,2.0,0,Away Win,2
2019,4,2,2.13521,11,5,10,5.5161,3.0,0,1,0.638079,6,4,5,9.8636,2.0,0,Home Win,0
2019,4,0,0.563219,11,1,4,12.7667,5.0,0,0,0.487887,3,2,2,3.3929,3.0,1,Draw,1
2019,4,1,2.04009,14,6,8,9.25,0.0,0,0,0.784895,10,0,5,4.931,2.0,0,Home Win,0
2019,4,2,1.90404,15,4,9,5.9375,2.0,0,2,1.17019,5,3,3,13.7143,2.0,0,Draw,1
2019,4,2,1.65914,18,6,9,3.129,3.0,0,2,0.622409,5,3,2,13.0455,4.0,1,Draw,1
2019,4,2,1.56219,9,3,11,6.52,3.0,0,2,1.07192,8,3,4,10.6552,3.0,0,Draw,1
2019,4,2,0.835883,14,6,5,7.5185,3.0,0,1,1.24428,11,2,10,10.9444,1.0,0,Home Win,0
2019,4,2,1.84055,4,4,2,10.2381,4.0,0,1,0.593519,13,4,9,12.1538,4.0,0,Home Win,0
2019,4,3,2.17916,17,9,6,11.7632,1.0,0,1,0.440221,10,4,1,8.25,2.0,0,Home Win,0
2019,4,5,4.66065,13,11,5,7.0476,0.0,0,0,0.477994,12,5,5,10.561,2.0,0,Home Win,0
2019,4,3,3.09931,19,6,7,7.05,2.0,0,3,0.913546,11,4,1,16.2857,1.0,0,Draw,1
2019,4,1,0.128175,3,1,2,10.3333,3.0,1,0,0.371163,11,2,9,5.7429,3.0,0,Home Win,0
2019,4,0,0.460518,10,2,5,6.0741,7.0,0,3,2.82001,8,5,3,4.8889,3.0,0,Away Win,2
2019,4,1,0.70752,8,2,3,10.8929,1.0,0,0,1.90806,19,7,7,9.55,2.0,0,Home Win,0
2019,4,0,0.783825,14,1,6,3.2692,3.0,0,3,1.68194,10,4,3,8.6154,1.0,0,Away Win,2
2019,4,3,2.3988,19,7,6,7.1026,1.0,0,0,0.25727,6,1,7,10.3043,1.0,0,Home Win,0
2019,4,2,1.14839,21,6,4,13.5,1.0,0,1,1.26303,6,2,2,11.0,5.0,1,Home Win,0
2019,4,1,2.72308,18,6,5,5.7317,6.0,0,0,0.879429,10,3,6,5.6957,6.0,0,Home Win,0
2019,4,3,3.07099,15,10,3,6.7059,3.0,0,0,0.60028,11,3,6,6.3529,2.0,0,Home Win,0
2019,4,1,1.29128,9,3,3,9.5385,3.0,0,1,0.761475,5,2,4,4.9167,4.0,0,Draw,1
2019,4,0,0.918043,14,0,6,13.4,3.0,0,0,0.27654,6,2,1,5.32,5.0,0,Draw,1
2019,4,1,0.982157,19,6,6,3.5926,3.0,0,1,0.977076,8,4,4,5.7241,3.0,0,Draw,1
2019,4,0,0.0726554,4,1,4,6.381,4.0,1,1,0.913015,9,5,3,4.3409,5.0,0,Away Win,2
2019,4,2,1.0617,13,5,8,14.0741,2.0,0,0,1.52303,9,4,2,11.087,2.0,0,Home Win,0
2019,4,1,2.56307,13,4,8,6.963,1.0,0,0,0.86626,6,1,4,16.2667,1.0,0,Home Win,0
2019,4,3,1.64954,12,5,7,5.8235,2.0,0,2,1.80118,13,4,1,8.7419,2.0,1,Home Win,0
2019,4,2,1.05167,10,5,6,13.6667,2.0,0,1,0.793569,14,5,7,6.625,3.0,0,Home Win,0
2019,4,1,0.938792,13,2,3,13.2963,5.0,0,1,0.931772,6,2,3,12.5556,3.0,0,Draw,1
2019,4,2,2.04826,21,3,8,8.9677,2.0,0,2,1.61538,12,4,4,7.9167,4.0,0,Draw,1
2019,4,1,2.2099,13,6,4,9.2069,4.0,0,0,0.550322,9,1,4,15.1579,3.0,0,Home Win,0
2019,4,2,1.33577,14,3,6,19.3529,1.0,0,1,1.39172,14,4,2,8.0,1.0,0,Home Win,0
2019,4,1,0.9664,13,2,4,3.9375,5.0,0,2,0.90604,10,4,3,21.1818,3.0,0,Away Win,2
2019,4,1,2.38355,15,5,2,9.5556,4.0,0,2,1.7502,12,7,5,14.625,3.0,0,Away Win,2
2019,4,1,2.03703,19,2,8,8.35,1.0,0,4,1.59457,10,5,1,7.8438,2.0,0,Away Win,2
2019,4,0,1.15002,19,6,9,5.1389,6.0,1,0,0.156144,3,2,1,9.3158,5.0,0,Draw,1
2019,4,1,1.06858,11,3,6,9.0556,3.0,0,1,1.22846,10,7,4,7.84,3.0,0,Draw,1
2019,4,1,2.2865,17,6,6,5.3333,3.0,0,0,0.174034,8,2,2,6.125,3.0,1,Home Win,0
2019,4,1,0.362873,10,3,5,19.8333,3.0,0,1,1.18398,9,2,7,12.2857,0.0,0,Draw,1
2019,4,2,2.01521,19,9,2,4.64,4.0,0,0,0.0516535,1,0,1,16.25,3.0,1,Home Win,0
2019,4,0,0.129638,4,0,2,15.3,1.0,0,1,1.61991,15,4,8,6.7813,1.0,0,Away Win,2
2019,4,3,1.27218,6,5,3,10.8,1.0,0,1,0.434682,9,5,3,10.2432,1.0,0,Home Win,0
2019,4,0,0.648782,13,3,9,21.0476,1.0,0,4,2.69892,12,7,3,8.4091,2.0,0,Away Win,2
2019,4,1,1.13073,11,2,2,2.7273,2.0,0,2,1.23093,6,2,1,10.76,4.0,0,Away Win,2
2019,4,2,2.17942,10,4,2,3.8696,6.0,0,1,0.786113,6,2,3,6.125,4.0,0,Home Win,0
2019,4,1,1.00063,12,3,0,11.9048,1.0,0,1,1.45366,14,4,6,17.5714,4.0,1,Draw,1
2019,4,2,2.11983,13,5,11,12.28,0.0,0,0,0.481345,12,1,2,8.0,2.0,0,Home Win,0
2019,4,1,0.89714,9,4,1,11.2308,1.0,0,1,1.1455,8,1,6,17.5,3.0,0,Draw,1
2019,4,2,1.52088,15,7,5,7.4595,3.0,1,0,0.318266,8,1,6,4.5556,4.0,1,Home Win,0
2019,4,0,2.00352,21,4,5,5.2,3.0,0,0,0.786529,5,3,5,11.25,2.0,1,Draw,1
2019,4,2,1.83348,12,6,8,7.92,3.0,0,2,1.72308,6,3,3,8.2143,2.0,0,Draw,1
2019,4,2,1.49004,18,6,11,3.5,2.0,0,2,1.03374,8,5,2,21.7368,4.0,0,Draw,1
2019,4,2,1.53086,10,5,3,5.1111,5.0,0,0,0.85627,6,2,2,22.8333,3.0,0,Home Win,0
2019,4,3,2.02374,19,14,8,9.5517,0.0,0,0,0.156776,4,2,2,19.625,2.0,1,Home Win,0
2019,4,1,1.62532,10,4,2,9.28,3.0,0,0,1.65754,15,5,6,12.125,4.0,0,Home Win,0
2019,4,0,0.436127,6,1,5,9.8571,3.0,0,0,1.0575,11,4,8,8.5,3.0,0,Draw,1
2019,4,0,0.860898,13,3,3,10.3636,3.0,0,5,2.40229,10,6,2,7.8696,3.0,0,Away Win,2
2019,4,1,0.807331,11,4,5,13.0,1.0,0,1,1.06949,10,4,6,10.0435,1.0,0,Draw,1
2019,4,1,2.24762,12,3,11,10.4231,4.0,0,0,2.13638,9,5,5,12.7857,0.0,0,Home Win,0
2019,4,1,0.768121,15,4,10,6.3226,4.0,0,0,0.281386,6,2,1,19.4118,2.0,0,Home Win,0
2019,4,6,2.82117,15,10,7,3.8889,1.0,0,0,0.168445,4,2,4,19.3333,1.0,1,Home Win,0
2019,4,1,0.491778,10,3,8,9.2222,2.0,0,3,2.56766,14,8,5,12.9231,0.0,0,Away Win,2
2019,4,1,0.820376,9,2,2,3.85,3.0,0,1,0.816384,8,2,1,6.1765,0.0,0,Draw,1
2019,4,0,0.883633,14,4,5,10.2692,0.0,0,1,0.803321,5,1,0,11.1429,3.0,0,Away Win,2
2019,4,1,0.478364,7,3,3,13.2222,3.0,0,1,1.08784,16,4,7,6.6,6.0,0,Draw,1
2019,4,1,0.482127,10,2,4,11.2069,4.0,0,2,1.30503,10,6,1,12.8,2.0,0,Away Win,2
2019,4,0,0.824926,8,4,2,24.6429,3.0,0,0,0.741303,10,4,9,15.0,2.0,0,Draw,1
2019,4,2,1.8991,7,3,1,11.4706,1.0,0,0,1.60978,13,3,7,10.0556,2.0,0,Home Win,0
2019,4,0,0.389684,5,0,7,8.6875,2.0,0,1,1.1029,7,1,3,4.9706,3.0,0,Away Win,2
2019,4,1,1.8377,18,4,6,5.6087,2.0,0,0,0.649841,6,0,2,17.3913,1.0,0,Home Win,0
2019,4,1,1.07378,12,6,6,4.7308,4.0,0,0,1.12604,9,3,5,13.25,4.0,0,Home Win,0
2019,4,1,0.555369,14,5,10,10.3333,4.0,0,0,0.389713,7,0,8,8.7778,2.0,1,Home Win,0
2019,4,0,1.11797,10,3,4,5.069,4.0,0,0,0.147341,4,1,2,9.0833,4.0,0,Draw,1
2019,4,0,0.748438,12,0,10,7.069,4.0,0,1,1.0251,12,7,4,7.7368,2.0,0,Away Win,2
2019,4,2,1.3538,14,6,5,7.8077,4.0,0,0,0.573505,11,4,4,14.6087,1.0,0,Home Win,0
2019,4,0,0.628775,13,6,7,6.25,4.0,0,1,0.848154,4,1,3,11.1667,2.0,0,Away Win,2
2019,4,2,1.08857,7,5,3,14.3043,3.0,0,2,1.2636,14,7,8,6.0263,3.0,0,Draw,1
2019,4,1,1.08861,6,2,7,11.4167,5.0,0,1,0.675045,15,1,8,5.3333,2.0,0,Draw,1
2019,4,3,2.76806,12,6,1,13.4,1.0,0,1,1.16492,14,2,8,11.9524,2.0,0,Home Win,0
2019,4,2,1.86903,14,4,3,5.125,3.0,0,1,1.12577,6,2,1,30.8462,2.0,0,Home Win,0
2019,4,2,1.93802,10,6,3,15.9091,3.0,0,2,2.13485,18,2,8,5.0667,4.0,0,Draw,1
2019,4,0,1.00521,8,5,0,14.84,1.0,0,1,2.41536,14,6,5,7.875,1.0,0,Away Win,2
2019,4,2,1.3901,11,4,5,6.7742,6.0,0,1,0.731053,5,1,4,7.2143,3.0,0,Home Win,0
2019,4,1,1.49293,14,5,8,7.4615,1.0,0,2,1.68478,13,6,5,8.1538,0.0,0,Away Win,2
2019,4,4,1.6905,9,4,2,22.2308,0.0,0,2,1.51929,17,8,5,7.6957,4.0,0,Home Win,0
2019,4,2,0.896141,6,5,2,7.12,1.0,0,1,1.48812,21,7,4,8.75,1.0,0,Home Win,0
2019,4,1,1.59745,15,3,5,5.2381,3.0,0,1,0.583726,11,5,1,17.7727,2.0,0,Draw,1
2019,4,2,2.41493,17,4,1,16.3333,0.0,0,0,0.182323,4,0,4,17.5,2.0,0,Home Win,0
2019,4,0,1.01978,11,4,6,4.8,3.0,0,2,1.23821,7,4,2,7.1154,2.0,0,Away Win,2
2019,4,2,1.80729,12,5,3,8.5882,3.0,0,2,1.78128,10,3,1,16.48,5.0,0,Draw,1
2019,4,0,0.400169,10,1,1,18.8095,4.0,1,2,2.91561,14,6,5,8.7188,1.0,0,Away Win,2
2019,4,0,0.844993,11,4,9,7.9412,1.0,0,2,0.965632,9,6,4,9.6316,1.0,0,Away Win,2
2019,4,0,0.756658,9,3,4,10.1212,4.0,0,3,0.710464,11,6,2,9.8696,3.0,0,Away Win,2
2019,4,5,1.6815,9,7,2,14.5909,3.0,0,1,1.55871,12,8,11,10.087,2.0,0,Home Win,0
2019,4,1,1.75594,8,4,6,4.2727,5.0,0,0,0.35097,10,3,5,8.0222,5.0,0,Home Win,0
2019,4,2,1.38838,12,4,4,6.6667,2.0,0,1,0.11827,4,3,3,14.75,1.0,0,Home Win,0
2019,4,0,1.27025,10,1,3,9.8571,1.0,0,2,0.91393,12,4,5,10.9231,0.0,0,Away Win,2
2019,4,0,1.37071,14,4,8,16.3125,2.0,0,0,0.206917,8,3,3,12.0625,1.0,0,Draw,1
2019,4,0,0.240102,7,1,3,12.5,4.0,0,1,2.90047,10,4,2,9.3077,3.0,0,Away Win,2
2019,4,3,2.65175,15,3,4,9.3793,2.0,0,0,0.595505,13,1,5,14.6842,1.0,0,Home Win,0
2019,4,1,0.238909,5,1,2,8.5833,5.0,0,1,0.636627,10,3,8,6.96,4.0,0,Draw,1
2019,4,0,0.705114,7,2,0,5.2188,4.0,1,1,0.423597,4,2,3,14.1923,3.0,0,Away Win,2
2019,4,2,2.67712,17,4,7,5.7188,2.0,0,2,0.851494,4,3,3,9.3636,2.0,0,Draw,1
2019,4,1,1.19147,9,4,4,10.037,3.0,0,1,1.06365,8,3,2,13.5,2.0,0,Draw,1
2019,4,0,0.667423,6,2,2,5.625,5.0,0,0,0.293418,6,1,2,4.1143,4.0,0,Draw,1
2019,4,1,1.29481,8,3,11,6.5294,2.0,0,0,1.16838,19,3,8,9.8889,1.0,0,Home Win,0
2019,4,1,0.961984,10,4,2,29.2222,1.0,0,4,2.75294,18,12,6,10.3182,0.0,0,Away Win,2
2019,4,1,0.591015,5,3,1,11.4118,0.0,0,0,0.311545,7,0,3,11.7619,0.0,0,Home Win,0
2019,4,1,1.6153,13,4,4,13.0417,3.0,0,2,1.80682,20,7,7,9.6429,2.0,0,Away Win,2
2019,4,1,0.897655,9,2,6,11.2308,0.0,1,0,0.830636,11,2,5,28.5,2.0,1,Home Win,0
2019,4,3,2.12533,14,8,5,7.4348,1.0,0,0,0.407994,8,2,8,8.4333,5.0,0,Home Win,0
2019,4,1,0.281854,9,4,6,7.7407,3.0,0,1,1.0928,10,2,2,10.6957,3.0,0,Draw,1
2019,4,2,1.18927,19,5,8,3.2308,2.0,0,3,0.312385,4,3,3,14.05,3.0,0,Away Win,2
2019,4,2,1.14695,10,4,5,13.2,3.0,0,1,0.407041,11,5,2,17.619,0.0,0,Home Win,0
2019,4,0,0.156567,4,1,8,2.8571,3.0,0,0,0.398122,10,1,1,9.2632,3.0,0,Draw,1
2019,4,1,0.580238,5,2,1,8.0,4.0,0,3,1.95451,6,3,3,6.2,1.0,1,Away Win,2
2019,4,2,1.48983,15,5,1,10.0435,3.0,0,0,1.008,14,1,5,5.2941,1.0,0,Home Win,0
2019,4,2,2.35582,18,8,3,12.5385,0.0,0,0,1.31041,10,4,2,14.2059,1.0,0,Home Win,0
2019,4,0,0.118514,3,1,2,3.6071,4.0,0,0,0.596646,14,4,4,4.1786,2.0,0,Draw,1
2019,4,1,1.10257,5,1,2,9.35,0.0,0,2,0.979209,12,5,6,10.037,1.0,0,Away Win,2
2019,4,2,1.2561,15,5,3,7.5,2.0,0,1,0.985972,12,3,4,10.7647,2.0,0,Home Win,0
2019,4,1,0.930144,13,4,4,13.2308,2.0,0,2,0.527843,11,5,3,8.0,2.0,0,Away Win,2
2019,4,1,1.2593,10,1,2,12.6667,4.0,1,0,1.28008,16,5,8,8.75,1.0,0,Home Win,0
2019,4,1,0.76357,9,4,2,11.8148,1.0,1,0,1.1694,21,3,4,12.625,3.0,0,Home Win,0
2019,4,0,0.884621,14,3,7,5.2,2.0,0,2,2.0596,12,6,2,12.2593,2.0,0,Away Win,2
2019,4,0,0.849569,13,4,4,21.2857,2.0,0,1,1.02109,9,6,5,7.5172,2.0,0,Away Win,2
2019,4,2,1.91225,14,5,5,6.4138,3.0,0,0,0.309223,14,5,5,17.2105,2.0,0,Home Win,0
2019,4,1,0.365973,9,3,2,12.0,2.0,0,2,1.24702,11,6,10,14.1905,2.0,0,Away Win,2
2019,4,2,1.64845,15,6,8,5.2941,3.0,1,3,1.39618,8,4,4,9.08,0.0,1,Away Win,2
2019,4,1,1.80332,14,7,6,6.5294,6.0,1,2,2.31274,9,5,5,33.6667,4.0,1,Away Win,2
2019,4,1,1.14981,18,2,10,5.875,4.0,0,2,0.672683,9,5,2,28.0,1.0,1,Away Win,2
2019,4,0,0.62086,10,3,3,5.6552,2.0,1,2,1.84675,16,4,3,13.3462,3.0,0,Away Win,2
2019,4,3,2.6027,13,7,3,5.2258,4.0,0,1,2.14787,17,8,12,8.1905,0.0,0,Home Win,0
2019,4,1,1.24164,9,3,4,26.5556,2.0,1,0,1.20165,18,6,4,8.4516,4.0,0,Home Win,0
2019,4,0,0.835797,11,4,3,11.3125,1.0,0,0,0.611057,8,3,2,6.3548,2.0,0,Draw,1
2019,4,2,1.69772,12,7,4,11.92,3.0,0,1,1.14058,8,4,2,13.3846,2.0,0,Home Win,0
2019,4,1,1.21791,18,5,5,9.5,7.0,2,2,1.09278,14,6,6,7.0,5.0,0,Away Win,2
2019,4,0,1.13873,15,6,4,10.5,1.0,1,2,1.74341,11,3,3,6.4737,2.0,0,Away Win,2
2019,4,0,0.274487,8,0,2,17.4615,0.0,0,5,3.62799,16,8,1,6.6875,0.0,0,Away Win,2
2019,4,1,1.50008,6,3,2,20.8125,1.0,0,1,0.335651,10,4,3,10.7273,2.0,0,Draw,1
2019,4,0,0.362807,8,1,1,9.9583,2.0,0,0,0.444157,9,3,4,9.3462,3.0,0,Draw,1
2019,4,2,1.16055,15,7,5,15.4231,4.0,0,2,1.06489,7,4,2,10.0588,1.0,0,Draw,1
2019,4,4,2.33033,11,6,2,14.8636,1.0,0,0,0.564731,10,3,3,8.75,2.0,0,Home Win,0
2019,4,1,2.58924,14,5,6,6.1765,2.0,0,0,1.73078,13,4,8,7.2121,4.0,0,Home Win,0
2019,4,2,1.00938,12,5,3,6.7143,2.0,0,2,0.595381,12,4,5,7.1923,0.0,0,Draw,1
2019,4,2,0.915131,13,4,3,17.65,2.0,0,0,0.548953,9,3,5,9.375,2.0,0,Home Win,0
2019,4,4,3.00793,12,5,4,23.3333,0.0,0,0,0.762647,11,3,4,20.6667,0.0,0,Home Win,0
2019,4,1,0.731583,16,4,4,8.2727,0.0,0,0,0.301441,8,2,7,27.25,1.0,0,Home Win,0
2019,3,2,2.47707,17,7,12,10.5,3.0,0,2,1.18459,6,3,0,16.2174,3.0,0,Draw,1
2019,3,1,2.0112,24,10,14,11.8667,0.0,0,3,1.01536,12,7,5,21.0,2.0,0,Away Win,2
2019,3,3,1.88401,19,8,5,20.2,1.0,0,0,0.784216,19,5,5,10.3913,3.0,0,Home Win,0
2019,3,5,3.25906,22,10,10,5.913,0.0,0,1,0.904482,5,1,0,22.6667,0.0,0,Home Win,0
2019,3,3,2.47615,13,4,6,3.8387,2.0,0,2,1.20475,9,6,6,17.3793,0.0,0,Home Win,0
2019,3,2,0.9793,15,5,2,8.5556,1.0,0,1,0.662001,11,2,6,7.1034,3.0,0,Home Win,0
2019,3,0,1.43141,16,4,8,5.7576,3.0,0,0,0.760773,8,1,3,15.2857,2.0,0,Draw,1
2019,3,1,1.8214,15,8,10,11.4545,3.0,0,0,0.634831,9,1,5,6.4444,1.0,0,Home Win,0
2019,3,0,0.782907,13,2,3,15.7692,1.0,0,4,3.93387,14,8,6,8.2273,0.0,0,Away Win,2
2019,3,1,0.937461,13,1,7,16.625,2.0,0,3,2.08181,14,6,8,4.5652,1.0,0,Away Win,2
2019,3,1,1.81166,16,2,9,5.5588,3.0,0,3,2.38424,9,4,5,14.4706,1.0,0,Away Win,2
2019,3,3,1.05096,10,3,3,10.5,2.0,0,2,0.841426,18,6,6,16.5263,5.0,1,Home Win,0
2019,3,1,1.12017,12,6,1,18.76,3.0,0,3,1.82469,12,7,5,5.1379,2.0,0,Away Win,2
2019,3,1,1.81289,21,4,3,8.1724,2.0,0,3,2.09431,15,6,5,10.7222,2.0,0,Away Win,2
2019,3,1,1.37579,12,4,3,6.1111,3.0,0,1,0.891198,11,1,4,6.931,1.0,1,Draw,1
2019,3,0,1.08016,11,2,3,18.28,0.0,0,3,1.59729,10,6,4,9.6842,0.0,0,Away Win,2
2019,3,2,1.77604,12,5,4,13.8636,2.0,0,1,0.935237,10,5,1,9.2963,3.0,0,Home Win,0
2019,3,0,0.936557,9,2,2,7.9615,1.0,0,3,1.33245,10,4,5,11.3077,0.0,0,Away Win,2
2019,3,1,1.4586,12,3,9,8.2857,3.0,0,3,3.13131,14,6,5,8.1667,2.0,0,Away Win,2
2019,3,1,0.996067,16,5,8,4.7778,0.0,0,1,0.492299,8,3,3,10.2581,3.0,0,Draw,1
2019,3,1,0.838391,15,1,5,11.4375,0.0,0,2,1.62928,10,3,6,6.5882,2.0,0,Away Win,2
2019,3,3,1.16546,9,2,5,11.7727,1.0,0,0,0.771094,10,3,3,21.375,1.0,0,Home Win,0
2019,3,6,3.34597,18,10,10,5.3548,3.0,0,1,0.72047,7,4,1,20.35,3.0,0,Home Win,0
2019,3,0,0.936475,20,2,19,7.6923,2.0,0,0,0.450548,6,1,0,20.8333,2.0,0,Draw,1
2019,3,3,1.4209,15,7,7,23.7368,0.0,0,1,1.60213,13,2,4,8.2308,0.0,0,Home Win,0
2019,3,3,2.46951,15,5,4,8.8125,1.0,0,2,1.48072,12,6,2,18.875,4.0,1,Home Win,0
2019,3,2,1.75705,14,8,4,6.2273,2.0,0,1,0.759809,14,4,1,12.4091,4.0,0,Home Win,0
2019,3,1,0.679763,12,3,3,14.9048,0.0,0,1,2.28602,15,6,8,6.8889,2.0,0,Draw,1
2019,3,2,1.1162,12,5,6,10.5217,2.0,0,1,2.07839,16,8,3,14.8333,2.0,0,Home Win,0
2019,3,2,1.58878,8,6,2,18.4,2.0,0,1,0.899696,22,3,11,6.1667,1.0,0,Home Win,0
2019,3,0,0.841764,14,7,4,5.1111,2.0,0,1,1.55336,15,4,7,6.1818,2.0,0,Away Win,2
2019,3,1,1.98106,13,5,7,8.7692,3.0,1,2,2.14722,16,7,4,9.1176,4.0,1,Away Win,2
2019,3,4,3.23112,9,7,3,16.6071,0.0,0,0,1.14812,12,2,3,6.92,3.0,0,Home Win,0
2019,3,1,1.65427,13,6,3,17.1786,4.0,0,1,1.6704,14,7,6,9.1429,2.0,0,Draw,1
2019,3,0,1.10385,23,5,12,6.7368,0.0,0,3,1.78643,18,8,4,21.875,2.0,0,Away Win,2
2019,3,1,1.39508,11,1,3,8.5,2.0,0,5,1.9184,17,11,5,7.7407,1.0,0,Away Win,2
2019,3,2,0.873048,18,6,5,8.3333,1.0,0,1,0.985151,14,3,5,7.125,1.0,0,Home Win,0
2019,3,2,0.983173,6,4,1,8.1892,4.0,0,1,1.89015,18,8,8,5.8621,4.0,0,Home Win,0
2019,3,1,1.70133,17,5,7,7.0952,1.0,0,1,0.884946,13,2,4,10.68,1.0,0,Draw,1
2019,3,4,2.92351,25,5,12,7.92,4.0,0,0,1.03267,14,2,4,14.5,0.0,1,Home Win,0
2019,3,2,1.55742,20,7,8,9.5,0.0,0,0,0.125413,4,0,1,22.52,1.0,1,Home Win,0
2019,3,0,0.583174,8,1,4,13.9524,0.0,0,3,1.72557,14,7,7,9.7857,3.0,1,Away Win,2
2019,3,2,4.2854,23,11,10,9.8235,2.0,0,1,1.27666,18,4,4,18.4,3.0,0,Home Win,0
2019,3,2,1.15899,18,3,5,10.05,2.0,0,2,2.36595,16,7,8,7.9048,2.0,0,Draw,1
2019,3,1,0.941782,12,4,4,10.0714,2.0,0,1,0.743288,9,5,6,10.1379,4.0,0,Draw,1
2019,3,1,0.7564,11,5,4,13.6429,1.0,0,2,2.31283,17,6,5,9.875,1.0,0,Away Win,2
2019,3,2,0.281111,10,5,11,16.8,1.0,0,3,3.47305,18,6,5,9.8571,1.0,0,Away Win,2
2019,3,0,1.27755,15,5,10,7.6071,2.0,0,1,0.994636,4,3,1,9.4615,3.0,0,Away Win,2
2019,3,0,0.27153,7,1,1,25.6522,4.0,0,3,0.978659,11,5,3,11.0,0.0,0,Away Win,2
2019,3,1,1.2781,16,6,8,6.36,1.0,0,3,2.64689,13,8,4,9.6061,1.0,0,Away Win,2
2019,3,0,1.30868,17,4,2,13.2381,2.0,0,3,2.83647,12,5,5,10.3846,2.0,0,Away Win,2
2019,3,2,1.76252,19,7,9,11.6667,1.0,0,2,0.98217,11,5,2,22.4118,0.0,0,Draw,1
2019,3,1,2.01843,18,7,5,20.2308,2.0,0,2,1.67484,9,3,1,12.16,2.0,0,Away Win,2
2019,3,0,0.533432,8,3,8,10.0,1.0,1,4,2.20336,10,6,4,18.875,0.0,0,Away Win,2
2019,3,1,2.04637,15,3,6,4.5946,4.0,0,1,1.04818,9,5,4,10.1304,4.0,0,Draw,1
2019,3,1,1.49293,16,7,7,12.7273,1.0,0,2,2.63853,16,7,10,11.2571,4.0,0,Away Win,2
2019,3,3,2.0219,17,3,9,11.1818,3.0,0,1,1.1795,10,3,2,12.6087,3.0,0,Home Win,0
2019,3,2,0.467957,6,1,3,20.087,0.0,0,2,0.774276,8,4,11,12.3333,3.0,0,Draw,1
2019,3,1,1.77327,20,4,9,8.2069,2.0,0,2,0.723738,8,5,3,21.4737,0.0,0,Away Win,2
2019,3,1,1.6617,11,8,4,7.8148,2.0,0,1,2.45811,11,5,0,16.9,2.0,0,Draw,1
2019,3,1,1.80334,13,4,5,9.15,2.0,0,0,0.511105,14,3,4,7.6786,2.0,0,Home Win,0
2019,3,2,2.95637,25,7,10,6.7826,2.0,0,2,1.75811,11,5,1,14.6875,1.0,0,Draw,1
2019,3,5,3.59033,12,9,2,8.0385,1.0,0,1,1.35488,14,3,7,17.1739,2.0,0,Home Win,0
2019,3,2,2.14428,9,7,3,33.5385,3.0,0,2,3.06071,24,9,7,6.2941,3.0,0,Draw,1
2019,3,3,2.41631,17,6,6,15.7083,0.0,0,0,0.574545,9,1,9,9.28,0.0,0,Home Win,0
2019,3,2,1.47678,17,5,3,11.931,3.0,0,0,0.565578,12,4,4,11.1765,0.0,0,Home Win,0
2019,3,1,1.62968,16,7,10,9.3182,1.0,0,0,3.217,14,3,8,12.619,2.0,0,Home Win,0
2019,3,1,1.35769,15,5,3,7.069,1.0,0,1,1.69441,13,6,3,10.1154,3.0,0,Draw,1
2019,3,3,2.73688,10,5,4,16.6087,1.0,0,0,1.58917,19,10,1,5.2609,1.0,0,Home Win,0
2019,3,1,0.967641,16,5,7,15.1053,1.0,0,1,0.353813,12,2,5,24.2308,1.0,0,Draw,1
2019,3,2,0.973105,9,3,3,8.6552,2.0,0,0,0.859284,11,1,8,6.0588,2.0,0,Home Win,0
2019,3,1,2.01829,20,4,8,11.7143,2.0,0,0,0.236283,7,1,1,14.6842,4.0,1,Home Win,0
2019,3,2,2.95018,24,4,10,5.0,2.0,0,2,0.502517,11,3,1,17.4118,1.0,0,Draw,1
2019,3,2,2.88476,21,10,8,8.8636,0.0,0,1,1.7324,6,4,2,15.5357,1.0,0,Home Win,0
2019,3,2,0.738686,14,6,4,8.875,5.0,0,0,1.43646,18,4,7,9.6364,4.0,0,Home Win,0
2019,3,0,1.08518,14,3,8,11.0,3.0,0,0,0.346623,8,3,2,8.0,2.0,0,Draw,1
2019,3,4,1.99947,13,7,5,12.35,1.0,0,2,0.997822,15,3,6,8.3448,1.0,0,Home Win,0
2019,3,0,0.955818,14,3,5,7.1304,0.0,0,0,0.741183,10,5,3,10.65,0.0,0,Draw,1
2019,3,2,1.77638,14,3,5,12.9583,3.0,0,1,2.55936,24,6,4,11.5238,1.0,0,Home Win,0
2019,3,2,2.37055,13,4,4,9.7647,3.0,1,3,2.93074,17,8,4,11.3529,3.0,0,Away Win,2
2019,3,3,1.54568,18,6,5,7.6429,2.0,0,1,1.52391,17,8,10,10.8889,2.0,0,Home Win,0
2019,3,3,2.14832,17,8,7,10.0,1.0,0,0,1.31443,12,3,2,10.8125,3.0,0,Home Win,0
2019,3,8,3.95826,18,12,3,8.1538,0.0,0,0,0.85545,9,2,4,23.6316,1.0,0,Home Win,0
2019,3,1,2.12992,23,6,13,7.5556,2.0,1,2,2.05874,10,6,0,16.1667,1.0,0,Away Win,2
2019,3,5,2.99704,17,11,3,9.9535,1.0,0,1,1.08228,8,3,0,15.0,2.0,1,Home Win,0
2019,3,2,2.02587,20,9,5,15.2,3.0,0,2,0.873641,13,3,0,11.25,4.0,1,Draw,1
2019,3,3,1.89547,12,7,4,19.9375,0.0,0,0,0.464343,9,2,4,45.5,1.0,0,Home Win,0
2019,3,2,2.18646,9,3,3,8.871,1.0,0,0,1.03434,8,1,4,6.6522,3.0,0,Home Win,0
2019,3,2,1.55099,12,4,1,15.5652,3.0,0,3,0.355124,10,3,6,6.7647,5.0,0,Away Win,2
2019,3,1,1.31187,14,6,1,8.5,1.0,0,0,0.415645,7,3,4,27.2222,1.0,0,Home Win,0
2019,3,4,3.90951,17,5,2,10.0,2.0,0,0,0.608676,2,0,1,18.2727,1.0,0,Home Win,0
2019,3,2,0.46433,7,3,0,16.1304,2.0,0,4,1.93927,10,7,5,7.069,1.0,0,Away Win,2
2019,3,2,2.04684,16,5,3,6.3103,1.0,0,3,1.5394,14,4,2,10.0769,4.0,0,Away Win,2
2019,3,1,0.773034,13,7,8,10.4444,1.0,1,0,1.13495,17,6,10,19.0,3.0,2,Home Win,0
2019,3,3,1.23132,12,5,2,10.2,2.0,0,3,2.06462,9,5,4,10.1852,4.0,0,Draw,1
2019,3,1,0.638731,11,3,5,8.8,4.0,0,2,1.6191,15,5,7,10.0,3.0,0,Away Win,2
2019,3,0,1.20293,12,4,5,6.15,1.0,0,1,1.09006,13,5,7,12.1111,3.0,0,Away Win,2
2019,3,3,2.15941,17,7,3,6.9697,5.0,1,1,1.59871,16,7,8,10.2222,4.0,0,Home Win,0
2019,3,0,0.571444,10,1,9,10.3438,2.0,0,2,1.20713,9,4,0,9.4167,2.0,0,Away Win,2
2019,3,3,1.9077,17,7,10,6.0,3.0,0,3,2.10743,9,4,2,31.8571,1.0,0,Draw,1
2019,3,1,3.96943,27,9,13,6.85,0.0,0,1,1.25233,8,2,3,19.7,3.0,0,Draw,1
2019,3,4,2.57218,21,8,13,9.8333,0.0,0,1,0.886616,6,1,3,30.0714,3.0,0,Home Win,0
2019,3,0,0.443491,13,1,8,32.3846,1.0,0,4,3.81728,17,5,6,5.5652,1.0,0,Away Win,2
2019,3,1,2.15404,22,9,14,9.1176,1.0,0,5,2.10482,12,5,3,11.4074,3.0,1,Away Win,2
2019,3,1,1.7254,18,5,1,8.5758,3.0,0,2,0.660152,11,5,3,9.3333,2.0,0,Away Win,2
2019,3,0,0.848135,17,9,12,3.1852,3.0,0,2,1.35049,9,6,1,9.32,5.0,1,Away Win,2
2019,3,2,1.49758,11,6,2,15.4,1.0,0,0,0.95814,13,2,6,10.8667,1.0,0,Home Win,0
2019,3,4,1.76885,14,5,3,11.1304,0.0,0,0,0.801011,5,1,3,14.1667,2.0,1,Home Win,0
2019,3,4,5.28668,23,13,2,15.6471,3.0,0,2,1.5268,12,4,3,14.1667,2.0,0,Home Win,0
2019,3,1,2.24624,24,11,8,4.6071,1.0,0,2,1.44804,11,7,2,20.5,3.0,1,Away Win,2
2019,3,1,0.751161,13,3,2,8.9697,3.0,0,2,1.48269,7,5,2,15.95,2.0,1,Away Win,2
2019,3,2,2.05075,18,8,8,6.2963,1.0,0,1,2.0102,14,4,6,11.7778,2.0,1,Home Win,0
2019,3,2,1.27089,17,8,7,11.15,1.0,0,1,1.65551,17,7,4,12.3913,4.0,0,Home Win,0
2019,3,1,1.07293,12,6,4,8.8636,8.0,1,1,2.28696,11,4,8,12.0,3.0,1,Draw,1
2019,3,2,1.55563,8,4,6,9.1935,3.0,0,3,1.79269,18,7,6,8.2973,3.0,0,Away Win,2
2019,3,1,2.69182,12,6,2,14.85,2.0,0,1,0.884323,11,3,5,11.2857,4.0,0,Draw,1
2019,3,2,2.7056,20,6,9,5.5833,1.0,0,3,1.29088,10,3,3,12.2857,4.0,0,Away Win,2
2019,3,5,3.95015,23,10,6,8.1154,0.0,0,0,0.102341,2,0,0,34.2,3.0,0,Home Win,0
2019,3,3,3.5887,25,14,8,10.5789,3.0,0,1,1.28019,11,1,6,9.875,1.0,0,Home Win,0
2019,3,2,3.0351,19,9,9,5.8529,2.0,0,1,0.9976,5,3,0,7.75,2.0,0,Home Win,0
2019,3,2,1.33084,7,3,2,9.9688,3.0,0,1,1.74378,16,5,5,5.5758,5.0,1,Home Win,0
2019,3,2,2.6934,25,6,16,6.0,3.0,0,2,1.43518,9,3,1,12.9412,4.0,0,Draw,1
2019,3,0,0.8271,12,3,13,9.1111,1.0,0,1,1.51679,15,5,6,8.931,4.0,0,Away Win,2
2019,3,1,0.434528,10,3,2,8.8571,0.0,0,0,1.59205,10,0,7,7.2069,2.0,0,Home Win,0
2019,3,2,3.03979,18,5,8,9.85,2.0,0,1,0.426387,12,3,2,6.9615,2.0,0,Home Win,0
2019,3,2,1.7912,11,5,3,4.8,1.0,0,0,0.772348,14,4,5,7.4333,3.0,0,Home Win,0
2019,3,6,5.83554,28,14,8,4.8387,2.0,0,1,0.536081,10,2,2,33.0833,2.0,0,Home Win,0
2019,3,2,0.968068,18,7,5,7.5946,3.0,0,1,0.502409,5,5,2,14.7222,3.0,0,Home Win,0
2019,3,2,1.75727,19,8,11,5.8667,1.0,0,4,2.22713,6,4,1,31.4286,0.0,0,Away Win,2
2019,3,0,0.263544,5,1,3,65.8571,2.0,0,3,3.98532,22,7,9,9.3684,1.0,0,Away Win,2
2019,3,1,0.930886,16,4,4,22.9286,2.0,0,0,0.816692,14,2,7,18.6364,0.0,0,Home Win,0
2019,3,0,0.233287,9,0,3,15.3333,1.0,0,4,1.4717,18,7,5,8.6957,0.0,0,Away Win,2
2019,3,1,1.10732,11,5,7,9.95,1.0,1,0,1.01796,18,3,6,12.6316,4.0,0,Home Win,0
2019,3,2,1.94644,13,5,3,11.6571,2.0,0,0,0.226408,6,2,4,8.2308,3.0,2,Home Win,0
2019,3,1,1.3758,13,3,2,4.6786,2.0,0,1,1.79415,16,2,3,9.6667,4.0,0,Draw,1
2019,3,3,1.89658,14,6,12,10.8846,0.0,0,3,2.90735,12,8,3,15.1111,0.0,0,Draw,1
2019,3,0,1.32267,17,7,5,5.75,2.0,0,1,1.51156,10,5,4,16.92,3.0,0,Away Win,2
2019,3,2,2.79858,17,6,8,6.7027,2.0,0,0,0.508363,12,2,4,8.6053,3.0,0,Home Win,0
2019,3,1,2.99738,29,11,12,8.0833,1.0,0,1,1.73056,8,2,5,6.4194,1.0,0,Draw,1
2019,3,2,1.25773,17,6,7,12.8333,2.0,0,4,2.13045,21,9,10,6.9583,4.0,0,Away Win,2
2019,3,0,0.48889,14,5,8,6.4615,2.0,0,5,2.18253,17,8,5,18.2353,2.0,0,Away Win,2
2019,3,1,2.13825,15,5,6,23.9333,0.0,0,3,4.41404,22,10,8,5.9231,3.0,0,Away Win,2
2019,3,3,1.4601,12,7,4,11.7143,3.0,0,0,0.755838,6,2,2,10.8667,4.0,0,Home Win,0
2019,3,0,1.53884,16,2,6,8.5652,2.0,0,2,0.819222,7,4,1,14.0,6.0,0,Away Win,2
2019,3,2,1.58412,18,8,12,7.75,2.0,0,0,0.889656,10,3,6,19.8333,2.0,0,Home Win,0
2019,3,3,3.84524,22,7,10,4.3182,1.0,0,1,0.598351,6,2,4,11.1667,3.0,0,Home Win,0
2019,3,2,1.33628,11,3,0,12.24,0.0,0,1,2.04502,12,5,8,19.0526,1.0,0,Home Win,0
2019,3,2,1.17089,22,8,7,16.5625,2.0,0,1,1.9614,17,6,5,10.0909,4.0,0,Home Win,0
2019,3,0,0.804328,7,0,1,19.0625,2.0,0,0,0.633262,11,5,7,10.0,2.0,0,Draw,1
2019,3,0,2.49346,20,2,6,14.5238,0.0,0,1,1.55537,14,4,6,5.5333,2.0,1,Away Win,2
2019,3,2,1.70201,20,6,7,8.5789,1.0,0,2,2.56208,19,7,5,12.5,1.0,0,Draw,1
2019,3,1,1.03002,7,1,1,6.9259,1.0,0,0,0.229787,6,1,7,7.9706,4.0,0,Home Win,0
2019,3,2,1.8362,19,5,3,19.2,3.0,0,1,1.81533,20,5,8,8.5217,2.0,0,Home Win,0
2019,3,3,1.34573,19,8,4,8.8235,1.0,0,1,1.02267,14,4,4,13.8077,3.0,0,Home Win,0
2019,3,1,1.00395,12,5,8,7.9048,2.0,0,2,1.83811,13,3,6,13.3,2.0,0,Away Win,2
2019,3,0,1.0094,18,2,6,7.2903,4.0,0,1,0.669177,13,4,4,9.5652,5.0,1,Away Win,2
2019,3,0,0.82925,7,1,0,25.5294,3.0,0,4,2.96455,20,11,4,4.5435,1.0,0,Away Win,2
2019,3,1,1.62715,24,8,7,7.8261,4.0,0,2,2.11329,13,5,5,10.8182,2.0,0,Away Win,2
2019,3,2,2.05715,15,7,8,6.5882,3.0,0,0,0.838626,14,5,8,5.7586,4.0,0,Home Win,0
2019,3,3,1.80963,13,5,2,24.6364,0.0,0,5,3.75099,17,8,6,9.1,1.0,0,Away Win,2
2019,3,3,1.52546,12,7,8,8.2083,3.0,0,1,1.73137,18,8,5,5.5588,3.0,0,Home Win,0
2019,3,1,1.3828,13,7,6,12.8611,4.0,0,4,2.17277,12,6,4,8.0,1.0,0,Away Win,2
2019,3,5,3.90217,24,14,9,8.4286,0.0,0,0,0.401432,7,1,2,35.6154,0.0,0,Home Win,0
2019,3,5,3.14965,14,9,1,19.75,1.0,0,1,0.860519,11,5,3,21.9524,1.0,0,Home Win,0
2019,3,3,4.50128,27,11,8,6.5909,0.0,0,0,0.710981,12,3,5,14.5,3.0,0,Home Win,0
2019,3,3,2.997,15,5,6,5.6667,2.0,0,1,0.889986,13,9,3,15.1739,3.0,0,Home Win,0
2019,3,1,1.14053,20,7,9,7.8846,0.0,0,2,1.71603,9,4,4,22.8462,1.0,0,Away Win,2
2019,3,2,1.30274,7,5,4,11.5714,1.0,0,0,1.42745,23,4,6,10.2857,2.0,0,Home Win,0
2019,3,0,0.908592,16,3,7,8.5161,2.0,0,3,1.16702,11,5,4,12.0476,2.0,0,Away Win,2
2019,3,0,1.99439,19,5,6,6.0,4.0,0,2,1.79606,17,3,6,14.3333,4.0,1,Away Win,2
2019,3,2,1.19907,12,3,4,10.3636,4.0,0,0,2.47924,24,7,5,10.6875,1.0,0,Home Win,0
2019,3,5,3.29375,13,7,5,14.625,0.0,0,0,0.560146,5,0,3,19.6071,1.0,0,Home Win,0
2019,3,2,1.29026,19,9,4,8.1667,1.0,0,2,0.973355,7,4,4,16.1364,6.0,1,Draw,1
2019,3,2,2.58436,14,6,4,11.4444,3.0,0,1,3.11718,22,11,10,5.28,3.0,1,Home Win,0
2019,3,1,0.245794,8,1,4,13.1579,2.0,0,1,1.34897,6,4,4,15.1111,1.0,0,Draw,1
2019,3,0,0.417351,9,0,3,17.2105,1.0,0,0,1.11364,13,5,7,7.1154,1.0,0,Draw,1
2019,3,1,0.332903,8,3,6,19.125,3.0,0,3,2.03579,13,5,4,6.8571,1.0,0,Away Win,2
2019,3,2,1.21583,15,4,5,11.8421,2.0,0,1,0.630423,7,1,3,11.4211,5.0,0,Home Win,0
2019,3,4,4.10075,24,9,10,9.3704,3.0,0,0,0.502678,9,2,6,13.7692,1.0,0,Home Win,0
2019,3,2,1.20103,10,7,3,8.2222,3.0,1,4,1.8251,9,5,7,6.4839,3.0,0,Away Win,2
2019,3,0,1.0745,11,3,11,8.15,2.0,0,0,1.76051,9,1,3,16.1852,2.0,0,Draw,1
2019,3,4,1.10259,8,5,3,10.0,2.0,0,3,0.882241,12,6,7,10.9063,1.0,0,Home Win,0
2019,3,2,1.32979,12,5,6,13.9048,1.0,0,1,1.31698,15,3,3,14.3043,2.0,0,Home Win,0
2019,3,1,1.02897,12,5,3,18.1875,0.0,1,1,0.697949,10,2,5,11.4545,1.0,0,Draw,1
2019,3,5,2.05219,13,9,1,8.04,1.0,0,0,1.00749,8,5,4,19.7059,0.0,0,Home Win,0
2019,3,0,1.24914,14,3,5,7.3889,4.0,0,2,2.25796,11,5,5,13.4706,3.0,0,Away Win,2
2019,3,1,0.811018,13,3,10,5.4815,4.0,1,3,2.85074,11,3,1,16.8077,1.0,0,Away Win,2
2019,3,1,2.24593,12,6,5,15.1875,3.0,0,0,1.86364,20,6,10,14.7222,3.0,0,Home Win,0
2019,3,1,1.02675,15,4,11,4.2857,2.0,0,1,0.561041,15,4,10,14.7727,3.0,0,Draw,1
2019,3,4,1.77897,17,7,5,10.92,0.0,0,0,0.0254182,1,0,0,33.8667,1.0,0,Home Win,0
2019,3,3,2.22403,10,3,8,13.32,1.0,0,0,0.206913,8,1,1,13.1852,1.0,0,Home Win,0
2019,3,2,2.88142,14,6,4,9.9565,2.0,0,3,3.49709,14,6,4,14.7083,2.0,0,Away Win,2
2019,3,1,0.804434,9,4,2,12.2083,2.0,0,4,2.76945,17,6,5,14.15,2.0,0,Away Win,2
2019,3,0,1.60342,15,5,3,12.7391,2.0,0,0,1.11629,8,3,6,4.8696,2.0,0,Draw,1
2019,3,1,0.666175,9,3,0,17.68,4.0,0,1,1.11403,20,5,3,13.125,1.0,0,Draw,1
2019,3,1,2.03908,13,5,1,14.0833,1.0,0,4,3.04216,24,8,6,7.5926,3.0,0,Away Win,2
2019,3,1,0.920452,21,4,5,9.619,2.0,0,2,2.10688,16,6,8,7.6538,2.0,0,Away Win,2
2019,3,2,2.02125,21,7,6,8.075,2.0,0,3,1.55179,13,5,4,6.55,2.0,0,Away Win,2
2019,3,3,3.2444,18,9,11,6.7727,1.0,0,2,1.47195,5,4,1,32.6667,3.0,0,Home Win,0
2019,3,2,1.16763,9,4,2,6.1905,2.0,0,0,0.683426,8,3,3,19.5667,4.0,0,Home Win,0
2019,3,1,2.39606,16,10,8,14.8696,4.0,0,1,1.98292,21,4,8,13.0476,4.0,0,Draw,1
2019,3,4,2.858,17,6,4,7.2857,0.0,0,0,0.909603,17,3,14,9.1071,2.0,0,Home Win,0
2019,3,1,2.42046,21,3,14,3.3939,3.0,0,2,1.03525,11,7,6,11.9091,4.0,0,Away Win,2
2019,3,0,0.217074,8,2,2,21.8696,0.0,0,2,1.3554,12,6,6,15.8667,0.0,0,Away Win,2
2019,3,0,0.449209,9,1,5,4.6341,2.0,0,5,2.89736,17,11,3,21.4667,2.0,0,Away Win,2
2019,3,0,0.972649,16,4,7,9.6667,1.0,0,2,0.873548,9,4,4,14.1364,4.0,0,Away Win,2
2019,3,0,0.289302,3,2,2,5.775,2.0,0,5,3.12937,24,8,5,9.25,3.0,0,Away Win,2
2019,3,1,1.60042,16,2,6,14.6316,1.0,0,0,0.833271,13,4,4,22.4783,0.0,0,Home Win,0
2019,3,1,0.934157,9,2,8,14.6875,0.0,0,1,1.16579,15,6,5,11.2381,3.0,0,Draw,1
2019,3,0,0.388746,11,3,5,10.6667,2.0,0,3,1.75359,11,4,6,8.069,1.0,0,Away Win,2
2019,3,0,0.554679,4,1,1,22.8824,0.0,0,6,4.77962,25,11,7,8.68,0.0,0,Away Win,2
2019,3,3,1.45773,14,5,3,12.6818,2.0,0,3,3.03938,15,7,5,12.5833,2.0,0,Draw,1
2019,3,2,0.894503,8,3,5,11.0,1.0,0,0,0.351719,9,4,8,6.2857,3.0,0,Home Win,0
2019,3,2,1.10383,8,3,5,17.4286,3.0,0,3,3.18339,15,7,3,12.0,2.0,0,Away Win,2
2019,3,3,1.17896,11,6,4,11.4839,1.0,0,0,0.592026,7,1,2,8.8636,2.0,0,Home Win,0
2019,3,2,1.04208,6,3,1,14.25,1.0,0,2,1.95508,12,3,6,5.56,2.0,0,Draw,1
2019,3,2,4.05804,18,6,9,5.4545,1.0,0,0,1.0173,6,2,4,21.0476,0.0,0,Home Win,0
2019,3,4,2.60789,13,5,1,8.9583,1.0,0,0,1.10478,9,3,3,11.0769,0.0,0,Home Win,0
2019,3,1,2.62205,10,3,3,13.0667,5.0,0,2,1.20132,10,4,3,13.32,5.0,0,Away Win,2
2019,3,0,0.597206,16,4,4,13.0385,2.0,0,0,1.08959,14,4,4,9.5714,3.0,0,Draw,1
2019,3,2,0.896654,19,5,3,7.2069,3.0,0,2,1.51105,7,3,1,15.25,3.0,0,Draw,1
2019,3,1,0.974089,3,1,1,22.8571,3.0,1,1,1.77792,20,5,8,9.15,1.0,0,Draw,1
2019,3,3,1.62613,9,4,7,11.5625,2.0,0,1,0.805309,14,4,2,9.8182,3.0,1,Home Win,0
2019,3,1,1.1061,14,4,4,19.4211,0.0,0,1,0.801078,4,1,5,11.45,1.0,0,Draw,1
2019,3,1,0.596262,16,2,5,16.0625,3.0,0,2,2.68366,15,3,9,6.6061,4.0,0,Away Win,2
2019,3,4,1.45195,11,4,4,12.8421,2.0,0,0,0.345513,10,3,2,14.4194,2.0,0,Home Win,0
2019,3,1,1.91915,23,8,8,10.5556,0.0,0,1,0.334381,6,1,4,24.4,1.0,0,Draw,1
2019,3,1,0.898676,12,4,5,10.9655,5.0,0,3,2.79227,15,8,1,30.8,1.0,0,Away Win,2
2019,3,1,0.877237,10,1,2,17.2593,2.0,0,4,2.8843,13,6,9,10.875,1.0,0,Away Win,2
2019,3,0,2.79087,18,2,7,15.9375,2.0,0,3,1.55073,13,6,5,10.5,3.0,0,Away Win,2
2019,3,0,1.04877,10,1,2,13.5833,2.0,0,0,0.63998,7,1,0,17.3333,2.0,0,Draw,1
2019,3,1,1.24058,8,3,3,14.0,1.0,0,2,1.37909,15,4,1,7.1786,3.0,0,Away Win,2
2019,3,2,2.76011,16,6,5,7.2424,4.0,0,2,1.97274,11,5,7,10.5217,2.0,0,Draw,1
2019,3,0,0.548769,9,2,4,20.3,2.0,0,2,1.39334,13,3,9,4.6,1.0,0,Away Win,2
2019,3,1,0.964535,12,2,2,12.2581,3.0,0,1,1.92541,17,7,8,11.5,0.0,0,Draw,1
2019,3,5,3.59062,23,10,7,6.2,0.0,0,2,1.03034,12,4,2,23.9444,1.0,0,Home Win,0
2019,3,1,2.273,18,7,6,10.0,1.0,0,3,3.46649,14,8,3,9.4231,1.0,0,Away Win,2
2019,3,0,0.504702,7,1,2,21.1364,4.0,1,2,1.03584,6,2,2,14.5,2.0,0,Away Win,2
2019,3,4,2.51634,15,7,4,9.8636,2.0,0,0,0.273771,7,0,6,19.0625,1.0,0,Home Win,0
2019,3,0,0.320493,4,1,5,21.15,3.0,0,5,5.2681,20,10,4,7.0,3.0,0,Away Win,2
2019,3,0,0.722324,17,7,7,9.8095,0.0,0,1,0.464168,10,2,2,19.1765,3.0,1,Away Win,2
2019,3,0,0.707591,12,2,3,3.3824,0.0,0,3,1.5047,9,7,2,18.619,2.0,0,Away Win,2
2019,3,2,2.24705,15,6,6,5.48,0.0,0,2,0.444463,10,4,2,12.963,1.0,0,Draw,1
2019,3,3,4.29527,34,16,9,8.25,4.0,0,3,0.764685,10,5,2,37.375,1.0,0,Draw,1
2019,3,0,0.844607,12,7,8,12.0313,2.0,0,0,0.359767,8,4,5,10.4615,1.0,0,Draw,1
2019,3,3,1.26471,8,6,0,20.8571,6.0,1,1,2.24859,17,6,10,17.1875,1.0,1,Home Win,0
2019,3,2,1.73478,13,8,7,7.0,3.0,0,1,0.702054,8,3,2,20.3889,2.0,0,Home Win,0
2019,3,0,0.501125,12,2,6,12.5,1.0,0,0,1.18949,15,2,6,23.25,1.0,0,Draw,1
2019,3,1,0.772053,9,3,6,14.0952,4.0,1,1,0.594984,10,2,6,7.9474,2.0,0,Draw,1
2019,3,0,0.616596,13,5,4,18.4444,2.0,0,1,0.769692,11,5,3,9.8378,2.0,0,Away Win,2
2019,3,2,0.612996,11,4,4,10.8947,2.0,1,2,1.57339,12,3,7,9.5,3.0,0,Draw,1
2019,3,1,1.3302,9,1,12,9.2857,3.0,0,4,2.99484,14,9,6,16.5385,3.0,0,Away Win,2
2019,3,5,3.02763,21,8,7,8.0435,0.0,0,0,0.723584,7,2,2,30.8462,2.0,0,Home Win,0
2019,3,4,2.16238,15,9,4,14.4375,3.0,0,1,0.719923,12,5,3,19.0476,2.0,0,Home Win,0
2019,3,1,2.10016,19,4,4,5.7037,4.0,0,2,1.94951,7,3,3,4.8158,6.0,1,Away Win,2
2019,3,2,3.05122,11,5,7,8.4815,3.0,0,0,1.13484,8,3,8,32.0,3.0,0,Home Win,0
2019,3,0,1.07747,18,2,10,10.3214,4.0,0,1,1.7133,12,6,7,9.75,3.0,0,Away Win,2
2019,3,0,0.68733,9,1,6,31.9286,0.0,0,1,0.394085,7,1,6,7.7727,2.0,0,Away Win,2
2019,3,0,0.788687,12,1,4,10.0,5.0,0,1,0.349616,6,2,8,4.9655,3.0,0,Away Win,2
2019,3,2,0.803762,7,5,4,9.4828,2.0,0,4,3.20866,19,9,7,22.9167,1.0,0,Away Win,2
2019,3,1,1.13973,9,1,2,27.1333,2.0,0,6,4.4959,16,11,8,12.9375,3.0,0,Away Win,2
2019,3,1,1.84639,13,3,6,13.0476,0.0,0,0,0.108241,4,1,0,17.4231,2.0,0,Home Win,0
2019,3,1,1.91324,12,4,7,8.8462,2.0,1,1,1.274,16,5,9,12.0476,4.0,0,Draw,1
2019,3,2,0.768558,10,6,6,12.5484,3.0,0,4,2.6513,16,10,4,11.3548,3.0,0,Away Win,2
2019,3,0,0.366021,12,1,7,4.2308,3.0,0,2,2.91267,17,4,5,13.5417,3.0,0,Away Win,2
2019,3,0,0.416576,13,2,5,7.8276,3.0,0,1,1.84359,17,3,4,12.8182,3.0,0,Away Win,2
2019,3,2,2.46304,25,4,7,8.8261,4.0,0,2,1.44523,8,3,1,22.5833,4.0,1,Draw,1
2019,3,1,1.56293,15,6,3,15.6087,4.0,0,0,2.15228,18,3,10,8.4167,3.0,1,Home Win,0
2019,3,1,2.20052,16,5,9,7.6364,1.0,0,1,0.791182,9,2,2,6.8276,3.0,0,Draw,1
2019,3,1,2.39933,13,5,9,9.0435,3.0,0,1,0.166933,4,1,4,5.5556,1.0,0,Draw,1
2019,3,2,1.77878,10,5,3,13.5,0.0,0,1,0.983991,9,2,1,20.6875,2.0,0,Home Win,0
2019,3,2,2.48484,20,6,6,11.05,0.0,0,2,2.09345,11,6,5,8.8421,1.0,0,Draw,1
2019,3,0,1.75723,24,6,9,8.68,2.0,0,2,1.36763,15,7,1,9.4167,2.0,0,Away Win,2
2019,3,0,0.382339,6,3,6,24.2381,1.0,0,1,0.683609,6,3,1,12.4783,3.0,0,Away Win,2
2019,3,1,0.602622,5,4,1,16.2105,2.0,1,4,2.94287,18,7,5,9.52,2.0,0,Away Win,2
2019,3,0,1.43243,17,4,9,5.6316,2.0,0,1,0.888099,9,3,5,12.3043,4.0,0,Away Win,2
2019,3,1,1.47429,7,4,1,18.1852,4.0,0,1,0.889455,15,5,9,4.6429,1.0,0,Draw,1
2019,3,1,1.342,10,6,4,6.28,3.0,0,2,0.527425,6,4,6,11.2,0.0,0,Away Win,2
2019,3,1,1.96916,18,7,11,10.75,6.0,0,5,3.1298,11,8,2,5.5556,3.0,0,Away Win,2
2019,3,0,1.30328,16,4,7,6.4483,6.0,0,2,1.86738,9,5,1,33.2857,3.0,0,Away Win,2
2019,3,2,1.25224,14,5,5,11.4545,1.0,0,2,0.594246,12,2,2,29.8,0.0,0,Draw,1
2019,3,3,2.18555,13,6,7,9.0588,2.0,0,1,0.531542,8,1,3,16.8846,2.0,0,Home Win,0
2019,3,3,1.73701,11,3,5,12.3636,1.0,0,0,0.741379,12,2,3,10.5882,4.0,0,Home Win,0
2019,3,2,2.51124,14,4,5,4.8485,3.0,0,1,1.22522,7,5,3,17.7368,5.0,1,Home Win,0
2019,3,0,0.274502,6,1,0,25.0,2.0,0,1,1.33112,12,3,10,7.9091,3.0,1,Away Win,2
2019,3,2,1.80838,19,6,5,21.4167,0.0,0,1,1.43031,11,5,5,16.5,2.0,0,Home Win,0
2019,3,1,0.486229,12,5,6,23.9231,2.0,0,3,3.15146,16,5,4,6.8529,1.0,0,Away Win,2
2019,3,1,1.51574,15,6,1,10.2813,0.0,0,0,0.396234,12,2,5,5.9412,0.0,0,Home Win,0
2019,3,3,2.14695,23,9,8,10.8696,0.0,0,1,1.42671,11,3,2,18.7368,0.0,0,Home Win,0
2019,3,0,1.03505,16,4,4,12.3714,3.0,0,2,3.12342,11,7,1,14.05,3.0,0,Away Win,2
2019,3,4,2.44299,16,8,6,13.4,1.0,0,0,0.917327,6,2,4,15.2273,3.0,0,Home Win,0
2019,3,1,0.353005,8,2,5,9.08,1.0,0,1,0.987427,11,3,3,17.4118,0.0,0,Draw,1
2019,3,2,2.3555,14,5,5,16.2273,4.0,0,0,0.679286,12,2,4,5.4211,3.0,0,Home Win,0
2019,3,3,2.06765,20,12,7,12.1304,2.0,0,1,1.36006,18,6,8,5.1935,3.0,0,Home Win,0
2019,3,1,0.670604,10,3,2,7.9259,4.0,0,4,2.63286,10,5,4,6.5143,3.0,0,Away Win,2
2019,3,1,0.960512,4,2,5,15.5,1.0,0,1,1.1762,9,3,9,5.7778,2.0,0,Draw,1
2019,3,1,0.67473,11,1,3,19.1429,4.0,1,3,2.74581,22,11,5,8.7059,2.0,0,Away Win,2
2019,3,0,0.127933,7,4,2,16.7647,1.0,0,4,3.85732,16,7,5,24.2,0.0,0,Away Win,2
2019,3,1,1.88283,13,2,11,5.4722,1.0,0,0,0.350997,6,1,4,23.05,1.0,0,Home Win,0
2019,3,2,3.07113,23,8,3,13.1429,1.0,0,1,0.827053,5,2,3,18.5714,2.0,0,Home Win,0
2019,3,0,0.745741,12,4,3,15.2381,3.0,1,4,3.22208,16,9,6,10.3158,0.0,0,Away Win,2
2019,3,3,1.96616,12,4,6,6.9333,0.0,0,2,1.48749,17,5,2,18.95,1.0,0,Home Win,0
2019,3,6,3.25477,18,9,7,9.2963,1.0,0,1,0.853136,6,2,5,12.875,2.0,0,Home Win,0
2019,3,4,1.88174,15,8,1,11.5294,1.0,0,0,0.651918,22,6,5,16.7895,0.0,0,Home Win,0
2019,3,1,0.161187,5,1,2,11.6333,4.0,0,2,1.88507,14,5,8,7.9545,1.0,0,Away Win,2
2019,3,3,1.19115,11,5,6,12.0455,0.0,0,0,0.992638,26,2,10,10.7619,1.0,0,Home Win,0
2019,5,0,0.563183,7,1,2,17.9615,2.0,1,3,0.833034,13,3,5,8.6429,2.0,0,Away Win,2
2019,5,0,0.874557,10,2,5,4.878,1.0,0,2,1.2983,8,5,3,15.8261,0.0,0,Away Win,2
2019,5,1,2.32973,16,5,4,14.24,0.0,0,1,1.42777,12,3,7,6.44,0.0,0,Draw,1
2019,5,0,2.56158,24,5,7,8.8276,3.0,0,1,1.17033,9,3,1,10.2273,3.0,1,Away Win,2
2019,5,2,1.86828,17,6,7,8.6111,3.0,0,1,0.604143,8,2,3,22.7222,4.0,1,Home Win,0
2019,5,3,1.52399,14,4,4,9.5,2.0,0,1,1.29511,8,3,3,10.9565,1.0,0,Home Win,0
2019,5,1,2.15127,15,7,12,10.48,0.0,0,2,0.916517,12,4,5,10.9231,2.0,0,Away Win,2
2019,5,2,1.20625,13,3,5,8.3846,2.0,0,1,0.5183,13,3,11,12.9048,4.0,0,Home Win,0
2019,5,1,1.60857,13,2,3,15.2353,0.0,0,1,0.252178,7,3,4,14.5,1.0,0,Draw,1
2019,5,3,3.61599,12,5,2,4.0588,2.0,0,0,0.305387,5,0,6,52.7778,0.0,0,Home Win,0
2019,5,6,1.49515,11,9,2,7.6296,1.0,0,0,0.347737,10,3,5,23.88,2.0,0,Home Win,0
2019,5,0,0.333103,13,6,7,10.0,0.0,0,0,1.34033,9,2,3,12.7,3.0,0,Draw,1
2019,5,1,1.07254,8,3,3,12.9444,1.0,0,0,0.293318,9,0,10,13.8824,1.0,1,Home Win,0
2019,5,1,0.785876,13,4,3,6.7,2.0,0,1,0.683431,10,4,5,10.2973,1.0,0,Draw,1
2019,5,1,1.26223,18,5,2,8.2,5.0,2,2,2.00012,6,3,1,15.7143,5.0,1,Away Win,2
2019,5,3,3.11223,18,10,6,9.2414,1.0,0,0,0.759639,12,6,4,12.5652,2.0,1,Home Win,0
2019,5,1,1.61998,18,6,7,11.0417,2.0,0,0,1.20997,18,5,5,14.2778,0.0,0,Home Win,0
2019,5,1,2.21564,19,5,4,6.2571,1.0,0,1,0.501067,9,4,2,16.1579,2.0,0,Draw,1
2019,5,0,0.337739,11,1,2,8.4286,2.0,0,0,0.560077,5,2,4,19.6111,0.0,0,Draw,1
2019,5,2,1.18588,11,4,4,18.9474,1.0,0,1,0.844939,9,2,7,8.2143,5.0,0,Home Win,0
2019,5,4,4.70776,21,11,12,4.4412,0.0,0,0,0.699812,3,0,1,27.5833,1.0,0,Home Win,0
2019,5,1,0.377125,3,1,2,15.5,1.0,1,2,2.0807,25,6,5,7.2941,1.0,0,Away Win,2
2019,5,0,0.234901,10,1,3,9.8571,0.0,0,2,0.626181,10,3,7,8.6563,2.0,0,Away Win,2
2019,5,3,2.10383,15,5,2,17.4,1.0,0,0,0.147348,4,2,1,25.375,2.0,0,Home Win,0
2019,5,2,2.40125,16,6,6,9.2593,2.0,1,2,2.24062,14,4,7,9.3043,1.0,0,Draw,1
2019,5,1,1.73926,12,3,4,8.0,1.0,0,2,1.647,12,5,3,12.7667,1.0,0,Away Win,2
2019,5,3,2.66328,16,7,3,14.8571,0.0,0,0,0.79996,9,4,3,12.3636,0.0,0,Home Win,0
2019,5,1,1.89186,19,5,8,14.3684,2.0,0,0,1.04285,14,4,2,17.7059,4.0,1,Home Win,0
2019,5,0,1.62131,19,3,6,10.0769,4.0,1,2,0.496085,7,4,0,8.5833,2.0,0,Away Win,2
2019,5,1,0.528162,8,4,6,10.3913,1.0,0,0,0.792044,10,2,5,13.12,1.0,0,Home Win,0
2019,5,2,1.41921,12,3,5,15.1739,0.0,0,0,0.736529,5,2,3,8.4231,2.0,0,Home Win,0
2019,5,2,1.28893,13,3,4,15.0385,0.0,0,0,0.27328,10,1,3,17.3684,1.0,0,Home Win,0
2019,5,2,2.00608,12,5,5,13.7083,3.0,0,0,1.66021,11,3,1,6.2,2.0,1,Home Win,0
2019,5,1,0.592177,11,3,8,13.9565,2.0,0,2,1.68646,11,7,6,8.7826,3.0,0,Away Win,2
2019,5,1,0.825226,14,7,6,12.1154,2.0,0,0,0.767321,8,1,2,12.7143,2.0,0,Home Win,0
2019,5,1,1.00508,10,3,4,10.8846,4.0,1,1,0.962238,18,6,5,12.6087,3.0,0,Draw,1
2019,5,1,0.845557,9,2,5,8.9032,5.0,0,0,0.524356,12,3,6,8.0556,2.0,0,Home Win,0
2019,5,3,2.334,21,8,8,15.6818,3.0,0,0,0.8598,7,3,2,8.9412,4.0,0,Home Win,0
2019,5,0,0.360572,7,2,4,18.3333,1.0,0,2,2.01186,10,4,7,4.7188,0.0,0,Away Win,2
2019,5,2,1.34345,14,5,6,6.4231,4.0,0,2,2.87671,16,6,4,9.4194,3.0,0,Draw,1
2019,5,0,0.789744,16,2,6,7.8182,3.0,0,0,0.342108,7,3,0,11.963,1.0,0,Draw,1
2019,5,1,0.250307,8,4,7,8.6071,1.0,0,0,0.693027,9,1,5,15.0526,3.0,0,Home Win,0
2019,5,2,2.22081,17,8,8,16.625,2.0,0,1,1.05478,13,5,1,11.5882,2.0,0,Home Win,0
2019,5,0,0.388148,10,2,2,15.8824,2.0,0,0,0.424593,9,2,4,11.5455,2.0,0,Draw,1
2019,5,3,2.47739,12,8,6,17.4211,3.0,0,4,1.73874,13,6,4,9.24,3.0,0,Away Win,2
2019,5,2,1.06769,14,4,9,6.44,3.0,0,2,1.93338,10,7,7,19.3333,0.0,0,Draw,1
2019,5,2,1.4409,13,4,4,16.5,1.0,0,1,0.663848,7,3,4,14.4583,2.0,0,Home Win,0
2019,5,2,1.51518,15,6,4,8.8056,2.0,0,0,0.944742,15,3,6,9.0323,2.0,0,Home Win,0
2019,5,2,0.384927,11,2,4,12.0,3.0,0,2,1.79736,12,6,1,15.5,2.0,0,Draw,1
2019,5,1,0.839304,16,7,5,6.6286,2.0,0,0,0.561424,6,3,2,19.0,2.0,0,Home Win,0
2019,5,0,1.35162,16,4,6,9.3226,0.0,0,0,0.718079,12,4,3,15.9375,2.0,0,Draw,1
2019,5,1,1.47876,13,4,4,10.56,1.0,0,2,1.64495,9,5,6,10.0385,1.0,0,Away Win,2
2019,5,0,0.373068,12,0,2,21.4706,1.0,0,1,1.25713,21,7,11,7.8889,1.0,0,Away Win,2
2019,5,2,1.56441,18,5,5,13.2353,4.0,0,2,1.38448,13,3,9,22.2143,3.0,0,Draw,1
2019,5,2,1.87224,17,5,9,8.619,2.0,0,1,0.553506,10,3,2,13.375,2.0,0,Home Win,0
2019,5,1,1.08408,24,5,15,8.125,4.0,2,1,0.10429,2,1,1,10.7391,3.0,1,Draw,1
2019,5,1,1.62783,19,4,5,11.4074,1.0,0,0,0.844257,9,2,7,12.2667,3.0,1,Home Win,0
2019,5,4,1.92745,14,5,5,9.25,1.0,0,1,0.794221,6,2,4,12.7826,1.0,0,Home Win,0
2019,5,1,0.645681,11,3,4,16.25,2.0,0,1,1.10925,15,6,8,11.9565,1.0,0,Draw,1
2019,5,2,1.08457,16,6,6,5.7931,2.0,0,1,1.10909,13,7,3,14.5357,3.0,0,Home Win,0
2019,5,3,2.39963,17,5,5,10.625,2.0,0,1,0.610006,10,3,7,6.3214,3.0,0,Home Win,0
2019,5,2,0.507427,13,5,2,13.2188,0.0,0,2,1.12904,11,5,6,12.6842,0.0,0,Draw,1
2019,5,1,1.42973,8,2,2,10.4074,2.0,0,0,1.05701,6,2,4,9.95,4.0,0,Home Win,0
2019,5,0,0.530839,12,3,6,6.125,1.0,0,2,1.17459,13,2,6,20.2381,2.0,0,Away Win,2
2019,5,0,0.810489,15,3,8,6.4706,4.0,0,1,0.532843,12,1,5,13.0,2.0,0,Away Win,2
2019,5,1,0.579923,12,4,4,7.1739,3.0,0,0,0.719947,15,3,8,7.1613,4.0,0,Home Win,0
2019,5,0,1.74443,18,6,8,12.4444,3.0,0,0,1.31656,9,2,3,5.925,3.0,0,Draw,1
2019,5,0,0.227476,6,1,5,7.9545,1.0,0,2,1.35732,22,6,11,22.4286,0.0,0,Away Win,2
2019,5,2,3.02158,12,5,4,8.8333,0.0,0,0,0.234977,5,1,2,36.0,1.0,0,Home Win,0
2019,5,1,1.33067,11,3,3,11.4286,2.0,0,3,0.662691,15,6,3,11.4,2.0,0,Away Win,2
2019,5,1,1.07057,12,5,6,10.5217,2.0,0,1,1.35573,11,6,5,14.0968,2.0,0,Draw,1
2019,5,0,0.104666,4,1,0,24.3333,0.0,0,1,2.83454,21,7,9,5.9487,3.0,0,Away Win,2
2019,5,1,0.903446,23,6,10,12.2778,1.0,0,1,1.0426,8,4,2,14.6316,0.0,0,Draw,1
2019,5,4,3.77849,21,13,7,10.7778,1.0,0,1,0.395322,5,1,1,15.0,2.0,0,Home Win,0
2019,5,2,1.52646,13,3,3,14.8,1.0,0,2,0.82033,15,6,6,8.625,1.0,0,Draw,1
2019,5,0,0.962876,14,7,7,9.0,2.0,0,1,0.515732,11,2,8,23.6,2.0,0,Away Win,2
2019,5,1,0.390945,8,3,1,9.56,4.0,0,0,1.28128,11,3,6,7.4444,2.0,0,Home Win,0
2019,5,1,0.674547,17,5,7,7.3429,4.0,0,1,0.682156,12,2,4,10.1481,0.0,0,Draw,1
2019,5,0,1.71161,22,8,13,6.619,1.0,0,1,0.856429,6,4,5,14.65,4.0,1,Away Win,2
2019,5,1,0.784118,18,2,5,10.2857,1.0,0,2,1.41539,11,4,4,7.5526,2.0,0,Away Win,2
2019,5,0,1.01154,18,3,5,4.3056,1.0,0,1,1.89057,13,7,3,13.7,3.0,0,Away Win,2
2019,5,1,1.18723,8,3,6,22.875,3.0,0,0,0.780588,15,2,7,8.2593,3.0,0,Home Win,0
2019,5,3,2.90722,11,5,3,13.36,1.0,0,1,0.437853,13,4,7,4.1,3.0,0,Home Win,0
2019,5,3,2.74638,17,10,6,11.0,1.0,0,1,1.36346,14,4,8,11.4375,2.0,1,Home Win,0
2019,5,2,2.57207,18,7,8,5.5714,3.0,0,2,1.76186,14,4,6,17.2941,1.0,0,Draw,1
2019,5,4,3.35081,15,8,6,7.7917,3.0,0,0,0.488442,10,2,1,35.75,1.0,0,Home Win,0
2019,5,1,0.846031,15,4,5,11.875,4.0,0,3,1.07992,10,4,4,4.8095,2.0,0,Away Win,2
2019,5,2,1.09035,7,3,2,16.1429,2.0,0,0,0.537656,12,4,9,5.0,1.0,0,Home Win,0
2019,5,1,0.702101,6,4,5,14.56,1.0,0,0,0.362585,6,2,1,7.7241,2.0,0,Home Win,0
2019,5,1,1.33771,14,5,6,12.3056,1.0,0,0,0.269194,6,2,1,10.1538,2.0,0,Home Win,0
2019,5,1,0.925625,12,5,4,11.913,2.0,0,0,0.594823,9,0,8,9.1304,0.0,0,Home Win,0
2019,5,0,1.49766,29,6,13,9.9231,1.0,0,1,0.240686,6,1,3,14.0,0.0,0,Away Win,2
2019,5,1,0.766702,10,2,3,12.5,2.0,0,0,0.428008,9,2,3,16.0,1.0,1,Home Win,0
2019,5,2,2.6316,17,6,3,14.15,2.0,0,1,0.717652,9,2,4,9.9333,4.0,0,Home Win,0
2019,5,1,0.730506,10,2,1,13.3462,3.0,2,4,3.38134,24,10,13,7.5806,2.0,0,Away Win,2
2019,5,0,0.898813,12,6,8,6.6333,0.0,0,1,0.869056,6,3,5,10.975,3.0,0,Away Win,2
2019,5,1,0.317325,11,3,1,10.32,2.0,0,1,0.941379,13,5,11,4.5,4.0,0,Draw,1
2019,5,2,1.5975,11,6,5,14.381,3.0,0,0,0.32374,10,2,7,12.6667,2.0,0,Home Win,0
2019,5,0,1.85901,24,10,8,9.8182,0.0,0,0,0.357988,6,1,1,32.1818,0.0,0,Draw,1
2019,5,3,1.72675,14,5,3,10.8421,2.0,0,2,1.32184,10,3,3,14.55,3.0,0,Home Win,0
2019,5,1,2.00977,20,6,4,5.8444,1.0,0,0,0.937597,9,5,7,12.7222,3.0,1,Home Win,0
2019,5,3,2.20537,14,6,7,5.7619,1.0,0,2,0.98473,15,5,5,5.5333,2.0,0,Home Win,0
2019,5,2,0.615946,15,1,5,10.1333,2.0,0,2,2.00972,11,5,4,10.087,3.0,0,Draw,1
2019,5,2,2.10109,15,7,9,13.95,0.0,1,0,0.950504,14,5,5,13.6842,0.0,0,Home Win,0
2019,5,2,1.93726,18,7,7,7.1667,1.0,0,0,0.548122,16,3,2,25.1111,2.0,0,Home Win,0
2019,5,4,3.22926,13,8,5,7.7407,2.0,0,0,0.544773,11,2,3,16.5862,1.0,0,Home Win,0
2019,5,0,1.46548,15,4,5,10.2609,2.0,0,1,0.904065,7,2,3,12.1667,2.0,0,Away Win,2
2019,5,0,0.327724,7,0,4,9.3333,3.0,0,0,0.409188,7,1,6,13.4375,1.0,0,Draw,1
2019,5,0,0.854411,14,3,5,6.4194,2.0,0,0,1.09487,13,6,2,20.5882,3.0,0,Draw,1
2019,5,3,1.56674,11,3,3,8.9444,0.0,0,0,0.294002,5,1,3,8.0,2.0,0,Home Win,0
2019,5,2,0.828927,10,7,6,14.9444,4.0,0,0,0.792992,9,2,9,9.2963,3.0,0,Home Win,0
2019,5,0,0.190223,6,1,3,4.1389,1.0,0,1,0.666492,8,2,2,8.0455,3.0,0,Away Win,2
2019,5,2,0.658517,11,1,4,10.7037,1.0,0,1,0.699055,6,2,4,8.0455,3.0,0,Home Win,0
2019,5,1,1.51447,12,5,2,18.0526,1.0,0,0,1.15385,11,2,1,13.2222,1.0,1,Home Win,0
2019,5,2,1.14215,11,4,5,11.05,1.0,0,2,0.657443,12,4,3,5.7632,2.0,0,Draw,1
2019,5,2,1.36655,12,5,5,19.8182,3.0,0,3,1.62692,21,8,5,11.9333,0.0,0,Away Win,2
2019,5,2,0.822624,10,6,3,18.9524,3.0,0,1,3.04569,20,4,6,10.75,2.0,0,Home Win,0
2019,5,1,0.985715,9,5,4,18.6316,1.0,0,0,1.37295,8,3,8,4.4375,1.0,0,Home Win,0
2019,5,1,1.37004,6,2,3,17.4706,3.0,0,0,0.734059,14,3,9,7.5806,1.0,0,Home Win,0
2019,5,2,0.694457,12,6,5,12.7619,1.0,0,0,0.732323,11,3,4,17.28,3.0,1,Home Win,0
2019,5,2,1.16011,10,4,6,10.2222,3.0,1,1,1.09866,11,4,7,9.2,0.0,0,Home Win,0
2019,5,3,1.42044,8,3,1,8.7333,2.0,0,0,0.251798,6,2,3,7.0385,2.0,0,Home Win,0
2019,5,1,1.55472,10,5,3,12.3939,2.0,0,1,1.73733,10,4,4,7.7879,2.0,0,Draw,1
2019,5,1,2.01244,18,7,6,6.7368,2.0,0,0,1.22663,15,3,9,23.5385,0.0,0,Home Win,0
2019,5,3,3.40531,22,11,5,12.65,3.0,0,1,0.473376,13,6,3,8.625,4.0,0,Home Win,0
2019,5,0,1.65806,13,5,9,4.125,2.0,0,0,0.13875,4,1,1,19.9333,2.0,0,Draw,1
2019,5,1,1.13488,17,4,5,10.0811,1.0,0,2,2.54466,18,8,4,9.3846,2.0,0,Away Win,2
2019,5,0,0.450165,9,2,2,12.4444,1.0,0,0,0.676515,13,2,12,21.8462,3.0,1,Draw,1
2019,5,4,3.34398,20,10,2,4.6538,2.0,0,1,0.728859,10,4,2,16.5333,2.0,1,Home Win,0
2019,5,2,0.932768,9,6,3,9.3913,1.0,0,3,0.853131,11,4,3,13.48,0.0,0,Away Win,2
2019,5,0,0.896004,10,3,1,15.48,3.0,1,2,1.96185,14,7,7,3.4722,3.0,0,Away Win,2
2019,5,2,2.68119,11,4,6,15.2778,2.0,0,0,0.747212,13,8,5,16.7241,0.0,0,Home Win,0
2019,5,2,1.17252,9,4,3,17.7619,2.0,1,1,2.32432,17,7,6,7.5833,4.0,1,Home Win,0
2019,5,1,0.565279,13,4,6,6.24,2.0,0,1,1.50416,11,4,5,15.5909,1.0,0,Draw,1
2019,5,2,1.4834,17,6,5,16.1875,3.0,0,1,1.43367,11,3,12,9.2121,5.0,1,Home Win,0
2019,5,1,0.904274,9,2,6,9.04,2.0,0,1,1.53329,17,6,5,12.8421,2.0,1,Draw,1
2019,5,0,0.482393,9,2,1,7.4286,3.0,0,0,1.33816,8,2,5,6.5789,3.0,0,Draw,1
2019,5,0,0.205703,5,0,3,12.5714,2.0,1,4,2.67166,17,9,7,15.8261,1.0,0,Away Win,2
2019,5,1,1.13196,21,7,3,15.1154,2.0,0,0,0.569399,10,2,2,12.15,1.0,0,Home Win,0
2019,5,2,0.614922,16,6,4,8.6207,1.0,0,1,0.672553,11,4,4,14.4348,2.0,0,Home Win,0
2019,5,1,0.422943,9,2,3,11.1,3.0,0,2,0.819941,8,4,1,11.75,1.0,0,Away Win,2
2019,5,1,1.16235,19,6,15,11.5417,2.0,1,1,0.214619,5,1,2,8.5556,1.0,0,Draw,1
2019,5,1,1.13704,13,4,3,13.5556,2.0,0,4,3.55816,17,12,5,18.4615,3.0,0,Away Win,2
2019,5,1,0.467733,14,3,6,8.125,1.0,0,1,0.605779,10,4,2,9.7083,6.0,0,Draw,1
2019,5,2,2.87667,21,8,10,6.7857,1.0,0,1,1.01185,7,3,4,15.2273,3.0,1,Home Win,0
2019,5,2,1.48946,14,5,6,7.3226,1.0,0,1,0.681836,5,1,1,9.75,3.0,0,Home Win,0
2019,5,2,4.52731,34,10,8,7.129,0.0,0,1,0.692625,4,1,0,15.6842,2.0,0,Home Win,0
2019,5,4,1.35194,20,10,4,11.0,1.0,0,2,0.989696,6,2,2,18.6875,2.0,1,Home Win,0
2019,5,1,1.7125,19,5,11,6.8205,2.0,0,0,0.640066,8,0,3,7.3125,1.0,0,Home Win,0
2019,5,3,1.11018,10,7,0,11.7727,2.0,0,1,0.389705,10,4,7,12.4,1.0,0,Home Win,0
2019,5,2,2.04225,10,6,5,6.9667,1.0,0,0,0.471802,11,4,9,13.6286,2.0,0,Home Win,0
2019,5,6,2.0996,12,8,0,6.9524,2.0,0,0,0.192769,7,1,6,27.8095,1.0,0,Home Win,0
2019,5,4,3.1578,15,7,8,10.9032,2.0,0,1,1.41787,16,4,5,11.7037,3.0,0,Home Win,0
2019,5,2,1.29978,18,2,12,12.4,3.0,0,2,1.27691,18,6,6,6.0313,3.0,0,Draw,1
2019,5,1,0.988779,6,3,2,7.2245,1.0,0,1,0.338768,6,1,1,6.9231,3.0,0,Draw,1
2019,5,0,0.586122,11,3,9,5.1613,1.0,0,1,0.965168,8,2,1,16.9474,2.0,0,Away Win,2
2019,5,0,0.782831,9,2,3,12.4444,1.0,0,2,2.09565,10,4,1,13.9643,1.0,0,Away Win,2
2019,5,5,2.23505,11,8,3,13.3529,2.0,0,0,0.775747,9,3,7,12.8095,1.0,0,Home Win,0
2019,5,1,1.59548,14,3,2,8.5405,0.0,0,2,3.56341,18,7,6,12.9,1.0,0,Away Win,2
2019,5,0,0.732116,20,4,8,10.3182,2.0,0,1,1.13014,12,2,8,14.0476,0.0,0,Away Win,2
2019,5,0,0.455948,6,2,1,18.625,2.0,2,4,2.68047,22,8,5,3.1154,2.0,0,Away Win,2
2019,5,4,1.51971,14,5,2,8.6552,0.0,0,1,0.938924,18,3,4,19.2308,2.0,0,Home Win,0
2019,5,1,0.447142,6,1,4,10.1786,5.0,1,3,0.782463,14,5,4,3.9583,3.0,0,Away Win,2
2019,5,2,1.28615,8,3,4,14.75,3.0,0,1,0.929726,12,1,4,10.7778,1.0,0,Home Win,0
2019,5,3,1.25893,10,3,1,12.8095,2.0,0,1,0.511321,11,4,2,10.0,2.0,0,Home Win,0
2019,5,1,0.982949,17,6,9,11.64,1.0,0,0,0.641251,5,1,1,10.6522,2.0,0,Home Win,0
2019,5,4,2.82508,18,7,3,7.5333,0.0,0,2,2.12038,14,9,5,13.9524,1.0,0,Home Win,0
2019,5,3,2.04801,25,6,7,9.3143,2.0,0,1,0.15818,3,2,0,12.8,1.0,0,Home Win,0
2019,5,3,2.64526,20,8,8,6.2813,0.0,0,0,0.501323,5,2,1,20.05,0.0,0,Home Win,0
2019,5,1,2.53737,16,10,7,12.64,0.0,0,0,0.261931,6,0,3,18.0,1.0,0,Home Win,0
2019,5,0,0.848701,16,4,9,6.6071,0.0,0,1,1.31851,10,5,3,7.8148,3.0,0,Away Win,2
2019,5,0,0.96128,11,2,5,20.8421,1.0,1,4,3.60638,21,13,2,5.1765,1.0,0,Away Win,2
2019,5,0,0.529236,10,3,5,9.2222,3.0,0,1,0.939364,12,6,7,12.7083,3.0,0,Away Win,2
2019,5,0,0.870077,10,5,7,21.2632,4.0,0,0,0.383769,7,2,6,6.871,3.0,0,Draw,1
2019,5,0,1.28592,13,3,5,8.4545,3.0,0,1,0.527336,7,4,7,37.6667,2.0,0,Away Win,2
2019,5,0,0.669088,9,5,4,10.2174,0.0,0,1,1.44219,10,4,8,11.7778,2.0,0,Away Win,2
2019,5,2,1.93087,14,9,4,8.5833,3.0,0,1,1.53329,10,4,5,7.4783,1.0,0,Home Win,0
2019,5,1,1.01835,6,3,1,20.3125,4.0,0,1,1.69227,16,5,7,4.0811,1.0,0,Draw,1
2019,5,1,0.28916,6,2,5,8.9143,1.0,0,1,0.640617,10,5,3,19.0625,3.0,0,Draw,1
2019,5,0,2.53255,16,4,5,5.35,3.0,0,0,1.13522,15,7,6,36.7778,2.0,0,Draw,1
2019,5,4,2.2249,17,6,3,15.65,1.0,0,0,0.751773,17,4,2,7.1034,1.0,0,Home Win,0
2019,5,2,1.08941,19,5,3,13.8696,2.0,0,2,1.25101,9,3,5,23.375,3.0,1,Draw,1
2019,5,1,1.07897,12,5,2,10.5556,0.0,0,0,0.540713,13,2,8,5.6216,3.0,0,Home Win,0
2019,5,2,0.501404,5,3,2,9.5938,3.0,0,1,1.46101,6,1,7,5.8387,2.0,0,Home Win,0
2019,5,5,3.5594,15,6,5,9.72,5.0,1,1,0.64901,9,4,6,4.75,1.0,0,Home Win,0
2019,5,1,1.22724,12,3,4,12.8095,2.0,0,1,1.59355,15,4,4,7.6364,3.0,0,Draw,1
2019,5,1,0.280352,9,1,5,15.1053,1.0,0,2,1.07283,13,7,4,17.75,0.0,0,Away Win,2
2019,5,3,1.91838,15,5,12,11.5882,1.0,0,0,0.342703,8,0,4,11.2632,4.0,0,Home Win,0
2019,5,4,4.8635,22,10,7,5.7714,0.0,0,1,0.350562,8,3,3,27.9412,1.0,0,Home Win,0
2019,5,3,1.97361,19,9,7,10.8947,3.0,0,1,1.14972,12,5,4,16.15,2.0,0,Home Win,0
2019,5,2,1.45157,12,5,5,8.5152,1.0,0,5,1.95386,15,9,6,10.6522,0.0,0,Away Win,2
2019,5,1,1.02329,7,3,4,9.7826,2.0,0,2,0.846418,11,4,1,8.1429,1.0,0,Away Win,2
2019,5,1,0.71442,5,2,5,19.6875,1.0,0,2,2.43061,22,6,4,7.5,3.0,0,Away Win,2
2019,5,1,1.12107,16,9,7,17.9091,1.0,0,1,1.12107,8,2,2,14.9444,3.0,0,Draw,1
2019,5,0,0.494628,9,2,4,6.5,2.0,0,1,0.831327,10,4,1,7.2903,5.0,0,Away Win,2
2019,5,2,1.63031,13,4,5,4.8056,1.0,0,0,0.504333,5,1,3,5.52,5.0,1,Home Win,0
2019,5,1,1.00705,9,4,1,20.2308,1.0,0,0,1.16736,14,3,6,13.8333,2.0,0,Home Win,0
2019,5,1,1.21606,15,7,2,16.4706,2.0,1,0,0.586501,12,6,7,4.2059,4.0,1,Home Win,0
2019,5,3,2.76333,13,6,7,6.8438,0.0,0,3,1.91876,16,6,7,21.5556,3.0,0,Draw,1
2019,5,0,0.380112,10,1,2,6.9032,2.0,0,2,1.21513,11,4,1,12.4375,1.0,0,Away Win,2
2019,5,2,0.805902,10,3,2,5.8077,2.0,0,1,1.00169,8,3,7,7.3462,4.0,0,Home Win,0
2019,5,1,1.06289,12,3,5,9.2963,1.0,0,3,1.14162,11,7,5,24.0,0.0,0,Away Win,2
2019,5,0,0.342074,9,2,4,5.9459,1.0,0,0,0.162533,4,0,2,17.25,2.0,0,Draw,1
2019,5,2,1.84221,16,5,3,10.0,2.0,0,1,0.43555,6,2,1,17.25,2.0,1,Home Win,0
2019,5,0,0.636235,16,2,11,4.3871,1.0,0,1,0.949755,7,4,1,17.8421,1.0,0,Away Win,2
2019,5,0,0.201093,7,0,0,14.8889,3.0,1,1,0.750449,11,2,2,8.2069,2.0,0,Away Win,2
2019,5,1,2.04075,23,4,9,7.8214,0.0,0,1,2.01285,20,5,8,11.5185,1.0,0,Draw,1
2019,5,3,1.20096,13,5,8,9.5833,0.0,0,0,0.327096,10,4,2,33.5385,1.0,0,Home Win,0
2019,5,0,0.384687,9,2,6,9.4167,3.0,0,2,2.0343,12,5,3,10.8125,1.0,0,Away Win,2
2019,5,2,2.13523,13,6,6,10.75,3.0,0,1,0.690494,12,4,5,7.1,2.0,0,Home Win,0
2019,5,3,2.21888,13,9,5,6.0625,5.0,0,2,0.876406,8,5,5,12.5,4.0,0,Home Win,0
2019,5,2,1.55091,12,7,4,6.4286,3.0,1,1,1.55904,14,7,10,13.125,2.0,1,Home Win,0
2019,5,3,1.30207,12,5,6,11.3913,0.0,0,0,1.31151,19,4,6,4.3556,1.0,0,Home Win,0
2019,5,3,1.72671,23,7,7,5.7778,4.0,0,1,0.732842,6,4,1,25.2857,3.0,2,Home Win,0
2019,5,5,2.89333,20,9,12,5.7742,4.0,0,0,0.163578,6,2,2,25.3636,4.0,2,Home Win,0
2019,5,1,1.26614,15,4,2,24.0,1.0,0,4,1.72995,14,5,4,16.3333,2.0,0,Away Win,2
2019,5,1,1.05247,13,3,3,13.625,1.0,0,2,1.56981,9,4,7,4.9688,4.0,0,Away Win,2
2019,5,0,0.803089,9,4,8,7.16,3.0,0,0,0.673436,12,1,4,10.24,2.0,0,Draw,1
2019,5,0,1.15176,12,3,3,6.8148,2.0,0,0,0.413632,16,4,10,8.0345,2.0,0,Draw,1
2019,5,3,0.882462,10,6,3,12.4783,0.0,0,1,2.4587,18,8,8,7.697,2.0,0,Home Win,0
2019,5,1,2.78308,15,5,4,37.4167,2.0,0,2,3.65633,19,6,7,5.7429,4.0,0,Away Win,2
2019,5,0,0.991734,12,1,5,9.3784,1.0,0,1,1.63603,15,6,2,10.4444,2.0,0,Away Win,2
2019,5,0,0.453576,11,3,6,11.7241,2.0,0,2,0.531558,5,3,2,9.4286,4.0,0,Away Win,2
2019,5,1,1.036,15,4,9,11.7083,2.0,0,1,0.929255,5,4,6,19.375,0.0,0,Draw,1
2019,5,2,1.43959,11,5,2,4.4182,0.0,0,0,0.500338,10,3,2,2.3889,3.0,0,Home Win,0
2019,5,1,0.508142,12,7,6,10.6087,2.0,0,1,1.50948,18,8,8,7.5,1.0,0,Draw,1
2019,5,1,0.948652,14,3,5,13.45,3.0,0,0,0.391231,11,4,2,12.9412,1.0,0,Home Win,0
2019,5,1,0.275273,6,3,1,13.85,2.0,0,0,1.07703,16,4,8,17.1176,2.0,0,Home Win,0
2019,5,0,0.414472,10,3,5,6.4,1.0,0,0,0.244546,7,2,3,11.3103,2.0,0,Draw,1
2019,5,1,1.81834,17,3,8,10.6538,2.0,1,1,1.09016,12,5,5,9.2143,0.0,0,Draw,1
2019,5,0,0.829419,17,2,6,8.3704,2.0,0,0,0.39852,8,3,0,13.6667,4.0,0,Draw,1
2019,5,4,1.7391,16,5,6,6.4828,1.0,0,2,0.874372,7,2,3,21.3043,2.0,0,Home Win,0
2019,5,1,0.552256,9,3,3,10.6538,1.0,1,0,1.05882,17,5,6,7.4138,3.0,0,Home Win,0
2019,5,3,1.33878,17,4,9,6.1714,2.0,0,3,0.571797,8,2,4,11.7917,2.0,0,Draw,1
2019,5,0,0.50774,9,1,6,20.3333,4.0,0,2,1.66344,12,4,2,8.3438,3.0,0,Away Win,2
2019,5,1,0.436377,8,1,3,9.44,1.0,0,2,1.28092,12,6,9,4.25,3.0,0,Away Win,2
2019,5,1,0.704132,6,3,1,11.5556,2.0,1,3,1.71921,10,5,7,11.2903,4.0,0,Away Win,2
2019,5,1,0.728803,12,3,5,8.7742,1.0,0,0,1.78927,10,3,5,20.8125,2.0,0,Home Win,0
2019,5,1,0.672638,11,4,5,50.125,2.0,1,2,2.11814,15,5,13,4.4815,2.0,0,Away Win,2
2019,5,3,2.94212,12,5,9,8.8276,1.0,0,0,0.516785,5,0,8,13.0556,2.0,0,Home Win,0
2019,5,4,1.51396,11,5,2,13.9722,3.0,0,4,3.45174,15,10,6,4.9032,2.0,0,Draw,1
2019,5,2,1.66815,11,2,13,6.2188,1.0,0,2,0.948329,6,3,1,25.6471,1.0,0,Draw,1
2019,5,3,1.77507,10,3,0,13.9,2.0,0,2,1.64068,11,4,5,9.3929,3.0,0,Home Win,0
2019,5,0,1.12669,18,7,11,7.5313,0.0,0,0,0.296838,7,2,6,12.5455,1.0,1,Draw,1
2019,5,0,2.36671,19,5,7,15.0,2.0,2,2,1.4771,14,4,5,11.5789,0.0,0,Away Win,2
2019,5,1,1.22494,5,2,3,6.2222,3.0,0,1,1.37886,7,1,2,10.963,1.0,0,Draw,1
2019,5,1,1.9344,16,2,2,8.4857,1.0,0,0,0.982861,13,2,4,20.25,2.0,0,Home Win,0
2019,5,1,1.12417,13,3,4,10.0,0.0,0,2,1.51467,5,2,5,13.4167,5.0,0,Away Win,2
2019,5,1,0.977294,11,2,7,8.0435,1.0,0,0,0.480458,10,0,5,8.2609,2.0,1,Home Win,0
2019,5,1,1.29988,11,3,7,10.0385,1.0,0,0,0.137662,3,1,2,14.2174,1.0,0,Home Win,0
2019,5,0,0.135117,7,0,5,14.8947,2.0,1,2,1.5696,12,6,4,7.2667,1.0,0,Away Win,2
2019,5,2,2.42942,26,8,10,9.95,0.0,0,1,0.3864,8,2,1,15.8182,1.0,1,Home Win,0
2019,5,2,1.86279,19,6,9,15.6667,3.0,0,2,0.626653,9,3,3,24.625,0.0,0,Draw,1
2019,5,3,2.64354,18,9,5,13.7895,1.0,0,0,0.291453,7,1,0,22.0,3.0,0,Home Win,0
2019,5,1,1.58624,12,2,2,13.56,2.0,0,1,2.2089,16,6,3,8.5588,0.0,0,Draw,1
2019,5,1,0.638616,7,4,8,10.2759,1.0,0,1,0.995257,12,2,6,12.2353,1.0,0,Draw,1
2019,5,1,0.804027,15,5,4,6.2857,1.0,0,3,0.72099,8,4,1,13.9286,3.0,0,Away Win,2
2019,5,4,5.58145,23,9,10,4.5862,5.0,1,3,1.89123,13,7,7,10.9412,2.0,0,Home Win,0
2019,5,0,0.63802,15,3,5,5.1304,2.0,0,0,0.0631697,3,1,5,6.5455,6.0,0,Draw,1
2019,5,1,1.27958,12,8,6,19.0,4.0,0,0,0.774989,10,2,8,6.9063,2.0,0,Home Win,0
2019,5,2,2.92254,16,9,5,6.24,4.0,0,0,0.378435,8,4,4,16.0526,4.0,0,Home Win,0
2019,5,0,0.901404,12,5,6,6.0,2.0,0,1,0.852598,13,6,3,20.1333,1.0,0,Away Win,2
2019,5,0,0.929266,16,4,12,6.8519,3.0,0,1,0.324731,6,2,0,27.0667,1.0,0,Away Win,2
2019,5,1,2.02221,12,4,10,10.6857,3.0,0,1,0.407018,9,4,3,9.4231,3.0,0,Draw,1
2019,5,4,4.57141,23,11,8,9.4167,1.0,0,0,0.303667,9,3,0,34.0625,0.0,0,Home Win,0
2019,5,0,0.81746,15,2,9,19.8333,3.0,0,2,1.20906,11,4,3,7.6522,1.0,0,Away Win,2
2019,5,1,1.97379,19,7,3,6.7949,2.0,0,1,1.14998,16,8,2,15.9474,3.0,0,Draw,1
2019,5,2,2.4154,16,6,8,7.4333,4.0,0,3,1.97133,13,4,9,7.95,3.0,0,Away Win,2
2019,5,3,3.80176,23,11,5,19.7333,1.0,0,0,0.851456,15,7,7,9.0,2.0,0,Home Win,0
2019,5,0,0.260158,6,3,3,8.4286,4.0,0,1,2.01916,15,5,12,7.7778,3.0,0,Away Win,2
2019,5,2,1.63512,12,5,6,13.48,1.0,0,1,1.30497,14,4,3,10.1613,4.0,1,Home Win,0
2019,5,2,0.88467,14,3,5,5.1522,2.0,0,1,1.00717,6,2,1,12.2273,2.0,0,Home Win,0
2019,5,1,1.35925,13,3,4,10.1333,1.0,0,0,1.14245,9,2,3,9.2105,3.0,0,Home Win,0
2019,5,1,0.711678,11,4,7,10.0,4.0,1,1,0.924479,9,2,4,10.5769,3.0,0,Draw,1
2019,5,2,0.717772,8,3,4,16.0,0.0,0,0,1.16092,15,4,6,11.5185,3.0,0,Home Win,0
2019,5,2,1.06698,13,6,4,8.4643,2.0,0,2,1.87515,12,3,4,10.9643,2.0,0,Draw,1
2019,5,2,1.40623,14,5,8,6.2857,0.0,0,1,1.57289,16,7,6,9.8095,0.0,0,Home Win,0
2019,5,5,3.18379,16,9,2,13.8,2.0,0,0,0.940729,11,1,7,18.9444,3.0,0,Home Win,0
2019,5,1,1.33174,12,3,5,20.4667,3.0,1,0,1.19416,12,4,5,13.9565,2.0,0,Home Win,0
2019,2,0,0.264026,8,2,5,10.6667,2.0,0,1,1.88829,14,4,8,6.6207,3.0,0,Away Win,2
2019,2,3,1.94205,20,6,4,10.0968,2.0,0,4,1.94511,15,7,5,7.5333,4.0,0,Away Win,2
2019,2,1,0.777545,17,6,9,19.4444,1.0,0,0,0.633654,14,0,4,10.0,3.0,0,Home Win,0
2019,2,1,0.109745,5,2,1,15.9412,1.0,1,1,2.11,16,3,6,4.4706,3.0,0,Draw,1
2019,2,3,2.6256,23,9,5,18.2143,3.0,0,3,1.1259,6,4,1,7.8261,1.0,0,Draw,1
2019,2,0,0.627446,16,8,5,10.0833,2.0,0,3,1.54375,17,10,9,11.7273,2.0,0,Away Win,2
2019,2,2,1.48495,9,3,2,12.8636,2.0,0,3,1.70129,21,13,10,6.0667,1.0,0,Away Win,2
2019,2,2,1.87227,11,4,6,8.4,4.0,0,1,1.35208,20,9,6,3.3929,3.0,0,Home Win,0
2019,2,0,0.998907,14,4,8,5.6667,2.0,0,1,1.32688,10,2,8,14.6667,2.0,0,Away Win,2
2019,2,4,2.14366,24,8,7,7.5769,1.0,0,0,0.408768,17,3,7,20.75,2.0,1,Home Win,0
2019,2,1,3.76497,23,9,11,5.1538,3.0,0,0,0.850525,9,1,2,8.3462,2.0,0,Home Win,0
2019,2,1,1.9308,16,4,5,5.6333,3.0,0,0,0.860645,6,1,3,11.3333,4.0,0,Home Win,0
2019,2,4,2.0077,12,7,2,14.5909,3.0,0,3,1.58762,15,7,5,9.6667,3.0,0,Home Win,0
2019,2,1,2.07207,22,7,8,6.2258,4.0,0,1,1.19504,11,3,4,14.6923,3.0,0,Draw,1
2019,2,0,0.994717,15,3,2,13.75,2.0,0,1,1.824,15,4,7,12.6842,3.0,0,Away Win,2
2019,2,2,1.83194,26,9,12,4.6296,2.0,0,3,0.684714,10,5,5,6.1212,2.0,0,Away Win,2
2019,2,1,0.479896,8,2,5,20.15,5.0,0,2,1.77917,9,5,5,11.6818,3.0,0,Away Win,2
2019,2,2,2.41153,22,7,9,6.0385,2.0,0,1,1.80442,19,6,8,9.2,0.0,0,Home Win,0
2019,2,4,2.66279,13,8,3,11.3333,1.0,0,1,1.24293,11,4,5,18.625,3.0,1,Home Win,0
2019,2,1,1.69727,23,11,8,13.2857,1.0,0,3,1.21449,8,3,1,9.9655,3.0,0,Away Win,2
2019,2,3,1.14311,9,6,2,14.8095,2.0,1,4,3.68503,22,8,10,4.2083,6.0,0,Away Win,2
2019,2,0,1.47787,18,5,10,13.4762,3.0,0,0,0.324648,8,4,0,5.8485,3.0,0,Draw,1
2019,2,1,1.35423,16,3,8,7.7273,3.0,0,2,2.43373,18,6,7,12.25,3.0,0,Away Win,2
2019,2,0,0.465316,8,1,2,11.7917,4.0,1,1,1.47177,17,4,7,4.2581,3.0,1,Away Win,2
2019,2,1,1.56746,22,8,8,9.8636,2.0,0,0,0.250925,6,5,3,27.6429,1.0,1,Home Win,0
2019,2,2,1.72924,26,6,8,8.4545,2.0,0,0,1.69786,10,2,7,22.75,2.0,0,Home Win,0
2019,2,1,1.33287,21,7,12,7.2174,0.0,0,3,0.684256,8,3,3,13.5714,5.0,0,Away Win,2
2019,2,4,2.96035,15,6,8,14.0833,1.0,0,2,0.84997,12,3,2,14.9444,2.0,0,Home Win,0
2019,2,2,1.10476,17,3,8,21.8333,5.0,0,1,1.46024,12,5,5,14.0588,3.0,0,Home Win,0
2019,2,1,1.5512,15,4,7,6.4583,1.0,0,2,1.25479,19,5,3,10.3929,6.0,0,Away Win,2
2019,2,2,1.44964,19,3,9,4.6486,2.0,0,2,1.40952,9,2,1,15.7222,5.0,0,Draw,1
2019,2,1,1.34513,6,3,3,17.1333,3.0,0,2,1.45512,18,4,4,8.4583,6.0,1,Away Win,2
2019,2,3,1.24675,13,4,4,12.9,1.0,0,1,1.61461,11,2,3,10.2941,1.0,0,Home Win,0
2019,2,2,1.86372,21,3,2,9.6111,0.0,0,1,1.8415,10,3,5,9.9677,4.0,1,Home Win,0
2019,2,2,2.00279,25,9,10,13.9,1.0,0,0,0.504659,6,1,5,19.7,3.0,0,Home Win,0
2019,2,1,1.37591,10,3,4,21.9444,3.0,0,4,3.0665,21,10,6,12.15,3.0,0,Away Win,2
2019,2,0,1.09144,9,1,2,11.619,2.0,0,2,2.49224,16,7,6,8.6552,1.0,0,Away Win,2
2019,2,1,1.8371,17,7,7,8.7742,2.0,0,0,0.216688,5,1,8,4.2963,1.0,0,Home Win,0
2019,2,3,2.01353,20,6,7,11.2917,3.0,0,0,0.923321,13,3,9,12.8261,2.0,0,Home Win,0
2019,2,0,0.505205,10,3,3,4.3421,4.0,0,1,0.810849,9,4,9,8.5,4.0,0,Away Win,2
2019,2,1,0.686153,16,3,4,20.15,1.0,0,2,1.88191,20,6,3,5.7857,3.0,0,Away Win,2
2019,2,2,1.94827,17,8,3,6.9333,4.0,0,1,0.642879,8,2,1,21.7333,5.0,1,Home Win,0
2019,2,0,0.213674,7,1,5,8.96,5.0,0,0,1.58656,18,1,4,7.35,4.0,0,Draw,1
2019,2,0,0.973188,13,4,6,10.1111,0.0,0,0,0.814274,11,3,6,10.4074,4.0,0,Draw,1
2019,2,1,1.74169,15,3,4,5.4333,2.0,0,0,1.3648,10,4,6,18.625,3.0,0,Home Win,0
2019,2,0,1.89418,30,5,13,6.9583,1.0,1,1,0.534885,5,1,1,20.0,1.0,0,Away Win,2
2019,2,1,1.50602,10,5,5,7.0851,3.0,0,0,0.505463,12,3,4,5.0,1.0,0,Home Win,0
2019,2,0,2.21614,13,2,5,10.6552,2.0,0,2,2.23314,18,5,1,10.4286,1.0,0,Away Win,2
2019,2,1,0.924939,18,6,10,10.8947,1.0,0,3,1.89438,8,4,1,25.1,2.0,0,Away Win,2
2019,2,2,1.0873,9,4,3,7.3793,4.0,0,1,2.29514,15,4,5,6.8846,5.0,1,Home Win,0
2019,2,1,2.14031,12,4,3,6.6111,2.0,0,1,2.19656,13,5,5,8.7222,2.0,0,Draw,1
2019,2,2,2.36566,21,10,13,5.5882,2.0,0,0,0.160279,5,1,2,22.0,2.0,0,Home Win,0
2019,2,4,1.61693,15,10,5,12.0,1.0,0,0,1.0028,13,6,7,24.2857,2.0,0,Home Win,0
2019,2,0,0.793718,13,6,4,20.4667,2.0,0,1,2.99876,19,6,11,6.7059,4.0,0,Away Win,2
2019,2,1,0.593975,11,3,4,9.6897,2.0,1,3,3.00943,16,7,6,14.2727,4.0,0,Away Win,2
2019,2,2,2.50124,20,7,7,8.8214,2.0,0,1,1.14541,16,3,7,18.8333,1.0,0,Home Win,0
2019,2,3,3.27038,21,5,7,11.3333,2.0,0,2,1.69923,8,6,3,11.0,3.0,1,Home Win,0
2019,2,1,1.31073,20,2,7,10.3,2.0,0,3,2.16553,15,7,5,7.8889,4.0,1,Away Win,2
2019,2,1,0.442236,13,7,7,16.25,2.0,0,4,2.42758,13,7,3,14.64,2.0,0,Away Win,2
2019,2,1,0.838641,11,3,4,11.6087,4.0,0,0,0.759433,12,3,5,4.75,3.0,1,Home Win,0
2019,2,3,4.39219,30,15,9,6.4063,2.0,0,1,0.999184,7,2,5,20.7857,3.0,0,Home Win,0
2019,2,2,3.37988,18,8,5,6.7778,5.0,1,2,1.59819,12,4,4,10.6818,4.0,1,Draw,1
2019,2,0,1.17578,19,6,4,11.4286,2.0,0,2,0.702205,11,5,4,7.25,3.0,0,Away Win,2
2019,2,1,1.15966,16,4,12,13.2353,1.0,0,0,0.77254,8,1,3,14.5625,2.0,0,Home Win,0
2019,2,1,1.65802,14,6,7,10.5652,4.0,2,2,1.20462,9,6,0,13.4737,4.0,2,Away Win,2
2019,2,2,0.667382,8,3,9,5.8125,1.0,0,0,0.727876,14,2,4,6.7727,3.0,0,Home Win,0
2019,2,1,1.53885,10,3,7,7.9643,2.0,0,2,1.22127,18,6,2,13.5,3.0,0,Away Win,2
2019,2,1,1.4212,21,6,7,3.8974,1.0,0,1,1.03338,8,2,1,43.375,4.0,0,Draw,1
2019,2,1,1.30807,16,7,5,12.0556,5.0,1,0,0.238942,8,1,8,10.4667,2.0,0,Home Win,0
2019,2,0,0.48114,12,4,4,14.05,1.0,0,0,0.840858,16,3,5,5.2188,2.0,0,Draw,1
2019,2,0,0.543738,3,1,6,14.3529,0.0,0,0,0.82628,13,4,9,8.6818,3.0,0,Draw,1
2019,2,2,1.14716,16,5,6,10.0,4.0,0,0,0.917756,12,5,6,9.8824,5.0,0,Home Win,0
2019,2,2,1.85733,23,10,8,6.0,2.0,0,1,0.959285,9,2,5,11.7407,3.0,0,Home Win,0
2019,2,3,2.70407,17,5,3,10.3077,5.0,0,3,2.56796,22,9,1,8.5714,2.0,0,Draw,1
2019,2,2,1.7835,22,6,8,6.8148,1.0,0,2,1.29111,13,6,2,14.0435,2.0,0,Draw,1
2019,2,2,2.28168,21,6,6,10.8947,3.0,0,0,1.73959,20,5,8,8.8,3.0,0,Home Win,0
2019,2,5,2.5989,22,7,3,16.1111,1.0,0,1,1.89911,19,5,7,6.35,2.0,0,Home Win,0
2019,2,0,0.628013,11,4,7,13.7826,3.0,0,0,0.443611,9,1,9,7.5882,4.0,1,Draw,1
2019,2,3,0.885577,12,4,5,11.8571,4.0,0,4,3.04913,13,7,7,8.4194,3.0,0,Away Win,2
2019,2,1,1.87593,18,4,6,12.7826,3.0,0,0,0.603538,11,3,4,4.0556,3.0,0,Home Win,0
2019,2,7,5.83297,24,13,6,6.3871,2.0,0,1,0.477769,7,3,2,23.8182,3.0,1,Home Win,0
2019,2,2,2.25191,13,5,11,4.6061,1.0,0,1,0.507876,11,2,5,9.4,3.0,0,Home Win,0
2019,2,1,0.563956,11,3,7,17.4375,5.0,1,2,2.00858,12,7,3,8.1667,3.0,0,Away Win,2
2019,2,3,1.12256,17,10,5,4.6452,6.0,0,1,1.16628,7,2,3,14.12,4.0,0,Home Win,0
2019,2,0,0.782917,6,2,9,8.8333,5.0,0,1,1.05439,13,4,6,9.9048,5.0,0,Away Win,2
2019,2,2,2.41687,29,6,11,5.5833,3.0,0,2,0.950313,12,5,4,20.5,2.0,0,Draw,1
2019,2,1,1.05543,10,5,3,16.6111,4.0,0,1,3.57172,25,4,14,5.1364,1.0,0,Draw,1
2019,2,2,1.66688,12,5,4,9.7097,4.0,0,1,0.545215,12,4,8,9.2381,5.0,0,Home Win,0
2019,2,1,0.470344,10,2,4,14.6818,4.0,0,1,0.898916,13,4,4,7.8571,1.0,0,Draw,1
2019,2,1,1.30837,11,4,6,6.5833,2.0,0,1,0.509454,10,3,11,9.9444,3.0,0,Draw,1
2019,2,1,1.63039,15,6,9,16.3889,4.0,0,2,0.769551,13,2,8,6.75,3.0,0,Away Win,2
2019,2,3,1.35196,14,5,4,8.4667,2.0,0,2,1.18024,10,3,1,5.6471,1.0,0,Home Win,0
2019,2,2,2.65664,27,11,10,5.6441,5.0,1,1,0.269772,8,3,2,17.7857,3.0,2,Home Win,0
2019,2,4,2.29976,20,8,8,13.5263,2.0,0,0,0.706344,10,2,0,15.2105,2.0,1,Home Win,0
2019,2,1,1.90677,16,5,7,6.3333,4.0,0,0,0.335973,10,2,6,7.7813,4.0,0,Home Win,0
2019,2,2,3.19908,19,9,2,13.3478,3.0,0,2,1.33873,15,4,3,11.3704,3.0,0,Draw,1
2019,2,0,1.17096,20,5,12,12.0,1.0,0,1,0.372338,8,2,3,8.875,5.0,0,Away Win,2
2019,2,1,1.64236,24,7,9,6.6667,4.0,0,1,1.06001,12,5,5,10.2381,4.0,1,Draw,1
2019,2,1,0.958797,6,3,3,14.3333,3.0,0,2,1.15444,15,6,7,7.1026,4.0,0,Away Win,2
2019,2,0,0.557164,12,4,5,8.7037,4.0,0,4,3.28214,13,6,3,14.6087,2.0,1,Away Win,2
2019,2,0,0.75623,19,3,13,10.3333,2.0,1,2,1.10665,13,5,2,10.1538,3.0,0,Away Win,2
2019,2,1,0.380245,11,3,2,10.75,3.0,0,2,2.09958,15,8,7,7.1613,4.0,0,Away Win,2
2019,2,1,1.36867,19,4,5,5.8214,2.0,0,1,0.703957,8,3,2,10.0,2.0,0,Draw,1
2019,2,1,1.48183,16,2,8,7.6522,0.0,0,3,1.39908,18,5,5,12.1852,2.0,0,Away Win,2
2019,2,2,1.14031,11,3,5,7.8333,1.0,0,1,0.975463,16,5,1,11.4,4.0,1,Home Win,0
2019,2,2,0.483324,9,4,6,13.3077,2.0,0,2,2.17105,13,3,6,9.4783,3.0,0,Draw,1
2019,2,1,0.717705,12,3,8,9.6538,3.0,0,2,1.11258,8,4,4,8.2963,5.0,0,Away Win,2
2019,2,2,2.21085,17,6,10,8.8571,5.0,1,1,1.6515,16,4,4,8.3333,3.0,0,Home Win,0
2019,2,0,0.501251,14,3,8,7.3529,3.0,0,1,0.857291,17,5,5,9.3913,1.0,0,Away Win,2
2019,2,0,0.35915,9,4,11,8.9583,4.0,0,1,1.78754,19,10,6,5.7222,2.0,0,Away Win,2
2019,2,0,0.59465,9,3,4,9.6429,5.0,1,4,3.11135,21,7,4,7.7826,3.0,0,Away Win,2
2019,2,5,3.21493,15,8,5,15.35,1.0,0,2,0.869022,15,7,6,6.4783,3.0,0,Home Win,0
2019,2,2,2.24655,38,11,9,8.0435,3.0,0,1,1.27413,9,2,3,13.6111,1.0,0,Home Win,0
2019,2,1,1.11956,13,5,5,5.8378,1.0,0,0,0.517282,13,7,5,10.2308,5.0,0,Home Win,0
2019,2,4,3.65287,24,7,9,17.2308,2.0,0,2,2.55559,19,10,3,14.8125,3.0,0,Home Win,0
2019,2,0,0.883505,19,7,5,11.6286,1.0,0,0,1.23282,12,1,2,10.7059,4.0,0,Draw,1
2019,2,2,1.29826,14,8,5,8.1111,3.0,0,0,0.97114,17,6,10,6.8846,2.0,0,Home Win,0
2019,2,0,0.887813,10,2,1,12.8214,2.0,0,0,0.517338,9,3,7,7.8182,4.0,1,Draw,1
2019,2,3,2.6891,20,7,4,12.32,2.0,0,1,0.541844,11,5,4,8.2647,6.0,0,Home Win,0
2019,2,0,1.60289,17,1,3,9.75,3.0,0,0,1.95747,17,3,7,12.1905,5.0,0,Draw,1
2019,2,1,2.78945,22,7,8,7.5526,5.0,0,3,1.20522,16,5,3,8.8636,3.0,0,Away Win,2
2019,2,2,0.695312,16,7,15,5.4074,1.0,0,2,1.29667,14,6,2,13.2381,3.0,0,Draw,1
2019,2,1,1.51813,19,7,8,5.5429,3.0,0,0,0.844664,15,2,6,11.65,2.0,0,Home Win,0
2019,2,2,4.09277,28,8,11,7.069,2.0,1,2,0.959475,7,2,2,9.6071,2.0,2,Draw,1
2019,2,1,0.794979,13,3,3,10.0323,3.0,0,1,1.2322,12,5,4,7.9697,2.0,0,Draw,1
2019,2,3,2.51584,26,6,17,7.3704,1.0,0,0,0.31479,8,2,6,15.8125,1.0,0,Home Win,0
2019,2,2,2.13455,21,10,8,13.4375,2.0,0,1,0.281611,7,2,2,12.8947,3.0,1,Home Win,0
2019,2,1,1.37752,12,1,5,13.8125,1.0,0,2,0.942458,16,6,8,16.7,3.0,0,Away Win,2
2019,2,1,2.44472,16,6,5,13.6364,2.0,0,1,1.71849,14,5,4,8.4737,1.0,0,Draw,1
2019,2,0,0.431759,12,2,12,9.5,2.0,0,3,1.46431,12,5,4,7.5667,3.0,0,Away Win,2
2019,2,0,1.2071,15,4,2,11.75,1.0,0,3,2.66863,24,10,11,5.1481,3.0,0,Away Win,2
2019,2,4,0.687361,17,7,6,6.7692,3.0,0,3,1.32937,12,5,4,13.76,1.0,0,Home Win,0
2019,2,0,1.43717,19,6,9,7.875,1.0,0,1,1.11878,6,5,2,9.3667,3.0,0,Away Win,2
2019,2,0,0.925599,13,1,6,4.7742,2.0,0,1,0.657203,12,3,4,8.725,3.0,1,Away Win,2
2019,2,1,1.21801,8,2,6,10.4667,3.0,0,3,2.10824,12,5,5,19.5333,3.0,0,Away Win,2
2019,2,2,2.136,19,8,8,8.6667,1.0,0,1,1.15284,12,3,0,19.8125,4.0,0,Home Win,0
2019,2,2,4.34699,29,9,9,8.5,1.0,0,2,0.69873,9,4,2,19.0,5.0,0,Draw,1
2019,2,3,2.91567,21,6,2,13.9583,0.0,0,0,0.749962,10,0,2,14.2609,1.0,0,Home Win,0
2019,2,1,1.74594,30,6,7,10.9,1.0,0,2,1.47641,11,5,0,10.0357,5.0,0,Away Win,2
2019,2,0,0.198769,7,0,1,12.4615,1.0,0,1,2.13566,27,8,7,4.4054,3.0,0,Away Win,2
2019,2,3,2.5171,21,10,13,7.75,1.0,0,2,1.19011,7,2,4,10.8636,5.0,1,Home Win,0
2019,2,2,1.24829,11,4,5,5.9655,4.0,0,3,2.41751,12,7,1,7.5385,2.0,0,Away Win,2
2019,2,0,2.07846,9,2,8,7.4722,3.0,0,0,0.214697,6,2,3,14.4583,1.0,0,Draw,1
2019,2,3,2.25743,18,9,4,18.5789,4.0,0,1,1.46889,9,4,5,8.1538,3.0,1,Home Win,0
2019,2,2,0.85727,22,5,11,6.4688,5.0,0,2,2.55768,14,4,3,5.7838,6.0,2,Draw,1
2019,2,0,1.19231,20,3,3,7.4583,3.0,0,1,0.602606,9,1,2,19.5,2.0,0,Away Win,2
2019,2,2,1.936,16,2,8,9.2222,3.0,0,2,0.762659,10,3,4,11.72,4.0,0,Draw,1
2019,2,0,1.91592,19,3,3,7.7727,3.0,0,1,1.91478,12,6,1,13.4783,3.0,0,Away Win,2
2019,2,2,0.953465,10,4,3,6.359,4.0,0,1,1.92326,17,4,9,4.1842,3.0,0,Home Win,0
2019,2,1,0.56859,5,1,3,14.8947,3.0,0,1,1.07747,18,3,10,6.1111,4.0,1,Draw,1
2019,2,2,1.34375,14,4,4,8.8276,5.0,1,1,2.16001,19,5,4,5.4286,1.0,0,Home Win,0
2019,2,3,3.67148,13,9,4,12.0,4.0,0,0,0.90603,11,4,6,4.5455,6.0,0,Home Win,0
2019,2,1,1.65566,13,3,2,15.6471,4.0,0,2,2.05609,16,5,9,8.4545,3.0,0,Away Win,2
2019,2,1,0.570393,13,5,5,10.5,3.0,0,1,1.02941,6,5,1,8.36,4.0,0,Draw,1
2019,2,0,0.947705,9,1,4,4.8,5.0,0,1,0.237624,5,1,2,10.7143,3.0,0,Away Win,2
2019,2,3,2.33378,12,7,6,5.125,3.0,0,3,1.4413,16,8,3,8.0,1.0,0,Draw,1
2019,2,3,2.21259,24,9,9,11.3684,2.0,0,1,1.24612,11,6,8,42.9091,1.0,0,Home Win,0
2019,2,0,2.17858,23,9,8,9.5417,5.0,0,0,0.84977,18,6,3,6.0,4.0,0,Draw,1
2019,2,1,1.88263,33,8,11,5.6957,2.0,0,2,1.29277,7,4,1,25.1333,2.0,0,Away Win,2
2019,2,3,3.697,25,10,8,9.85,1.0,0,1,1.11044,7,3,3,16.2609,3.0,0,Home Win,0
2019,2,5,2.3426,19,11,5,11.6842,2.0,0,0,0.334827,8,1,2,15.3684,4.0,0,Home Win,0
2019,2,1,1.40532,12,4,5,10.7308,4.0,0,4,1.726,13,6,4,7.0833,3.0,0,Away Win,2
2019,2,4,2.34293,17,9,6,8.9459,1.0,0,0,0.294882,9,3,3,21.1429,4.0,0,Home Win,0
2019,2,0,1.08446,19,4,6,8.24,3.0,0,0,0.556501,13,2,7,9.5357,2.0,0,Draw,1
2019,2,2,1.19573,12,4,6,12.15,3.0,0,3,4.46396,24,15,2,10.08,3.0,0,Away Win,2
2019,2,1,0.820014,14,3,9,6.6897,3.0,0,1,1.9905,12,4,5,7.6,2.0,0,Draw,1
2019,2,1,0.558008,14,3,5,18.1154,5.0,1,2,0.874375,11,4,5,5.1481,2.0,0,Away Win,2
2019,2,1,1.38422,14,5,7,8.0,2.0,0,2,1.80188,16,8,11,22.0588,2.0,0,Away Win,2
2019,2,1,1.24219,14,6,10,5.5714,5.0,1,2,0.948561,12,4,3,5.0313,5.0,0,Away Win,2
2019,2,2,2.14016,14,2,2,15.1923,3.0,0,1,0.64597,14,1,1,9.2273,4.0,1,Home Win,0
2019,2,5,2.40246,23,10,2,7.5769,2.0,0,0,0.127344,5,1,2,13.9167,4.0,0,Home Win,0
2019,2,1,0.869633,14,6,14,3.3,2.0,0,1,0.389787,9,4,2,11.2609,4.0,0,Draw,1
2019,2,1,0.31406,6,3,2,14.9444,5.0,1,2,1.75165,19,6,5,5.4286,4.0,0,Away Win,2
2019,2,2,3.10482,15,6,1,8.5897,4.0,0,1,0.860874,11,3,6,5.7407,6.0,0,Home Win,0
2019,2,4,3.2802,20,10,3,8.0968,1.0,0,0,0.403038,8,1,2,16.8636,1.0,0,Home Win,0
2019,2,0,0.752631,15,4,7,9.2143,1.0,0,1,0.795554,10,4,8,11.7619,1.0,0,Away Win,2
2019,2,0,1.5417,19,7,7,5.913,1.0,0,0,1.05525,6,2,5,14.2273,5.0,0,Draw,1
2019,2,1,1.69175,19,7,3,17.15,0.0,0,3,1.24209,14,8,4,9.5882,6.0,0,Away Win,2
2019,2,0,1.9541,31,7,14,6.5185,5.0,0,2,2.29167,12,6,3,10.3636,2.0,0,Away Win,2
2019,2,0,1.60395,19,2,3,9.8421,1.0,1,2,2.52979,19,8,4,8.0606,1.0,0,Away Win,2
2019,2,0,0.762889,9,2,3,7.92,3.0,0,2,1.22302,13,4,6,16.6842,1.0,0,Away Win,2
2019,2,1,2.0568,17,4,3,13.08,1.0,0,0,1.29075,9,1,4,14.2308,1.0,0,Home Win,0
2019,2,2,2.45867,12,8,4,6.5263,3.0,0,1,0.766675,5,3,2,12.5,6.0,0,Home Win,0
2019,2,1,0.728607,10,5,0,14.4,3.0,0,1,2.54235,17,6,4,8.0,4.0,0,Draw,1
2019,2,1,1.4953,12,6,6,22.381,2.0,0,0,0.994893,13,4,6,13.0556,2.0,0,Home Win,0
2019,2,2,2.14614,11,6,6,8.8065,4.0,0,0,0.803732,19,4,5,11.0,2.0,0,Home Win,0
2019,2,1,2.58161,22,6,13,11.0345,6.0,0,2,1.34236,5,4,2,14.1579,3.0,0,Away Win,2
2019,2,5,3.22026,28,10,4,11.75,2.0,0,1,1.00697,11,4,2,15.7857,3.0,0,Home Win,0
2019,2,1,0.56981,7,1,3,5.6842,6.0,0,0,1.85862,17,4,9,3.0513,3.0,0,Home Win,0
2019,2,3,1.87301,14,8,6,18.7778,0.0,0,0,0.770996,17,3,11,7.1667,0.0,0,Home Win,0
2019,2,1,2.45221,21,5,8,6.2258,2.0,0,2,1.21091,15,5,4,10.8462,3.0,0,Away Win,2
2019,2,1,1.23818,7,2,3,8.7917,6.0,1,1,2.38484,19,7,8,6.04,2.0,0,Draw,1
2019,2,2,1.36518,11,5,2,13.2105,4.0,1,2,3.55238,27,9,7,7.6538,4.0,0,Draw,1
2019,2,1,1.16664,9,4,7,13.4286,2.0,0,3,2.75706,15,6,3,7.1034,3.0,0,Away Win,2
2019,2,2,1.3483,17,5,10,7.75,0.0,0,1,0.206503,8,6,6,20.4118,1.0,0,Home Win,0
2019,2,5,4.87384,16,8,6,9.6667,1.0,0,1,0.510628,9,4,4,19.4286,2.0,1,Home Win,0
2019,2,1,1.01391,12,2,3,53.6667,2.0,0,1,2.1611,24,9,14,7.0,2.0,0,Draw,1
2019,2,3,2.81555,24,7,9,4.8444,5.0,0,2,1.18505,12,6,3,13.4118,1.0,0,Home Win,0
2019,2,0,0.580972,12,3,4,9.4118,2.0,0,2,0.78573,11,6,5,39.3333,2.0,0,Away Win,2
2019,2,2,0.885308,11,5,13,9.0417,2.0,0,1,1.25078,11,2,6,8.5385,4.0,0,Home Win,0
2019,2,0,1.21977,18,7,7,8.2692,2.0,0,1,2.15393,18,4,3,8.64,4.0,0,Away Win,2
2019,2,0,1.1429,20,2,7,14.65,4.0,0,0,1.57939,10,6,6,6.5714,3.0,0,Draw,1
2019,2,1,1.70002,18,5,4,11.1935,4.0,2,1,0.830763,13,2,6,16.0,1.0,0,Draw,1
2019,2,2,1.26806,15,4,3,16.0,2.0,0,1,0.652726,8,4,2,11.129,5.0,0,Home Win,0
2019,2,2,1.42647,11,3,5,9.3043,2.0,0,0,1.87624,19,4,11,13.4,3.0,0,Home Win,0
2019,2,1,2.13426,22,3,7,7.5,3.0,0,1,1.1389,6,2,1,21.7778,4.0,0,Draw,1
2019,2,0,1.3355,25,3,6,7.4,4.0,0,0,0.342665,8,1,3,13.5882,1.0,1,Draw,1
2019,2,1,1.66537,20,5,5,5.8571,4.0,0,3,2.38713,18,5,9,8.8696,3.0,0,Away Win,2
2019,2,0,0.537278,11,4,4,8.2727,3.0,2,7,5.34676,26,14,12,7.32,2.0,0,Away Win,2
2019,2,3,3.25786,12,5,5,6.0,2.0,0,0,0.460325,4,0,0,24.8667,3.0,1,Home Win,0
2019,2,2,2.71252,24,8,7,5.2778,2.0,0,2,1.51621,11,5,1,9.069,6.0,1,Draw,1
2019,2,2,2.17197,20,6,6,6.04,3.0,0,1,0.835919,3,1,3,13.2381,2.0,0,Home Win,0
2019,2,2,2.76598,20,8,8,11.125,3.0,0,2,2.208,16,4,7,7.5862,2.0,0,Draw,1
2019,2,3,2.91178,15,8,10,4.9583,1.0,0,0,0.913393,9,3,5,19.85,4.0,0,Home Win,0
2019,2,5,2.74294,15,8,5,10.6071,1.0,0,1,0.830374,14,4,2,12.8846,2.0,0,Home Win,0
2019,2,4,2.39622,18,10,5,8.7667,3.0,0,0,0.960359,15,3,3,8.1667,3.0,0,Home Win,0
2019,2,1,1.91753,26,5,9,4.8438,1.0,0,1,1.19585,7,4,3,9.4615,4.0,1,Draw,1
2019,2,2,1.72735,13,5,4,10.1429,4.0,0,4,1.62063,15,7,6,13.2143,3.0,0,Away Win,2
2019,2,4,2.42922,18,10,5,19.6,1.0,0,2,2.84695,18,9,11,5.4103,7.0,1,Home Win,0
2019,2,0,0.728686,16,1,3,19.4545,2.0,0,2,2.66609,18,8,2,11.1364,2.0,0,Away Win,2
2019,2,1,0.712227,8,5,4,10.3636,0.0,0,1,2.40665,25,7,9,4.6207,3.0,0,Draw,1
2019,2,1,0.427977,8,4,4,12.4348,2.0,0,2,1.76133,15,5,3,4.4815,2.0,0,Away Win,2
2019,2,1,1.23568,13,5,5,5.9231,3.0,0,0,0.958382,10,4,3,8.6923,6.0,0,Home Win,0
2019,2,4,1.71449,16,7,7,16.75,4.0,0,2,2.44935,17,2,6,10.6522,2.0,0,Home Win,0
2019,2,2,3.48129,25,7,10,6.5385,5.0,0,3,1.83334,15,10,4,22.25,3.0,0,Away Win,2
2019,2,0,0.71446,19,4,7,11.3478,4.0,0,1,1.66984,23,5,6,11.25,3.0,0,Away Win,2
2019,2,2,1.83686,20,8,6,7.28,2.0,1,3,1.28284,12,4,6,9.5,4.0,0,Away Win,2
2019,2,1,1.59421,11,3,1,13.2381,2.0,0,2,2.22596,22,9,6,9.0833,4.0,0,Away Win,2
2019,2,1,0.596273,6,2,2,9.0952,3.0,1,3,1.99284,15,5,3,7.119,5.0,0,Away Win,2
2019,2,2,1.69256,16,5,3,9.3462,2.0,0,1,1.08835,15,3,4,7.8571,3.0,0,Home Win,0
2019,2,2,1.59147,13,6,5,8.2593,1.0,0,1,0.298212,8,1,2,13.9524,5.0,0,Home Win,0
2019,2,0,0.573068,16,4,4,7.2414,3.0,2,3,1.71559,7,5,4,11.5909,5.0,0,Away Win,2
2019,2,0,0.287568,10,2,2,18.4762,3.0,0,1,1.11984,14,4,3,15.45,1.0,0,Away Win,2
2019,2,2,2.89308,27,9,16,5.2647,3.0,0,0,0.242874,5,2,2,19.625,2.0,1,Home Win,0
2019,2,2,1.58388,11,6,6,13.4762,5.0,0,1,0.639553,10,4,6,18.0,2.0,0,Home Win,0
2019,2,2,1.59786,12,4,4,12.4444,5.0,0,1,1.36497,22,5,8,7.125,3.0,0,Home Win,0
2019,2,1,1.22541,15,1,9,6.3333,3.0,0,0,0.255305,9,1,5,8.9167,3.0,0,Home Win,0
2019,2,1,2.02602,18,5,7,7.7027,5.0,1,5,3.03573,12,6,3,16.0,4.0,1,Away Win,2
2019,2,0,1.39228,16,3,5,4.8846,5.0,0,1,0.819298,7,5,3,12.7826,4.0,0,Away Win,2
2019,2,0,0.793817,17,5,9,10.0476,1.0,0,0,1.07514,9,5,6,6.0833,2.0,0,Draw,1
2019,2,4,3.17229,13,4,4,9.2051,4.0,0,1,2.51382,14,5,3,11.9,3.0,0,Home Win,0
2019,2,1,1.16709,15,3,7,7.1786,1.0,0,1,0.748993,7,2,5,21.2667,2.0,0,Draw,1
2019,2,1,1.28069,10,1,4,28.5294,3.0,0,2,1.42319,10,4,4,7.1905,3.0,0,Away Win,2
2019,2,1,2.00153,17,6,4,9.9259,1.0,1,1,0.763896,9,3,3,8.1905,3.0,0,Draw,1
2019,2,2,1.14807,13,6,6,10.6364,2.0,0,3,1.56379,12,7,1,16.4737,2.0,0,Away Win,2
2019,2,2,2.49624,18,4,5,4.5833,3.0,0,1,0.541736,7,2,1,14.4815,3.0,0,Home Win,0
2019,2,4,3.81118,26,11,6,19.0,1.0,0,0,0.580412,14,3,4,19.625,0.0,0,Home Win,0
2019,2,1,1.09171,12,5,3,9.7429,4.0,0,2,1.86761,20,6,4,8.8333,2.0,0,Away Win,2
2019,2,1,2.88923,20,8,5,9.5,1.0,0,1,0.220634,6,5,2,7.9286,2.0,0,Draw,1
2019,2,2,0.551934,9,4,1,14.0,1.0,1,1,1.18143,15,3,7,6.5263,6.0,1,Home Win,0
2019,2,3,1.09812,7,6,2,8.8261,4.0,0,4,2.61064,19,11,7,16.5294,5.0,0,Away Win,2
2019,2,2,1.2442,17,5,5,15.1818,1.0,0,0,0.437285,13,1,4,12.5357,3.0,1,Home Win,0
2019,2,2,1.24352,14,4,7,15.9375,1.0,0,0,1.6913,17,3,5,9.1429,4.0,0,Home Win,0
2019,2,2,0.337033,9,3,2,16.9048,2.0,0,7,5.40731,25,10,11,6.6,2.0,0,Away Win,2
2019,2,1,1.9503,23,4,7,7.3125,0.0,0,2,1.87123,11,3,5,23.5,0.0,1,Away Win,2
2019,2,2,2.15689,18,6,7,12.4286,1.0,0,1,0.824974,7,2,1,19.1304,3.0,0,Home Win,0
2019,2,0,1.38981,13,1,4,6.027,2.0,0,1,1.13444,9,3,5,10.1905,2.0,0,Away Win,2
2019,2,2,1.54204,13,6,2,12.44,4.0,0,1,1.71907,8,2,6,10.2692,3.0,0,Home Win,0
2019,2,3,2.12473,20,7,5,6.6429,3.0,0,0,0.469272,10,4,4,18.76,3.0,0,Home Win,0
2019,2,0,0.930884,14,2,6,13.4583,2.0,0,0,0.330345,9,4,9,14.3125,0.0,0,Draw,1
2019,2,3,2.25586,24,7,11,6.9667,2.0,0,2,0.661396,6,3,0,15.0625,2.0,0,Home Win,0
2019,2,0,0.577534,20,1,8,7.0294,1.0,0,2,1.78947,14,3,2,7.72,4.0,1,Away Win,2
2019,2,1,2.16709,21,5,7,6.2174,5.0,1,1,1.24254,6,3,2,6.5625,4.0,0,Draw,1
2019,2,1,2.07644,13,3,1,11.2,1.0,0,4,1.78629,16,7,3,10.84,2.0,0,Away Win,2
2019,2,3,3.29381,17,9,7,8.931,3.0,1,3,2.00772,12,4,6,8.9167,1.0,0,Draw,1
2019,2,1,1.25749,10,1,5,21.0,1.0,0,4,2.5353,17,11,4,9.3214,1.0,0,Away Win,2
2019,2,2,2.14034,24,9,10,16.3333,0.0,0,1,1.24278,15,9,8,24.6667,0.0,0,Home Win,0
2019,2,0,1.09631,11,3,1,6.7576,3.0,0,1,1.53512,15,4,9,17.0714,3.0,0,Away Win,2
2019,2,1,0.997023,6,3,1,22.1667,0.0,0,0,1.85678,16,3,16,7.6087,0.0,0,Home Win,0
2019,2,0,1.44987,11,4,8,10.9643,1.0,0,2,1.74552,12,8,4,11.3913,1.0,0,Away Win,2
2019,2,2,1.49842,10,4,1,15.0667,4.0,0,2,2.3274,17,7,8,8.3182,2.0,0,Draw,1
2019,2,4,1.63782,10,5,3,17.2667,3.0,0,2,1.20816,21,5,5,5.4643,0.0,0,Home Win,0
2019,2,4,4.35037,26,12,12,11.8889,1.0,0,0,0.31442,9,3,4,33.0,0.0,1,Home Win,0
2019,2,2,1.64791,12,4,7,7.3333,5.0,0,1,0.51901,10,4,1,15.0,2.0,1,Home Win,0
2019,2,2,2.25687,13,6,5,13.5263,2.0,0,0,0.601741,5,1,6,17.6818,2.0,0,Home Win,0
2019,2,3,1.95132,17,8,4,10.8636,0.0,0,1,0.530265,6,3,1,22.4762,3.0,0,Home Win,0
2019,2,1,1.00413,10,2,1,21.7692,3.0,1,2,2.45298,24,7,8,5.75,4.0,1,Away Win,2
2019,2,1,1.00506,17,5,13,6.7188,3.0,0,2,2.32825,12,3,4,6.0952,1.0,0,Away Win,2
2019,2,3,1.03467,20,9,12,4.5,2.0,0,3,1.32287,8,3,2,14.1667,2.0,0,Draw,1
2019,2,2,1.23073,8,4,0,30.5385,2.0,0,3,0.883203,13,12,10,7.64,2.0,0,Away Win,2
2019,2,2,1.06912,9,3,5,16.1905,1.0,0,0,0.663009,15,7,5,19.1176,1.0,0,Home Win,0
2019,2,1,0.821985,17,4,7,3.8438,3.0,0,1,0.80257,7,4,2,10.3182,2.0,0,Draw,1
2019,2,1,1.30578,13,5,8,8.7273,4.0,0,3,1.5301,10,7,3,10.0435,2.0,0,Away Win,2
2019,2,1,0.19977,4,2,2,14.84,5.0,0,3,0.793958,18,9,9,7.9118,1.0,0,Away Win,2
2019,2,3,1.52224,13,4,3,9.2609,2.0,0,2,1.2056,15,5,1,25.0,3.0,0,Home Win,0
2019,2,1,0.918632,5,1,2,13.125,1.0,0,2,0.899592,16,5,8,7.6364,3.0,0,Away Win,2
2019,2,2,0.624702,5,3,3,23.7,3.0,1,2,1.59634,39,9,17,6.5789,0.0,0,Draw,1
2019,2,0,0.722766,18,4,10,14.5714,3.0,1,2,1.949,13,3,7,23.9231,2.0,0,Away Win,2
2019,2,1,1.75314,15,6,9,14.0667,2.0,0,2,1.89408,13,4,5,17.2105,3.0,0,Away Win,2
2019,2,6,4.23395,21,9,4,5.9667,2.0,0,0,0.328274,8,1,4,26.0769,2.0,0,Home Win,0
2019,2,0,0.291705,8,2,5,19.4,1.0,0,3,2.32982,8,5,1,8.1563,1.0,0,Away Win,2
2019,2,2,2.34423,21,10,8,13.95,2.0,0,1,0.696395,9,3,1,22.5556,4.0,0,Home Win,0
2019,2,1,1.30598,9,3,3,8.7308,4.0,0,2,2.7301,10,6,0,13.35,6.0,0,Away Win,2
2019,2,3,1.1329,12,5,4,15.5625,1.0,0,0,1.27013,16,3,13,10.5909,1.0,0,Home Win,0
2019,2,4,1.82065,9,7,4,8.1429,3.0,0,2,2.04843,9,3,4,13.8276,4.0,0,Home Win,0
2019,2,2,0.852113,7,4,2,19.1765,3.0,0,2,1.22414,8,4,4,11.5,2.0,0,Draw,1
2019,2,2,1.11957,11,5,3,29.0,3.0,0,0,0.673728,16,6,11,5.6087,1.0,0,Home Win,0
2019,2,0,0.377188,7,0,6,27.0,3.0,1,1,3.08147,25,7,4,5.2432,2.0,0,Away Win,2
2019,2,1,2.71687,18,6,12,4.4815,3.0,1,2,1.07199,13,7,9,13.7778,3.0,1,Away Win,2
2019,2,4,1.76945,22,7,5,11.04,4.0,0,1,1.45566,18,6,8,9.2593,2.0,0,Home Win,0
2019,2,2,0.805912,12,6,7,6.8333,2.0,0,0,1.14999,13,3,9,9.8387,3.0,0,Home Win,0
2019,2,1,0.61304,10,1,7,13.0,3.0,0,2,0.629928,15,6,8,8.913,4.0,0,Away Win,2
2019,2,0,0.505289,14,5,6,7.8519,2.0,0,0,0.969869,13,6,3,14.5,2.0,0,Draw,1
2019,2,1,0.458319,8,3,6,20.4444,1.0,0,2,1.58643,20,9,8,13.3333,0.0,0,Away Win,2
2019,2,2,3.02321,15,3,3,23.5385,3.0,0,1,1.97214,22,10,14,13.3125,3.0,1,Home Win,0
2019,2,4,2.21519,13,9,2,13.7895,4.0,0,2,1.40733,14,4,6,12.0833,1.0,0,Home Win,0
2019,2,2,3.30265,25,8,9,5.8649,5.0,0,1,1.11414,8,1,3,20.1818,1.0,0,Home Win,0
2019,2,0,0.325928,13,2,9,14.0455,0.0,0,3,1.34662,8,3,1,14.9,0.0,0,Away Win,2
2019,2,3,1.88812,20,8,6,6.1935,1.0,0,1,1.43951,15,5,5,11.24,3.0,0,Home Win,0
2019,2,2,1.24167,8,2,0,10.9583,3.0,0,2,1.39814,17,6,5,6.963,2.0,0,Draw,1
2019,2,1,0.738916,11,4,10,10.4815,1.0,0,3,0.760265,16,7,7,13.85,4.0,0,Away Win,2
2019,2,2,1.36631,16,5,6,7.1842,1.0,0,2,0.632711,13,6,2,5.9231,1.0,0,Draw,1
2019,2,2,1.96716,16,7,7,25.375,2.0,0,2,1.28706,5,3,2,12.3704,4.0,1,Draw,1
2019,2,1,0.672886,10,1,1,16.2857,4.0,0,2,1.83016,18,3,5,9.2,2.0,0,Away Win,2
2019,2,2,1.79282,9,5,2,18.8824,3.0,0,2,0.699271,13,2,4,12.1481,2.0,0,Draw,1
2019,2,3,2.51678,24,10,9,6.0286,5.0,0,1,1.6953,11,3,2,11.32,3.0,0,Home Win,0
2019,2,2,2.81026,16,8,7,8.0,1.0,0,0,0.0436239,3,0,2,10.9167,2.0,0,Home Win,0
2019,2,1,1.60925,14,2,6,9.6,3.0,0,1,0.592972,7,3,8,6.1818,2.0,0,Draw,1
2019,2,0,1.42387,11,4,3,11.5769,1.0,0,3,3.13472,19,6,8,7.7727,2.0,0,Away Win,2
2019,2,0,1.42447,19,5,6,17.0,1.0,0,0,1.46065,21,8,7,21.0909,1.0,0,Draw,1
2019,2,0,1.0273,14,5,4,18.6,2.0,0,0,0.716385,16,2,5,14.1875,3.0,0,Draw,1
2019,2,6,2.44363,14,7,1,7.3333,0.0,0,2,0.867428,6,4,1,23.6111,0.0,0,Home Win,0
2019,2,3,1.4232,12,5,8,8.7143,2.0,0,0,1.06904,14,5,4,7.88,2.0,0,Home Win,0
2019,2,0,0.811137,12,0,0,15.6818,2.0,0,4,2.53043,16,6,7,9.6875,3.0,0,Away Win,2
2019,2,3,1.89854,22,11,3,10.9048,4.0,0,3,2.43394,21,5,9,12.2222,4.0,0,Draw,1
2019,2,3,1.60851,11,4,4,17.0588,0.0,0,0,0.50364,15,2,3,17.3333,2.0,0,Home Win,0
2019,2,2,2.6565,20,6,7,13.76,4.0,0,1,0.879748,7,1,6,9.7143,3.0,0,Home Win,0
2019,2,3,1.7686,27,7,7,8.7037,1.0,0,1,0.710977,12,3,6,16.3529,2.0,0,Home Win,0
2019,2,1,0.448154,10,2,6,15.5,3.0,0,3,2.58765,14,8,5,19.6,2.0,0,Away Win,2
2019,2,1,0.67381,13,1,8,9.4595,1.0,0,1,0.874604,9,3,4,19.1429,1.0,0,Draw,1
2019,2,1,0.387358,2,1,0,20.3636,4.0,1,1,0.716792,12,2,9,4.1613,2.0,0,Draw,1
2019,2,2,1.62366,17,3,7,12.7857,2.0,0,1,1.58437,15,6,4,10.9444,2.0,0,Home Win,0
2019,2,2,1.29061,17,4,4,19.9333,1.0,0,0,0.236748,7,0,1,5.7436,2.0,0,Home Win,0
2019,2,2,0.446679,10,3,3,14.6,2.0,0,1,1.69932,18,1,8,12.65,3.0,0,Home Win,0
2019,2,2,3.70839,19,8,4,12.0,3.0,0,1,1.18841,10,3,7,17.4375,1.0,0,Home Win,0
2019,2,5,3.1351,23,13,7,6.1628,2.0,0,1,0.530197,8,3,2,9.84,1.0,0,Home Win,0
2019,2,2,1.1326,24,9,2,11.6957,3.0,0,1,0.842771,4,3,3,23.0588,2.0,0,Home Win,0
2019,2,2,1.15169,17,5,4,10.7222,0.0,0,3,1.65447,20,4,6,9.1667,1.0,0,Away Win,2
2019,2,2,1.44189,7,3,8,18.0526,1.0,0,2,1.5285,8,3,5,12.0556,1.0,0,Draw,1
2019,2,1,1.43922,15,8,7,8.7619,2.0,0,1,1.75181,21,7,5,6.2258,2.0,0,Draw,1
2019,2,1,1.53325,19,7,6,7.275,4.0,0,0,0.420837,11,2,4,9.1,2.0,0,Home Win,0
2019,2,0,2.59401,19,6,11,4.7429,1.0,0,0,0.632994,8,3,2,27.6667,3.0,0,Draw,1
2019,2,2,1.46863,19,11,13,7.1429,3.0,0,1,0.774845,8,4,3,16.8824,1.0,0,Home Win,0
2019,2,3,2.53511,17,11,5,13.7778,2.0,0,1,0.9591,17,3,10,12.8889,1.0,0,Home Win,0
2019,2,2,2.01358,8,2,3,45.25,3.0,0,1,1.52569,19,4,3,7.1333,1.0,0,Home Win,0
2019,2,1,0.962991,16,6,5,14.3333,4.0,0,2,0.943266,8,5,0,15.0,2.0,0,Away Win,2
2019,2,1,1.18751,11,3,5,16.8947,3.0,1,2,2.68189,16,7,3,7.6053,4.0,0,Away Win,2
2019,2,1,0.511748,11,4,3,8.6774,1.0,0,6,1.78955,18,9,1,13.9474,0.0,0,Away Win,2
2019,2,1,1.0939,9,3,5,8.4286,4.0,0,1,1.49437,10,5,4,7.84,2.0,0,Draw,1
2019,2,2,1.25842,11,4,3,17.8947,2.0,0,1,0.646151,21,5,7,9.7037,2.0,0,Home Win,0
2019,2,3,2.68927,28,10,9,10.6,1.0,0,2,2.24736,24,9,6,25.4545,1.0,0,Home Win,0
2019,2,1,0.459668,10,2,3,10.1579,1.0,0,1,2.14411,16,4,7,7.5357,1.0,0,Draw,1
2019,2,0,0.396594,9,2,4,10.9,2.0,0,3,2.09129,12,4,6,9.4286,3.0,0,Away Win,2
2019,2,2,3.493,16,7,4,7.3929,4.0,0,0,1.0882,14,5,5,21.0,5.0,1,Home Win,0
2019,2,2,2.4361,21,8,7,16.75,1.0,0,0,0.636029,7,2,4,11.875,3.0,0,Home Win,0
2019,2,2,2.9313,22,6,8,7.1667,1.0,0,1,0.706479,10,1,3,17.4118,4.0,0,Home Win,0
2019,2,1,0.376682,7,1,0,11.1176,2.0,0,1,1.55546,20,6,10,9.4231,3.0,0,Draw,1
2019,2,1,1.78131,17,4,8,9.35,2.0,0,5,2.26539,13,6,5,17.0833,2.0,0,Away Win,2
2019,2,0,1.21989,16,6,4,14.15,2.0,0,1,0.988006,15,6,8,11.2632,1.0,0,Away Win,2
2019,2,1,1.6946,12,7,5,12.3077,4.0,0,2,1.83818,14,6,3,10.4211,0.0,0,Away Win,2
2019,2,2,1.06185,11,5,1,16.0,2.0,0,0,1.26452,34,10,9,8.087,1.0,0,Home Win,0
2019,2,2,0.592135,8,6,3,21.3571,4.0,0,0,1.16883,18,2,9,17.3125,1.0,0,Home Win,0
2019,2,4,2.38995,14,7,3,17.2222,2.0,0,0,1.30437,12,2,5,14.7647,1.0,0,Home Win,0
2019,2,3,2.03906,17,10,7,12.2381,1.0,0,0,0.737187,14,5,1,16.3077,1.0,0,Home Win,0
2019,2,1,1.5542,10,3,5,16.75,1.0,0,2,1.93484,13,7,5,10.2917,4.0,0,Away Win,2
2019,2,2,0.968279,9,4,4,18.1333,2.0,0,3,2.42302,15,6,8,9.027,3.0,0,Away Win,2
2019,2,5,3.04916,18,8,2,11.4091,1.0,0,0,1.10579,13,2,3,27.2143,1.0,0,Home Win,0
2019,2,1,2.45481,19,6,4,13.9565,1.0,0,4,3.08989,20,9,6,11.85,1.0,0,Away Win,2
2019,2,1,1.56236,14,4,3,11.2727,2.0,0,2,1.14053,14,4,3,9.8,1.0,0,Away Win,2
2019,2,2,3.90847,29,13,5,7.8,1.0,0,0,0.785251,13,2,6,20.2,2.0,0,Home Win,0
2019,2,0,1.01735,13,1,7,7.5405,2.0,0,2,1.15739,11,3,1,12.96,3.0,0,Away Win,2
2019,2,1,0.861493,8,4,3,19.3846,1.0,0,3,2.24878,28,11,10,16.7059,1.0,0,Away Win,2
2019,2,0,0.997909,23,10,6,8.2222,1.0,0,1,2.14872,12,2,7,18.6667,1.0,0,Away Win,2
2019,2,3,1.92539,13,6,2,12.9545,3.0,0,1,1.0997,8,3,2,24.6923,2.0,0,Home Win,0
2019,2,1,1.33815,19,5,7,9.125,3.0,0,1,1.4627,15,9,3,10.1667,3.0,0,Draw,1
2019,2,3,3.3169,15,5,7,8.0,1.0,0,0,0.228383,5,1,6,24.7143,3.0,0,Home Win,0
2019,2,1,1.66164,16,4,5,11.7,1.0,0,1,1.94751,18,5,4,10.3636,4.0,1,Draw,1
2019,2,3,0.895278,4,4,4,20.8333,4.0,2,0,0.982261,18,1,9,9.0625,0.0,1,Home Win,0
2019,2,1,1.04247,11,3,6,9.5,1.0,0,3,1.93545,12,6,5,19.1579,4.0,0,Away Win,2
2019,2,3,2.63165,16,7,5,15.2174,0.0,0,4,3.54088,19,10,4,19.9231,2.0,0,Away Win,2
2020,5,0,0.600075,5,1,2,24.4615,2.0,1,0,0.187821,6,1,3,13.0,3.0,0,Draw,1
2020,5,0,0.739709,9,1,3,22.0,0.0,0,1,2.02214,12,4,9,24.125,0.0,0,Away Win,2
2020,5,1,0.400974,5,1,4,16.5,0.0,1,1,1.29518,16,3,2,23.0714,1.0,1,Draw,1
2020,5,3,3.07214,10,7,6,7.1714,3.0,0,1,0.326826,7,1,1,17.4,2.0,0,Home Win,0
2020,5,2,2.67622,22,5,8,3.7879,1.0,0,2,1.83257,9,3,1,21.1905,3.0,0,Draw,1
2020,5,2,0.180464,4,2,1,7.2667,2.0,0,1,3.03614,17,4,7,12.4138,3.0,0,Home Win,0
2020,5,4,2.14597,12,5,4,8.2069,2.0,0,0,0.468011,10,3,4,6.0667,3.0,1,Home Win,0
2020,5,0,0.511549,12,2,5,8.3226,1.0,0,2,2.28529,7,7,7,7.9744,3.0,0,Away Win,2
2020,5,2,2.12594,19,4,10,6.3438,2.0,0,3,1.32391,7,4,2,14.3333,4.0,0,Away Win,2
2020,5,1,1.71747,7,3,4,15.3714,2.0,0,0,0.344198,8,1,2,4.875,2.0,0,Home Win,0
2020,5,4,3.97148,27,12,13,6.0,3.0,0,1,0.215658,6,2,2,28.6,3.0,0,Home Win,0
2020,5,0,0.626118,14,4,10,8.7407,0.0,0,1,0.189291,3,2,1,10.3704,5.0,1,Away Win,2
2020,5,2,2.15547,8,5,4,16.7059,3.0,2,1,0.874864,17,9,8,5.9583,2.0,0,Home Win,0
2020,5,0,0.206627,4,0,1,10.8125,4.0,0,1,0.906784,10,3,2,16.3913,1.0,0,Away Win,2
2020,5,2,1.78715,16,7,2,5.1071,3.0,1,1,0.491784,11,3,1,13.2667,2.0,1,Home Win,0
2020,5,2,1.39361,13,5,2,9.125,2.0,0,0,0.2149,6,1,5,6.6977,1.0,0,Home Win,0
2020,5,0,0.227899,6,0,3,16.28,2.0,0,2,1.20894,3,2,1,12.7619,6.0,0,Away Win,2
2020,1,0,0.126327,5,2,2,32.6923,2.0,0,3,2.16287,13,6,3,21.9286,2.0,0,Away Win,2
2020,1,1,1.39569,5,3,7,17.3333,2.0,0,0,1.26267,9,5,3,3.6087,1.0,0,Home Win,0
2020,1,0,0.648582,12,0,3,10.92,1.0,0,1,1.23996,13,7,4,8.7222,2.0,0,Away Win,2
2020,1,2,3.34385,28,9,16,8.2353,0.0,0,0,0.601768,11,4,2,22.2857,2.0,0,Home Win,0
2020,1,4,3.15412,22,6,9,9.9355,1.0,0,3,0.269813,6,3,0,9.3333,0.0,0,Home Win,0
2020,1,0,0.861445,15,3,8,6.4074,2.0,0,2,1.65911,15,2,7,24.1818,2.0,0,Away Win,2
2020,1,0,0.352997,7,1,2,19.1053,1.0,0,3,2.95581,13,7,5,10.5294,1.0,0,Away Win,2
2020,1,0,0.822944,9,5,5,11.3333,1.0,0,1,1.26793,15,4,3,16.2632,0.0,0,Away Win,2
2020,1,0,0.949316,9,2,12,8.2333,2.0,0,2,1.61307,11,4,5,31.3333,1.0,0,Away Win,2
2020,1,1,1.44281,13,3,4,9.3448,1.0,0,3,1.27062,10,5,3,12.6957,0.0,0,Away Win,2
2020,1,5,4.16254,17,7,11,9.0952,1.0,0,2,0.315347,6,4,1,41.5,0.0,1,Home Win,0
2020,1,4,1.45254,10,7,5,7.6176,1.0,0,3,1.55503,14,6,3,9.4231,2.0,0,Home Win,0
2020,1,1,1.09737,17,4,9,3.3077,2.0,0,3,1.91456,14,5,3,13.5909,1.0,0,Away Win,2
2020,1,2,1.32902,7,3,7,12.7647,0.0,0,1,2.06377,14,3,5,18.2609,1.0,0,Home Win,0
2020,1,2,2.27708,14,7,3,8.6667,4.0,0,5,2.28004,9,6,2,10.7826,3.0,0,Away Win,2
2020,1,0,0.520678,6,0,7,11.9524,3.0,0,3,1.8766,13,6,1,10.8421,0.0,1,Away Win,2
2020,1,0,0.904183,5,3,1,37.6364,0.0,1,2,2.25211,18,6,11,11.4375,0.0,0,Away Win,2
2020,1,4,0.987365,14,6,15,7.4706,1.0,0,2,1.52404,16,5,4,16.0952,2.0,0,Home Win,0
2020,1,1,0.80527,18,2,10,4.45,3.0,0,0,0.849709,4,1,4,17.6429,1.0,1,Home Win,0
2020,1,1,0.727677,10,1,4,30.7143,0.0,0,3,2.07651,14,9,6,7.6,3.0,0,Away Win,2
2020,1,2,2.97659,18,5,7,6.6389,4.0,0,3,1.57583,7,3,1,11.125,2.0,0,Away Win,2
2020,1,1,0.443115,8,1,7,12.0345,3.0,0,2,2.27189,10,5,6,7.3043,1.0,0,Away Win,2
2020,1,3,0.911185,9,3,3,40.8182,1.0,0,3,2.36046,22,10,9,4.52,3.0,0,Draw,1
2020,1,0,0.347136,9,2,8,8.2143,1.0,0,1,0.706632,5,1,2,13.75,0.0,0,Away Win,2
2020,1,0,1.53278,15,5,5,11.5517,2.0,0,1,1.46641,17,9,7,8.9412,1.0,0,Away Win,2
2020,1,1,3.18765,23,12,10,9.6842,1.0,0,1,0.942726,6,1,4,35.7,4.0,0,Draw,1
2020,1,2,1.44633,16,5,3,5.3333,1.0,0,5,2.86721,7,7,4,25.0833,3.0,0,Away Win,2
2020,1,4,3.05703,15,7,1,21.7647,0.0,0,0,0.385152,11,2,3,8.1852,1.0,0,Home Win,0
2020,1,0,0.534675,16,3,5,5.9583,6.0,0,3,2.03222,12,5,3,9.303,3.0,0,Away Win,2
2020,1,3,2.73834,21,8,7,8.8276,2.0,0,1,1.17817,4,3,3,35.8571,2.0,0,Home Win,0
2020,2,1,2.35462,16,5,4,9.4706,3.0,0,0,0.617878,6,3,1,6.8571,1.0,0,Home Win,0
2020,2,0,0.910773,8,3,0,8.4242,2.0,0,0,1.77959,21,4,6,5.0625,0.0,0,Draw,1
2020,2,0,0.160985,6,2,4,19.4211,4.0,0,2,1.54079,17,6,2,12.1739,1.0,0,Away Win,2
2020,2,4,2.23283,14,6,6,8.9375,4.0,0,1,1.32278,13,3,4,9.4242,2.0,0,Home Win,0
2020,2,1,2.0285,33,9,7,9.2632,1.0,0,1,0.95973,8,4,3,18.6364,3.0,0,Draw,1
2020,2,3,2.14288,20,8,6,6.7931,1.0,0,0,0.606523,15,1,4,21.65,1.0,0,Home Win,0
2020,2,2,2.94224,17,5,7,9.2609,3.0,0,0,0.825483,13,4,4,13.5,5.0,1,Home Win,0
2020,2,2,0.773914,7,4,2,11.72,1.0,0,4,2.47087,19,7,6,10.8,2.0,0,Away Win,2
2020,2,0,0.91566,9,2,3,11.1481,1.0,0,2,1.99417,16,6,6,13.85,1.0,0,Away Win,2
2020,2,2,1.36058,9,3,6,14.4286,3.0,0,3,1.27481,14,5,4,8.3125,1.0,0,Away Win,2
2020,2,4,1.69563,20,7,5,5.2162,1.0,0,3,2.25332,10,4,1,24.2143,1.0,0,Home Win,0
2020,2,1,1.29116,12,5,3,27.9375,2.0,0,4,2.6497,17,6,5,7.2593,1.0,0,Away Win,2
2020,2,6,2.34102,18,9,4,12.84,1.0,0,0,0.265594,6,0,2,37.9167,2.0,0,Home Win,0
2020,2,1,1.35384,13,2,1,5.8056,1.0,0,0,2.14756,22,5,9,7.2963,0.0,0,Home Win,0
2020,2,0,0.107055,5,0,2,9.3793,1.0,0,2,2.43073,16,6,5,9.7308,3.0,0,Away Win,2
2020,2,2,2.81817,11,5,5,13.3793,2.0,0,2,1.90728,8,3,7,9.24,3.0,1,Draw,1
2020,2,4,2.04715,12,8,8,7.3571,1.0,0,1,1.2448,9,3,9,10.5714,2.0,1,Home Win,0
2020,2,2,1.2507,11,6,5,21.35,1.0,0,5,4.53244,18,8,1,7.32,0.0,0,Away Win,2
2020,2,0,1.86648,13,3,2,14.1304,0.0,0,2,0.812849,4,2,2,12.9444,5.0,1,Away Win,2
2020,2,1,1.80375,14,6,7,8.069,7.0,0,4,1.89667,10,6,3,16.913,2.0,0,Away Win,2
2020,4,0,0.344008,8,1,3,4.4074,4.0,1,0,0.783653,6,3,3,5.2273,4.0,0,Draw,1
2020,4,2,0.545144,4,2,1,17.9375,3.0,0,0,0.483337,9,2,2,6.8182,4.0,0,Home Win,0
2020,4,0,0.600934,12,3,6,6.6667,2.0,0,2,0.633286,6,4,2,6.7407,2.0,0,Away Win,2
2020,4,0,1.17642,7,2,6,8.56,3.0,0,1,0.341233,11,4,4,9.9444,3.0,0,Away Win,2
2020,4,1,0.858211,8,3,5,10.2857,4.0,0,1,0.31178,8,2,3,6.0526,1.0,0,Draw,1
2020,4,3,2.66084,9,5,6,11.52,0.0,0,0,0.351113,6,1,3,31.1333,0.0,0,Home Win,0
2020,4,2,1.86359,14,4,8,8.2667,1.0,0,0,0.0930356,1,0,1,12.1875,1.0,0,Home Win,0
2020,4,1,2.01913,15,4,6,5.6207,1.0,0,1,0.556003,8,2,6,13.2381,1.0,0,Draw,1
2020,4,4,1.72531,14,8,3,14.5,1.0,0,2,2.37179,19,8,4,9.9091,3.0,0,Home Win,0
2020,4,1,0.702715,7,1,4,6.1667,4.0,0,0,0.486466,10,3,1,12.5,2.0,0,Home Win,0
2020,4,2,2.99286,14,8,4,7.6316,1.0,0,1,1.112,12,4,3,8.931,1.0,0,Home Win,0
2020,4,2,2.33534,23,6,6,9.4091,3.0,0,1,0.456643,9,3,6,8.8214,1.0,0,Home Win,0
2020,4,0,0.223846,4,0,2,3.6786,3.0,0,2,1.50522,6,4,1,12.0,3.0,0,Away Win,2
2020,4,1,0.642423,7,4,1,15.0,1.0,0,1,1.16962,14,6,8,7.7407,3.0,0,Draw,1
2020,4,2,1.95263,13,8,4,10.0909,2.0,0,0,0.612799,11,5,1,34.0,1.0,0,Home Win,0
2020,4,2,2.45453,10,3,4,5.6087,0.0,0,1,0.77021,5,3,4,12.1875,3.0,0,Home Win,0
2020,4,0,0.718119,6,1,1,13.2414,2.0,0,0,0.769069,16,4,11,7.0,2.0,0,Draw,1
2020,4,2,1.76775,16,6,5,6.8333,3.0,0,0,0.290702,9,2,3,9.0357,0.0,0,Home Win,0
2020,4,0,0.867165,9,0,1,6.4348,2.0,0,0,1.31111,11,4,5,8.6923,2.0,0,Draw,1
2020,4,6,3.60448,17,10,1,6.9286,3.0,0,1,1.30515,11,6,1,9.9,1.0,0,Home Win,0
2020,4,4,3.50735,17,9,8,14.9524,0.0,0,0,0.244835,5,1,4,19.15,1.0,0,Home Win,0
2020,4,2,1.41465,15,5,8,15.6818,5.0,1,3,3.86499,11,4,3,10.25,2.0,0,Away Win,2
2020,4,1,0.325316,7,1,5,5.8889,1.0,0,2,0.505645,9,5,4,7.3889,0.0,0,Away Win,2
2020,4,1,1.0983,12,5,6,31.3125,4.0,0,3,2.2102,14,5,5,3.4348,2.0,0,Away Win,2
2020,4,1,0.724471,8,4,3,9.8696,2.0,0,3,2.99435,11,5,7,6.0,0.0,0,Away Win,2
2020,4,1,0.306092,5,2,4,11.6316,0.0,0,1,1.10618,17,4,4,4.8293,1.0,0,Draw,1
2020,4,1,1.52483,10,4,4,4.075,3.0,0,1,1.08307,5,1,1,6.5769,4.0,0,Draw,1
2020,4,0,1.23661,5,2,2,23.6364,3.0,0,3,3.3738,27,7,11,7.6207,1.0,0,Away Win,2
2020,4,0,0.545027,13,4,5,4.4,3.0,0,1,0.263675,3,1,2,11.5714,5.0,2,Away Win,2
2020,4,0,0.568201,10,3,3,7.6486,5.0,0,3,0.931689,7,4,7,11.2778,5.0,1,Away Win,2
2020,4,0,1.06052,12,4,3,4.0,2.0,0,1,0.378171,5,2,2,12.8,2.0,0,Away Win,2
2020,4,3,0.908069,8,4,1,13.8438,4.0,0,0,0.442837,10,2,4,3.5769,4.0,1,Home Win,0
2020,4,0,0.631932,9,3,5,15.4286,1.0,0,0,1.79241,16,2,7,8.9091,0.0,0,Draw,1
2020,4,1,2.64599,15,5,4,11.2143,2.0,0,0,0.540187,11,5,7,17.7368,1.0,0,Home Win,0
2020,4,0,0.589249,11,3,9,7.1905,1.0,0,1,0.836796,9,5,3,11.3333,5.0,0,Away Win,2
2020,4,1,1.04729,16,2,2,6.5,5.0,0,0,0.375244,3,1,4,13.08,2.0,0,Home Win,0
2020,4,3,2.65908,10,6,2,7.4667,0.0,0,1,0.618672,8,3,0,10.8788,2.0,0,Home Win,0
2020,3,8,4.62088,21,12,9,6.3438,1.0,0,0,0.14975,5,1,2,25.3333,2.0,0,Home Win,0
2020,3,1,2.46928,18,6,14,6.7692,2.0,0,1,0.618787,13,4,3,12.44,2.0,0,Draw,1
2020,3,1,1.04515,15,3,8,13.2222,2.0,0,3,1.42046,9,5,1,21.25,0.0,0,Away Win,2
2020,3,2,2.40801,13,6,1,11.913,0.0,0,3,2.9032,13,7,6,11.5417,0.0,0,Away Win,2
2020,3,1,0.495892,16,6,7,12.0909,2.0,0,4,2.05406,13,6,4,4.7941,0.0,0,Away Win,2
2020,3,2,2.15741,26,7,7,7.619,2.0,0,3,2.07011,7,6,2,12.1111,2.0,0,Away Win,2
2020,3,3,1.70398,10,4,1,28.7692,1.0,0,0,0.510293,8,2,3,12.1,1.0,0,Home Win,0
2020,3,3,3.22891,23,10,7,6.1852,1.0,0,1,1.07201,9,1,5,29.5882,2.0,0,Home Win,0
2020,3,0,1.27652,9,1,4,11.6452,1.0,0,0,0.441229,7,3,4,11.875,2.0,0,Draw,1
2020,3,1,1.55994,12,6,4,13.4375,3.0,0,3,1.62111,11,3,3,15.8,4.0,0,Away Win,2
2020,3,1,1.04484,12,2,3,11.2609,2.0,1,4,2.9689,15,7,9,9.8846,4.0,1,Away Win,2
2020,3,2,1.44779,6,4,3,27.9412,3.0,0,0,1.5267,18,6,11,5.0455,4.0,0,Home Win,0
2020,3,1,0.163242,7,2,4,10.9583,3.0,0,0,1.3741,12,2,7,13.0952,3.0,0,Home Win,0
2020,3,1,1.47627,14,6,7,11.0526,1.0,0,1,0.771461,14,2,5,14.1786,2.0,0,Draw,1
2020,3,1,0.91247,11,4,4,6.7742,1.0,0,1,1.20453,7,2,1,12.4828,3.0,0,Draw,1
2020,3,1,1.67597,17,4,8,3.9545,7.0,1,3,3.10437,17,7,3,9.4688,2.0,0,Away Win,2
2020,3,4,2.52339,17,8,3,13.1154,3.0,0,1,1.17311,16,4,5,5.8235,2.0,0,Home Win,0
2020,3,1,0.92465,19,7,9,7.8333,0.0,0,1,0.413442,8,2,1,11.1739,3.0,0,Draw,1
2020,5,0,0.231132,5,0,4,15.875,2.0,0,0,1.79726,20,3,5,5.1538,3.0,0,Draw,1
2020,5,3,1.69934,20,13,8,11.68,0.0,0,1,0.376694,9,1,9,7.2632,2.0,0,Home Win,0
2020,5,2,1.76107,10,4,6,9.8,1.0,0,0,1.30205,14,6,3,9.087,3.0,0,Home Win,0
2020,5,1,0.814528,17,7,8,6.0294,4.0,0,0,0.736721,5,1,3,13.087,4.0,0,Home Win,0
2020,5,2,0.919743,6,3,4,6.9091,4.0,0,3,1.98746,12,6,2,7.1481,3.0,1,Away Win,2
2020,5,0,0.296281,7,3,5,11.4286,2.0,1,2,2.19687,19,5,7,9.9655,0.0,0,Away Win,2
2020,5,1,2.14867,20,7,1,15.1111,4.0,1,0,0.324767,7,2,2,18.0526,2.0,1,Home Win,0
2020,5,2,1.00844,16,9,8,9.5357,2.0,0,4,2.0941,10,6,4,12.1053,6.0,0,Away Win,2
2020,5,2,2.27042,18,5,9,9.0667,3.0,0,1,1.10894,7,2,4,17.0,1.0,0,Home Win,0
2020,5,0,2.22184,14,4,4,4.375,6.0,3,1,0.502817,5,2,2,12.375,8.0,2,Away Win,2
2020,5,2,1.75168,10,3,4,11.0909,3.0,1,1,2.17049,19,7,11,8.7407,2.0,1,Home Win,0
2020,5,1,2.42357,20,8,8,6.9412,3.0,1,0,0.980849,7,1,2,36.3,2.0,0,Home Win,0
2020,5,0,2.65376,13,2,7,8.7692,2.0,0,2,1.02937,12,5,6,10.1724,2.0,0,Away Win,2
2020,5,0,1.62529,15,3,9,2.9118,3.0,0,0,0.714832,10,3,2,13.52,2.0,0,Draw,1
2020,5,2,3.02331,19,5,7,10.0,5.0,0,1,0.359182,7,3,0,11.7586,5.0,1,Home Win,0
2020,5,2,0.857476,14,3,9,13.8,1.0,0,1,0.816922,14,2,10,20.5263,2.0,0,Home Win,0
2020,5,0,0.930504,14,5,4,25.1538,1.0,0,3,3.32755,14,6,7,15.125,2.0,0,Away Win,2
2020,5,1,2.38097,17,6,8,13.45,1.0,0,0,0.487834,5,2,2,20.1765,1.0,0,Home Win,0
2020,5,2,1.71276,14,4,8,4.7647,1.0,0,1,1.18244,10,4,5,14.25,4.0,1,Home Win,0
2020,5,4,1.94396,14,9,6,17.95,4.0,0,1,0.772287,14,3,3,17.1667,3.0,0,Home Win,0
2020,5,3,1.21203,14,6,4,6.0811,2.0,0,2,1.49951,9,4,6,15.0526,1.0,0,Home Win,0
2020,5,2,1.33579,15,3,4,8.0,2.0,0,2,1.03738,6,4,2,10.55,2.0,0,Draw,1
2020,5,1,0.865098,11,2,5,8.1154,3.0,0,1,1.49471,14,7,4,11.4615,3.0,0,Draw,1
2020,5,2,2.09387,12,4,4,8.0,0.0,0,0,0.660348,12,7,7,10.1034,2.0,0,Home Win,0
2020,5,0,0.200419,6,4,6,18.3889,1.0,0,3,1.37167,10,6,4,11.4815,1.0,0,Away Win,2
2020,5,1,0.864412,17,3,5,5.3158,0.0,0,1,1.10713,14,3,5,18.9474,2.0,0,Draw,1
2020,5,0,1.17944,18,5,7,17.7143,1.0,0,0,0.645309,13,2,7,10.2581,1.0,0,Draw,1
2020,5,2,1.60909,15,6,6,9.6667,4.0,0,2,2.31217,14,5,13,8.8421,1.0,0,Draw,1
2020,5,3,1.11753,12,5,6,8.5,3.0,0,2,2.36408,14,6,1,7.75,2.0,0,Home Win,0
2020,5,3,1.56306,11,5,6,9.087,3.0,2,2,1.40652,11,5,2,16.1,1.0,0,Home Win,0
2020,5,1,0.370624,13,4,5,12.5,0.0,0,1,1.37195,15,6,7,10.5909,3.0,0,Draw,1
2020,5,1,0.299841,4,2,1,17.95,2.0,0,1,0.818784,19,6,5,12.3333,0.0,0,Draw,1
2020,5,0,0.208814,8,3,3,26.7692,2.0,0,2,3.93633,21,7,7,11.2,2.0,0,Away Win,2
2020,1,2,0.667131,6,5,2,13.9167,0.0,0,1,0.144994,6,2,4,19.3478,1.0,0,Home Win,0
2020,1,7,3.07626,18,11,2,14.6,2.0,0,2,1.65705,14,8,7,4.76,1.0,0,Home Win,0
2020,1,4,2.51433,17,6,8,4.4516,2.0,0,0,0.103249,4,0,5,25.8824,0.0,0,Home Win,0
2020,1,4,2.34034,11,6,3,9.0606,0.0,0,2,1.16568,11,3,10,9.1667,1.0,0,Home Win,0
2020,1,1,2.56662,12,7,7,7.8333,2.0,0,1,1.41533,23,2,10,11.375,1.0,0,Draw,1
2020,1,0,0.456022,4,0,6,7.3182,2.0,0,3,2.03227,14,6,4,34.1818,2.0,0,Away Win,2
2020,1,1,0.873435,5,2,2,19.875,2.0,1,6,3.3017,22,8,4,6.6765,1.0,0,Away Win,2
2020,1,3,1.95629,10,5,3,20.75,2.0,0,1,0.438849,7,3,4,9.4167,3.0,0,Home Win,0
2020,1,2,0.949079,13,7,5,5.0938,2.0,0,0,0.161283,5,2,1,15.8421,1.0,0,Home Win,0
2020,1,1,0.89359,14,5,6,14.5909,1.0,0,0,0.969393,10,2,2,21.2143,1.0,0,Home Win,0
2020,1,3,1.98708,11,5,6,10.913,1.0,0,3,1.42348,13,6,2,14.6087,1.0,0,Draw,1
2020,1,1,0.761169,1,1,2,13.5909,3.0,0,1,1.0935,20,3,5,6.3913,2.0,1,Draw,1
2020,1,2,1.35998,11,5,2,14.1,3.0,1,2,2.49492,22,8,5,8.72,2.0,0,Draw,1
2020,1,0,1.08332,13,2,8,5.5,2.0,0,1,0.618191,7,3,3,12.0,1.0,0,Away Win,2
2020,1,0,0.671595,11,5,2,8.75,4.0,0,1,0.873776,10,4,7,9.2174,3.0,0,Away Win,2
2020,1,1,1.43023,13,5,6,13.5217,4.0,0,0,0.838322,11,3,6,20.3529,1.0,0,Home Win,0
2020,1,1,0.867496,7,4,0,12.1429,1.0,0,4,2.21729,28,14,7,6.0588,1.0,0,Away Win,2
2020,1,1,1.66363,10,6,2,15.1739,0.0,0,1,1.35611,15,6,5,12.7059,2.0,0,Draw,1
2020,1,3,1.77602,11,6,3,12.3,0.0,0,3,1.49992,13,4,7,18.0588,5.0,0,Draw,1
2020,1,0,0.731692,13,6,8,8.25,2.0,0,0,1.08532,9,4,2,13.3158,2.0,0,Draw,1
2020,1,0,0.73944,12,4,9,11.0,3.0,0,1,0.736172,6,2,3,26.2143,5.0,0,Away Win,2
2020,1,0,1.50125,12,4,6,13.2353,2.0,0,3,2.37695,27,9,5,3.6471,2.0,0,Away Win,2
2020,1,1,0.546807,5,3,6,10.7083,2.0,0,1,0.295654,9,3,2,14.4211,0.0,0,Draw,1
2020,1,0,0.95045,13,4,4,14.8696,2.0,0,1,0.797344,9,3,5,9.7778,0.0,0,Away Win,2
2020,1,1,1.05258,16,3,4,6.2414,0.0,1,2,2.81049,14,10,4,21.5333,1.0,0,Away Win,2
2020,1,2,2.40286,17,5,7,14.1667,0.0,0,1,1.39788,13,2,3,19.65,3.0,0,Home Win,0
2020,1,0,0.648427,14,4,9,22.0588,3.0,0,0,0.219906,6,1,6,14.6818,1.0,0,Draw,1
2020,1,2,0.74151,12,6,4,13.875,1.0,0,0,0.287054,6,2,5,11.6857,2.0,1,Home Win,0
2020,1,1,0.263739,6,2,2,20.3,2.0,0,1,0.892456,14,7,10,13.0833,0.0,0,Draw,1
2020,1,1,0.758626,16,3,2,10.1923,0.0,0,1,0.253685,5,2,3,31.3077,1.0,0,Draw,1
2020,1,3,2.44855,19,10,11,7.0,1.0,0,4,1.00333,9,4,1,7.4545,2.0,0,Away Win,2
2020,1,0,0.407341,5,0,3,16.9231,1.0,0,3,1.23077,14,9,4,8.9565,0.0,0,Away Win,2
2020,1,2,1.62247,13,6,5,12.4783,3.0,0,0,0.482685,10,1,2,5.0541,2.0,0,Home Win,0
2020,1,1,1.74822,11,4,10,6.7391,1.0,0,4,3.07657,10,8,3,36.9,1.0,0,Away Win,2
2020,1,2,1.56302,9,5,1,6.913,0.0,0,1,0.269048,4,3,2,35.3846,1.0,0,Home Win,0
2020,1,0,0.394113,8,2,6,17.6471,3.0,0,1,0.998072,7,2,3,11.8519,3.0,0,Away Win,2
2020,1,2,2.6311,11,4,5,34.25,2.0,0,1,1.21805,15,4,4,8.7917,4.0,0,Home Win,0
2020,1,0,0.687544,4,1,2,18.7083,0.0,0,1,1.89643,16,8,5,15.6667,0.0,0,Away Win,2
2020,1,2,1.97236,9,3,4,9.5667,2.0,0,1,0.324457,6,2,5,14.7857,1.0,0,Home Win,0
2020,1,2,1.34895,15,5,7,13.8519,0.0,0,0,0.802767,11,2,6,16.7143,2.0,1,Home Win,0
2020,1,0,1.39037,13,2,3,11.2667,0.0,0,3,1.98553,15,6,8,13.7917,0.0,0,Away Win,2
2020,1,0,1.59022,19,3,5,10.0455,1.0,0,0,0.326933,4,1,3,13.85,0.0,0,Draw,1
2020,1,4,2.87622,20,9,6,14.5,0.0,0,1,0.743967,6,3,7,29.375,2.0,0,Home Win,0
2020,1,4,1.30169,10,6,3,20.7059,0.0,0,1,0.847913,9,3,6,4.1081,2.0,0,Home Win,0
2020,1,1,0.376464,7,1,5,12.7,4.0,0,3,1.59642,13,5,2,12.2692,2.0,0,Away Win,2
2020,1,1,2.0545,10,3,6,14.8,2.0,0,0,0.57936,7,2,3,26.1,3.0,0,Home Win,0
2020,1,1,1.58487,7,2,1,11.1154,3.0,0,1,1.18789,10,3,2,30.25,1.0,0,Draw,1
2020,1,2,0.985828,15,8,8,5.6857,1.0,0,0,0.175633,4,2,3,16.75,2.0,0,Home Win,0
2020,1,0,0.799352,12,2,9,16.4375,1.0,0,1,1.87063,19,5,6,7.4737,0.0,0,Away Win,2
2020,1,1,1.42614,16,7,9,11.1,2.0,0,0,1.84922,13,3,5,37.875,2.0,0,Home Win,0
2020,1,1,1.76514,15,4,12,18.3571,2.0,0,2,1.50038,7,3,3,12.2353,1.0,1,Away Win,2
2020,1,1,1.75343,10,4,4,11.5909,2.0,0,0,1.28331,15,5,7,16.0,0.0,0,Home Win,0
2020,1,2,1.87028,14,6,2,10.5926,2.0,0,3,2.2508,9,7,5,13.619,0.0,0,Away Win,2
2020,1,0,1.9617,25,4,5,6.8846,3.0,0,0,0.710778,9,2,3,15.6,0.0,1,Draw,1
2020,1,3,3.77245,24,13,10,8.2759,0.0,0,0,1.98397,11,4,3,18.0952,2.0,0,Home Win,0
2020,1,1,2.42994,17,7,8,7.6207,1.0,0,0,0.438646,7,2,2,10.8,1.0,0,Home Win,0
2020,1,0,0.368286,8,1,7,29.5333,2.0,0,2,1.81923,14,3,4,7.2941,0.0,0,Away Win,2
2020,1,0,0.692374,9,5,2,14.5,0.0,0,1,2.1142,15,3,6,14.9412,0.0,0,Away Win,2
2020,1,2,0.761142,4,2,0,14.75,2.0,0,0,1.66325,22,5,10,6.56,2.0,0,Home Win,0
2020,1,1,1.57479,20,9,7,12.4074,2.0,0,1,1.0785,7,2,4,12.3684,0.0,0,Draw,1
2020,1,1,1.1185,13,2,8,8.0357,3.0,0,2,2.0069,11,5,4,17.6429,4.0,0,Away Win,2
2020,1,2,0.571633,6,2,3,12.5652,1.0,0,1,2.39051,16,6,7,13.0909,1.0,0,Home Win,0
2020,1,1,1.71644,17,6,14,9.5789,2.0,0,0,3.36544,22,6,9,13.2,3.0,0,Home Win,0
2020,1,1,2.30722,11,3,4,12.5652,2.0,0,1,0.28109,6,2,3,9.4091,1.0,0,Draw,1
2020,1,0,0.974755,13,3,3,9.875,4.0,0,0,0.22689,5,1,3,32.3333,2.0,0,Draw,1
2020,1,0,0.534893,12,3,7,16.9091,2.0,0,2,1.27929,14,7,3,7.4722,2.0,0,Away Win,2
2020,1,0,1.29229,15,8,4,16.3684,1.0,0,1,3.11324,23,7,2,6.4063,2.0,0,Away Win,2
2020,1,1,1.27814,16,3,6,5.6667,0.0,0,2,2.03719,10,5,5,17.4545,2.0,0,Away Win,2
2020,1,5,2.26129,19,6,6,8.4375,0.0,0,0,0.419877,9,1,4,32.0,0.0,0,Home Win,0
2020,1,2,0.498783,10,5,5,10.6296,1.0,0,3,2.47547,15,6,9,11.9643,0.0,0,Away Win,2
2020,1,2,2.6026,14,5,5,7.9167,0.0,0,0,0.400364,7,1,4,16.0952,3.0,0,Home Win,0
2020,1,1,2.03376,12,4,4,9.3636,3.0,0,2,1.34801,10,3,3,6.0645,3.0,0,Away Win,2
2020,1,1,0.730434,8,3,8,16.3913,0.0,0,1,2.28139,13,6,4,7.5,0.0,0,Draw,1
2020,1,3,4.89472,23,10,8,9.5806,0.0,0,1,1.0277,8,3,4,9.1818,2.0,0,Home Win,0
2020,1,4,1.59454,11,6,4,17.8462,1.0,0,0,0.357753,9,3,6,20.6667,1.0,0,Home Win,0
2020,1,2,3.26328,16,6,9,6.4,0.0,0,0,0.287444,6,1,3,25.05,0.0,0,Home Win,0
2020,1,1,0.290743,4,1,6,17.4286,1.0,0,2,1.3904,13,4,5,5.55,3.0,0,Away Win,2
2020,1,2,0.390629,6,3,3,19.75,1.0,0,0,0.595216,11,2,9,5.1,2.0,0,Home Win,0
2020,1,1,0.567234,9,4,4,15.2353,2.0,1,5,1.68656,18,6,6,12.28,2.0,0,Away Win,2
2020,1,1,2.53006,19,6,5,17.4783,0.0,0,3,1.78708,15,6,4,13.25,0.0,0,Away Win,2
2020,1,1,1.84443,16,5,4,10.7,1.0,0,1,1.40792,14,6,7,10.7222,1.0,0,Draw,1
2020,1,1,1.2216,9,4,6,18.75,2.0,0,0,1.00627,10,3,6,4.12,3.0,0,Home Win,0
2020,1,1,1.72509,10,5,6,32.4167,3.0,0,1,1.82445,12,6,8,6.2143,1.0,0,Draw,1
2020,1,1,1.56644,13,7,5,5.4167,1.0,0,2,1.7851,19,8,6,25.1538,2.0,0,Away Win,2
2020,1,0,0.591617,11,2,4,16.0455,1.0,0,0,1.28434,9,2,3,18.5263,1.0,0,Draw,1
2020,1,2,0.904163,12,7,4,25.4,2.0,0,1,0.57319,13,3,3,11.5,3.0,0,Home Win,0
2020,1,3,2.27973,16,6,8,5.2222,0.0,0,0,0.219115,3,0,4,13.2143,1.0,0,Home Win,0
2020,1,0,1.1356,16,7,5,8.3,2.0,0,1,1.26872,13,2,8,5.7857,5.0,0,Away Win,2
2020,1,3,1.64351,15,6,9,13.0526,2.0,0,0,0.791673,12,4,5,9.3929,1.0,0,Home Win,0
2020,1,0,1.85362,18,6,13,9.5,2.0,1,1,0.815375,10,2,4,14.85,1.0,0,Away Win,2
2020,1,1,0.661135,9,4,2,17.1,1.0,1,1,1.11296,13,3,7,9.4091,3.0,0,Draw,1
2020,1,0,1.81142,27,7,11,5.2857,1.0,0,0,0.316737,6,4,1,5.7742,1.0,0,Draw,1
2020,1,0,1.00448,9,4,1,11.3636,1.0,0,0,0.462456,9,4,8,7.5185,0.0,0,Draw,1
2020,1,5,2.95137,25,10,7,4.2083,3.0,0,2,1.44437,10,4,4,15.6875,1.0,0,Home Win,0
2020,1,0,0.83883,14,2,4,6.9643,2.0,0,2,1.51486,11,6,6,26.6923,3.0,0,Away Win,2
2020,1,2,1.23525,12,6,6,10.7586,3.0,0,3,1.78667,14,8,3,10.4286,2.0,0,Away Win,2
2020,1,1,0.449469,9,2,5,12.1875,0.0,0,1,1.09108,8,2,3,10.6667,1.0,1,Draw,1
2020,1,2,0.683783,12,4,5,19.6923,2.0,0,1,1.56772,13,3,6,7.8276,2.0,0,Home Win,0
2020,1,2,1.21783,17,11,7,7.3529,0.0,0,1,1.5161,8,2,4,18.0476,2.0,0,Home Win,0
2020,1,1,2.58593,26,7,13,6.9286,2.0,0,1,0.210243,5,1,2,35.0,3.0,0,Draw,1
2020,1,1,2.90097,21,5,14,7.6,1.0,0,1,1.03713,5,3,2,24.1818,5.0,1,Draw,1
2020,1,2,1.20465,10,4,1,14.0556,2.0,0,1,1.45722,15,3,7,4.55,1.0,0,Home Win,0
2020,1,3,2.41157,11,7,5,13.1053,0.0,0,0,0.277737,6,0,4,16.1579,0.0,0,Home Win,0
2020,1,0,0.489318,5,3,5,22.7619,1.0,0,7,2.86902,14,8,4,7.25,0.0,0,Away Win,2
2020,1,2,0.661744,9,2,4,31.3,1.0,0,1,1.25206,13,2,3,13.4706,3.0,0,Home Win,0
2020,1,6,4.77743,26,14,11,15.7222,1.0,0,2,1.63467,17,3,13,11.6667,0.0,0,Home Win,0
2020,1,1,1.26725,12,5,2,14.5263,1.0,0,1,1.10645,11,4,9,16.9375,2.0,1,Draw,1
2020,1,0,0.586972,9,3,6,12.1429,2.0,0,1,1.15599,11,5,6,13.0833,2.0,0,Away Win,2
2020,1,0,0.945932,8,3,5,9.4762,2.0,0,2,1.74772,17,4,3,11.7826,2.0,0,Away Win,2
2020,1,0,0.0388442,1,1,1,14.3158,1.0,1,3,2.61964,19,10,7,8.3529,2.0,0,Away Win,2
2020,1,3,1.94485,15,7,7,16.125,2.0,0,1,2.25414,19,3,9,8.7778,1.0,0,Home Win,0
2020,1,3,4.58214,21,10,4,9.84,1.0,1,0,0.849086,13,6,4,7.5714,4.0,0,Home Win,0
2020,1,0,0.781855,10,1,6,8.6154,2.0,0,0,0.119709,3,2,3,4.5143,0.0,0,Draw,1
2020,1,1,2.13271,11,4,4,10.2143,0.0,0,0,1.54591,14,6,12,11.9545,3.0,0,Home Win,0
2020,1,2,1.0396,10,2,5,10.3333,2.0,0,2,2.08423,9,4,0,9.2581,1.0,0,Draw,1
2020,1,1,1.45485,17,2,8,3.2609,0.0,0,1,0.739845,5,3,3,39.0,1.0,0,Draw,1
2020,1,2,3.19575,11,6,7,13.7,2.0,0,0,0.200953,7,2,3,27.3889,2.0,0,Home Win,0
2020,1,0,1.25106,10,2,6,10.7667,2.0,0,1,0.568803,7,3,3,11.1667,4.0,0,Away Win,2
2020,1,2,1.38877,11,4,5,18.5,0.0,0,2,1.50551,13,4,4,10.4211,0.0,0,Draw,1
2020,1,1,0.742598,11,6,9,6.6341,4.0,0,1,0.408109,6,3,2,16.7222,1.0,0,Draw,1
2020,1,0,0.799368,13,2,5,22.0,2.0,0,1,1.31394,11,3,4,20.9286,0.0,0,Away Win,2
2020,1,1,1.53701,16,5,11,5.1429,3.0,0,1,0.730859,10,2,4,16.9474,1.0,0,Draw,1
2020,1,1,0.973831,5,3,3,12.4,1.0,0,0,0.492578,7,3,5,8.2105,2.0,0,Home Win,0
2020,1,0,0.670996,8,3,4,7.8947,3.0,0,0,1.07246,9,3,3,16.8947,1.0,0,Draw,1
2020,1,1,3.14372,15,6,6,8.3226,1.0,0,1,1.05329,15,4,5,9.3438,2.0,0,Draw,1
2020,1,0,0.43551,4,1,3,34.4286,0.0,0,5,1.54225,14,6,10,7.1875,1.0,0,Away Win,2
2020,1,0,0.817935,8,2,5,26.8667,2.0,0,0,1.32047,11,4,12,5.05,3.0,0,Draw,1
2020,1,1,1.48207,11,3,2,10.9565,1.0,0,0,0.411046,9,5,2,26.3636,1.0,0,Home Win,0
2020,1,1,1.04664,3,2,0,27.0,2.0,0,3,1.23218,16,7,10,10.1765,1.0,0,Away Win,2
2020,1,1,0.321348,4,1,2,23.375,0.0,0,1,1.72132,17,3,5,5.52,1.0,0,Draw,1
2020,1,0,0.371045,10,2,5,11.2222,2.0,0,1,1.19713,11,5,4,17.4,0.0,0,Away Win,2
2020,1,2,2.46473,19,9,5,7.6071,4.0,0,1,1.56434,15,5,10,10.7,0.0,0,Home Win,0
2020,1,1,0.264584,7,2,3,13.5217,0.0,0,2,0.702081,9,3,6,6.3103,2.0,0,Away Win,2
2020,1,1,0.500436,7,3,1,19.3684,1.0,0,0,1.37204,17,1,10,5.9677,3.0,0,Home Win,0
2020,1,3,2.5286,20,7,3,12.1667,2.0,1,0,1.15626,18,5,5,5.3462,1.0,0,Home Win,0
2020,1,0,0.869874,7,3,3,16.7391,1.0,0,4,4.03429,21,12,5,16.1,2.0,0,Away Win,2
2020,1,3,2.4228,13,4,5,7.2,2.0,0,3,1.81856,11,4,8,24.6429,1.0,0,Draw,1
2020,1,1,1.20642,8,3,5,10.56,1.0,0,1,0.594471,8,3,5,12.8571,1.0,0,Draw,1
2020,1,1,0.691013,9,2,5,13.52,3.0,0,3,3.18063,18,6,3,13.4,1.0,0,Away Win,2
2020,1,2,0.598888,9,4,3,12.5417,1.0,0,0,0.323158,7,2,6,6.6786,3.0,0,Home Win,0
2020,1,0,0.368554,11,4,7,5.9333,1.0,0,0,0.709634,12,2,3,23.875,1.0,0,Draw,1
2020,1,0,0.439681,8,1,5,6.3421,3.0,0,2,1.72011,9,3,8,10.8,2.0,0,Away Win,2
2020,1,1,0.753669,12,5,2,17.7895,3.0,0,2,1.68401,15,5,8,7.3333,1.0,0,Away Win,2
2020,1,3,1.84753,11,7,2,6.7241,1.0,0,0,1.47981,13,5,4,6.4643,2.0,0,Home Win,0
2020,1,2,1.1449,8,6,6,18.0455,1.0,0,0,0.615727,9,5,3,8.5455,3.0,0,Home Win,0
2020,1,1,2.01315,17,4,5,8.0,2.0,0,0,1.04745,7,3,2,24.0,3.0,1,Home Win,0
2020,1,2,2.17512,14,6,3,13.9231,0.0,0,1,0.464091,6,2,1,16.4706,1.0,0,Home Win,0
2020,1,1,0.852495,13,3,6,15.0952,2.0,0,2,0.323445,5,3,5,18.4444,2.0,0,Away Win,2
2020,1,0,1.64907,27,6,12,8.7143,2.0,0,1,1.08059,6,4,0,28.9091,1.0,0,Away Win,2
2020,1,1,2.90855,16,6,8,10.9,0.0,0,0,0.177084,5,1,4,17.619,2.0,0,Home Win,0
2020,1,3,2.30744,20,6,7,9.0,0.0,0,0,0.168796,4,1,2,27.8571,0.0,0,Home Win,0
2020,1,0,0.558976,13,2,9,16.5,2.0,0,0,0.975408,15,5,1,14.9048,0.0,0,Draw,1
2020,1,0,0.46126,10,3,1,20.1905,2.0,1,1,1.37939,21,6,12,6.5833,3.0,0,Away Win,2
2020,1,0,0.245193,7,2,5,8.125,1.0,0,1,1.14424,7,2,2,17.35,1.0,0,Away Win,2
2020,1,2,2.12019,16,5,2,9.8214,2.0,0,0,0.378147,8,3,5,9.5217,2.0,0,Home Win,0
2020,1,0,1.20205,17,3,7,5.4286,2.0,0,0,1.18929,8,4,3,19.2632,1.0,0,Draw,1
2020,1,4,0.961088,13,6,11,5.1667,0.0,0,0,0.0515836,2,0,1,82.2,0.0,0,Home Win,0
2020,1,1,0.978133,15,5,5,12.8214,4.0,0,3,1.28385,14,5,7,10.3889,0.0,0,Away Win,2
2020,1,1,1.73397,15,4,7,9.619,2.0,0,0,0.395668,10,2,4,9.1579,1.0,0,Home Win,0
2020,1,2,1.94358,23,6,11,6.7647,2.0,0,3,2.46332,12,5,0,17.1111,1.0,0,Away Win,2
2020,1,0,2.29129,16,5,10,6.8529,2.0,0,0,0.513226,10,3,0,8.5556,1.0,0,Draw,1
2020,1,3,0.717681,10,5,2,8.0667,1.0,0,2,2.70718,18,10,4,12.125,0.0,0,Home Win,0
2020,1,1,0.474981,8,2,5,24.3571,1.0,0,1,0.792045,18,5,11,6.24,1.0,0,Draw,1
2020,1,1,0.9931,16,4,7,5.6842,1.0,0,2,0.689548,5,3,2,17.1154,1.0,0,Away Win,2
2020,1,0,0.568258,4,1,3,27.0,2.0,0,5,2.24838,18,7,8,7.8667,0.0,0,Away Win,2
2020,1,0,0.663324,14,5,13,4.2813,1.0,0,0,0.63192,4,0,1,79.3333,1.0,0,Draw,1
2020,1,1,1.1364,22,5,9,10.25,1.0,0,2,0.785914,9,2,5,5.3077,3.0,0,Away Win,2
2020,1,1,0.99504,13,5,4,6.68,1.0,0,3,2.4339,9,5,5,16.3,2.0,0,Away Win,2
2020,1,1,0.104586,3,2,1,14.8095,1.0,0,3,2.58798,14,7,2,14.56,2.0,0,Away Win,2
2020,1,2,0.629033,6,3,3,11.6,0.0,0,3,3.30321,17,7,4,14.5789,0.0,0,Away Win,2
2020,1,0,0.747166,17,3,4,18.6875,1.0,0,0,1.51332,14,3,7,11.55,3.0,0,Draw,1
2020,1,1,1.77386,16,5,9,9.4516,2.0,0,0,0.372524,8,4,2,12.125,1.0,0,Home Win,0
2020,1,2,1.4405,19,8,4,6.35,0.0,0,0,0.390714,1,0,2,17.087,1.0,0,Home Win,0
2020,1,1,1.36877,11,2,1,19.5,1.0,0,0,0.450907,6,4,6,18.7059,2.0,0,Home Win,0
2020,1,1,0.883061,8,2,6,42.0,2.0,0,3,2.05809,14,5,5,12.2941,0.0,0,Away Win,2
2020,1,2,0.994664,5,3,2,14.5,1.0,0,2,1.52044,12,7,3,8.7647,0.0,0,Draw,1
2020,1,0,2.22557,20,5,7,9.0625,1.0,0,1,0.795508,8,4,1,10.5385,0.0,0,Away Win,2
2020,1,1,1.53116,10,5,10,10.2667,0.0,0,0,0.154537,4,1,0,35.4167,3.0,0,Home Win,0
2020,1,1,1.73432,18,8,6,8.1786,0.0,0,3,1.8141,8,7,4,7.2333,3.0,0,Away Win,2
2020,1,0,0.966012,11,3,7,6.7,3.0,0,2,2.08832,13,3,12,28.1818,4.0,0,Away Win,2
2020,1,1,0.741154,9,2,7,7.7273,1.0,0,3,1.79064,20,10,3,17.2667,1.0,0,Away Win,2
2020,1,0,0.0489155,2,0,1,31.2143,2.0,0,2,2.12153,13,6,3,11.9231,1.0,0,Away Win,2
2020,1,0,0.731288,8,1,5,7.6667,3.0,0,2,1.71299,9,5,2,19.0,1.0,0,Away Win,2
2020,1,1,1.14303,16,7,7,5.6129,2.0,0,2,1.91539,10,6,1,14.55,3.0,0,Away Win,2
2020,1,2,1.35804,14,6,9,5.0,2.0,0,1,1.61871,8,4,2,17.8235,1.0,0,Home Win,0
2020,1,2,1.56162,11,7,9,25.2308,3.0,0,1,0.716265,9,3,6,15.3182,2.0,2,Home Win,0
2020,1,9,5.0325,24,14,5,4.5556,2.0,0,0,0.507893,3,1,3,14.5,3.0,2,Home Win,0
2020,1,1,1.90755,21,5,9,9.4762,1.0,0,2,0.809312,6,3,1,21.0,3.0,0,Away Win,2
2020,1,0,0.569446,7,2,2,12.3448,2.0,0,1,2.393,18,2,7,9.2069,3.0,0,Away Win,2
2020,1,0,1.09518,11,1,6,10.7143,1.0,0,1,1.18977,13,4,3,29.0833,0.0,0,Away Win,2
2020,1,1,1.19792,12,8,3,20.6,3.0,0,0,0.679649,14,3,7,6.1364,2.0,0,Home Win,0
2020,1,1,1.88934,20,7,8,18.0,2.0,0,1,0.612682,10,2,7,12.7222,0.0,0,Draw,1
2020,1,0,1.60884,20,2,7,10.875,1.0,0,0,0.943539,8,1,3,23.4,2.0,1,Draw,1
2020,1,2,2.64769,17,7,5,6.8696,0.0,0,0,0.370278,8,3,3,37.6923,2.0,0,Home Win,0
2020,1,1,1.17728,8,3,6,10.8667,2.0,0,4,3.55196,8,5,1,20.6316,1.0,0,Away Win,2
2020,1,3,1.71769,14,5,5,10.6667,2.0,0,3,1.5571,6,3,1,35.1,1.0,0,Draw,1
2020,1,3,0.910553,6,4,0,18.0,2.0,1,2,1.43445,14,5,7,2.8846,1.0,0,Home Win,0
2020,1,1,0.623045,8,3,1,19.6957,1.0,0,2,1.64144,9,3,8,10.6429,0.0,0,Away Win,2
2020,1,2,1.92997,13,6,8,7.6818,1.0,0,0,0.698686,4,1,0,24.3571,2.0,0,Home Win,0
2020,1,0,1.35506,13,1,8,14.8261,1.0,0,0,0.632232,13,3,2,7.4706,3.0,0,Draw,1
2020,1,4,2.50614,13,5,4,13.0909,0.0,0,2,0.77074,9,5,5,9.875,2.0,0,Home Win,0
2020,1,0,2.33232,26,9,9,8.7273,2.0,0,0,0.144036,4,1,2,16.3333,3.0,0,Draw,1
2020,1,2,2.5428,18,5,10,6.4091,0.0,0,0,0.432603,10,4,5,10.5455,0.0,0,Home Win,0
2020,1,0,0.645616,13,3,7,5.7586,0.0,0,3,1.95502,16,4,4,7.8,0.0,0,Away Win,2
2020,1,0,0.314075,7,2,5,13.1364,1.0,0,2,2.55085,12,3,4,11.7667,1.0,0,Away Win,2
2020,1,3,2.07383,11,6,2,13.4783,1.0,0,1,1.68325,15,4,12,7.5667,2.0,0,Home Win,0
2020,1,3,2.46219,15,6,4,9.5484,1.0,0,0,0.4235,7,3,2,19.65,3.0,0,Home Win,0
2020,1,1,0.8536,7,3,4,11.5238,2.0,0,2,1.09361,10,4,6,15.3684,2.0,0,Away Win,2
2020,1,1,0.945964,7,3,4,25.5833,5.0,0,1,0.423885,10,7,5,7.9286,0.0,0,Draw,1
2020,1,3,2.32735,13,9,7,17.5714,0.0,0,0,0.926652,8,5,7,14.4706,2.0,0,Home Win,0
2020,1,0,0.331188,7,1,1,16.7778,2.0,0,1,2.08868,15,3,3,16.5263,2.0,0,Away Win,2
2020,1,1,1.7084,11,2,7,13.8235,2.0,0,2,1.23852,16,7,8,9.04,1.0,0,Away Win,2
2020,1,1,2.59204,25,5,13,5.6957,2.0,0,2,0.179886,3,2,0,38.7,0.0,0,Away Win,2
2020,1,0,0.535153,6,1,5,4.44,3.0,0,0,1.71922,10,3,5,19.0,0.0,1,Draw,1
2020,1,1,1.21006,15,6,6,9.5333,1.0,0,0,0.977747,4,2,4,10.2813,2.0,0,Home Win,0
2020,1,0,1.54046,15,6,7,6.5,2.0,0,2,2.01468,9,6,2,21.0556,1.0,0,Away Win,2
2020,1,3,1.7256,15,7,6,6.3889,1.0,0,1,0.341778,10,6,4,22.3529,2.0,0,Home Win,0
2020,1,1,0.496603,4,1,3,16.9286,1.0,0,1,1.44849,9,3,6,4.1714,1.0,0,Draw,1
2020,1,2,1.09246,4,4,5,11.5,4.0,0,1,0.770706,20,4,7,6.1765,3.0,0,Home Win,0
2020,1,1,0.592049,15,5,7,9.8519,1.0,0,0,2.4793,18,7,9,7.7368,0.0,0,Home Win,0
2020,1,0,1.17294,18,6,3,8.7308,1.0,0,0,0.35954,11,4,4,10.2353,2.0,0,Draw,1
2020,1,1,1.42054,7,1,4,10.1852,0.0,0,0,0.665743,9,1,10,8.0323,2.0,0,Home Win,0
2020,1,0,0.0880148,3,0,1,9.6364,1.0,0,0,0.813134,16,4,3,6.8667,1.0,0,Draw,1
2020,1,1,1.9519,19,7,3,5.9706,2.0,0,1,1.27827,14,4,5,12.8235,0.0,0,Draw,1
2020,1,2,0.760574,10,3,4,11.95,1.0,0,1,1.92892,9,3,2,22.125,1.0,0,Home Win,0
2020,1,1,0.533575,8,3,2,10.96,2.0,0,3,2.1065,11,4,7,24.4,1.0,0,Away Win,2
2020,1,0,1.00106,13,3,7,4.45,3.0,0,1,0.876255,9,4,5,11.4,2.0,0,Away Win,2
2020,1,1,0.687091,6,2,7,14.2727,0.0,0,0,3.12111,15,6,4,3.8,0.0,0,Home Win,0
2020,1,4,2.35788,16,7,3,21.3636,0.0,0,0,0.603212,10,3,4,12.3529,0.0,0,Home Win,0
2020,1,0,0.777149,8,2,4,18.8421,0.0,0,2,2.80551,16,8,3,12.8,0.0,0,Away Win,2
2020,1,0,0.956392,9,1,5,9.08,1.0,0,0,2.15087,11,3,3,12.6667,0.0,0,Draw,1
2020,1,1,0.75471,7,2,6,11.7813,0.0,0,2,1.03801,8,4,6,7.5,1.0,0,Away Win,2
2020,1,1,1.10374,9,5,2,31.0909,1.0,0,1,2.53692,15,3,4,11.0556,1.0,0,Draw,1
2020,1,2,2.57224,19,9,7,9.125,0.0,0,0,0.270757,7,1,3,18.1923,3.0,0,Home Win,0
2020,1,0,0.701764,16,3,9,10.0,2.0,0,1,1.37047,10,3,4,20.5882,3.0,0,Away Win,2
2020,1,0,1.27561,23,6,6,8.1538,0.0,0,2,2.11411,8,6,2,24.8571,3.0,0,Away Win,2
2020,1,0,0.908155,8,2,7,7.7931,4.0,0,2,2.37386,15,7,3,7.25,3.0,0,Away Win,2
2020,1,4,2.24159,12,5,1,5.8056,2.0,0,1,0.559383,5,1,5,14.5,3.0,0,Home Win,0
2020,1,0,1.46503,13,3,9,9.8947,0.0,0,0,0.454577,9,5,7,8.3333,0.0,0,Draw,1
2020,1,2,2.37556,16,5,6,14.3478,1.0,0,0,1.34971,17,2,6,6.4091,1.0,0,Home Win,0
2020,1,2,1.56529,13,3,6,9.7813,1.0,0,1,0.705566,6,3,3,14.1,2.0,1,Home Win,0
2020,1,1,1.30694,6,4,3,9.1818,3.0,0,0,0.513439,12,1,2,5.3793,1.0,0,Home Win,0
2020,1,1,1.69849,14,4,7,7.2222,0.0,0,2,0.74852,14,5,4,20.7333,4.0,0,Away Win,2
2020,1,0,0.449499,3,0,4,10.1515,0.0,0,3,2.72578,8,7,2,8.625,0.0,0,Away Win,2
2020,1,0,0.382957,7,4,8,10.3571,3.0,0,0,0.971054,15,8,5,7.96,0.0,0,Draw,1
2020,1,5,4.54571,19,10,9,6.1154,0.0,0,0,0.0934777,1,0,1,22.5,2.0,0,Home Win,0
2020,1,1,1.70128,15,4,6,9.8696,4.0,0,0,0.463737,7,0,3,19.9375,0.0,0,Home Win,0
2020,1,1,0.873171,12,3,2,6.7857,2.0,0,1,0.748665,15,6,2,7.5238,3.0,0,Draw,1
2020,1,1,1.03495,9,4,4,16.1111,0.0,0,2,0.895967,8,6,5,7.8788,0.0,0,Away Win,2
2020,1,0,1.29175,10,5,3,6.9697,2.0,0,1,1.0552,12,4,2,12.3478,1.0,0,Away Win,2
2020,1,3,0.951921,11,6,3,7.6333,0.0,0,0,0.100945,3,1,1,26.6316,1.0,0,Home Win,0
2020,1,1,1.26793,12,7,5,18.8333,0.0,0,1,1.24109,15,4,8,9.5,2.0,0,Draw,1
2020,1,0,0.742397,8,2,4,16.4737,1.0,0,0,0.584016,11,1,6,10.7368,0.0,0,Draw,1
2020,1,1,1.47498,13,6,13,7.6,2.0,0,2,1.40706,13,4,7,4.7647,2.0,0,Away Win,2
2020,1,0,0.247034,7,1,5,11.9688,0.0,0,1,1.22635,11,5,2,12.5333,0.0,0,Away Win,2
2020,1,4,3.26196,22,10,10,7.0714,0.0,0,1,0.318824,6,1,2,34.7692,1.0,0,Home Win,0
2020,1,1,0.716254,9,2,2,14.6087,1.0,1,0,1.44176,16,4,7,14.3333,0.0,0,Home Win,0
2020,1,2,1.28824,12,3,5,7.2069,2.0,0,1,1.06134,10,5,5,18.8,1.0,0,Home Win,0
2020,1,0,1.02038,11,3,3,16.5789,3.0,0,1,1.40789,11,3,3,11.8095,1.0,0,Away Win,2
2020,1,3,2.50629,15,5,3,14.45,3.0,0,3,1.35217,16,7,5,12.2308,1.0,0,Draw,1
2020,1,0,0.161161,3,2,1,19.5217,1.0,0,3,2.43732,16,7,2,7.5,1.0,0,Away Win,2
2020,1,3,1.52229,14,4,4,7.1667,1.0,0,1,1.52172,15,7,4,10.0,2.0,0,Home Win,0
2020,1,2,2.55917,18,8,10,6.1852,1.0,1,5,1.38315,14,7,3,15.5238,1.0,0,Away Win,2
2020,1,1,2.53386,15,7,3,12.5,2.0,0,1,0.603749,13,6,4,14.8235,0.0,0,Draw,1
2020,1,2,2.50597,23,8,5,11.3158,1.0,0,1,0.867652,9,1,7,9.1852,2.0,0,Home Win,0
2020,1,0,0.284781,5,2,1,21.0,2.0,0,2,1.98438,11,4,1,8.4054,3.0,0,Away Win,2
2020,1,2,1.73474,15,7,5,9.3929,2.0,0,1,1.41071,5,3,6,12.8571,2.0,0,Home Win,0
2020,1,2,3.30098,22,6,7,15.6,3.0,0,2,2.43683,11,5,3,8.1,2.0,0,Draw,1
2020,1,3,2.40272,24,9,6,7.8125,0.0,0,2,1.50285,7,5,7,10.1905,0.0,0,Home Win,0
2020,1,2,1.95649,20,5,4,7.55,1.0,0,3,1.59694,9,6,2,20.0526,4.0,0,Away Win,2
2020,1,0,1.16465,23,3,10,8.5,1.0,0,0,0.306287,8,1,3,19.7857,2.0,0,Draw,1
2020,1,1,1.84262,24,4,13,9.1111,1.0,0,2,1.34279,10,5,3,14.1538,0.0,0,Away Win,2
2020,1,1,0.602167,1,1,0,22.25,1.0,0,4,3.85472,23,10,8,8.4667,0.0,0,Away Win,2
2020,1,0,0.733154,14,3,3,11.64,0.0,0,1,0.428134,7,3,4,20.6154,0.0,0,Away Win,2
2020,1,2,2.14592,23,10,7,5.6522,2.0,0,1,0.760621,9,5,0,10.0968,4.0,0,Home Win,0
2020,1,1,1.98825,29,7,9,4.963,3.0,0,2,0.17525,2,2,3,12.7222,1.0,1,Away Win,2
2020,1,0,0.315121,7,2,2,21.9412,1.0,0,3,1.93838,14,5,4,22.9231,1.0,0,Away Win,2
2020,1,1,0.921801,12,3,7,8.4333,1.0,0,3,2.09737,12,7,5,8.0303,5.0,0,Away Win,2
2020,1,3,2.77089,15,6,5,7.6667,0.0,0,0,1.5002,14,4,10,5.0,1.0,0,Home Win,0
2020,1,3,1.02408,4,4,1,25.2143,3.0,0,2,1.17188,15,4,9,6.8387,3.0,0,Home Win,0
2020,1,1,2.85573,18,5,11,6.9167,0.0,0,1,0.839128,3,1,1,16.6,3.0,0,Draw,1
2020,1,1,0.801733,8,3,1,25.1429,0.0,1,2,1.5634,13,3,11,15.0,1.0,1,Away Win,2
2020,1,0,0.807348,7,4,0,12.4706,2.0,0,0,0.459568,11,2,3,15.1212,0.0,1,Draw,1
2020,1,2,2.26022,18,7,6,10.6957,1.0,0,2,1.4815,12,3,3,15.6111,1.0,0,Draw,1
2020,1,1,2.59719,12,5,10,9.2222,2.0,0,1,1.60043,17,7,8,12.1429,1.0,0,Draw,1
2020,1,3,2.6712,17,7,7,4.75,0.0,0,0,0.277126,3,1,3,20.3684,2.0,0,Home Win,0
2020,1,3,2.87455,17,9,8,9.75,1.0,0,1,0.959804,10,3,3,13.8182,2.0,0,Home Win,0
2020,1,3,2.4314,16,8,3,19.0625,2.0,0,2,2.06741,16,6,8,9.6875,0.0,1,Home Win,0
2020,1,3,1.58872,13,6,12,5.5652,2.0,0,1,1.32586,11,4,8,12.3103,3.0,0,Home Win,0
2020,1,1,1.22604,10,5,3,36.8571,1.0,0,0,0.295925,8,2,3,10.3103,2.0,0,Home Win,0
2020,1,0,0.735767,14,3,7,15.0,1.0,0,1,0.529676,8,1,3,19.7222,3.0,0,Away Win,2
2020,1,2,2.65394,24,11,11,4.9444,0.0,0,2,1.56764,10,4,4,16.1429,2.0,0,Draw,1
2020,1,0,1.1715,11,3,4,7.4643,2.0,0,1,1.5519,9,2,1,11.5357,1.0,0,Away Win,2
2020,1,0,0.216834,6,3,2,10.44,4.0,0,0,1.11635,16,4,6,7.0909,1.0,0,Draw,1
2020,1,2,1.23419,13,5,7,4.4815,0.0,0,1,0.723112,4,2,2,17.5294,1.0,0,Home Win,0
2020,1,1,2.84708,22,9,6,6.7576,2.0,0,1,0.860694,7,4,3,37.5,1.0,0,Draw,1
2020,1,5,3.10503,17,10,5,20.7333,1.0,0,2,1.60561,11,6,5,18.3913,0.0,0,Home Win,0
2020,1,1,0.786324,7,3,2,12.3226,3.0,0,0,2.06038,17,4,12,6.15,0.0,0,Home Win,0
2020,1,0,0.267123,9,2,4,12.2,0.0,1,1,2.52059,17,6,2,10.9444,4.0,0,Away Win,2
2020,1,0,0.351673,12,2,8,8.0588,1.0,0,4,2.24049,14,7,5,11.5417,2.0,0,Away Win,2
2020,1,2,2.52542,17,5,2,8.6897,1.0,0,0,0.510874,11,2,9,14.0714,1.0,0,Home Win,0
2020,1,1,1.68312,8,3,5,14.7647,2.0,0,2,2.42477,22,4,4,10.9375,1.0,0,Away Win,2
2020,1,2,1.8433,9,5,1,11.48,1.0,0,0,0.290042,10,3,8,12.3478,1.0,0,Home Win,0
2020,1,0,0.361866,9,4,2,21.1579,2.0,0,2,2.04443,20,3,6,5.4231,0.0,0,Away Win,2
2020,1,1,1.223,16,3,3,15.9412,0.0,0,2,1.58811,13,5,6,10.8636,2.0,0,Away Win,2
2020,1,2,1.71328,18,3,6,12.8,3.0,0,4,2.938,17,8,4,9.8621,0.0,0,Away Win,2
2020,1,0,0.172988,5,1,3,29.0909,2.0,1,2,1.78751,19,5,7,12.9,1.0,0,Away Win,2
2020,1,1,0.954057,5,3,0,21.75,1.0,1,1,2.51518,23,9,10,3.9714,0.0,0,Draw,1
2020,1,4,2.26016,20,11,6,7.6957,1.0,0,0,0.469026,8,1,6,30.875,1.0,0,Home Win,0
2020,1,1,1.07133,10,4,5,8.96,2.0,0,1,0.844138,20,10,6,8.15,0.0,0,Draw,1
2020,1,3,1.07042,15,7,6,9.9333,1.0,0,1,1.83076,12,1,6,16.7,2.0,0,Home Win,0
2020,1,1,0.565472,11,5,5,12.6087,1.0,1,3,1.88793,18,7,6,9.28,1.0,0,Away Win,2
2020,1,0,0.778074,21,3,8,3.5238,2.0,0,2,1.65831,14,5,4,10.4,0.0,0,Away Win,2
2020,1,3,2.55216,16,7,8,5.2895,1.0,0,1,1.03384,11,3,6,8.8148,2.0,0,Home Win,0
2020,1,2,2.315,25,9,9,4.7931,1.0,0,4,2.87261,14,6,6,16.2778,1.0,0,Away Win,2
2020,1,2,2.26367,14,6,8,11.0,0.0,0,0,1.2289,12,6,4,20.3125,1.0,0,Home Win,0
2020,1,1,1.79168,16,4,6,13.1071,2.0,0,2,0.619724,12,5,2,18.3,0.0,0,Away Win,2
2020,1,0,0.639325,7,0,5,7.5517,1.0,0,2,2.25382,21,8,11,15.0,1.0,0,Away Win,2
2020,1,0,1.09704,11,0,5,6.3704,2.0,0,1,1.56222,9,3,6,15.2727,1.0,0,Away Win,2
2020,1,2,1.1199,16,6,10,9.1905,2.0,0,1,0.27571,5,3,5,12.2273,2.0,2,Home Win,0
2020,1,1,0.922587,10,2,3,13.6,1.0,0,1,1.92378,15,3,3,18.5789,1.0,0,Draw,1
2020,1,0,1.41338,16,4,6,12.0,1.0,0,4,1.85654,16,6,8,13.1429,1.0,0,Away Win,2
2020,1,0,1.24609,16,6,11,9.65,1.0,0,1,1.391,10,3,4,14.4286,3.0,0,Away Win,2
2020,1,1,0.212874,4,1,3,20.4615,0.0,0,2,0.991522,12,3,4,11.9655,0.0,0,Away Win,2
2020,1,1,1.14202,10,3,9,21.8571,0.0,0,2,2.07854,26,6,13,4.0526,0.0,0,Away Win,2
2020,1,0,1.56786,19,5,9,20.2727,0.0,0,1,0.692043,5,2,1,19.8889,1.0,0,Away Win,2
2020,1,3,2.18312,11,5,4,47.5556,2.0,0,4,1.477,15,6,5,2.9143,2.0,0,Away Win,2
2020,1,3,2.29146,11,7,6,12.7,0.0,0,1,0.875957,10,3,5,10.0,1.0,0,Home Win,0
2020,1,2,3.13947,24,13,10,11.5556,1.0,0,0,1.09206,15,3,3,18.45,0.0,0,Home Win,0
2020,1,3,1.95285,23,8,7,7.0385,3.0,0,2,1.2303,19,5,7,7.8235,2.0,0,Home Win,0
2020,1,3,1.22824,19,6,5,7.3929,3.0,0,2,1.07139,8,4,3,18.3,3.0,1,Home Win,0
2020,1,0,0.837048,10,4,6,11.64,0.0,0,3,2.73316,20,3,7,13.1538,0.0,0,Away Win,2
2020,1,2,2.86149,17,6,6,6.9643,2.0,0,1,0.832596,7,3,5,10.9667,4.0,0,Home Win,0
2020,1,1,0.998377,12,6,6,16.0526,2.0,0,3,1.7945,6,3,7,9.8462,1.0,0,Away Win,2
2020,1,1,0.670997,14,4,7,11.5556,0.0,0,0,0.265526,9,3,12,8.8696,2.0,0,Home Win,0
2020,1,1,0.92243,13,6,6,11.24,2.0,0,1,0.872643,8,5,1,11.1481,3.0,0,Draw,1
2020,1,1,1.82508,16,5,5,19.2,0.0,0,0,0.882242,11,1,2,18.5882,2.0,0,Home Win,0
2020,1,0,1.3084,18,3,4,7.1935,0.0,0,2,1.58132,15,7,5,6.1935,3.0,0,Away Win,2
2020,1,1,0.89279,10,4,4,9.0,1.0,0,2,1.63669,20,4,5,10.1333,1.0,0,Away Win,2
2020,1,1,1.10741,14,4,6,8.8235,2.0,0,3,3.56991,21,9,8,9.3529,2.0,0,Away Win,2
2020,1,2,0.772904,16,5,11,17.3333,0.0,0,0,0.193968,5,1,3,18.9412,0.0,0,Home Win,0
2020,1,2,0.980413,6,3,2,18.375,3.0,0,1,3.43414,23,7,9,6.3333,3.0,1,Home Win,0
2020,1,0,0.98902,14,0,5,8.913,1.0,0,2,1.60157,10,4,4,40.875,0.0,0,Away Win,2
2020,1,3,2.49009,17,9,8,4.2692,2.0,0,1,1.02209,14,5,3,14.0,1.0,0,Home Win,0
2020,1,2,1.82554,10,6,8,10.8889,0.0,0,4,1.85229,11,4,7,13.3333,2.0,0,Away Win,2
2020,1,2,2.20348,19,5,14,5.3913,2.0,0,0,0.772317,5,4,1,16.75,2.0,0,Home Win,0
2020,1,5,2.88355,21,11,7,10.0,2.0,0,0,1.07258,8,3,5,19.1154,2.0,0,Home Win,0
2020,1,1,0.420006,12,3,8,8.6538,3.0,0,0,0.558508,10,3,9,9.3529,1.0,0,Home Win,0
2020,1,3,1.98344,14,7,2,17.7647,0.0,0,0,1.35179,17,5,3,6.1667,3.0,0,Home Win,0
2020,1,1,0.701256,14,4,6,8.25,4.0,0,2,2.05229,9,4,2,29.1818,1.0,0,Away Win,2
2020,4,1,0.520642,8,3,0,9.84,2.0,1,0,0.487749,8,0,6,4.8462,3.0,0,Home Win,0
2020,4,0,0.610002,13,0,9,10.7742,1.0,0,0,0.201508,6,2,1,15.1429,2.0,0,Draw,1
2020,4,1,1.05717,12,5,6,15.8333,1.0,0,1,1.25522,13,1,5,11.2121,1.0,0,Draw,1
2020,4,1,1.09095,14,4,2,9.5385,2.0,0,1,0.820558,13,5,5,4.0,2.0,0,Draw,1
2020,4,0,0.577329,11,4,4,10.1923,2.0,0,2,1.87714,13,3,6,7.8182,1.0,0,Away Win,2
2020,4,2,1.12188,13,5,6,7.1429,3.0,0,0,0.360866,9,3,5,5.5238,3.0,0,Home Win,0
2020,4,3,2.19684,11,6,5,4.3529,3.0,0,0,0.315862,5,1,4,7.2667,3.0,0,Home Win,0
2020,4,0,0.475219,5,2,4,9.85,2.0,0,2,1.87508,17,8,7,8.1,2.0,0,Away Win,2
2020,4,1,1.09473,9,3,3,8.0,2.0,0,2,1.6913,11,5,4,7.6818,3.0,1,Away Win,2
2020,4,0,0.188885,2,0,0,10.3913,0.0,0,0,1.70374,18,4,5,7.7174,2.0,0,Draw,1
2020,4,0,0.90822,13,2,2,9.4286,2.0,0,2,0.902261,7,3,6,12.3158,5.0,0,Away Win,2
2020,4,2,2.07013,14,5,9,7.12,3.0,0,0,0.281482,6,1,3,10.5789,1.0,0,Home Win,0
2020,4,0,0.304528,7,1,6,10.5,2.0,0,3,1.58336,8,5,2,10.7692,1.0,0,Away Win,2
2020,4,0,1.89737,15,5,8,13.8333,3.0,0,2,1.51399,9,4,4,9.5185,4.0,0,Away Win,2
2020,4,0,0.371361,10,6,6,10.3846,2.0,0,0,1.2646,8,2,7,6.0,3.0,1,Draw,1
2020,4,1,1.70992,9,4,7,11.4,4.0,0,0,0.62541,7,1,2,5.0667,3.0,0,Home Win,0
2020,4,1,1.08721,13,3,5,8.0,4.0,0,0,0.699011,8,3,1,11.4118,4.0,1,Home Win,0
2020,4,2,1.25439,12,7,3,9.9091,1.0,0,2,0.907963,5,3,1,10.0938,2.0,0,Draw,1
2020,4,0,1.1359,14,2,4,6.5,2.0,0,1,1.768,14,5,11,23.5714,0.0,0,Away Win,2
2020,4,2,1.59975,16,6,3,10.35,4.0,1,1,0.677588,11,3,7,14.5714,1.0,0,Home Win,0
2020,4,2,1.24304,13,6,8,10.9655,2.0,0,0,1.01541,12,3,5,7.0,0.0,1,Home Win,0
2020,4,1,1.57351,10,4,7,11.75,3.0,0,3,3.20848,15,9,7,13.5,2.0,0,Away Win,2
2020,4,0,1.33438,10,1,6,2.5,4.0,0,1,0.949811,5,2,1,5.0385,2.0,0,Away Win,2
2020,4,0,0.20914,5,0,0,24.45,2.0,0,0,0.752296,7,2,5,4.9444,2.0,0,Draw,1
2020,4,1,1.19249,10,3,3,6.0345,2.0,0,1,0.818389,11,3,2,8.4063,2.0,0,Draw,1
2020,4,1,0.989319,7,2,2,11.0385,3.0,0,0,0.5791,13,5,5,6.5909,2.0,0,Home Win,0
2020,4,4,1.79773,13,6,4,8.8571,2.0,0,1,0.591473,6,4,5,15.0625,1.0,0,Home Win,0
2020,4,0,1.98558,21,3,13,5.1739,0.0,0,1,0.198368,3,1,3,15.6296,3.0,0,Away Win,2
2020,4,0,0.305213,5,1,2,19.3846,1.0,1,2,2.3128,14,4,4,11.3333,0.0,0,Away Win,2
2020,4,2,0.165573,3,2,0,15.8333,3.0,0,1,1.23519,14,4,7,11.4074,2.0,0,Home Win,0
2020,4,1,1.11324,4,3,2,21.2222,4.0,1,1,2.07747,25,9,14,5.8824,3.0,0,Draw,1
2020,4,2,1.32876,16,5,6,13.5,5.0,0,1,1.15091,7,3,1,6.3929,5.0,0,Home Win,0
2020,4,3,3.06462,17,10,1,8.7632,2.0,0,1,0.478252,4,2,1,29.1429,1.0,0,Home Win,0
2020,4,1,2.12312,9,2,2,7.6154,2.0,1,4,2.27628,9,7,3,6.3947,5.0,0,Away Win,2
2020,4,0,0.466935,9,3,7,4.6875,1.0,0,2,0.932416,6,4,2,21.75,1.0,0,Away Win,2
2020,4,1,0.230886,5,2,2,35.1667,2.0,1,1,0.813588,19,4,8,5.0588,3.0,0,Draw,1
2020,4,1,1.42768,8,3,3,16.55,1.0,0,3,3.06286,11,6,2,10.3636,2.0,0,Away Win,2
2020,4,4,2.23898,13,6,6,9.303,0.0,0,1,0.79915,9,2,3,20.5556,2.0,0,Home Win,0
2020,4,2,1.75934,11,5,0,6.72,8.0,1,2,2.35774,16,5,3,3.25,5.0,1,Draw,1
2020,4,2,1.85014,11,5,6,7.125,1.0,0,0,0.793913,11,1,4,10.7941,3.0,0,Home Win,0
2020,4,4,2.62556,17,7,2,9.2381,1.0,0,0,0.395983,10,3,7,22.619,1.0,0,Home Win,0
2020,4,5,4.44487,18,9,9,10.96,2.0,0,2,0.86991,12,6,5,19.7333,2.0,1,Home Win,0
2020,4,1,0.55465,13,5,3,7.2857,3.0,0,3,2.32114,9,5,3,11.8333,4.0,0,Away Win,2
2020,4,1,2.23211,14,6,4,6.8696,2.0,0,1,0.839508,8,3,3,6.9535,0.0,0,Draw,1
2020,4,1,1.99148,18,5,12,3.3448,1.0,0,1,1.01595,6,2,1,9.9583,6.0,1,Draw,1
2020,4,2,3.72416,22,9,15,6.7333,2.0,1,0,0.780649,2,1,0,19.625,1.0,0,Home Win,0
2020,4,1,1.151,9,1,3,7.5625,2.0,0,0,0.499107,10,2,0,11.0588,3.0,0,Home Win,0
2020,4,4,2.34693,7,4,1,12.5,3.0,0,1,1.05824,16,6,8,6.7407,2.0,0,Home Win,0
2020,4,2,2.28498,7,4,2,9.1071,4.0,0,1,1.57936,17,2,11,5.7857,2.0,0,Home Win,0
2020,4,1,1.6055,8,1,3,12.0,3.0,0,1,2.15551,14,6,3,8.7143,4.0,0,Draw,1
2020,4,2,1.82668,13,3,4,10.4138,1.0,0,2,1.79824,13,5,5,6.6471,1.0,0,Draw,1
2020,4,4,2.75202,14,9,6,9.9355,0.0,0,0,0.385631,7,1,3,8.2,0.0,0,Home Win,0
2020,4,1,0.812108,9,2,8,20.4,4.0,0,0,1.29964,13,4,8,18.6667,0.0,0,Home Win,0
2020,4,0,1.45225,14,5,3,5.6667,3.0,1,0,0.352628,8,3,4,5.3043,4.0,0,Draw,1
2020,4,0,0.0824748,2,0,1,11.963,2.0,0,1,1.90588,14,4,6,4.3478,1.0,0,Away Win,2
2020,4,1,1.40253,16,6,5,4.8,4.0,0,3,1.45546,9,3,3,8.92,3.0,0,Away Win,2
2020,4,1,0.902091,13,5,5,9.7429,1.0,0,1,0.832435,11,5,4,13.4,4.0,0,Draw,1
2020,4,1,0.878778,18,7,4,8.84,2.0,0,1,0.807899,6,5,3,10.8182,3.0,0,Draw,1
2020,4,4,2.22603,15,10,3,10.4545,2.0,0,2,2.08172,10,7,2,10.68,2.0,0,Home Win,0
2020,4,1,1.72712,13,1,4,10.0556,1.0,0,1,0.652049,6,1,2,11.4643,2.0,0,Draw,1
2020,4,4,3.91416,20,11,5,12.9231,1.0,0,0,1.56118,10,5,3,21.0,0.0,0,Home Win,0
2020,4,0,0.51761,7,3,6,6.1,2.0,0,2,3.24869,11,6,2,12.4583,1.0,0,Away Win,2
2020,4,3,4.64116,17,8,8,4.875,4.0,1,1,1.49416,9,2,0,17.6842,3.0,0,Home Win,0
2020,4,1,0.536725,11,3,3,4.6129,2.0,0,1,0.277502,5,2,2,5.0417,4.0,0,Draw,1
2020,4,0,0.167609,5,1,1,19.7647,4.0,0,1,1.69981,16,4,10,7.0,3.0,0,Away Win,2
2020,4,1,1.66068,20,9,12,10.5714,2.0,0,2,2.35024,11,6,9,21.3571,3.0,0,Away Win,2
2020,4,1,1.91705,8,4,4,14.0714,5.0,0,1,1.10165,10,2,4,11.6818,3.0,0,Draw,1
2020,4,0,0.181436,5,2,2,15.9545,2.0,0,1,1.10533,14,6,7,5.4063,5.0,0,Away Win,2
2020,4,1,1.25969,10,4,3,10.0769,0.0,0,1,1.11009,10,3,11,6.1579,3.0,0,Draw,1
2020,4,1,0.0867292,4,3,1,11.2273,6.0,1,1,0.678171,6,2,9,9.3103,2.0,0,Draw,1
2020,4,2,2.61118,7,3,5,26.6364,0.0,0,1,1.71026,21,8,13,3.5556,2.0,0,Home Win,0
2020,4,3,1.82994,15,6,4,7.3824,2.0,0,3,1.68663,16,7,2,9.0769,0.0,0,Draw,1
2020,4,3,2.56696,12,8,5,5.3529,2.0,0,0,0.49433,9,0,5,10.6667,7.0,2,Home Win,0
2020,4,0,0.366687,10,0,2,8.3846,3.0,0,2,1.52162,12,5,5,8.7727,2.0,0,Away Win,2
2020,4,0,0.533909,12,2,4,6.1515,1.0,0,1,1.69653,10,3,3,13.88,3.0,0,Away Win,2
2020,4,0,0.520422,12,3,4,7.7714,3.0,0,0,0.0544723,3,0,0,18.8125,2.0,0,Draw,1
2020,4,0,0.249462,5,1,2,15.7647,1.0,1,0,1.39953,13,5,3,5.7826,0.0,0,Draw,1
2020,4,0,0.454057,10,0,4,8.9259,2.0,0,2,1.20044,6,4,5,9.0385,1.0,0,Away Win,2
2020,4,2,1.2755,15,4,4,15.625,4.0,0,0,0.440427,13,3,4,12.2308,2.0,0,Home Win,0
2020,4,0,1.09317,19,3,8,2.7407,3.0,0,0,0.648196,6,4,0,11.7222,2.0,0,Draw,1
2020,4,2,2.17259,11,2,0,7.28,2.0,0,2,1.73307,13,5,10,5.0,6.0,0,Draw,1
2020,4,3,1.87748,11,6,3,11.7059,4.0,0,2,1.33403,13,6,3,7.56,5.0,0,Home Win,0
2020,4,0,0.534289,9,1,6,5.6667,4.0,0,1,1.40539,12,5,5,9.5152,2.0,0,Away Win,2
2020,4,1,2.62077,24,13,12,15.8667,2.0,0,0,0.97888,6,3,4,18.375,1.0,0,Home Win,0
2020,4,1,0.475008,11,5,4,14.1818,2.0,0,1,1.10577,7,2,8,9.0714,3.0,0,Draw,1
2020,4,4,1.51712,7,4,1,6.88,2.0,0,0,0.906249,12,2,5,16.25,1.0,0,Home Win,0
2020,4,0,0.374252,8,2,5,21.8421,2.0,0,1,0.507527,8,0,3,4.75,3.0,0,Away Win,2
2020,4,1,0.380766,11,3,5,5.1538,1.0,0,0,0.171439,3,1,2,11.9655,4.0,0,Home Win,0
2020,4,2,0.6517,11,3,3,9.2941,1.0,0,0,0.784775,5,1,6,11.8065,3.0,0,Home Win,0
2020,4,1,1.33912,8,2,5,9.875,4.0,0,1,1.55401,16,4,4,9.9,3.0,0,Draw,1
2020,4,2,2.58133,14,4,2,7.8,3.0,0,1,1.82452,12,5,3,8.75,3.0,0,Home Win,0
2020,4,3,2.58032,18,5,6,9.3529,1.0,0,1,0.728304,10,4,6,18.1111,3.0,1,Home Win,0
2020,4,2,1.51945,10,3,5,9.1739,0.0,0,0,0.182818,6,1,5,14.0476,3.0,1,Home Win,0
2020,4,3,2.10005,12,6,2,11.8387,1.0,0,1,0.522281,8,3,5,23.3571,2.0,0,Home Win,0
2020,4,2,3.2847,25,9,8,8.2941,4.0,0,2,1.97181,12,4,3,12.2609,2.0,0,Draw,1
2020,4,2,1.62567,11,3,3,6.4242,2.0,0,0,0.404844,8,2,5,13.7273,2.0,0,Home Win,0
2020,4,1,0.642099,10,3,4,13.2903,1.0,0,3,2.35916,11,5,4,8.6667,0.0,0,Away Win,2
2020,4,0,0.356498,8,1,2,8.5,1.0,0,2,1.10435,6,4,4,12.0833,6.0,0,Away Win,2
2020,4,2,1.38241,8,3,1,10.5,3.0,0,0,1.04957,14,1,10,4.12,4.0,0,Home Win,0
2020,4,2,1.52776,13,5,3,8.72,2.0,0,1,2.1027,15,5,4,8.4,1.0,0,Home Win,0
2020,4,1,0.925068,6,1,2,13.52,2.0,1,3,2.79417,13,6,2,7.3529,2.0,0,Away Win,2
2020,4,1,1.73966,14,3,7,8.0,3.0,0,1,0.878614,12,5,7,13.3043,4.0,0,Draw,1
2020,4,2,1.88686,13,3,2,11.5556,4.0,0,1,0.786669,8,4,7,4.4,2.0,0,Home Win,0
2020,4,1,0.342496,6,1,5,3.2258,1.0,0,0,0.282205,6,3,5,17.619,1.0,0,Home Win,0
2020,4,1,0.265652,6,3,1,14.5909,3.0,0,1,0.767168,2,1,4,4.9259,3.0,0,Draw,1
2020,4,1,1.36969,11,2,10,8.7083,2.0,0,1,0.581363,9,1,3,7.7,3.0,0,Draw,1
2020,4,2,2.04414,23,6,8,6.75,2.0,0,0,0.79963,10,1,1,17.5,1.0,0,Home Win,0
2020,4,2,1.25398,7,2,4,10.7692,1.0,0,2,1.69506,15,6,4,13.7273,2.0,1,Draw,1
2020,4,1,1.32193,17,6,6,7.3158,1.0,0,1,0.910796,9,3,4,9.0,1.0,0,Draw,1
2020,4,0,0.499141,12,5,4,16.3478,1.0,0,3,3.23865,21,10,5,12.3636,2.0,0,Away Win,2
2020,4,0,0.559111,10,4,3,13.8095,3.0,0,1,1.85011,19,3,5,4.8,2.0,0,Away Win,2
2020,4,0,0.230082,6,1,5,7.04,3.0,0,2,0.546595,8,3,5,10.8182,3.0,0,Away Win,2
2020,4,0,0.172341,4,0,2,4.0333,5.0,0,1,1.84296,13,3,4,7.7188,4.0,0,Away Win,2
2020,4,1,2.05695,16,5,5,12.5,0.0,0,1,0.592271,9,3,7,13.5938,2.0,0,Draw,1
2020,4,1,0.919165,10,3,5,10.7895,2.0,0,0,0.941238,10,2,2,8.6071,3.0,0,Home Win,0
2020,4,4,1.67536,10,5,3,13.4,3.0,1,3,2.63943,19,7,6,4.1667,2.0,0,Home Win,0
2020,4,2,2.23615,24,5,6,6.32,4.0,1,1,1.27314,16,6,6,5.2069,4.0,2,Home Win,0
2020,4,0,0.786846,8,3,1,8.1875,3.0,0,0,0.299749,7,1,6,4.3846,2.0,0,Draw,1
2020,4,2,2.85208,15,6,0,6.8286,2.0,0,1,1.0513,17,6,5,20.3684,0.0,0,Home Win,0
2020,4,1,1.02416,6,3,2,35.3636,1.0,0,1,1.55495,14,6,3,6.9118,4.0,0,Draw,1
2020,4,2,2.7317,10,3,4,11.8148,1.0,0,0,0.346419,6,2,7,8.75,4.0,0,Home Win,0
2020,4,1,0.318257,8,3,5,16.3529,3.0,1,1,1.35028,15,1,4,9.4545,4.0,0,Draw,1
2020,4,1,0.154899,4,1,1,19.0,0.0,1,2,2.31899,8,4,5,5.6757,2.0,0,Away Win,2
2020,4,1,1.38777,13,2,5,6.0455,2.0,0,0,0.137448,5,2,4,15.8235,1.0,0,Home Win,0
2020,4,1,2.03775,16,3,2,11.5556,5.0,0,1,0.248156,6,2,1,6.7419,2.0,0,Draw,1
2020,4,2,1.84192,15,7,4,5.9375,2.0,0,0,0.917602,6,3,2,7.0,1.0,0,Home Win,0
2020,4,0,0.768671,11,4,5,6.7037,3.0,0,1,1.16924,8,2,9,10.5625,2.0,0,Away Win,2
2020,4,0,0.259005,4,4,2,21.4375,1.0,0,1,3.21201,20,7,6,6.0606,0.0,0,Away Win,2
2020,4,2,1.24672,9,2,1,14.2258,4.0,0,0,0.564784,6,1,5,12.381,2.0,0,Home Win,0
2020,4,1,0.78536,8,2,7,6.5263,1.0,0,1,0.609915,6,2,2,13.1579,1.0,0,Draw,1
2020,4,1,0.942061,11,4,9,6.6667,2.0,0,1,0.522228,9,2,7,17.3125,2.0,0,Draw,1
2020,4,2,1.72781,12,7,3,13.0,1.0,0,1,0.554357,9,2,5,12.7273,1.0,0,Home Win,0
2020,4,2,0.638117,8,3,3,18.5263,2.0,0,3,1.39939,13,9,4,11.1538,1.0,0,Away Win,2
2020,4,2,1.53875,11,5,5,16.7,2.0,0,1,0.701495,4,2,4,13.087,2.0,0,Home Win,0
2020,4,0,0.363035,8,3,3,8.9333,1.0,0,4,2.88163,15,6,4,13.4643,0.0,0,Away Win,2
2020,4,3,2.59473,10,7,4,13.25,1.0,0,1,0.829834,5,2,1,7.8235,4.0,1,Home Win,0
2020,4,0,0.490441,8,4,4,36.2143,2.0,1,4,1.64578,13,4,1,16.4,3.0,0,Away Win,2
2020,4,0,1.15245,10,3,3,7.8519,2.0,0,2,2.98435,15,5,6,8.9655,2.0,1,Away Win,2
2020,4,2,0.857988,4,2,4,12.5455,2.0,0,1,1.34206,17,4,9,7.4063,0.0,0,Home Win,0
2020,4,0,0.589148,8,2,2,14.7857,0.0,0,0,0.42235,9,1,4,10.75,0.0,0,Draw,1
2020,4,3,2.9243,12,7,2,13.0769,0.0,0,2,1.05731,10,4,9,12.5217,3.0,0,Home Win,0
2020,4,0,0.562807,11,4,0,8.697,2.0,0,1,1.09369,17,6,4,9.75,3.0,0,Away Win,2
2020,4,1,1.21278,7,4,1,16.7857,4.0,1,3,3.17089,14,7,7,9.6129,2.0,0,Away Win,2
2020,4,2,0.831007,9,2,4,12.75,1.0,0,0,0.624174,15,3,4,4.3929,4.0,0,Home Win,0
2020,4,2,0.577443,5,4,3,17.35,2.0,0,0,1.19957,13,2,12,9.3333,0.0,0,Home Win,0
2020,4,1,1.40643,12,3,3,14.5455,3.0,0,2,1.03209,7,3,2,8.7778,3.0,0,Away Win,2
2020,4,2,0.646493,12,4,5,12.9231,2.0,0,1,0.966752,10,3,6,5.1613,3.0,0,Home Win,0
2020,4,1,1.27041,12,2,3,8.9737,2.0,0,2,1.23064,9,4,3,9.6364,2.0,0,Away Win,2
2020,4,1,0.656624,12,5,3,8.3571,2.0,0,0,0.712964,15,3,8,7.7308,4.0,0,Home Win,0
2020,4,2,0.725743,8,2,5,18.1,3.0,0,2,2.00702,8,5,2,5.8636,1.0,0,Draw,1
2020,4,1,0.439791,10,3,9,10.4706,1.0,0,1,1.63527,14,5,4,15.1304,3.0,0,Draw,1
2020,4,2,1.02082,13,2,4,6.7143,1.0,1,2,0.575886,9,3,5,10.6818,3.0,0,Draw,1
2020,4,2,2.15885,8,3,3,7.3333,2.0,0,2,0.135256,3,2,0,18.1,4.0,1,Draw,1
2020,4,1,0.762571,15,4,4,13.5,5.0,0,4,1.42254,10,7,4,14.0588,3.0,0,Away Win,2
2020,4,5,1.87633,11,8,4,7.619,4.0,0,1,1.29166,6,2,4,6.3438,4.0,0,Home Win,0
2020,4,2,2.24597,12,6,8,7.1613,2.0,0,2,0.638534,7,4,3,9.3077,2.0,0,Draw,1
2020,4,3,2.51675,15,7,7,3.1111,1.0,0,0,1.16695,9,3,6,34.8462,3.0,0,Home Win,0
2020,4,0,0.477298,4,2,0,22.875,0.0,0,2,3.12144,15,8,7,8.3871,2.0,0,Away Win,2
2020,4,3,2.05311,14,5,7,9.2593,2.0,0,1,0.250249,8,4,7,10.9167,0.0,0,Home Win,0
2020,4,1,1.53045,8,4,0,10.0,4.0,0,1,0.591142,9,2,6,9.4667,3.0,0,Draw,1
2020,4,0,0.177253,5,1,1,14.8846,3.0,0,0,0.484831,8,2,2,9.7742,1.0,0,Draw,1
2020,4,2,1.04736,11,3,8,6.5484,0.0,0,2,0.631096,7,3,2,12.3913,1.0,0,Draw,1
2020,4,3,1.88102,7,4,1,8.5333,5.0,1,1,0.592689,12,1,5,9.7857,4.0,0,Home Win,0
2020,4,2,2.53148,12,6,7,11.3333,2.0,0,1,0.275356,7,2,3,8.6429,3.0,0,Home Win,0
2020,4,1,1.9333,8,4,3,6.44,1.0,0,0,1.38521,15,5,4,15.8,1.0,0,Home Win,0
2020,4,0,1.02238,17,6,6,16.2778,4.0,0,2,1.66557,7,4,2,11.7222,3.0,0,Away Win,2
2020,4,0,0.530765,6,1,5,2.9643,3.0,0,0,0.20139,5,1,2,8.875,3.0,0,Draw,1
2020,4,2,0.861261,11,6,2,19.1111,1.0,0,4,1.79542,9,4,2,11.3182,5.0,0,Away Win,2
2020,4,0,0.3242,10,5,6,14.4706,2.0,0,0,0.339262,7,1,5,3.2571,4.0,0,Draw,1
2020,4,1,1.23555,8,2,3,13.3158,1.0,1,2,1.82881,14,8,7,9.4286,2.0,0,Away Win,2
2020,4,1,3.00838,14,4,4,6.4615,1.0,0,0,0.328905,10,1,10,7.8261,7.0,0,Home Win,0
2020,4,1,1.74924,14,4,6,6.5758,2.0,0,3,1.18337,11,5,7,23.4167,2.0,0,Away Win,2
2020,4,1,0.232475,4,2,1,27.1429,1.0,0,1,1.16681,12,3,7,5.9429,3.0,0,Draw,1
2020,4,1,1.60639,20,5,11,5.2069,4.0,0,0,0.0534012,3,1,1,12.3846,4.0,0,Home Win,0
2020,4,1,1.34704,11,2,6,9.5185,2.0,0,1,0.841344,15,2,6,10.6667,1.0,0,Draw,1
2020,4,2,1.22973,9,2,1,11.6154,2.0,0,2,1.71926,7,2,4,8.0323,2.0,0,Draw,1
2020,4,2,1.87521,8,5,3,18.5833,1.0,0,3,1.33284,12,4,5,7.7813,3.0,0,Away Win,2
2020,4,1,0.920971,13,2,3,14.7619,2.0,0,2,3.53921,18,7,10,6.2759,1.0,0,Away Win,2
2020,4,2,1.52404,11,7,6,5.913,1.0,0,2,1.26925,11,5,2,12.0,3.0,0,Draw,1
2020,4,2,2.62128,12,4,2,9.8125,0.0,0,1,1.07628,12,3,1,7.5357,0.0,0,Home Win,0
2020,4,4,4.7946,17,6,5,9.5,0.0,0,1,0.354151,2,1,1,38.9091,2.0,1,Home Win,0
2020,4,3,2.03342,17,5,3,3.4,1.0,0,0,0.209522,5,1,1,19.7,4.0,1,Home Win,0
2020,4,2,1.13518,8,2,4,9.7632,1.0,0,2,1.51126,9,4,2,12.3182,2.0,0,Draw,1
2020,4,5,2.86032,17,9,5,11.0,0.0,0,1,0.710997,6,2,4,23.9,2.0,0,Home Win,0
2020,4,3,2.31967,9,6,3,10.3043,3.0,0,1,0.836576,7,2,6,10.5714,2.0,0,Home Win,0
2020,4,1,1.92231,14,2,7,4.6667,2.0,0,1,0.968574,5,1,3,6.5294,3.0,0,Draw,1
2020,4,0,0.263007,4,0,2,8.5417,3.0,1,1,1.03317,3,2,5,6.4286,3.0,0,Away Win,2
2020,4,0,0.567254,11,2,5,9.0625,3.0,0,4,2.36113,13,8,8,9.4211,2.0,0,Away Win,2
2020,4,1,0.827088,6,1,7,12.1429,0.0,0,2,0.929672,10,4,3,4.3333,5.0,0,Away Win,2
2020,4,0,1.73006,13,4,2,5.7391,1.0,0,1,0.685142,7,2,1,10.4286,2.0,0,Away Win,2
2020,4,2,0.862855,16,7,6,9.1538,0.0,0,0,0.0596554,4,1,1,15.7143,3.0,0,Home Win,0
2020,4,1,1.329,14,4,6,7.1053,3.0,0,0,1.39522,9,5,6,13.2609,4.0,0,Home Win,0
2020,4,1,1.17957,9,5,7,6.4545,3.0,0,2,1.35008,15,4,3,11.48,2.0,0,Away Win,2
2020,4,1,2.32222,18,8,6,10.0857,2.0,0,1,0.0679965,3,2,0,14.5294,2.0,0,Draw,1
2020,4,0,2.06148,28,11,12,8.1379,2.0,0,2,0.767582,6,2,2,16.7333,3.0,0,Away Win,2
2020,4,1,2.39005,20,4,8,2.76,0.0,0,1,1.32905,3,1,0,22.1538,2.0,0,Draw,1
2020,4,1,2.67474,12,5,5,4.3913,5.0,1,0,0.277079,6,1,2,8.9091,4.0,0,Home Win,0
2020,4,3,2.47156,15,6,5,10.6154,3.0,0,2,0.854609,8,5,2,11.6087,3.0,1,Home Win,0
2020,4,0,0.457508,6,0,3,12.5556,2.0,0,2,1.05344,10,5,5,7.9583,2.0,0,Away Win,2
2020,4,4,2.50353,8,4,4,5.6538,3.0,0,0,0.307378,7,2,3,12.0385,2.0,0,Home Win,0
2020,4,2,1.16675,10,3,6,12.9333,2.0,0,0,0.689216,5,2,1,7.2813,3.0,1,Home Win,0
2020,4,0,0.909714,9,5,4,15.7143,4.0,0,1,1.30987,10,2,5,5.5909,2.0,0,Away Win,2
2020,4,1,0.397175,6,2,1,11.9375,2.0,0,0,1.66898,13,3,4,10.7222,1.0,0,Home Win,0
2020,4,0,0.483459,4,1,5,7.0952,3.0,0,1,0.994243,6,3,2,7.36,4.0,0,Away Win,2
2020,4,1,0.86079,11,2,3,4.1034,3.0,0,1,0.762391,7,3,5,9.5484,5.0,0,Draw,1
2020,4,1,1.79661,17,3,6,6.5455,2.0,0,1,0.480747,4,1,2,22.3636,2.0,0,Draw,1
2020,4,3,0.895893,15,4,3,6.5357,5.0,0,0,0.173822,5,0,6,7.3636,2.0,1,Home Win,0
2020,4,0,0.227972,5,3,3,17.7222,1.0,0,1,0.596164,9,4,7,5.0333,2.0,0,Away Win,2
2020,4,2,1.45197,13,4,5,6.5714,3.0,0,1,1.28521,12,4,5,5.2609,2.0,0,Home Win,0
2020,4,1,1.05928,10,4,2,16.3529,3.0,0,1,1.99686,11,5,10,12.85,1.0,1,Draw,1
2020,4,1,1.98534,20,3,13,17.6154,0.0,0,1,1.21953,6,2,4,16.5,1.0,0,Draw,1
2020,4,0,0.117061,4,2,3,10.0571,5.0,0,2,1.58696,9,5,3,10.6071,2.0,0,Away Win,2
2020,4,0,1.941,19,6,10,5.5667,2.0,0,2,0.839764,6,5,2,7.7436,3.0,0,Away Win,2
2020,4,2,1.28132,7,5,6,10.5909,2.0,0,1,1.45524,13,3,9,8.963,2.0,0,Home Win,0
2020,4,1,1.9832,11,5,1,14.5417,5.0,0,1,1.88411,18,8,6,12.4,1.0,0,Draw,1
2020,4,3,2.01921,23,8,12,4.0,0.0,0,2,0.798216,4,3,1,19.0476,3.0,0,Home Win,0
2020,4,1,1.6239,6,2,0,23.5,2.0,0,0,1.6003,16,1,12,5.3529,2.0,0,Home Win,0
2020,4,3,3.13618,19,7,6,13.2632,0.0,0,4,0.655624,10,7,3,5.8947,2.0,0,Away Win,2
2020,4,0,0.756534,10,3,3,23.3529,0.0,0,2,1.30761,13,6,4,10.6522,2.0,0,Away Win,2
2020,4,1,4.95179,25,8,7,6.1818,0.0,0,0,0.186229,6,1,5,15.9167,2.0,0,Home Win,0
2020,4,2,1.75518,25,4,5,11.8947,4.0,0,1,1.84626,10,5,3,15.2941,3.0,0,Home Win,0
2020,4,2,1.31724,4,3,1,5.6,2.0,0,1,0.971736,9,2,6,3.8125,2.0,1,Home Win,0
2020,4,2,1.0131,6,3,6,15.7826,4.0,0,1,0.964034,11,3,3,5.32,0.0,0,Home Win,0
2020,4,1,1.48992,9,3,2,7.0,3.0,1,1,1.74684,9,1,5,12.5625,3.0,0,Draw,1
2020,4,4,1.52419,12,5,7,9.28,0.0,0,1,2.19819,8,4,3,20.8,2.0,0,Home Win,0
2020,4,0,1.18876,13,3,1,4.1026,3.0,0,0,0.725139,6,1,3,12.1852,1.0,0,Draw,1
2020,4,1,1.32358,16,7,7,8.087,2.0,0,3,2.84919,13,8,2,12.5455,2.0,1,Away Win,2
2020,4,0,0.409679,11,2,3,18.5882,1.0,1,0,1.81829,15,7,11,2.3684,4.0,0,Draw,1
2020,4,1,0.331961,7,2,4,8.8387,2.0,0,0,0.306083,7,1,6,3.1471,3.0,0,Home Win,0
2020,4,1,0.853066,11,3,3,11.48,3.0,0,0,0.493596,11,2,3,6.0909,4.0,0,Home Win,0
2020,4,0,0.467892,14,2,7,5.1379,2.0,0,0,0.891,12,2,3,7.5238,3.0,0,Draw,1
2020,4,2,1.72628,17,4,6,7.2917,1.0,0,1,0.726991,3,2,1,15.3158,1.0,0,Home Win,0
2020,4,1,0.841992,9,3,3,9.2083,3.0,0,0,0.662923,13,3,6,10.6129,5.0,0,Home Win,0
2020,4,1,1.72731,18,4,10,15.2308,1.0,0,1,0.532399,4,2,1,12.7273,1.0,0,Draw,1
2020,4,1,0.64656,8,4,5,4.7273,3.0,0,0,1.1132,9,3,5,15.5789,3.0,0,Home Win,0
2020,4,2,2.46001,15,6,4,7.8966,2.0,0,0,0.568605,7,1,1,14.6667,0.0,0,Home Win,0
2020,4,1,0.686996,8,3,1,8.3529,3.0,0,3,2.79574,16,4,7,11.0385,4.0,0,Away Win,2
2020,4,1,1.79357,12,5,4,4.5,3.0,0,1,1.38712,6,2,8,4.05,7.0,0,Draw,1
2020,4,0,0.89442,15,3,5,8.1053,1.0,0,0,0.734886,7,2,1,7.931,2.0,0,Draw,1
2020,4,1,0.917148,10,5,1,16.7037,3.0,0,6,3.3338,14,10,1,6.7419,2.0,0,Away Win,2
2020,4,2,1.4357,18,9,3,8.9091,0.0,0,1,0.924202,15,3,4,10.35,3.0,0,Home Win,0
2020,4,1,0.809957,3,2,2,12.2581,3.0,0,1,1.11252,11,4,8,6.5,1.0,0,Draw,1
2020,4,2,2.50648,14,4,5,4.8889,3.0,0,1,0.90665,9,3,6,17.5333,3.0,0,Home Win,0
2020,4,1,1.868,17,7,6,8.4286,4.0,0,3,2.58943,8,6,2,6.9259,5.0,1,Away Win,2
2020,4,1,1.68796,25,10,4,6.1538,3.0,0,0,0.435921,7,2,1,18.7143,3.0,1,Home Win,0
2020,4,2,1.02818,6,2,4,20.0,2.0,0,1,0.858442,11,6,13,6.4118,2.0,0,Home Win,0
2020,4,0,1.22939,6,2,3,7.0625,2.0,0,3,3.49755,15,6,5,7.3478,2.0,0,Away Win,2
2020,4,0,0.462819,13,3,8,4.2727,2.0,0,2,0.857773,6,2,2,27.4545,2.0,0,Away Win,2
2020,4,0,0.198501,4,1,2,3.9,2.0,0,0,0.316201,6,2,4,5.4375,3.0,0,Draw,1
2020,4,2,1.96177,21,8,6,18.3333,0.0,0,0,0.299961,10,4,9,13.8966,2.0,0,Home Win,0
2020,4,1,0.724498,12,2,3,7.037,3.0,0,1,0.990446,11,2,6,11.8333,1.0,0,Draw,1
2020,4,1,1.89943,18,5,3,14.0,2.0,0,0,0.551951,9,4,2,23.1667,4.0,0,Home Win,0
2020,4,1,0.797759,7,3,7,14.7,1.0,0,1,1.90364,13,3,2,7.1875,4.0,0,Draw,1
2020,4,0,1.81094,11,4,6,11.5185,2.0,0,0,0.448906,9,0,6,12.5625,2.0,0,Draw,1
2020,4,1,0.613966,8,4,5,10.7037,0.0,0,1,1.34136,10,4,5,13.8,0.0,0,Draw,1
2020,4,3,2.09186,12,5,5,9.4412,3.0,0,4,1.59713,13,6,2,8.5909,2.0,0,Away Win,2
2020,4,0,0.360623,10,4,6,8.6786,3.0,0,1,0.309936,6,1,3,16.8571,2.0,0,Away Win,2
2020,4,0,2.78378,19,4,10,6.0909,3.0,0,1,0.640397,8,3,4,11.2143,2.0,0,Away Win,2
2020,4,3,1.09388,8,5,6,11.3333,2.0,0,1,0.880685,8,2,6,6.087,2.0,0,Home Win,0
2020,4,2,1.64993,14,3,5,12.9583,3.0,1,1,1.15567,18,4,6,7.6818,4.0,0,Home Win,0
2020,4,2,2.34115,9,2,4,14.5625,6.0,1,2,1.13047,16,5,5,6.2857,4.0,0,Draw,1
2020,4,1,1.19214,7,3,2,9.15,4.0,0,2,1.22464,12,6,4,10.6522,2.0,0,Away Win,2
2020,4,1,1.60338,15,6,6,8.6923,0.0,0,2,1.29078,12,4,5,12.6818,0.0,0,Away Win,2
2020,4,2,1.40963,9,4,3,14.5714,2.0,0,1,1.45071,10,5,8,5.2188,1.0,0,Home Win,0
2020,4,2,2.32831,17,12,8,18.9,2.0,0,0,1.40665,5,2,1,15.625,0.0,0,Home Win,0
2020,4,5,2.15458,9,6,3,5.6,2.0,0,2,1.39543,5,1,1,20.0667,0.0,0,Home Win,0
2020,4,0,0.244787,6,2,5,18.5385,3.0,1,0,0.845575,16,4,4,5.6333,2.0,0,Draw,1
2020,4,0,1.31917,14,3,7,17.6667,4.0,0,3,3.52537,14,4,3,6.6364,3.0,0,Away Win,2
2020,4,4,1.76204,8,4,4,13.3158,1.0,0,1,1.34566,16,3,7,6.2941,1.0,0,Home Win,0
2020,4,0,0.310335,6,1,2,13.2,4.0,0,1,2.05149,10,3,3,7.0,1.0,0,Away Win,2
2020,4,3,3.63596,18,9,5,10.2593,1.0,0,1,1.20337,10,5,6,9.6667,2.0,0,Home Win,0
2020,4,2,2.19014,7,3,2,10.3043,4.0,0,1,0.504303,10,3,4,5.1111,5.0,0,Home Win,0
2020,4,1,1.33615,9,3,4,6.9643,5.0,0,1,1.30359,12,4,6,12.6667,3.0,0,Draw,1
2020,4,2,1.42809,11,3,4,11.1111,4.0,0,1,0.745334,14,3,11,6.68,2.0,0,Home Win,0
2020,4,2,0.601898,7,2,2,6.3214,1.0,0,1,1.41709,12,3,8,7.9565,4.0,0,Home Win,0
2020,4,0,0.729653,14,5,2,9.24,5.0,0,1,0.706358,5,2,3,8.3462,1.0,0,Away Win,2
2020,4,0,0.472579,8,1,1,3.375,2.0,0,2,0.711933,6,4,0,8.2162,4.0,0,Away Win,2
2020,4,0,0.985387,17,5,8,9.3333,1.0,0,0,0.898058,6,2,2,18.4,2.0,0,Draw,1
2020,4,2,1.27314,10,4,5,7.2222,2.0,0,1,0.902764,4,2,5,9.0,3.0,0,Home Win,0
2020,4,1,1.00912,9,2,7,8.6667,4.0,0,1,0.893913,6,2,2,15.5,0.0,1,Draw,1
2020,4,1,3.23903,13,6,5,6.5263,1.0,0,1,1.55697,6,2,7,11.0909,3.0,0,Draw,1
2020,4,1,0.964915,10,4,6,12.8148,2.0,1,2,3.38056,15,5,1,9.8462,3.0,0,Away Win,2
2020,4,1,0.43368,8,3,4,18.4211,3.0,0,0,0.236951,6,1,2,5.0,4.0,0,Home Win,0
2020,4,1,0.316991,10,2,7,11.1905,1.0,0,0,0.747867,9,1,3,13.2941,2.0,0,Home Win,0
2020,4,2,1.73076,13,7,5,13.3529,1.0,0,2,0.640604,14,4,7,12.0556,1.0,0,Draw,1
2020,4,5,2.75029,10,7,8,11.2174,0.0,0,0,0.0,0,0,3,18.5,1.0,0,Home Win,0
2020,4,1,1.43667,16,4,6,3.125,0.0,0,2,0.811246,5,2,1,14.1739,4.0,0,Away Win,2
2020,4,2,0.62725,9,5,6,10.4348,3.0,0,2,1.61735,9,3,3,11.087,1.0,0,Draw,1
2020,4,0,2.19426,19,6,6,9.0294,3.0,0,0,0.618079,10,2,6,13.0,1.0,0,Draw,1
2020,4,0,0.322965,5,2,4,50.2857,0.0,0,0,0.436078,11,4,7,7.5833,1.0,0,Draw,1
2020,4,1,0.844482,12,3,4,10.7576,2.0,0,5,1.87811,14,7,5,10.5217,1.0,0,Away Win,2
2020,4,2,0.531975,9,3,4,8.0,2.0,0,0,0.699627,8,2,5,8.1364,1.0,0,Home Win,0
2020,4,1,0.292775,5,2,7,7.0357,3.0,0,2,3.65426,15,7,3,6.3529,2.0,0,Away Win,2
2020,4,0,0.792995,18,3,6,7.2667,1.0,0,1,0.6882,8,2,2,21.5,0.0,0,Away Win,2
2020,4,2,1.41404,9,4,2,23.6429,2.0,0,3,3.98456,14,7,1,9.5652,1.0,0,Away Win,2
2020,4,1,0.76247,10,2,3,17.125,2.0,0,1,1.88115,11,4,2,8.0,5.0,0,Draw,1
2020,4,1,0.184151,4,3,4,5.7857,1.0,0,0,0.487189,15,3,4,10.2353,2.0,0,Home Win,0
2020,4,0,1.38118,6,1,3,7.1212,3.0,0,1,1.01516,11,4,2,9.8462,3.0,0,Away Win,2
2020,4,2,2.3642,8,5,1,9.2353,2.0,0,0,0.976661,10,2,5,10.2381,2.0,0,Home Win,0
2020,4,3,1.64332,15,4,10,7.8214,0.0,0,0,0.154274,6,2,5,6.8125,2.0,0,Home Win,0
2020,4,0,0.924434,9,2,6,4.875,7.0,1,1,1.60276,8,4,5,10.8333,2.0,0,Away Win,2
2020,4,1,0.446278,11,4,2,13.8125,2.0,0,0,0.298366,7,3,7,8.1667,2.0,0,Home Win,0
2020,4,2,1.6256,22,6,7,13.1429,0.0,0,0,0.0721582,3,2,0,20.8333,2.0,0,Home Win,0
2020,4,2,1.32991,15,5,8,11.7368,2.0,0,2,0.987587,6,3,3,10.9474,1.0,0,Draw,1
2020,4,2,1.39303,13,3,10,22.3077,1.0,0,2,1.55726,13,4,4,10.9444,2.0,0,Draw,1
2020,4,0,0.853587,12,7,5,8.2069,3.0,0,0,0.685355,11,6,7,10.6129,3.0,0,Draw,1
2020,4,2,1.84702,14,6,9,7.0,2.0,0,1,2.08496,11,5,2,11.85,4.0,0,Home Win,0
2020,4,0,0.767031,10,2,4,13.9167,1.0,0,1,1.06817,7,3,2,5.6429,2.0,0,Away Win,2
2020,4,2,0.990604,10,1,3,15.7368,4.0,0,1,0.43525,13,5,3,4.5385,0.0,0,Home Win,0
2020,4,2,0.99637,16,6,7,13.1905,1.0,0,2,1.07261,7,3,3,23.0,2.0,0,Draw,1
2020,4,2,2.39443,16,3,7,7.5333,1.0,0,0,0.0778732,1,0,0,22.2143,3.0,1,Home Win,0
2020,4,3,1.26443,6,3,1,13.4762,0.0,0,0,0.754813,19,2,9,11.9048,0.0,0,Home Win,0
2020,4,2,2.50872,16,7,5,10.5556,3.0,2,4,1.98001,11,6,3,10.8077,3.0,1,Away Win,2
2020,4,2,1.7908,12,4,1,19.4762,0.0,0,1,1.53283,14,7,7,7.4444,0.0,0,Home Win,0
2020,4,1,0.209945,4,1,1,4.4,1.0,0,0,1.14081,13,4,5,8.3243,3.0,0,Home Win,0
2020,4,1,1.10754,14,4,5,5.72,3.0,0,1,0.605825,9,4,4,16.75,1.0,0,Draw,1
2020,4,1,1.69529,10,5,2,13.4333,3.0,0,4,1.39286,16,7,3,11.8125,3.0,0,Away Win,2
2020,4,1,1.56368,18,6,5,10.2727,0.0,0,0,0.401551,4,3,0,7.4194,1.0,0,Home Win,0
2020,4,3,1.27727,16,6,8,18.3889,2.0,0,3,3.0801,17,5,6,13.3529,2.0,0,Draw,1
2020,4,3,2.14746,14,4,3,4.2188,2.0,0,2,1.54692,10,4,5,15.1111,2.0,0,Home Win,0
2020,4,1,0.865705,10,4,3,9.4348,2.0,0,0,0.343195,6,2,5,21.8,2.0,0,Home Win,0
2020,4,0,1.38976,11,2,3,11.4815,3.0,0,2,0.600771,9,3,6,6.5455,1.0,0,Away Win,2
2020,4,0,0.886211,11,4,7,5.7391,2.0,0,2,1.66141,9,2,5,15.4737,4.0,0,Away Win,2
2020,4,4,2.83763,14,9,6,13.2353,2.0,0,2,0.841672,5,2,1,15.0,4.0,0,Home Win,0
2020,4,0,0.705495,8,1,4,15.8889,3.0,1,1,1.21866,11,2,11,10.9444,2.0,0,Away Win,2
2020,4,2,2.97525,26,9,8,6.1765,1.0,0,1,0.673558,5,2,0,20.1176,2.0,0,Home Win,0
2020,4,1,2.10966,20,4,7,15.0,3.0,1,2,0.631271,4,4,1,12.3333,2.0,0,Away Win,2
2020,4,1,1.17298,10,2,2,8.1071,1.0,0,0,0.249221,7,0,5,8.1429,5.0,1,Home Win,0
2020,4,2,0.769611,9,3,3,8.5714,5.0,1,1,0.441218,4,1,4,7.5455,0.0,0,Home Win,0
2020,4,1,1.07259,7,3,1,24.6,3.0,0,3,2.83914,20,5,8,8.5882,4.0,0,Away Win,2
2020,4,4,1.67996,14,9,2,9.8519,2.0,0,1,1.04641,19,5,4,26.0714,4.0,1,Home Win,0
2020,4,4,1.33301,9,5,2,26.2222,0.0,0,1,2.68303,20,8,10,15.1111,0.0,0,Home Win,0
2020,4,4,1.60717,12,5,3,15.9545,0.0,0,0,2.51965,17,5,6,15.1111,3.0,1,Home Win,0
2020,4,2,1.21829,11,4,8,6.0476,6.0,0,3,2.06863,11,5,4,10.9583,7.0,1,Away Win,2
2020,4,0,1.44968,17,3,6,18.48,0.0,0,1,0.284589,7,3,3,6.8095,3.0,0,Away Win,2
2020,4,0,0.444987,9,3,6,8.5263,4.0,0,0,0.46059,11,2,3,4.2308,2.0,0,Draw,1
2020,4,0,0.974788,22,8,9,6.0,2.0,0,0,0.421299,11,4,3,12.75,1.0,0,Draw,1
2020,4,2,1.51266,17,4,7,4.5172,0.0,0,2,0.424135,6,2,0,22.2,2.0,0,Draw,1
2020,4,0,0.41494,7,1,3,14.5909,1.0,0,1,2.08092,11,0,3,10.75,0.0,0,Away Win,2
2020,4,2,0.804298,14,4,6,12.04,0.0,0,1,0.614418,6,2,1,15.4211,0.0,0,Home Win,0
2020,4,1,0.35705,11,2,6,7.0476,1.0,0,0,0.785012,11,2,4,22.7647,0.0,0,Home Win,0
2020,4,1,0.995635,10,4,4,9.65,4.0,0,2,1.2916,14,3,6,9.4091,6.0,0,Away Win,2
2020,4,2,1.33082,8,3,3,12.2083,3.0,0,0,0.303264,8,2,1,10.9091,0.0,0,Home Win,0
2020,3,4,2.07145,11,7,4,11.0769,1.0,0,0,0.189144,5,0,2,13.3478,4.0,0,Home Win,0
2020,3,1,0.244959,8,2,4,12.9375,3.0,0,3,2.0629,15,11,10,7.0625,3.0,0,Away Win,2
2020,3,1,0.346071,7,2,2,20.5789,2.0,0,0,1.02247,10,5,1,7.7,2.0,0,Home Win,0
2020,3,1,0.799979,12,3,7,12.4348,3.0,0,1,1.69772,15,6,12,7.9,2.0,0,Draw,1
2020,3,4,2.82762,16,7,3,8.2593,1.0,0,0,0.445096,6,2,2,23.8571,1.0,0,Home Win,0
2020,3,2,3.57344,16,8,5,12.2727,2.0,0,1,0.769689,12,4,7,17.6,3.0,0,Home Win,0
2020,3,4,3.25836,21,7,8,4.0408,1.0,0,0,0.215209,5,1,1,42.6667,3.0,0,Home Win,0
2020,3,0,1.31989,19,6,12,6.2759,0.0,0,0,1.80757,8,1,2,15.125,1.0,0,Draw,1
2020,3,4,3.99311,22,9,6,4.1316,3.0,0,3,1.24509,10,5,1,12.1739,3.0,0,Home Win,0
2020,3,0,0.877373,9,3,4,13.625,1.0,0,1,1.84829,15,5,6,10.9615,1.0,0,Away Win,2
2020,3,1,1.05894,20,4,4,9.0476,3.0,0,1,1.6646,13,4,4,13.5217,3.0,0,Draw,1
2020,3,0,1.42805,15,4,6,5.4,2.0,0,2,1.40822,7,2,4,13.16,2.0,0,Away Win,2
2020,3,0,0.550472,5,2,5,23.4667,0.0,0,2,2.39694,15,5,8,6.2222,1.0,0,Away Win,2
2020,3,0,0.214962,6,0,6,8.6818,3.0,0,1,0.454109,9,5,2,14.5333,1.0,0,Away Win,2
2020,3,1,1.21235,11,5,6,34.6667,1.0,0,4,3.29447,17,9,10,7.4333,0.0,1,Away Win,2
2020,3,1,2.11077,13,2,5,8.1333,2.0,0,1,1.34469,15,6,4,9.3704,2.0,0,Draw,1
2020,3,1,1.41695,9,5,2,7.5294,3.0,0,1,1.54892,17,4,8,8.8095,2.0,0,Draw,1
2020,3,1,0.250814,8,4,5,12.8,3.0,0,1,0.831403,11,6,7,21.3333,1.0,0,Draw,1
2020,3,1,0.722179,9,4,3,11.9474,2.0,0,1,2.37516,15,4,5,16.9048,5.0,0,Draw,1
2020,3,1,1.28488,18,7,4,13.8235,1.0,0,1,0.271576,8,4,2,10.6364,4.0,0,Draw,1
2020,3,2,1.90042,15,7,3,13.8966,5.0,0,3,3.07629,22,11,7,6.0645,3.0,0,Away Win,2
2020,3,2,2.68523,26,8,7,5.85,1.0,0,1,0.802136,9,2,3,9.3333,4.0,1,Home Win,0
2020,3,5,3.80823,20,9,10,10.0,3.0,0,0,0.429229,8,2,2,16.9091,0.0,0,Home Win,0
2020,3,3,1.48384,18,7,7,9.2941,0.0,0,0,0.236172,3,0,2,18.0769,1.0,0,Home Win,0
2020,3,2,2.77748,14,4,4,13.3478,2.0,0,1,0.664903,9,1,3,10.7143,1.0,0,Home Win,0
2020,3,1,0.229596,5,2,1,16.0625,2.0,0,1,0.870978,14,4,4,12.913,2.0,0,Draw,1
2020,3,3,2.6291,16,8,3,7.5,1.0,0,1,0.342366,6,3,3,19.88,2.0,0,Home Win,0
2020,3,1,0.726659,9,2,3,8.931,2.0,0,1,1.56968,20,8,4,6.9268,2.0,0,Draw,1
2020,3,1,0.681548,10,2,5,28.8571,1.0,0,2,0.992927,6,4,1,5.75,2.0,0,Away Win,2
2020,3,3,1.78716,13,6,4,16.6,5.0,0,1,1.01141,9,4,1,8.2,1.0,0,Home Win,0
2020,3,0,0.255813,5,2,0,26.5,1.0,0,2,2.75909,21,10,12,7.5714,1.0,0,Away Win,2
2020,3,1,2.49235,15,5,5,5.0385,1.0,0,1,0.733652,11,4,3,31.1538,3.0,0,Draw,1
2020,3,1,0.615287,5,3,2,11.4643,2.0,0,0,0.695278,15,3,4,10.0645,4.0,0,Home Win,0
2020,3,2,1.18284,8,5,4,22.4444,2.0,0,4,1.34088,18,7,6,12.4211,2.0,0,Away Win,2
2020,3,1,1.25246,20,5,8,12.4667,3.0,0,1,0.397923,11,4,6,6.2353,1.0,0,Draw,1
2020,3,1,1.49329,10,5,3,8.0,1.0,1,3,3.66229,9,6,6,19.2941,2.0,0,Away Win,2
2020,3,1,1.35118,17,4,1,5.75,2.0,0,1,0.399372,7,1,3,23.8333,2.0,0,Draw,1
2020,3,2,2.0858,15,5,10,9.88,2.0,0,2,3.48931,16,6,8,6.5769,4.0,0,Draw,1
2020,3,3,2.43212,15,7,3,8.4615,2.0,0,0,0.577152,8,3,4,15.8571,3.0,0,Home Win,0
2020,3,5,2.25166,12,9,5,20.8947,0.0,0,0,0.259002,6,1,1,29.6154,1.0,0,Home Win,0
2020,3,2,3.36371,13,7,4,10.5152,1.0,0,2,1.70687,21,3,9,5.6087,1.0,0,Draw,1
2020,3,0,0.350601,8,1,2,9.4242,3.0,0,3,2.51682,12,6,6,13.55,0.0,0,Away Win,2
2020,3,2,2.30881,15,5,4,12.0,2.0,0,3,1.33621,14,7,3,8.8824,2.0,0,Away Win,2
2020,3,2,2.65255,14,8,3,10.125,1.0,0,1,2.63695,16,5,7,7.5517,3.0,0,Home Win,0
2020,3,4,1.53904,13,4,6,8.3636,4.0,0,3,3.02085,15,6,2,15.0,2.0,0,Home Win,0
2020,3,1,1.6736,15,2,7,3.9091,1.0,0,1,1.63104,7,3,3,16.625,3.0,0,Draw,1
2020,3,1,1.70506,14,6,2,10.1875,1.0,0,1,0.813971,9,5,1,17.6316,4.0,1,Draw,1
2020,3,3,1.75486,13,8,3,8.0256,3.0,0,3,1.45618,22,8,4,6.4063,2.0,0,Draw,1
2020,3,0,1.00376,13,7,6,11.2857,0.0,0,2,2.66289,18,7,4,5.7714,1.0,0,Away Win,2
2020,3,1,0.0,0,0,0,22.8947,0.0,0,2,1.32693,8,4,10,12.2,1.0,0,Away Win,2
2020,3,1,0.888746,8,3,5,7.4318,3.0,0,1,0.911677,10,2,6,7.8095,2.0,0,Draw,1
2020,3,2,1.20761,9,3,4,10.7419,1.0,0,5,2.83449,16,8,3,8.2188,1.0,0,Away Win,2
2020,3,1,1.47979,20,6,9,12.1,0.0,0,3,3.20461,20,8,4,46.5556,1.0,0,Away Win,2
2020,3,1,1.08472,10,3,5,13.0,1.0,0,2,1.89238,9,3,4,11.8333,2.0,0,Away Win,2
2020,3,1,2.76041,16,5,6,5.5926,1.0,0,2,1.59253,6,5,2,17.3333,2.0,0,Away Win,2
2020,3,2,2.84171,15,6,6,9.6818,2.0,0,1,1.76313,14,3,7,15.381,2.0,0,Home Win,0
2020,3,4,3.15544,18,9,5,9.375,2.0,0,1,0.734533,13,2,4,15.1739,3.0,0,Home Win,0
2020,3,0,1.04196,16,1,6,6.875,2.0,0,0,0.517533,5,3,1,12.25,1.0,0,Draw,1
2020,3,5,1.53686,13,6,0,9.44,2.0,0,3,0.860897,5,4,5,18.4211,3.0,1,Home Win,0
2020,3,3,1.95856,15,7,4,17.1765,2.0,0,3,1.33746,12,4,5,6.0313,3.0,0,Draw,1
2020,3,1,1.78391,9,3,11,15.8636,0.0,0,1,1.1082,10,4,5,5.6129,0.0,1,Draw,1
2020,3,1,0.385539,10,2,4,10.8571,3.0,0,1,0.470106,10,5,1,16.913,1.0,0,Draw,1
2020,3,1,1.38666,15,4,4,14.4783,0.0,0,3,0.889035,13,6,3,7.3529,0.0,0,Away Win,2
2020,3,3,1.00047,9,5,10,12.4737,0.0,0,3,1.56492,7,4,2,23.0,1.0,0,Draw,1
2020,3,3,1.45954,10,7,4,9.0357,0.0,0,1,0.793064,12,2,3,20.0,1.0,0,Home Win,0
2020,3,2,4.02129,22,7,5,13.1481,1.0,0,2,1.66853,12,4,5,9.0,2.0,0,Draw,1
2020,3,1,0.847822,9,1,6,12.6552,6.0,0,1,1.1385,16,5,5,11.5263,1.0,0,Draw,1
2020,3,3,0.768378,10,7,9,5.72,1.0,0,1,0.268079,5,1,2,26.6875,3.0,1,Home Win,0
2020,3,0,1.22701,15,4,2,11.871,2.0,0,3,2.45305,25,9,8,7.7,3.0,0,Away Win,2
2020,3,2,1.08565,6,3,3,19.6111,0.0,0,2,1.90682,16,6,8,8.7895,1.0,0,Draw,1
2020,3,1,0.647875,13,3,2,8.3611,4.0,0,2,2.13261,11,7,4,10.7931,4.0,0,Away Win,2
2020,3,2,1.18485,12,5,2,7.0526,3.0,0,1,2.54193,14,4,3,9.5714,2.0,0,Home Win,0
2020,3,1,0.776004,12,4,8,5.8,2.0,0,5,3.07677,18,10,2,20.4444,3.0,0,Away Win,2
2020,3,2,2.40107,15,7,1,9.0286,3.0,0,0,0.599394,10,2,6,17.9474,1.0,0,Home Win,0
2020,3,1,1.35982,16,4,13,10.619,3.0,0,1,0.36509,7,3,2,11.65,2.0,0,Draw,1
2020,3,4,2.12151,13,8,6,9.5,3.0,0,1,1.67451,11,4,5,15.4815,6.0,2,Home Win,0
2020,3,2,2.81209,18,9,8,7.6923,5.0,0,1,1.51392,7,4,1,15.6429,2.0,0,Home Win,0
2020,3,2,2.43027,16,7,5,11.0968,3.0,0,0,0.238384,5,2,4,11.8333,0.0,0,Home Win,0
2020,3,1,1.08682,12,5,4,29.3333,3.0,0,1,1.06474,12,5,7,6.2083,2.0,0,Draw,1
2020,3,0,1.26169,15,4,5,9.75,4.0,0,1,0.838955,9,6,3,20.8,4.0,1,Away Win,2
2020,3,2,1.25437,9,4,2,14.85,3.0,1,2,1.90769,16,4,3,5.7037,4.0,0,Draw,1
2020,3,0,0.490128,11,0,5,5.24,3.0,0,0,0.742962,5,0,4,17.3182,1.0,0,Draw,1
2020,3,0,0.376573,9,2,2,10.6,2.0,0,2,1.15776,11,3,3,12.2,1.0,0,Away Win,2
2020,3,0,0.251532,7,0,2,18.0,1.0,0,4,1.93376,14,7,6,7.0,1.0,0,Away Win,2
2020,3,1,0.14594,6,3,4,14.8182,3.0,0,2,3.37771,15,9,4,12.7391,2.0,0,Away Win,2
2020,3,0,0.702085,12,2,1,7.6897,1.0,0,1,0.370523,9,2,3,8.5909,2.0,0,Away Win,2
2020,3,2,2.18597,14,5,2,7.4,3.0,0,2,1.01547,15,5,3,12.5,3.0,0,Draw,1
2020,3,2,1.26746,11,2,7,5.9677,3.0,0,1,1.10816,17,6,7,12.8182,1.0,0,Home Win,0
2020,3,0,0.752599,6,2,5,7.6429,2.0,0,1,0.476324,4,3,5,12.6316,0.0,0,Away Win,2
2020,3,3,2.12722,10,3,4,9.0882,6.0,1,3,1.14256,8,5,5,5.6296,4.0,0,Draw,1
2020,3,0,1.57839,19,6,8,9.1538,1.0,0,0,0.205395,4,1,2,31.9167,0.0,0,Draw,1
2020,3,1,2.12823,15,5,3,12.28,1.0,1,2,2.28754,16,5,3,8.0286,3.0,0,Away Win,2
2020,3,1,0.307742,7,2,5,10.2414,1.0,0,2,1.41401,14,3,7,16.1,1.0,0,Away Win,2
2020,3,1,1.67526,13,5,4,8.8125,2.0,0,0,1.10934,9,2,6,20.7273,3.0,0,Home Win,0
2020,3,4,2.96729,17,9,7,13.1667,0.0,0,1,1.03828,10,3,3,5.0769,0.0,0,Home Win,0
2020,3,2,1.38214,12,5,8,21.8947,1.0,0,1,1.1837,16,3,6,5.2083,1.0,0,Home Win,0
2020,3,0,0.338524,9,2,1,10.7143,6.0,0,1,0.89989,9,3,6,4.2778,5.0,0,Away Win,2
2020,3,0,0.388426,8,1,2,13.6538,2.0,0,1,1.30319,13,7,5,9.3333,2.0,0,Away Win,2
2020,3,0,1.44889,15,4,2,11.6364,1.0,0,2,2.37301,15,6,4,8.6957,4.0,0,Away Win,2
2020,3,5,4.11014,17,12,10,5.0,2.0,0,2,1.1937,12,7,2,38.5833,1.0,0,Home Win,0
2020,3,2,2.00235,14,8,10,11.0588,3.0,0,0,1.21991,21,5,5,13.44,1.0,0,Home Win,0
2020,3,1,1.14476,15,6,8,6.85,2.0,0,3,2.08,10,5,3,10.1622,2.0,0,Away Win,2
2020,3,2,1.34155,11,4,2,13.3704,0.0,0,1,0.752325,7,2,7,6.44,0.0,0,Home Win,0
2020,3,3,2.06576,21,9,9,7.25,2.0,0,0,0.717925,11,4,5,11.0,2.0,0,Home Win,0
2020,3,0,0.454651,12,2,8,9.0882,2.0,0,1,1.23997,11,4,3,8.36,3.0,0,Away Win,2
2020,3,0,1.0178,11,2,6,7.1154,2.0,0,2,1.30377,9,2,5,15.2381,4.0,0,Away Win,2
2020,3,0,0.707828,7,0,3,15.75,2.0,0,1,1.88594,24,6,14,15.2667,1.0,0,Away Win,2
2020,3,0,0.891246,10,1,3,15.4545,2.0,0,1,2.64018,22,8,6,8.4194,1.0,0,Away Win,2
2020,3,1,1.59439,12,4,3,11.4348,0.0,0,3,2.57475,15,6,3,8.3514,2.0,0,Away Win,2
2020,3,3,0.96923,8,4,3,23.1053,1.0,0,2,1.32717,16,4,8,8.88,1.0,0,Home Win,0
2020,3,1,0.588228,12,3,3,3.7097,2.0,0,1,0.481943,2,1,1,21.8889,2.0,0,Draw,1
2020,3,5,2.91627,13,6,1,12.4167,0.0,0,0,0.139728,5,2,3,17.9412,0.0,0,Home Win,0
2020,3,2,1.00289,13,6,5,9.2069,3.0,0,2,1.89061,10,5,3,12.1905,1.0,1,Draw,1
2020,3,4,2.13307,12,5,5,8.2647,2.0,0,0,1.84328,19,4,4,6.1379,4.0,0,Home Win,0
2020,3,0,1.10303,9,1,3,11.7826,2.0,0,2,2.44043,13,7,7,7.9444,1.0,0,Away Win,2
2020,3,1,0.97454,12,3,4,10.3793,3.0,1,4,4.01214,26,10,11,9.9167,2.0,0,Away Win,2
2020,3,1,0.623296,12,2,8,11.2857,1.0,0,0,0.603143,11,5,3,7.0741,1.0,0,Home Win,0
2020,3,2,3.01697,25,9,14,14.5,1.0,0,1,0.76215,8,2,3,13.7619,2.0,0,Home Win,0
2020,3,1,1.89801,17,7,1,3.9063,1.0,0,1,0.536442,9,3,2,15.2593,2.0,0,Draw,1
2020,3,0,0.655307,12,5,5,14.6667,1.0,0,0,0.596397,9,2,3,8.1389,1.0,0,Draw,1
2020,3,2,0.806904,8,2,6,11.6364,4.0,0,2,2.41624,12,9,6,13.3529,3.0,0,Draw,1
2020,3,3,1.97864,17,11,8,6.1111,0.0,0,1,0.135505,4,1,2,25.3333,1.0,0,Home Win,0
2020,3,1,1.21832,11,3,2,25.3684,1.0,0,0,0.794473,13,3,3,6.8571,2.0,0,Home Win,0
2020,3,0,0.336553,8,1,5,11.5455,2.0,0,0,0.419961,13,3,4,7.9,3.0,0,Draw,1
2020,3,2,1.20083,11,5,4,17.1111,0.0,0,0,0.943511,6,1,4,10.3077,1.0,0,Home Win,0
2020,3,2,1.63795,19,6,5,13.2353,2.0,0,2,1.43375,8,5,2,14.5926,3.0,0,Draw,1
2020,3,1,1.34987,16,5,5,10.04,1.0,0,0,0.121799,4,1,1,24.4211,1.0,0,Home Win,0
2020,3,1,0.645527,11,6,7,8.5333,2.0,0,0,0.813286,13,3,5,33.6,2.0,0,Home Win,0
2020,3,2,1.82076,23,13,6,12.6667,2.0,0,1,1.25761,16,3,5,11.0345,2.0,0,Home Win,0
2020,3,2,0.850102,12,4,4,13.0952,3.0,0,2,1.45197,15,3,5,7.4737,3.0,0,Draw,1
2020,3,0,1.33502,13,2,3,7.4167,1.0,0,3,1.07527,11,6,2,14.381,1.0,0,Away Win,2
2020,3,1,1.14009,14,7,5,9.7895,2.0,0,2,1.7479,13,3,8,15.2609,1.0,0,Away Win,2
2020,3,0,0.372223,8,0,2,10.3,1.0,0,2,0.989418,9,2,5,5.3,2.0,0,Away Win,2
2020,3,0,1.21994,9,0,5,11.2308,2.0,0,1,1.98194,13,4,7,6.9565,0.0,0,Away Win,2
2020,3,3,1.8577,9,3,2,17.9545,1.0,0,0,1.32249,10,3,6,8.75,0.0,0,Home Win,0
2020,3,4,2.33235,10,7,3,19.2632,1.0,0,2,1.93273,15,7,7,9.5484,0.0,0,Home Win,0
2020,3,0,0.572384,10,3,6,6.8696,1.0,0,1,1.0586,8,4,2,17.9524,1.0,0,Away Win,2
2020,3,3,2.66263,13,4,6,14.6316,2.0,0,0,2.28505,15,4,9,7.0938,3.0,0,Home Win,0
2020,3,2,1.53443,10,5,3,8.8065,2.0,0,1,3.02675,26,10,5,8.1579,0.0,0,Home Win,0
2020,3,1,1.99787,18,10,7,6.4545,2.0,0,4,1.39323,7,5,1,16.1765,3.0,0,Away Win,2
2020,3,0,0.937959,13,3,3,26.2,1.0,0,4,3.12798,31,13,7,5.2564,1.0,0,Away Win,2
2020,3,3,1.97152,9,4,3,12.6897,2.0,0,2,1.86151,13,5,9,5.6667,4.0,0,Home Win,0
2020,3,2,0.94986,8,4,2,17.1667,3.0,0,1,1.62585,9,5,3,5.9032,1.0,0,Home Win,0
2020,3,1,0.328715,8,4,0,9.9714,2.0,0,5,2.56406,15,7,8,9.0741,2.0,0,Away Win,2
2020,3,4,1.94572,15,9,10,12.5882,1.0,0,1,1.87397,16,5,4,20.4118,0.0,0,Home Win,0
2020,3,3,1.92275,14,5,10,6.0541,0.0,0,1,0.305739,6,1,1,22.1765,1.0,0,Home Win,0
2020,3,1,1.68828,16,2,6,9.2353,2.0,0,0,0.905761,8,3,6,8.2759,2.0,0,Home Win,0
2020,3,3,2.00557,12,5,5,12.25,0.0,0,0,0.684054,10,2,10,7.0385,0.0,0,Home Win,0
2020,3,3,1.78331,15,7,4,6.3,1.0,0,1,0.381451,8,3,7,15.4737,4.0,0,Home Win,0
2020,3,1,0.691595,13,2,2,22.1667,1.0,0,1,0.580509,13,4,9,11.0,3.0,0,Draw,1
2020,3,3,1.50709,14,6,3,9.0,2.0,0,1,0.949382,8,3,5,5.6875,1.0,0,Home Win,0
2020,3,1,0.64374,15,5,6,13.36,0.0,0,1,0.467918,6,1,1,9.037,4.0,0,Draw,1
2020,3,2,1.02742,11,3,2,8.35,1.0,0,0,0.298779,9,2,4,5.8571,4.0,0,Home Win,0
2020,3,1,0.42778,10,2,4,7.125,4.0,0,2,0.816611,7,3,1,32.4286,2.0,0,Away Win,2
2020,3,5,4.60657,24,11,4,8.1852,0.0,0,2,1.30625,13,7,4,14.4211,0.0,0,Home Win,0
2020,3,1,0.637718,6,1,4,11.3103,0.0,0,3,1.26357,9,5,7,10.4545,3.0,0,Away Win,2
2020,3,2,0.167725,6,3,1,27.0,1.0,0,1,1.28601,16,6,1,7.28,2.0,0,Home Win,0
2020,3,0,1.24698,10,7,3,13.1818,2.0,0,1,1.8015,14,6,11,6.8929,1.0,0,Away Win,2
2020,3,0,0.125218,3,1,1,15.4737,2.0,0,3,3.10182,26,10,7,4.8947,1.0,0,Away Win,2
2020,3,1,2.20728,10,5,3,13.2381,2.0,0,0,0.937962,11,4,1,9.9474,5.0,1,Home Win,0
2020,3,0,0.384821,9,1,7,23.8462,2.0,0,2,2.19806,17,7,4,8.1429,0.0,0,Away Win,2
2020,3,0,2.49186,26,8,9,5.7586,0.0,1,2,1.64589,5,2,0,20.0,2.0,0,Away Win,2
2020,3,3,2.29294,18,11,5,7.6538,1.0,0,3,1.71797,7,3,2,19.7647,1.0,0,Draw,1
2020,3,2,1.19058,7,3,1,6.871,3.0,0,2,2.19249,13,6,7,10.0345,7.0,0,Draw,1
2020,3,2,2.26243,16,6,3,7.1724,3.0,0,1,0.938388,4,2,4,12.5517,5.0,0,Home Win,0
2020,3,2,1.75183,11,5,2,7.5,5.0,0,2,2.27515,19,5,2,10.8108,1.0,0,Draw,1
2020,3,0,0.641105,17,6,9,11.7727,1.0,0,0,0.663321,11,3,6,9.1613,3.0,0,Draw,1
2020,3,2,2.94491,16,7,7,7.3793,3.0,0,0,0.554721,6,1,2,17.4348,1.0,0,Home Win,0
2020,3,0,1.9379,20,3,1,10.5862,3.0,0,0,0.335784,5,0,6,6.24,2.0,0,Draw,1
2020,3,0,0.907057,12,4,4,23.1875,0.0,0,0,0.375641,8,2,1,12.0741,2.0,0,Draw,1
2020,3,1,1.3857,11,3,1,7.4054,2.0,0,1,0.832358,10,2,5,8.2,2.0,0,Draw,1
2020,3,1,0.659888,12,4,4,8.3077,1.0,0,2,0.665514,8,6,4,20.4,1.0,0,Away Win,2
2020,3,4,2.66057,12,6,6,11.6667,2.0,0,0,0.109963,2,1,3,10.92,2.0,0,Home Win,0
2020,3,0,0.836092,9,1,2,7.8095,2.0,0,1,1.49682,15,4,4,17.9048,2.0,0,Away Win,2
2020,3,2,1.9074,13,6,6,11.3704,2.0,0,1,1.5483,22,6,10,11.0556,1.0,0,Home Win,0
2020,3,0,0.859063,9,4,3,11.0455,1.0,0,3,1.16338,14,6,4,18.0,1.0,0,Away Win,2
2020,3,0,0.830269,13,2,4,13.32,2.0,0,4,1.85349,10,6,2,6.25,2.0,0,Away Win,2
2020,3,0,0.650885,9,0,0,13.3478,2.0,0,1,0.606729,9,3,6,18.7895,1.0,0,Away Win,2
2020,3,1,0.931657,6,3,1,29.2308,2.0,0,1,0.397505,10,3,4,5.1304,4.0,0,Draw,1
2020,3,0,0.319638,7,2,3,17.0526,0.0,0,3,1.67634,12,6,8,14.2778,2.0,0,Away Win,2
2020,3,5,2.40221,14,7,4,12.7391,2.0,0,1,0.985369,6,3,4,14.88,1.0,0,Home Win,0
2020,3,3,2.50855,20,9,5,13.5882,0.0,0,0,0.636679,8,2,2,15.76,3.0,0,Home Win,0
2020,3,3,1.89119,20,10,3,5.5161,2.0,0,2,1.94164,5,2,4,12.7391,2.0,0,Home Win,0
2020,3,1,1.15987,22,5,8,9.6875,2.0,0,2,1.47636,6,3,3,30.2308,3.0,0,Away Win,2
2020,3,2,0.620957,10,2,3,10.1667,5.0,1,0,1.18868,9,2,5,12.3913,0.0,0,Home Win,0
2020,3,1,0.958613,5,1,3,17.2105,0.0,0,1,1.53526,14,3,4,17.2353,2.0,0,Draw,1
2020,3,0,0.454814,11,6,5,5.75,1.0,0,1,1.27616,9,3,3,16.6923,2.0,0,Away Win,2
2020,3,2,1.10682,9,5,2,19.7222,4.0,0,1,1.17887,12,4,8,4.1944,3.0,0,Home Win,0
2020,3,5,2.68633,17,9,11,10.7273,2.0,0,1,1.64536,10,5,9,9.3478,3.0,0,Home Win,0
2020,3,2,2.68531,17,7,6,4.8571,2.0,0,1,0.836158,8,4,1,14.5455,3.0,0,Home Win,0
2020,3,0,0.414149,2,2,2,9.4444,2.0,0,0,0.848925,19,2,6,4.8367,2.0,0,Draw,1
2020,3,1,1.50386,16,4,9,7.3158,2.0,0,1,1.20768,12,5,3,25.6667,0.0,0,Draw,1
2020,3,0,0.213406,4,2,3,21.3636,0.0,0,0,1.49282,8,3,3,17.5,0.0,0,Draw,1
2020,3,4,2.69537,27,9,6,8.36,1.0,0,2,0.723629,4,3,0,19.3333,1.0,0,Home Win,0
2020,3,0,0.544034,8,3,7,16.52,0.0,0,1,1.36843,13,5,8,14.2632,2.0,0,Away Win,2
2020,3,2,0.989132,9,4,2,12.72,2.0,0,1,1.82597,18,7,6,8.8889,4.0,1,Home Win,0
2020,3,0,0.197373,5,1,1,13.8571,1.0,0,3,1.97309,13,7,2,8.4815,1.0,0,Away Win,2
2020,3,1,1.56516,19,7,13,5.697,2.0,0,1,1.15519,8,1,4,8.1818,3.0,0,Draw,1
2020,3,2,1.93335,12,4,7,8.7895,1.0,0,0,0.0761441,3,0,0,47.7,1.0,1,Home Win,0
2020,3,1,1.81298,14,8,4,7.0,2.0,0,1,0.694577,5,2,3,10.12,3.0,0,Draw,1
2020,3,1,2.37314,20,5,9,3.7037,2.0,0,2,2.28117,11,5,5,19.5217,1.0,0,Away Win,2
2020,3,5,2.50491,16,7,3,7.0303,0.0,0,0,0.241952,5,1,8,12.55,1.0,0,Home Win,0
2020,3,2,2.37875,14,7,6,17.619,2.0,0,1,1.05403,9,5,6,7.8462,3.0,0,Home Win,0
2020,3,1,1.83812,11,7,0,7.5405,1.0,0,0,1.48247,12,3,4,10.5217,3.0,0,Home Win,0
2020,3,3,1.14857,10,3,1,24.0,0.0,0,1,2.30606,26,7,10,8.0417,0.0,0,Home Win,0
2020,3,1,0.76636,8,4,3,46.5714,1.0,0,3,3.96745,20,6,8,7.65,0.0,0,Away Win,2
2020,3,2,1.03802,7,4,4,14.2917,0.0,0,0,0.97511,16,5,4,9.9583,2.0,0,Home Win,0
2020,3,4,2.6153,15,7,1,15.2857,1.0,1,0,1.12324,12,4,3,8.4194,2.0,0,Home Win,0
2020,3,1,1.05065,8,2,2,9.0556,0.0,0,2,3.20297,15,7,9,15.4,0.0,0,Away Win,2
2020,3,2,2.06607,14,5,3,6.037,7.0,0,0,0.821272,20,7,5,17.7333,2.0,0,Home Win,0
2020,3,5,2.53513,9,5,2,12.5238,1.0,0,2,2.9206,25,8,4,17.6316,2.0,0,Home Win,0
2020,3,3,2.00238,13,9,4,14.1304,0.0,0,0,2.00246,12,1,8,3.3077,2.0,0,Home Win,0
2020,3,0,0.185724,4,1,2,26.4444,1.0,0,3,2.06675,21,7,7,8.5217,2.0,0,Away Win,2
2020,3,2,1.32405,10,2,5,30.4615,1.0,0,2,1.81107,13,4,2,12.0,1.0,0,Draw,1
2020,3,1,1.06983,10,4,3,8.069,3.0,0,2,1.20287,15,3,9,7.7813,1.0,0,Away Win,2
2020,3,0,0.290363,7,0,1,32.5625,2.0,0,1,2.509,20,8,7,3.8824,1.0,0,Away Win,2
2020,3,1,2.14799,19,5,10,8.2963,0.0,0,2,1.7596,14,3,2,9.3571,3.0,0,Away Win,2
2020,3,0,0.486813,14,2,8,9.6774,3.0,0,1,0.597457,9,5,4,8.5,2.0,0,Away Win,2
2020,3,2,1.48872,19,6,0,13.28,1.0,0,1,1.96748,10,4,3,7.8824,3.0,0,Home Win,0
2020,3,2,0.861271,8,3,5,8.4063,1.0,0,1,1.05068,6,2,4,15.5667,0.0,0,Home Win,0
2020,3,1,0.729338,12,5,5,8.1724,2.0,0,0,1.20907,9,1,4,15.6875,1.0,0,Home Win,0
2020,3,1,0.801212,13,3,2,12.3158,2.0,0,1,0.850228,4,1,3,29.3,4.0,0,Draw,1
2020,3,1,2.45668,11,6,2,5.3793,4.0,0,1,0.376815,10,2,3,15.75,1.0,0,Draw,1
2020,3,1,0.695308,14,3,6,9.5652,1.0,0,0,0.362475,10,2,0,12.6786,2.0,0,Home Win,0
2020,3,2,0.560474,7,2,2,21.3889,1.0,0,1,0.754596,15,5,10,6.68,1.0,0,Home Win,0
2020,3,1,0.809251,14,2,8,9.5,2.0,0,1,0.908459,7,2,1,19.8333,0.0,0,Draw,1
2020,3,0,0.0916581,2,0,1,14.8846,1.0,0,0,0.32178,5,3,1,11.3214,1.0,0,Draw,1
2020,3,4,0.748811,8,5,3,9.8182,3.0,0,3,1.69595,20,8,7,5.0968,2.0,0,Home Win,0
2020,3,2,1.41784,23,7,11,9.7619,2.0,0,2,1.24723,7,4,3,19.2941,1.0,1,Draw,1
2020,3,1,0.858301,7,2,4,12.2609,0.0,0,0,1.14952,12,4,6,11.1667,2.0,0,Home Win,0
2020,3,2,2.49731,23,4,2,6.3182,2.0,0,3,1.51737,9,5,5,20.7647,1.0,0,Away Win,2
2020,3,1,1.32791,12,2,2,11.6364,0.0,0,4,1.68371,8,4,2,10.7619,0.0,0,Away Win,2
2020,3,1,1.35635,13,4,4,15.6,3.0,0,0,0.4306,10,1,2,17.4167,2.0,0,Home Win,0
2020,3,2,1.51604,13,3,3,13.1818,4.0,0,3,1.12634,17,7,8,14.25,2.0,0,Away Win,2
2020,3,4,3.07111,17,8,7,7.7931,1.0,0,1,0.973347,10,3,4,38.5455,4.0,0,Home Win,0
2020,3,0,1.43967,16,2,4,7.8966,0.0,0,0,0.179248,5,0,1,27.2857,2.0,0,Draw,1
2020,3,4,2.95451,21,4,7,20.1667,2.0,0,0,0.609687,16,4,8,7.3182,4.0,0,Home Win,0
2020,3,3,1.98802,8,5,2,18.7059,1.0,0,0,0.828829,13,2,3,16.0,1.0,0,Home Win,0
2020,3,2,1.25011,7,3,6,7.9167,2.0,0,3,1.72716,14,9,5,9.4286,1.0,0,Away Win,2
2020,3,4,2.07564,13,8,3,7.931,2.0,0,0,0.716727,4,2,4,15.25,1.0,0,Home Win,0
2020,3,2,1.53511,9,4,4,12.1786,2.0,0,1,0.790129,9,2,4,14.3529,3.0,0,Home Win,0
2020,3,1,2.8172,16,9,6,8.5385,2.0,0,1,1.54384,7,5,4,15.0,3.0,0,Draw,1
2020,3,0,0.752755,10,3,7,10.8261,4.0,0,0,0.824002,9,1,3,10.1481,1.0,0,Draw,1
2020,3,2,1.89266,23,8,7,7.9032,0.0,0,0,0.540312,7,4,3,15.08,0.0,0,Home Win,0
2020,3,2,6.37227,20,11,4,21.8571,2.0,0,0,0.274853,5,1,3,19.625,1.0,0,Home Win,0
2020,3,3,2.31017,19,6,5,13.3529,3.0,0,2,0.8843,6,2,4,21.7333,0.0,0,Home Win,0
2020,3,2,1.16892,11,4,7,7.069,3.0,0,0,1.41189,15,4,5,23.3571,1.0,0,Home Win,0
2020,3,3,2.03873,13,6,4,21.0556,4.0,0,0,0.850618,13,4,6,7.9643,3.0,0,Home Win,0
2020,3,2,0.594852,5,3,0,34.6364,2.0,0,1,2.01175,25,6,8,5.8095,3.0,0,Home Win,0
2020,3,0,0.8847,20,3,10,9.375,1.0,0,1,1.38294,14,5,4,17.6842,2.0,0,Away Win,2
2020,3,1,2.29829,15,5,4,7.8621,3.0,0,0,0.252122,5,0,2,12.3077,5.0,1,Home Win,0
2020,3,1,1.77065,10,4,4,10.4737,3.0,0,3,1.70299,13,4,1,9.075,0.0,0,Away Win,2
2020,3,2,3.71376,25,11,10,5.5135,2.0,0,0,0.128485,1,0,1,20.4615,0.0,1,Home Win,0
2020,3,5,3.75166,20,12,4,12.8824,1.0,0,0,0.594905,9,4,1,18.5652,1.0,0,Home Win,0
2020,3,3,2.08585,19,9,5,18.2941,1.0,0,1,1.83222,12,5,6,11.2963,1.0,0,Home Win,0
2020,3,0,1.36199,21,2,10,11.1053,1.0,0,2,1.04957,8,4,2,13.6875,3.0,1,Away Win,2
2020,3,1,1.31762,14,6,6,20.7143,1.0,0,1,1.55721,17,4,5,15.8125,2.0,0,Draw,1
2020,3,3,1.69915,16,6,11,8.4483,0.0,0,1,0.44826,9,5,2,26.0909,0.0,0,Home Win,0
2020,3,1,1.07359,12,1,1,34.3333,3.0,0,2,1.48104,17,6,7,11.2273,5.0,1,Away Win,2
2020,3,2,1.1149,6,3,2,14.4783,3.0,0,1,1.16918,15,4,3,3.4074,4.0,0,Home Win,0
2020,3,2,1.84086,13,5,6,8.3846,2.0,0,3,1.82475,15,6,3,14.8235,3.0,0,Away Win,2
2020,3,6,3.02349,22,7,5,10.6296,0.0,1,0,0.806609,14,3,3,13.9643,2.0,0,Home Win,0
2020,3,3,2.00128,15,4,7,16.1176,1.0,0,2,1.50553,14,8,7,8.92,1.0,0,Home Win,0
2020,3,4,1.53696,21,12,9,6.6563,1.0,0,2,0.816991,6,3,3,35.5,2.0,0,Home Win,0
2020,3,3,1.94262,17,8,4,9.3043,1.0,0,0,0.577025,9,1,3,35.5,0.0,0,Home Win,0
2020,3,1,0.691369,14,3,8,5.5714,2.0,0,1,0.52553,6,3,2,19.4091,0.0,0,Draw,1
2020,3,0,0.757903,11,4,4,9.7059,3.0,0,0,0.501126,13,6,3,21.5556,4.0,0,Draw,1
2020,3,1,1.72084,18,2,3,10.0,2.0,0,4,2.49672,11,6,2,10.8696,2.0,0,Away Win,2
2020,3,0,0.552662,12,1,4,13.48,3.0,1,0,1.05171,14,4,6,8.5652,2.0,0,Draw,1
2020,3,2,1.62191,16,7,2,7.4583,0.0,0,1,2.11055,21,9,12,12.5769,0.0,0,Home Win,0
2020,3,2,1.9175,13,4,11,6.0833,3.0,0,2,1.07835,13,5,3,12.913,3.0,0,Draw,1
2020,3,1,0.491123,9,4,2,12.8148,2.0,0,2,0.532199,11,6,1,8.6389,4.0,0,Away Win,2
2020,3,1,1.56402,10,4,4,18.3333,2.0,0,1,1.53974,13,6,5,15.4286,2.0,0,Draw,1
2020,3,2,0.964354,14,5,4,16.2727,1.0,0,2,2.49234,16,5,8,10.2174,2.0,0,Draw,1
2020,3,0,0.0752744,1,1,1,18.0,2.0,0,0,1.65371,12,4,5,8.0417,2.0,0,Draw,1
2020,3,4,2.69368,11,6,1,25.7,0.0,0,3,3.0473,25,9,13,5.4412,2.0,0,Home Win,0
2020,3,1,1.38457,11,5,4,22.0,0.0,0,3,2.12969,13,4,2,11.7222,0.0,0,Away Win,2
2020,3,2,1.70665,13,5,5,13.9,3.0,1,0,0.602641,14,5,5,6.4667,3.0,1,Home Win,0
2020,3,1,1.65894,19,6,10,45.75,1.0,0,1,1.57706,7,3,4,9.2174,2.0,0,Draw,1
2020,3,5,4.85963,26,14,10,7.4444,1.0,0,2,1.73838,9,4,2,19.2353,1.0,0,Home Win,0
2020,3,3,1.62981,9,3,3,22.2308,0.0,0,1,1.56956,16,7,6,19.1905,0.0,0,Home Win,0
2020,3,2,1.90885,21,4,4,12.6957,0.0,0,1,1.60949,9,5,3,22.0714,0.0,0,Home Win,0
2020,3,2,1.30713,16,5,7,5.8148,3.0,0,3,1.57286,16,7,7,11.7308,3.0,0,Away Win,2
2020,3,3,2.30602,16,10,8,12.7619,1.0,0,1,0.525229,11,6,1,22.9167,0.0,0,Home Win,0
2020,3,2,1.05622,10,4,7,12.8276,2.0,0,1,2.4444,19,8,3,9.0,1.0,0,Home Win,0
2020,3,1,1.98992,21,10,8,3.2813,1.0,0,0,0.337227,6,0,4,17.0625,2.0,0,Home Win,0
2020,3,2,1.88004,16,8,3,9.2927,1.0,0,4,1.99606,16,8,5,10.0769,2.0,0,Away Win,2
2020,3,0,0.844397,12,0,3,4.6842,1.0,0,2,1.52995,10,3,6,18.0833,0.0,0,Away Win,2
2020,2,1,2.02799,22,5,8,8.2105,0.0,0,2,2.18148,18,8,4,12.4783,3.0,0,Away Win,2
2020,2,4,1.85563,7,4,3,8.3462,2.0,0,1,1.5945,15,6,4,9.7419,3.0,0,Home Win,0
2020,2,1,1.18572,17,2,5,7.8919,2.0,0,2,0.444269,7,1,2,10.4643,4.0,0,Away Win,2
2020,2,0,1.66689,10,4,4,16.1111,1.0,0,1,0.762958,13,3,1,8.0968,0.0,0,Away Win,2
2020,2,5,3.60777,21,12,3,10.4545,0.0,0,2,0.655559,12,3,9,15.3182,0.0,0,Home Win,0
2020,2,1,0.8907,7,2,4,8.96,2.0,0,0,1.82239,17,7,10,6.0833,1.0,0,Home Win,0
2020,2,1,1.20722,12,4,7,11.9231,3.0,1,1,0.719092,12,3,8,9.4231,4.0,1,Draw,1
2020,2,1,1.23442,11,4,7,24.3333,1.0,0,0,0.633776,8,2,6,6.8182,1.0,0,Home Win,0
2020,2,3,2.64977,17,5,4,6.3226,1.0,0,0,0.152433,4,2,6,14.64,2.0,0,Home Win,0
2020,2,2,1.61051,12,3,2,12.4167,1.0,0,1,1.36435,14,4,6,12.5714,2.0,0,Home Win,0
2020,2,4,1.17201,19,11,6,16.1579,1.0,0,1,0.640405,13,4,2,7.5278,3.0,0,Home Win,0
2020,2,1,2.54683,19,6,3,6.8214,3.0,0,2,2.06232,11,4,5,8.7857,4.0,0,Away Win,2
2020,2,3,1.83414,12,7,3,14.4,2.0,0,0,0.454609,10,0,3,12.6522,2.0,0,Home Win,0
2020,2,1,1.39522,10,3,3,12.0357,3.0,0,1,1.58494,11,2,4,11.1818,3.0,1,Draw,1
2020,2,3,1.45422,14,6,7,6.2903,2.0,0,4,3.23668,25,12,11,7.6,2.0,0,Away Win,2
2020,2,2,0.925627,12,2,5,7.8108,2.0,0,2,1.08362,9,3,5,8.0968,2.0,0,Draw,1
2020,2,2,1.24172,13,6,2,8.12,2.0,1,3,1.79136,11,5,4,15.6667,3.0,0,Away Win,2
2020,2,3,1.71631,16,4,11,11.3448,3.0,0,2,0.96514,9,3,2,10.8889,2.0,0,Home Win,0
2020,2,5,4.18819,20,7,6,7.5143,3.0,0,2,1.55972,10,4,4,12.9545,2.0,0,Home Win,0
2020,2,0,0.88144,18,10,14,6.9,1.0,0,0,0.38231,6,2,2,12.8636,4.0,0,Draw,1
2020,2,1,2.09742,20,5,3,7.2692,3.0,0,3,2.49916,7,4,1,10.1333,4.0,0,Away Win,2
2020,2,1,0.650046,9,3,3,17.3,3.0,0,2,2.26936,19,5,15,6.3077,1.0,0,Away Win,2
2020,2,4,2.08322,19,8,5,13.8148,2.0,0,2,1.40714,12,6,1,13.0625,4.0,1,Home Win,0
2020,2,3,1.20434,5,3,2,12.4,1.0,0,2,2.6861,16,6,7,6.4,3.0,0,Home Win,0
2020,2,0,0.0128508,1,0,1,16.6364,1.0,0,2,1.63844,14,4,9,6.7619,1.0,0,Away Win,2
2020,2,1,2.17723,22,6,6,8.381,1.0,0,1,0.599908,6,2,3,12.1923,4.0,0,Draw,1
2020,2,2,1.42977,10,3,8,9.2069,3.0,0,1,1.75593,21,5,9,8.9655,3.0,0,Home Win,0
2020,2,3,2.81817,13,8,7,13.4211,3.0,0,3,2.35903,12,7,7,17.0,2.0,0,Draw,1
2020,2,2,3.67014,17,6,12,12.9091,3.0,0,2,0.965076,14,6,3,8.84,2.0,0,Draw,1
2020,2,3,1.69093,17,6,6,5.0,2.0,0,3,2.08517,17,10,8,20.5238,2.0,0,Draw,1
2020,2,3,1.46614,22,9,7,11.0,3.0,0,2,1.26683,7,3,3,6.5405,3.0,0,Home Win,0
2020,2,1,0.524608,6,1,1,13.6667,1.0,0,2,3.49595,19,6,3,5.2449,3.0,0,Away Win,2
2020,2,2,3.0518,25,9,15,4.0278,1.0,0,2,0.760875,5,3,2,28.1111,1.0,0,Draw,1
2020,2,0,2.14387,22,6,12,16.1786,2.0,0,2,1.52493,8,4,3,25.2222,2.0,0,Away Win,2
2020,2,2,3.6279,17,6,7,9.6857,3.0,0,0,0.37308,8,1,4,7.1786,2.0,1,Home Win,0
2020,2,1,0.858208,9,3,7,7.4848,5.0,0,1,1.18373,11,4,4,13.0417,1.0,0,Draw,1
2020,2,1,0.546346,16,3,4,15.0769,3.0,0,4,2.88171,7,4,3,11.5,1.0,0,Away Win,2
2020,2,3,2.4688,11,4,7,23.4286,2.0,0,4,1.75598,12,5,1,7.093,4.0,0,Away Win,2
2020,2,1,0.956217,9,2,2,14.2083,2.0,0,2,1.02378,12,4,4,8.4348,2.0,0,Away Win,2
2020,2,3,2.51742,14,6,4,7.0,5.0,0,1,1.60386,15,5,5,6.1212,4.0,1,Home Win,0
2020,2,1,0.955473,9,2,2,15.9048,1.0,0,1,0.815144,10,3,5,11.7727,3.0,0,Draw,1
2020,2,0,0.251291,3,1,2,14.25,3.0,0,3,1.45194,12,6,4,7.8148,3.0,0,Away Win,2
2020,2,0,0.729048,9,3,4,10.7619,3.0,0,1,1.40583,19,4,7,16.5625,0.0,0,Away Win,2
2020,2,2,1.89967,13,5,2,9.4074,0.0,0,0,0.134345,5,1,6,8.2955,2.0,1,Home Win,0
2020,2,1,0.64745,7,5,1,18.1176,1.0,0,3,3.49225,18,9,8,10.4545,0.0,0,Away Win,2
2020,2,1,1.07713,14,4,4,9.3529,2.0,0,1,1.27201,11,5,2,16.1765,2.0,0,Draw,1
2020,2,2,3.65495,34,8,14,6.0556,1.0,0,2,2.20988,7,3,1,12.3636,3.0,0,Draw,1
2020,2,0,0.131692,5,0,2,16.5,1.0,0,0,0.814627,6,4,3,8.3548,2.0,0,Draw,1
2020,2,0,0.0834694,4,1,3,10.8,2.0,0,0,0.0917939,2,0,6,18.5,2.0,0,Draw,1
2020,2,0,0.235946,4,0,6,9.4333,3.0,0,0,0.300792,8,2,3,9.0357,4.0,1,Draw,1
2020,2,0,0.432377,13,4,2,6.8214,3.0,0,2,1.79345,15,9,6,10.8,4.0,0,Away Win,2
2020,2,0,1.21172,7,2,4,4.8571,2.0,0,1,0.565303,13,4,4,10.5517,3.0,0,Away Win,2
2020,2,4,3.74566,13,4,1,6.3488,3.0,0,2,1.97826,13,6,1,14.4545,2.0,0,Home Win,0
2020,2,2,2.54799,23,6,9,4.5238,3.0,0,0,0.0831584,4,0,1,20.8182,2.0,0,Home Win,0
2020,2,1,1.8847,20,8,8,8.5417,3.0,1,3,1.83664,15,7,5,9.8485,4.0,0,Away Win,2
2020,2,3,3.20915,20,7,4,12.3667,0.0,0,0,0.0318982,1,1,1,27.375,0.0,0,Home Win,0
2020,2,1,0.817944,11,4,9,9.7143,2.0,0,2,1.73409,11,3,10,8.2727,2.0,0,Away Win,2
2020,2,0,0.594898,9,2,1,8.0357,3.0,0,0,2.20038,11,4,2,8.5526,3.0,0,Draw,1
2020,2,1,0.413067,8,2,4,8.6897,2.0,0,0,0.731116,9,0,8,9.4444,3.0,1,Home Win,0
2020,2,0,1.3932,19,3,6,6.2424,1.0,0,2,0.51,11,4,1,10.4706,3.0,0,Away Win,2
2020,2,0,1.20139,20,5,4,12.6111,2.0,0,2,1.78911,7,2,1,18.6875,3.0,0,Away Win,2
2020,2,1,0.439998,8,3,5,29.75,6.0,0,1,1.64625,16,5,8,7.5385,1.0,1,Draw,1
2020,2,1,1.80058,14,7,10,7.5714,2.0,0,0,0.401219,8,1,3,5.4571,4.0,0,Home Win,0
2020,2,2,1.44548,12,5,4,10.3214,0.0,0,2,2.7383,16,5,5,4.9375,4.0,0,Draw,1
2020,2,1,1.58372,14,5,2,8.7143,2.0,0,2,1.40499,9,3,2,8.6333,2.0,0,Away Win,2
2020,2,1,1.22788,11,6,4,8.5,3.0,0,3,1.42863,9,4,4,22.9167,4.0,0,Away Win,2
2020,2,2,2.85768,17,4,3,9.5357,2.0,0,0,0.602734,5,3,6,7.9167,4.0,0,Home Win,0
2020,2,4,2.05867,14,8,11,18.875,1.0,0,0,0.314633,8,1,4,17.0952,2.0,0,Home Win,0
2020,2,0,0.753035,13,3,6,7.5333,3.0,0,3,1.49985,11,4,2,19.2105,1.0,0,Away Win,2
2020,2,2,1.63863,14,7,6,10.4444,1.0,0,2,1.38058,11,2,2,12.037,2.0,0,Draw,1
2020,2,0,0.508882,6,1,4,26.7647,3.0,1,4,1.93801,13,6,1,10.4,3.0,0,Away Win,2
2020,2,1,2.79212,19,7,5,14.8,2.0,0,1,1.37691,5,3,1,10.0625,2.0,0,Draw,1
2020,2,3,1.98287,14,7,7,20.7333,1.0,0,1,1.1214,14,7,3,12.5263,2.0,0,Home Win,0
2020,2,2,2.52836,17,4,13,5.6471,3.0,1,1,1.34238,7,2,1,19.4118,3.0,0,Home Win,0
2020,2,0,0.501198,10,0,6,10.3333,4.0,0,0,0.340508,8,2,3,27.25,4.0,0,Draw,1
2020,2,0,1.27993,16,1,12,29.6364,5.0,1,0,0.209882,5,1,5,10.64,3.0,0,Draw,1
2020,2,1,0.986547,9,3,9,17.0526,2.0,0,2,2.66831,13,6,6,4.9615,1.0,0,Away Win,2
2020,2,1,1.7297,17,4,7,7.0714,3.0,0,2,0.437896,4,2,0,24.25,1.0,0,Away Win,2
2020,2,1,0.418061,6,1,2,17.7143,3.0,0,1,1.28447,17,4,7,5.1034,2.0,0,Draw,1
2020,2,1,3.02671,18,3,7,10.4375,2.0,0,1,1.67924,13,3,5,9.0769,0.0,0,Draw,1
2020,2,3,2.8038,20,7,11,10.12,1.0,0,0,0.461794,4,2,2,12.0,2.0,0,Home Win,0
2020,2,1,0.354826,7,1,1,8.1786,4.0,0,5,4.03543,15,7,5,15.05,2.0,0,Away Win,2
2020,2,1,1.61081,11,3,3,27.3077,2.0,0,3,2.74594,21,11,9,7.0303,1.0,0,Away Win,2
2020,2,4,1.69279,9,7,1,16.9333,3.0,0,1,0.824038,10,5,4,6.8148,3.0,0,Home Win,0
2020,2,1,0.484378,3,2,0,20.6875,3.0,0,3,3.60091,18,10,10,3.439,3.0,0,Away Win,2
2020,2,1,0.647828,12,4,5,7.5185,5.0,0,2,0.955041,7,4,3,11.4286,3.0,0,Away Win,2
2020,2,2,1.8515,26,6,13,7.913,3.0,0,2,0.603434,4,2,1,17.1111,3.0,0,Draw,1
2020,2,2,1.51835,18,7,7,11.3333,3.0,0,1,0.713804,7,3,5,20.8095,4.0,0,Home Win,0
2020,2,1,1.08927,6,2,1,13.0556,2.0,1,0,2.09826,30,4,10,9.6296,4.0,0,Home Win,0
2020,2,2,1.07631,8,3,2,7.8462,3.0,0,3,1.47406,10,3,2,10.6129,3.0,0,Away Win,2
2020,2,1,1.43093,15,6,4,31.3,2.0,1,1,0.416738,13,2,8,6.9697,2.0,0,Draw,1
2020,2,1,1.71835,16,4,4,14.5385,4.0,0,1,1.7103,13,5,1,7.0526,4.0,0,Draw,1
2020,2,2,1.22979,9,4,4,12.8261,2.0,0,2,2.05417,13,4,10,7.6207,3.0,0,Draw,1
2020,2,1,1.31797,5,2,4,15.5,5.0,0,0,3.25581,18,3,3,20.2857,3.0,1,Home Win,0
2020,2,1,2.71039,12,7,2,6.6,3.0,0,1,0.902039,15,6,6,11.6,2.0,0,Draw,1
2020,2,0,0.870374,13,2,8,8.52,1.0,0,0,0.265316,8,4,5,13.4545,1.0,0,Draw,1
2020,2,3,3.04581,13,5,4,8.1,4.0,0,1,0.975058,17,6,2,13.0,3.0,1,Home Win,0
2020,2,2,2.66532,10,4,3,9.68,6.0,0,2,1.61165,10,6,4,6.08,1.0,0,Draw,1
2020,2,0,1.10391,15,6,9,8.8929,1.0,0,0,0.123143,4,2,1,9.8636,4.0,0,Draw,1
2020,2,1,1.49333,8,3,6,6.6667,2.0,1,2,0.779474,9,3,3,7.6579,4.0,0,Away Win,2
2020,2,4,1.91426,14,8,2,11.76,2.0,0,1,0.712758,5,3,2,14.3043,3.0,0,Home Win,0
2020,2,2,1.55436,11,3,6,14.3889,1.0,0,0,0.245022,8,2,5,5.5161,3.0,0,Home Win,0
2020,2,1,0.628497,11,3,5,10.16,2.0,0,1,1.43641,13,4,7,13.6667,1.0,0,Draw,1
2020,2,1,1.68253,10,1,4,4.2903,2.0,0,1,1.24682,6,3,1,8.6364,2.0,0,Draw,1
2020,2,2,1.26331,9,4,3,22.8824,1.0,0,1,0.779401,7,1,2,16.3333,2.0,0,Home Win,0
2020,2,2,0.701577,10,2,4,13.25,4.0,0,0,0.982563,14,6,9,9.4583,3.0,0,Home Win,0
2020,2,0,0.926619,11,4,4,25.2941,0.0,0,4,2.80045,19,7,9,7.5455,1.0,0,Away Win,2
2020,2,3,2.48022,12,4,3,7.8085,2.0,0,1,1.04297,6,2,1,9.9474,2.0,0,Home Win,0
2020,2,1,1.04718,16,5,6,8.7059,1.0,0,2,1.41457,11,5,4,24.2143,3.0,0,Away Win,2
2020,2,1,1.10564,14,4,4,7.4138,1.0,0,1,2.17731,16,6,8,8.1,3.0,0,Draw,1
2020,2,2,1.08799,9,3,1,13.0455,2.0,0,2,1.89381,12,6,5,8.8649,2.0,0,Draw,1
2020,2,2,0.7999,11,6,3,8.7083,4.0,0,1,1.50226,14,7,6,5.5238,6.0,0,Home Win,0
2020,2,0,0.388088,13,3,5,13.5,1.0,1,3,1.53117,10,5,5,12.8333,4.0,0,Away Win,2
2020,2,3,1.88103,13,5,4,14.381,2.0,0,2,1.45797,13,7,6,5.2188,4.0,0,Home Win,0
2020,2,1,0.896358,15,6,4,8.24,3.0,0,1,0.390204,10,3,3,21.8947,3.0,0,Draw,1
2020,2,3,3.36165,15,8,6,6.0,3.0,0,2,1.19646,9,2,0,7.8372,2.0,0,Home Win,0
2020,2,2,1.6455,26,6,14,8.1765,2.0,1,3,2.16381,14,8,6,11.6875,4.0,0,Away Win,2
2020,2,1,0.530442,8,4,4,6.24,3.0,0,2,1.24789,7,5,2,16.4,4.0,0,Away Win,2
2020,2,0,2.4683,15,3,7,4.1163,1.0,0,2,0.338064,9,4,1,16.6667,2.0,0,Away Win,2
2020,2,1,1.23629,6,2,2,10.6552,4.0,0,2,2.0312,18,5,8,5.5556,2.0,0,Away Win,2
2020,2,5,3.50279,23,7,8,9.0,3.0,0,1,0.499119,10,4,3,6.7308,1.0,0,Home Win,0
2020,2,0,2.34965,25,5,12,9.8,1.0,0,2,1.53692,10,2,4,12.5909,3.0,1,Away Win,2
2020,2,1,0.860583,8,1,3,19.2222,4.0,1,4,5.2489,34,12,8,13.0,1.0,0,Away Win,2
2020,2,0,0.352245,9,0,8,16.3889,4.0,0,0,0.633738,7,3,5,14.8125,3.0,0,Draw,1
2020,2,1,1.14509,10,3,4,13.3636,2.0,0,1,1.34628,12,3,9,6.7692,4.0,0,Draw,1
2020,2,6,2.4614,16,8,3,17.9474,0.0,0,2,1.85185,9,3,3,37.75,3.0,0,Home Win,0
2020,2,4,3.54071,20,10,7,6.3333,3.0,0,1,1.75781,10,3,1,52.875,0.0,0,Home Win,0
2020,2,0,0.846876,16,4,9,6.4324,2.0,0,3,1.67327,12,5,3,16.1579,2.0,0,Away Win,2
2020,2,1,2.40692,21,6,8,4.6452,3.0,0,0,0.229603,5,2,2,13.6071,5.0,0,Home Win,0
2020,2,0,0.450318,7,1,3,5.8966,6.0,1,1,1.5461,12,3,5,8.1304,0.0,0,Away Win,2
2020,2,3,2.38532,17,6,12,16.1739,1.0,0,0,0.0467904,2,0,3,16.1875,1.0,0,Home Win,0
2020,2,2,1.30678,10,6,4,10.0476,4.0,1,2,1.70449,17,6,6,11.4667,3.0,0,Draw,1
2020,2,1,1.16751,12,5,7,12.3571,4.0,1,2,1.23401,10,4,6,12.08,3.0,0,Away Win,2
2020,2,1,0.498045,14,5,3,7.7273,2.0,0,3,1.89996,12,4,4,7.3542,3.0,0,Away Win,2
2020,2,2,1.91891,13,3,2,14.4737,3.0,0,1,1.77283,11,5,9,10.2917,1.0,0,Home Win,0
2020,2,1,1.02584,20,8,7,8.8333,1.0,0,3,2.3569,14,6,4,15.2308,2.0,0,Away Win,2
2020,2,1,4.01311,29,10,10,9.52,2.0,0,2,1.92698,9,3,2,16.4762,5.0,1,Away Win,2
2020,2,2,1.3375,10,3,4,25.4545,3.0,0,1,2.49173,25,7,10,7.7143,4.0,0,Home Win,0
2020,2,2,2.26,17,3,8,5.8,3.0,0,1,1.04966,7,2,2,17.5,3.0,0,Home Win,0
2020,2,1,1.36437,18,3,9,12.85,1.0,0,1,0.299538,8,2,3,8.2273,3.0,0,Draw,1
2020,2,1,0.945676,5,2,1,16.8125,3.0,0,4,4.0811,27,12,11,4.7955,2.0,0,Away Win,2
2020,2,1,1.90744,14,4,9,6.4865,1.0,0,0,1.25523,9,2,5,14.625,3.0,0,Home Win,0
2020,2,2,1.0511,10,7,1,15.0,2.0,0,0,1.03548,14,3,4,5.8077,0.0,0,Home Win,0
2020,2,3,3.03948,23,8,6,11.0,4.0,0,1,0.542444,10,2,3,21.8889,1.0,1,Home Win,0
2020,2,2,1.58807,8,4,7,7.4,6.0,0,0,0.372133,9,1,5,8.7083,2.0,0,Home Win,0
2020,2,0,0.38214,10,3,5,12.0833,4.0,0,2,3.416,21,5,6,15.3333,1.0,0,Away Win,2
2020,2,2,0.904251,14,8,3,11.6129,3.0,0,2,1.9311,17,6,7,14.5909,3.0,0,Draw,1
2020,2,2,1.71534,9,4,4,7.8261,4.0,0,1,0.433748,6,3,2,12.5217,3.0,0,Home Win,0
2020,2,1,2.22446,17,8,2,20.6842,3.0,0,2,1.7625,17,6,7,18.3077,1.0,0,Away Win,2
2020,2,2,1.29189,13,6,6,8.5333,3.0,0,1,0.832994,9,2,4,6.5263,3.0,0,Home Win,0
2020,2,0,2.08328,19,2,9,6.7273,1.0,0,0,0.905971,7,3,1,19.1875,2.0,0,Draw,1
2020,2,1,2.59435,20,5,7,8.6154,2.0,0,0,0.695086,8,1,3,6.8571,1.0,0,Home Win,0
2020,2,0,1.1919,17,2,7,21.7059,2.0,0,2,1.69958,10,6,4,8.2857,3.0,1,Away Win,2
2020,2,4,1.49503,9,3,4,12.05,1.0,0,1,2.46021,22,5,13,6.5862,3.0,1,Home Win,0
2020,2,2,1.73238,17,5,3,20.4,2.0,0,0,0.368127,9,4,4,12.1538,2.0,0,Home Win,0
2020,2,3,0.941571,8,8,1,19.9474,5.0,0,0,0.639638,6,1,7,7.6667,4.0,0,Home Win,0
2020,2,6,2.24139,10,7,1,18.0,1.0,0,0,1.1403,10,2,4,13.1154,0.0,0,Home Win,0
2020,2,2,1.50541,15,6,11,8.625,1.0,0,1,2.78281,16,5,5,14.6111,1.0,0,Home Win,0
2020,2,1,1.81397,16,4,5,7.9524,3.0,0,1,0.698377,11,2,2,10.6667,2.0,0,Draw,1
2020,2,0,0.994528,10,1,6,7.4167,3.0,0,0,0.310945,6,3,2,18.4091,3.0,1,Draw,1
2020,2,2,1.60271,10,3,6,25.0,1.0,0,2,1.4463,16,5,4,4.4839,3.0,0,Draw,1
2020,2,2,1.03932,13,6,5,11.4167,2.0,0,1,0.611551,10,3,3,9.381,2.0,0,Home Win,0
2020,2,1,2.49498,11,6,4,13.9565,1.0,0,0,1.27481,13,5,7,12.2857,2.0,0,Home Win,0
2020,2,2,3.5214,23,11,7,15.4375,3.0,0,0,0.43025,11,2,6,9.8929,2.0,0,Home Win,0
2020,2,2,2.00707,20,6,9,12.8846,2.0,0,1,0.657277,5,1,6,11.5652,3.0,0,Home Win,0
2020,2,0,1.74436,14,2,5,8.5455,2.0,0,3,2.39517,18,7,7,10.5,1.0,0,Away Win,2
2020,2,0,1.05418,12,6,5,7.7097,1.0,0,2,2.1892,11,3,5,10.96,1.0,0,Away Win,2
2020,2,4,2.59451,14,7,3,10.1212,3.0,0,3,1.46005,6,3,1,14.5238,1.0,0,Home Win,0
2020,2,0,0.210828,6,1,3,25.0,3.0,0,0,0.725987,10,4,4,8.0,2.0,0,Draw,1
2020,2,3,2.35109,14,7,3,10.3333,2.0,0,1,0.903544,12,2,3,10.5455,3.0,0,Home Win,0
2020,2,0,0.63775,13,4,3,9.4211,3.0,0,3,1.25048,11,4,11,7.8649,1.0,0,Away Win,2
2020,2,0,0.240857,6,1,5,18.6957,4.0,0,2,1.63913,9,3,7,8.8,2.0,0,Away Win,2
2020,2,1,1.18024,8,3,2,5.9744,0.0,0,3,2.39061,14,7,2,12.12,2.0,0,Away Win,2
2020,2,1,1.3455,11,5,6,9.75,2.0,0,2,3.3292,15,10,4,8.3448,1.0,0,Away Win,2
2020,2,2,1.05768,10,3,7,11.4138,2.0,0,0,0.540369,5,1,6,11.56,4.0,0,Home Win,0
2020,2,1,0.879547,10,5,3,22.1765,2.0,0,1,1.89569,15,4,14,6.6364,3.0,0,Draw,1
2020,2,0,0.816035,10,5,2,5.2222,6.0,1,1,1.20302,6,3,2,14.0,4.0,1,Away Win,2
2020,2,3,2.18476,15,6,4,10.28,2.0,0,1,0.728479,8,1,5,8.5333,1.0,0,Home Win,0
2020,2,4,1.65732,12,6,7,9.1034,0.0,0,0,0.0,0,0,3,18.1,2.0,0,Home Win,0
2020,2,1,2.16367,15,3,7,5.3947,2.0,0,1,1.48381,8,1,2,10.7,2.0,2,Draw,1
2020,2,0,0.787202,15,5,5,7.1471,2.0,0,3,1.45085,15,5,1,12.875,1.0,0,Away Win,2
2020,2,1,1.0166,14,6,12,8.0455,2.0,0,0,1.23787,7,2,2,13.381,2.0,0,Home Win,0
2020,2,4,3.26629,21,11,8,10.8,3.0,0,0,0.483519,10,2,6,10.4762,1.0,0,Home Win,0
2020,2,0,0.54225,16,3,7,16.6316,3.0,0,2,2.48145,14,6,7,14.4118,1.0,0,Away Win,2
2020,2,2,1.09369,4,2,1,15.68,2.0,0,1,2.09283,26,9,6,6.0333,3.0,0,Home Win,0
2020,2,2,0.251055,3,2,2,31.3333,2.0,0,0,0.652535,14,3,9,13.1333,2.0,0,Home Win,0
2020,2,1,0.949104,12,3,2,11.75,4.0,0,1,1.70084,13,5,10,5.2273,2.0,0,Draw,1
2020,2,1,0.974042,8,4,5,7.0417,2.0,0,2,1.65222,13,6,5,8.8667,3.0,0,Away Win,2
2020,2,3,2.05759,11,4,4,5.7297,3.0,0,3,2.80114,21,6,3,12.0909,2.0,0,Draw,1
2020,2,2,2.21674,16,8,10,12.2381,2.0,0,0,0.324304,6,0,8,8.1667,4.0,0,Home Win,0
2020,2,0,0.203346,4,1,6,13.0667,3.0,0,1,0.966776,10,2,6,6.1724,3.0,0,Away Win,2
2020,2,1,1.91922,12,2,8,7.4583,3.0,0,1,0.80004,14,6,3,10.32,2.0,0,Draw,1
2020,2,2,1.37373,8,3,6,7.0741,1.0,0,1,1.28041,16,6,7,7.0,3.0,0,Home Win,0
2020,2,0,0.406879,10,2,3,14.1364,2.0,0,0,0.209162,6,2,5,12.8824,4.0,0,Draw,1
2020,2,1,1.05643,8,2,3,19.8,2.0,0,0,2.01493,23,6,9,6.8571,3.0,0,Home Win,0
2020,2,3,2.41606,12,7,4,39.625,2.0,0,1,0.975673,15,6,0,16.1429,1.0,0,Home Win,0
2020,2,2,1.33279,17,4,5,8.9118,3.0,0,0,0.522191,7,0,2,9.875,1.0,0,Home Win,0
2020,2,2,1.25993,12,4,4,5.1463,4.0,0,1,1.28195,13,2,4,7.95,2.0,0,Home Win,0
2020,2,1,0.737979,6,4,7,16.0,1.0,0,2,2.7814,23,4,8,5.4706,1.0,0,Away Win,2
2020,2,3,2.98143,13,5,7,8.8333,2.0,0,0,0.310308,6,1,2,11.4643,0.0,0,Home Win,0
2020,2,1,1.75431,30,8,10,3.3704,1.0,0,1,0.547118,5,2,6,23.8,0.0,1,Draw,1
2020,2,3,4.42058,27,8,7,10.1,3.0,0,0,0.654355,15,2,3,18.1667,1.0,0,Home Win,0
2020,2,0,0.707265,15,8,7,10.1364,2.0,0,3,2.95518,16,6,7,21.3077,1.0,0,Away Win,2
2020,2,4,2.68448,18,5,6,9.6579,2.0,0,2,0.624734,4,2,2,12.7,1.0,0,Home Win,0
2020,2,0,0.24834,6,3,1,23.2308,4.0,1,0,0.917367,11,4,9,3.8667,1.0,0,Draw,1
2020,2,1,1.36887,12,6,4,6.2667,4.0,0,0,1.27226,10,0,5,9.9688,3.0,0,Home Win,0
2020,2,3,2.08276,10,5,0,12.3333,4.0,0,0,0.854682,10,2,6,9.15,0.0,0,Home Win,0
2020,2,0,0.804795,18,1,8,7.037,3.0,0,1,1.16138,10,5,3,6.2917,2.0,0,Away Win,2
2020,2,2,2.71894,16,5,3,10.7273,7.0,0,2,1.34636,14,3,2,9.7917,4.0,0,Draw,1
2020,2,2,0.942869,14,3,5,7.8571,1.0,0,2,1.17826,9,3,1,9.9643,1.0,0,Draw,1
2020,2,0,0.459133,8,3,5,10.9667,1.0,0,2,1.37431,20,8,6,11.5,3.0,0,Away Win,2
2020,2,2,2.34858,18,5,8,8.6923,3.0,1,0,0.430179,4,3,2,17.1111,2.0,0,Home Win,0
2020,2,0,0.859768,14,3,7,6.2222,2.0,0,2,1.47542,9,4,4,10.5,4.0,1,Away Win,2
2020,2,1,1.00916,9,3,3,16.5,1.0,0,0,0.393598,8,2,9,10.7,2.0,0,Home Win,0
2020,2,3,2.85565,24,12,9,13.6923,0.0,0,0,0.104998,3,2,1,21.4667,2.0,0,Home Win,0
2020,2,1,0.7004,13,4,8,6.4865,2.0,0,1,1.22214,15,5,5,6.7826,2.0,0,Draw,1
2020,2,2,1.30451,11,6,4,13.7647,1.0,0,0,2.4983,20,7,7,5.4571,2.0,0,Home Win,0
2020,2,1,1.198,18,8,5,9.6071,3.0,0,2,3.2493,17,9,8,11.9583,3.0,0,Away Win,2
2020,2,2,1.50261,11,4,8,5.4865,3.0,0,2,1.22437,11,5,2,8.4615,4.0,0,Draw,1
2020,2,3,2.1526,18,11,6,11.52,1.0,0,2,1.41405,14,4,3,7.8966,2.0,0,Home Win,0
2020,2,1,0.807935,12,2,2,17.0556,0.0,0,2,3.45928,11,6,2,12.1034,1.0,0,Away Win,2
2020,2,3,2.4724,14,5,6,9.2692,2.0,0,3,2.54342,16,5,4,21.0,2.0,0,Draw,1
2020,2,1,0.44021,7,2,2,17.0588,1.0,0,2,1.38176,12,6,3,7.5,2.0,0,Away Win,2
2020,2,1,0.282448,6,1,2,9.3438,1.0,0,1,0.554452,11,4,4,12.1923,0.0,0,Draw,1
2020,2,3,2.61694,18,7,5,9.72,2.0,0,0,1.26299,12,1,10,11.7083,0.0,0,Home Win,0
2020,2,0,2.14691,23,7,4,6.5333,4.0,0,0,0.280579,6,3,0,15.4783,0.0,0,Draw,1
2020,2,1,1.31277,12,7,7,6.0,4.0,0,1,0.772446,5,2,2,10.6154,1.0,0,Draw,1
2020,2,0,0.345715,5,1,2,13.5294,0.0,0,3,1.81493,9,4,7,9.52,1.0,0,Away Win,2
2020,2,1,0.918475,11,5,10,10.0645,2.0,0,0,0.572194,13,5,4,4.9545,2.0,0,Home Win,0
2020,2,5,3.83419,21,11,4,7.6,0.0,0,1,0.599388,4,2,3,15.25,2.0,0,Home Win,0
2020,2,1,0.181511,5,1,7,11.1667,0.0,0,0,0.676989,13,3,7,8.9412,1.0,0,Home Win,0
2020,2,1,1.68194,11,3,3,4.8571,2.0,0,1,0.319654,5,2,1,15.3636,4.0,0,Draw,1
2020,2,3,1.22462,14,7,6,11.7083,2.0,0,1,0.770095,16,4,3,8.3704,0.0,0,Home Win,0
2020,2,2,0.52749,12,5,3,10.75,4.0,0,2,0.979884,9,4,5,12.25,3.0,0,Draw,1
2020,2,1,1.11292,17,2,7,12.7407,1.0,0,0,0.22588,6,2,1,14.4,4.0,0,Home Win,0
2020,2,3,1.44911,7,5,4,7.7895,0.0,0,1,0.876141,15,4,4,13.6957,1.0,0,Home Win,0
2020,2,0,1.12134,11,1,8,8.6522,2.0,0,2,1.02359,11,3,1,9.7143,0.0,0,Away Win,2
2020,2,3,1.2552,5,2,3,12.48,0.0,0,3,2.66766,8,5,3,6.1034,3.0,0,Draw,1
2020,2,2,1.7241,13,7,5,28.3333,1.0,0,0,0.944927,10,2,6,4.1875,0.0,0,Home Win,0
2020,2,4,2.60234,19,7,8,9.9545,4.0,0,2,1.97011,18,4,8,5.3448,2.0,1,Home Win,0
2020,2,3,2.70511,25,6,5,5.8529,0.0,0,2,1.38008,6,3,1,21.1333,3.0,0,Home Win,0
2020,2,1,1.543,17,4,8,6.7727,3.0,0,4,2.26928,11,5,3,12.32,1.0,0,Away Win,2
2020,2,1,1.35492,6,3,1,28.3077,0.0,0,2,2.51476,13,3,8,6.5,1.0,0,Away Win,2
2020,2,1,0.656951,12,4,8,11.4828,0.0,0,3,2.33997,10,6,5,15.6875,2.0,0,Away Win,2
2020,2,0,1.48364,13,5,5,13.2,1.0,1,1,1.34959,15,4,4,14.8,3.0,0,Away Win,2
2020,2,2,2.09688,7,4,0,11.8261,3.0,0,0,1.6811,21,6,12,7.6875,3.0,0,Home Win,0
2020,2,3,2.26652,10,7,2,10.087,2.0,0,1,1.56796,18,4,6,8.4231,2.0,0,Home Win,0
2020,2,3,2.01267,14,7,3,12.963,2.0,0,1,1.24595,7,3,5,18.0,0.0,0,Home Win,0
2020,2,1,1.64784,11,2,6,8.3929,3.0,0,1,1.91532,9,3,3,43.5714,1.0,0,Draw,1
2020,2,3,1.56376,17,8,6,15.4737,3.0,0,2,1.47961,13,6,5,6.9643,2.0,0,Home Win,0
2020,2,0,0.145024,3,1,4,7.0769,3.0,0,2,2.06793,16,6,7,7.7586,2.0,0,Away Win,2
2020,2,2,1.94617,17,4,10,8.55,4.0,0,3,3.85076,21,9,3,5.5172,7.0,0,Away Win,2
2020,2,2,1.03827,12,5,4,8.7778,1.0,0,1,2.95218,13,6,4,11.5,2.0,0,Home Win,0
2020,2,1,2.09686,12,8,1,6.9667,5.0,0,2,0.896292,9,2,3,21.7059,2.0,0,Away Win,2
2020,2,0,1.92074,12,3,6,16.4706,1.0,0,1,1.51277,16,6,11,12.35,3.0,0,Away Win,2
2020,2,2,0.445056,7,2,8,15.1579,1.0,0,3,1.83261,13,3,8,7.1,3.0,0,Away Win,2
2020,2,0,0.733296,8,3,6,15.8095,5.0,0,2,1.07404,11,5,4,12.1481,3.0,0,Away Win,2
2020,2,2,1.27678,7,2,1,31.5714,2.0,0,1,0.868116,15,3,8,10.619,3.0,0,Home Win,0
2020,2,0,2.31196,21,7,9,3.1034,2.0,0,1,0.247326,7,1,1,11.2593,4.0,0,Away Win,2
2020,2,1,0.774348,6,2,1,11.44,0.0,0,0,0.739358,11,0,7,5.4348,1.0,0,Home Win,0
2020,2,4,3.45014,26,8,4,8.8462,0.0,0,3,1.17165,8,4,6,20.6842,4.0,0,Home Win,0
2020,2,1,1.18401,8,1,4,11.75,2.0,0,1,0.905325,10,3,2,14.7143,1.0,1,Draw,1
2020,2,0,1.26861,12,2,4,12.4,4.0,0,1,2.12357,14,3,4,11.9583,4.0,0,Away Win,2
2020,2,2,1.15909,10,6,5,14.2083,3.0,0,2,3.29698,22,8,6,6.7,2.0,0,Draw,1
2020,2,2,1.38823,6,4,3,12.7407,2.0,0,2,1.2091,17,6,3,4.96,1.0,0,Draw,1
2020,2,2,3.38116,13,6,3,11.05,4.0,0,2,1.55499,11,8,4,19.8571,3.0,0,Draw,1
2020,2,1,0.96551,14,3,5,8.0952,2.0,0,1,1.01539,6,4,5,13.8261,5.0,1,Draw,1
2020,2,2,2.36513,11,5,3,9.3929,3.0,2,1,0.938101,7,3,4,12.0,3.0,0,Home Win,0
2020,2,3,2.63099,23,8,4,5.6047,0.0,0,2,0.738068,9,3,1,30.0,2.0,0,Home Win,0
2020,2,0,1.24308,24,5,6,10.1333,1.0,0,2,1.30136,10,5,5,8.1905,3.0,0,Away Win,2
2020,2,2,1.28762,10,2,0,16.0909,3.0,0,3,3.07955,15,8,6,7.6552,1.0,0,Away Win,2
2020,2,1,1.3735,14,6,4,19.3889,3.0,0,0,2.0125,12,4,6,13.4118,2.0,0,Home Win,0
2020,2,1,1.25573,15,7,5,11.3667,1.0,0,0,0.242059,7,1,0,34.2222,1.0,0,Home Win,0
2020,2,3,1.39234,7,3,3,10.1364,1.0,0,2,1.43962,9,5,4,11.3103,1.0,0,Home Win,0
2020,2,3,2.82825,25,12,8,11.7391,3.0,0,1,1.47493,10,3,6,18.5417,3.0,0,Home Win,0
2020,2,0,0.215489,5,0,5,9.5,0.0,0,1,0.457956,12,1,4,8.84,2.0,0,Away Win,2
2020,2,1,1.7023,16,5,7,12.5789,4.0,0,3,1.0074,10,5,3,16.7,4.0,1,Away Win,2
2020,2,0,0.904896,13,4,8,8.7037,0.0,0,2,1.89882,20,8,7,14.0,3.0,0,Away Win,2
2020,2,0,0.392283,9,3,3,27.3333,3.0,0,1,1.28252,15,5,8,4.8519,2.0,0,Away Win,2
2020,2,0,1.03189,16,4,5,6.64,0.0,0,1,1.53854,10,1,4,15.4286,3.0,0,Away Win,2
2020,2,5,3.64262,13,7,5,11.8235,2.0,0,3,1.40017,16,6,4,14.2609,3.0,0,Home Win,0
2020,2,3,2.27601,11,5,3,7.8462,3.0,0,1,0.777004,7,5,4,22.9474,5.0,0,Home Win,0
2020,2,2,1.21528,17,4,5,10.7692,0.0,0,1,1.31309,12,4,4,18.2353,1.0,0,Home Win,0
2020,2,1,0.584142,12,1,3,17.2105,5.0,0,1,1.0199,10,2,3,18.7222,2.0,0,Draw,1
2020,2,1,0.979557,14,2,3,8.3056,3.0,0,0,0.795659,11,1,8,8.8148,2.0,0,Home Win,0
2020,2,4,2.36238,20,5,0,8.8824,4.0,0,3,1.6174,11,5,4,13.0476,2.0,0,Home Win,0
2020,2,3,3.37014,27,11,11,9.2667,2.0,0,1,1.507,9,4,3,10.15,2.0,1,Home Win,0
2020,2,4,3.12881,11,5,4,13.8889,1.0,0,1,0.532614,8,4,8,8.9231,1.0,0,Home Win,0
2020,2,1,1.56852,7,3,5,8.72,0.0,0,2,0.827427,11,5,7,10.7419,2.0,1,Away Win,2
2020,2,3,1.94443,12,5,5,7.8636,3.0,0,1,1.31995,19,5,7,14.5,3.0,0,Home Win,0
2020,2,1,1.11253,14,3,4,6.6552,4.0,1,1,2.39045,21,8,8,16.619,2.0,1,Draw,1
2020,2,2,1.28057,13,4,3,8.75,2.0,0,2,1.03972,8,2,0,14.375,0.0,0,Draw,1
2020,2,0,0.764035,12,2,2,12.15,0.0,0,1,1.37919,15,4,5,11.4074,2.0,0,Away Win,2
2020,2,1,1.9565,9,5,5,8.0,2.0,0,2,1.14388,6,4,3,14.0,3.0,0,Away Win,2
2020,2,1,0.0315577,1,1,0,51.625,2.0,0,1,2.88353,20,5,8,15.1333,0.0,0,Draw,1
2020,2,5,1.59439,10,8,2,32.2,4.0,0,2,1.43947,16,3,3,8.5294,4.0,0,Home Win,0
2020,2,3,2.49694,16,6,6,12.6667,2.0,0,1,1.3096,9,3,6,12.6452,2.0,0,Home Win,0
2020,2,0,0.688921,7,4,2,22.6111,1.0,0,1,2.0374,14,5,6,21.5833,1.0,0,Away Win,2
2020,2,1,1.11244,18,6,3,7.625,0.0,0,2,2.13785,16,5,7,11.76,1.0,0,Away Win,2
2020,2,1,0.327911,8,1,3,5.7241,4.0,0,1,1.85996,18,3,7,6.2333,2.0,0,Draw,1
2020,2,5,4.45853,25,10,8,8.25,0.0,0,0,0.901726,8,3,3,13.7857,1.0,1,Home Win,0
2020,2,3,2.13448,15,3,7,7.2857,3.0,0,4,2.71958,13,4,5,24.3636,2.0,0,Away Win,2
2020,2,1,1.21138,12,4,7,17.3684,3.0,0,1,1.15603,9,1,2,3.1935,1.0,0,Draw,1
2020,2,3,2.28486,14,5,1,15.1818,2.0,0,0,1.83,16,5,9,10.2273,0.0,0,Home Win,0
2020,2,0,1.04779,15,5,8,12.0,3.0,1,2,3.0505,25,7,11,12.0476,1.0,0,Away Win,2
2020,2,3,1.26292,11,6,4,19.0526,3.0,0,2,1.58437,17,7,10,6.0,1.0,0,Home Win,0
2020,2,1,1.66072,16,7,8,9.2609,0.0,0,0,0.986504,11,2,3,28.7333,0.0,0,Home Win,0
2020,2,2,2.46449,10,6,0,10.8276,2.0,0,0,0.932413,9,1,3,9.3158,2.0,0,Home Win,0
2020,2,2,2.51862,21,7,11,8.1364,2.0,0,4,1.34953,9,5,2,18.1538,2.0,0,Away Win,2
2020,2,1,0.85992,12,3,3,27.6,0.0,0,0,1.06135,12,1,8,19.5882,3.0,0,Home Win,0
2020,2,1,1.26321,11,5,4,8.9474,6.0,1,1,1.94826,10,8,4,12.7241,1.0,1,Draw,1
2020,2,2,3.44683,20,11,6,14.625,2.0,0,0,0.742758,13,1,7,19.5625,0.0,0,Home Win,0
2020,2,1,2.9066,19,5,3,10.3913,1.0,0,1,1.88547,14,4,1,17.0526,3.0,0,Draw,1
2020,2,3,1.93952,12,6,3,5.1852,2.0,0,3,2.01163,9,3,5,20.9286,2.0,0,Draw,1
2020,2,4,2.90489,20,11,7,13.35,3.0,0,3,1.12186,9,5,4,14.3684,4.0,0,Home Win,0
2020,2,0,0.759966,6,1,4,22.7857,1.0,0,2,2.34169,23,5,11,11.6316,2.0,0,Away Win,2
2020,2,1,0.372087,8,2,2,20.6429,3.0,0,2,2.79425,14,4,6,6.0526,0.0,0,Away Win,2
2020,2,1,1.35363,13,3,5,11.3158,0.0,0,0,0.402756,10,1,2,7.1071,3.0,0,Home Win,0
2020,2,2,1.37262,13,7,8,8.7407,0.0,0,0,1.63837,10,3,8,12.9474,3.0,0,Home Win,0
2020,2,1,2.04122,8,5,5,6.1143,6.0,0,1,1.17641,13,2,5,8.5417,2.0,0,Draw,1
2020,2,2,1.05585,7,2,1,14.619,1.0,0,5,3.16517,18,12,3,15.7368,1.0,0,Away Win,2
2020,2,1,0.488745,9,3,5,17.4667,1.0,0,1,2.52775,16,4,10,10.0,1.0,0,Draw,1
2020,2,1,1.11891,7,7,4,6.05,2.0,0,3,1.94848,9,3,5,10.5294,2.0,0,Away Win,2
2020,2,5,2.34234,22,10,8,10.6364,2.0,0,0,0.285602,7,2,4,14.12,0.0,0,Home Win,0
2020,2,2,1.42543,9,4,5,20.9286,4.0,0,0,0.980945,11,3,7,5.2105,8.0,1,Home Win,0
2020,2,0,1.10288,16,1,8,8.0645,2.0,0,3,1.22848,10,5,2,23.2667,2.0,0,Away Win,2
2020,2,1,1.27161,8,2,1,12.8077,3.0,0,4,2.32097,12,6,2,15.65,2.0,0,Away Win,2
2020,2,5,1.95771,14,7,2,13.35,0.0,0,1,1.4093,14,3,8,19.7,2.0,0,Home Win,0
2020,2,1,0.749499,14,4,8,16.4348,2.0,0,2,1.91968,14,6,2,7.5833,0.0,0,Away Win,2
2020,2,1,1.76249,24,7,9,5.9583,3.0,0,1,0.858971,7,3,3,9.375,3.0,0,Draw,1
2020,2,2,1.79069,15,4,7,5.64,2.0,0,0,0.183599,4,0,5,18.7059,5.0,1,Home Win,0
2020,2,0,0.346121,8,0,3,10.3158,1.0,0,0,0.10611,2,0,1,23.0,2.0,0,Draw,1
2020,2,0,2.30788,21,6,12,5.7222,1.0,0,2,1.65544,11,7,4,18.9286,3.0,0,Away Win,2
2020,2,1,2.23729,19,3,3,8.2222,1.0,0,3,1.36904,15,7,5,20.4737,2.0,0,Away Win,2
2020,2,0,0.86194,14,1,2,10.2432,2.0,0,7,4.30596,12,8,3,8.1071,1.0,0,Away Win,2
2020,2,1,1.35561,16,5,7,11.7143,1.0,0,0,0.569751,12,4,2,14.15,3.0,0,Home Win,0
2020,2,3,2.30537,14,5,5,58.8,0.0,0,1,0.961595,20,5,8,27.3333,4.0,0,Home Win,0
2020,2,2,1.83643,16,5,5,8.9524,2.0,0,2,2.7592,15,6,5,14.8889,2.0,0,Draw,1
2020,2,5,3.38173,22,9,8,10.9667,0.0,0,1,0.186833,4,1,3,18.8889,1.0,0,Home Win,0
2020,2,2,0.646392,9,4,0,16.4706,3.0,0,1,0.622067,11,3,9,9.9412,1.0,0,Home Win,0
2020,2,3,1.7247,10,6,2,26.0714,1.0,0,4,2.28339,12,6,4,14.7391,2.0,0,Away Win,2
2020,2,2,1.98719,13,2,4,7.9286,3.0,0,2,2.04284,12,5,4,11.7222,3.0,0,Draw,1
2020,2,0,1.40469,21,2,9,10.15,2.0,0,0,0.425678,7,2,7,19.8667,2.0,0,Draw,1
2020,2,1,1.7951,21,8,8,10.375,2.0,0,1,1.10271,5,2,4,16.0,2.0,1,Draw,1
2020,2,3,3.16532,13,6,4,19.6875,5.0,1,2,1.34382,8,3,3,10.8696,5.0,1,Home Win,0
2020,2,2,1.03543,13,2,4,18.1579,2.0,0,0,0.765258,9,4,4,17.6667,2.0,1,Home Win,0
2020,2,0,0.344483,7,3,3,25.4,5.0,1,2,1.90774,21,6,6,8.1818,1.0,0,Away Win,2
2020,2,0,0.344524,9,2,6,15.8421,3.0,0,1,1.40036,16,6,3,15.75,1.0,0,Away Win,2
2020,2,1,0.998801,16,8,2,23.5294,1.0,0,3,2.48538,13,9,12,9.1364,0.0,0,Away Win,2
2020,2,4,2.73126,14,8,3,7.7273,3.0,0,1,0.940601,6,3,6,5.6,5.0,0,Home Win,0
2020,2,1,1.35452,11,5,8,12.6667,0.0,0,1,0.349447,8,3,3,24.3077,2.0,0,Draw,1
2020,2,0,2.41313,13,3,6,10.05,2.0,0,0,0.470867,9,2,5,14.6087,2.0,0,Draw,1
2020,2,0,2.16617,16,5,8,19.1765,1.0,0,1,1.63375,11,5,4,23.2857,4.0,1,Away Win,2
2020,2,1,1.06031,20,5,3,13.3684,1.0,0,4,3.63043,21,9,0,13.6667,2.0,0,Away Win,2
2020,2,2,1.9712,9,4,3,12.1667,2.0,1,0,0.974681,9,2,3,14.56,1.0,0,Home Win,0
2020,2,0,0.61287,13,1,3,4.6897,3.0,1,2,2.06325,6,2,0,27.75,3.0,0,Away Win,2
2020,2,3,1.34869,12,4,2,26.5714,1.0,0,0,0.720234,12,1,4,17.3684,1.0,0,Home Win,0
2020,2,2,2.87459,17,8,5,17.1905,0.0,0,2,2.72274,14,10,2,9.0667,1.0,0,Draw,1
2020,2,5,3.52785,15,7,3,12.7727,1.0,0,1,1.16043,8,2,2,11.913,0.0,0,Home Win,0
2020,2,1,1.57132,16,2,5,8.1852,3.0,0,1,0.51703,8,3,3,7.5152,4.0,0,Draw,1
2020,5,6,2.9145,18,12,6,10.3871,1.0,0,1,0.943753,8,2,2,33.2222,2.0,0,Home Win,0
2020,5,2,2.13387,13,5,12,3.098,1.0,0,0,0.0932933,2,1,0,22.0,1.0,2,Home Win,0
2020,5,2,1.9654,18,7,9,3.5952,2.0,0,1,1.13528,11,1,2,32.7143,1.0,1,Home Win,0
2020,5,0,0.686408,12,2,8,10.7368,2.0,0,1,0.588829,8,1,2,7.8214,1.0,0,Away Win,2
2020,5,3,1.60054,16,8,4,9.24,1.0,0,1,0.853711,10,4,3,12.625,2.0,0,Home Win,0
2020,5,3,1.50071,17,7,5,9.2647,2.0,0,0,0.237758,5,1,4,13.12,3.0,0,Home Win,0
2020,5,1,0.732353,7,5,1,20.6667,3.0,0,0,1.53192,21,2,8,3.4444,4.0,0,Home Win,0
2020,5,0,0.844783,14,3,11,11.8621,1.0,0,3,1.95685,12,6,1,10.2174,1.0,0,Away Win,2
2020,5,2,2.09357,18,3,10,6.15,4.0,0,2,1.0506,9,4,2,20.381,3.0,0,Draw,1
2020,5,1,3.14327,24,3,19,7.0,1.0,0,1,0.376941,3,1,5,21.3,1.0,1,Draw,1
2020,5,1,1.09118,7,2,2,10.5,4.0,0,1,1.16356,7,3,5,10.1739,2.0,0,Draw,1
2020,5,1,1.10593,12,4,3,10.4516,4.0,0,1,0.769376,12,3,5,8.2222,2.0,0,Draw,1
2020,5,4,2.90262,17,6,7,10.9524,0.0,0,0,0.254965,7,2,2,11.5926,3.0,2,Home Win,0
2020,5,3,0.977647,6,4,6,10.7826,3.0,0,1,0.508148,8,4,10,12.6667,1.0,0,Home Win,0
2020,5,1,1.80187,21,7,10,2.3704,2.0,0,1,0.109095,3,2,2,35.875,1.0,1,Draw,1
2020,5,3,1.90561,12,8,2,12.7826,3.0,0,1,0.839348,14,5,6,4.2188,2.0,0,Home Win,0
2020,5,0,0.138218,5,2,1,14.72,1.0,1,4,4.12316,30,11,9,3.8519,2.0,0,Away Win,2
2020,5,1,0.273331,6,3,3,9.56,4.0,2,3,2.81036,14,4,6,5.8065,1.0,0,Away Win,2
2020,5,1,0.714171,11,4,7,8.75,2.0,0,3,2.52438,11,5,3,13.0952,5.0,0,Away Win,2
2020,5,2,1.92587,20,9,4,7.2857,2.0,0,3,4.16498,14,8,2,12.25,3.0,0,Away Win,2
2020,5,2,1.92729,20,6,7,12.2632,3.0,0,0,0.712337,8,4,4,11.027,3.0,0,Home Win,0
2020,5,4,3.43243,15,6,2,18.8889,3.0,1,1,1.89348,18,5,12,6.9615,4.0,0,Home Win,0
2020,5,2,0.330896,6,3,5,7.1842,3.0,0,0,0.631401,10,0,3,4.9355,3.0,0,Home Win,0
2020,5,0,0.13909,5,1,3,51.375,1.0,2,4,4.33321,24,9,8,13.0,0.0,0,Away Win,2
2020,5,1,0.866315,8,3,5,13.1739,1.0,0,1,0.890546,12,4,3,13.5517,6.0,0,Draw,1
2020,5,4,4.08894,20,9,4,8.0541,0.0,0,0,1.49175,16,3,10,17.1,2.0,0,Home Win,0
2020,5,1,1.21675,11,1,5,8.4375,2.0,0,2,1.20512,10,4,4,28.2143,0.0,0,Away Win,2
2020,5,0,0.732823,14,4,12,10.6111,1.0,0,3,1.29304,7,5,2,25.9286,3.0,0,Away Win,2
2020,5,1,0.875771,7,1,6,9.5357,4.0,0,1,2.16695,11,3,2,8.4444,2.0,0,Draw,1
2020,5,0,0.846635,12,3,6,9.7813,3.0,0,1,0.880426,15,3,4,4.8214,3.0,0,Away Win,2
2020,5,0,0.395203,11,5,9,7.8462,5.0,0,3,2.78036,12,5,5,13.95,2.0,0,Away Win,2
2020,5,0,0.377123,11,2,9,10.25,2.0,0,0,1.14876,9,1,7,10.4643,1.0,0,Draw,1
2020,5,4,3.9375,17,6,10,11.52,2.0,0,0,0.204669,5,0,4,21.5714,2.0,0,Home Win,0
2020,5,0,1.63127,6,1,2,24.5238,2.0,0,3,2.72536,13,4,4,12.5217,1.0,0,Away Win,2
2020,5,0,0.78372,16,2,10,6.5652,3.0,0,1,0.859238,8,5,1,15.9,2.0,1,Away Win,2
2020,5,2,0.911301,12,4,5,9.0,0.0,0,1,1.42258,8,2,3,17.0625,2.0,0,Home Win,0
2020,5,2,1.40289,24,8,8,14.1176,1.0,0,1,1.03943,9,4,1,27.8947,3.0,0,Home Win,0
2020,5,0,0.484542,8,0,8,8.5556,3.0,0,1,0.937369,10,2,2,12.6154,3.0,0,Away Win,2
2020,5,1,0.444747,15,6,9,7.9355,3.0,0,1,0.421049,8,1,4,13.8,3.0,1,Draw,1
2020,5,0,0.118724,4,1,3,11.8519,5.0,0,1,1.55004,13,4,9,7.7353,3.0,0,Away Win,2
2020,5,3,1.02539,9,6,2,9.931,3.0,0,0,0.855589,16,3,7,11.6207,0.0,0,Home Win,0
2020,5,0,0.324201,9,2,2,10.0667,0.0,0,1,0.0420124,1,1,2,7.3333,4.0,0,Away Win,2
2020,5,0,0.474622,9,1,3,17.2353,2.0,0,2,1.59436,9,3,5,26.9231,1.0,0,Away Win,2
2020,5,1,0.782745,8,4,1,10.1905,2.0,0,2,1.87829,15,8,4,13.2667,2.0,0,Away Win,2
2020,5,1,1.66648,11,4,6,7.0526,2.0,0,5,2.03947,15,8,2,15.125,5.0,0,Away Win,2
2020,5,1,2.52379,14,4,5,11.9583,2.0,0,1,2.43299,14,6,6,20.7,1.0,0,Draw,1
2020,5,3,1.47256,12,8,3,30.3,4.0,0,2,2.97059,22,7,11,5.1471,3.0,0,Home Win,0
2020,5,4,2.04125,14,5,9,6.6552,3.0,0,4,1.02999,8,6,1,20.8235,1.0,0,Draw,1
2020,5,0,1.77629,18,4,5,7.8846,3.0,0,2,1.46578,16,4,5,7.9565,1.0,0,Away Win,2
2020,5,2,3.30537,18,6,3,3.9143,5.0,0,1,1.46951,16,4,5,8.7419,3.0,0,Home Win,0
2020,5,0,1.95047,14,2,7,8.25,2.0,0,1,0.312448,6,3,3,12.4091,2.0,0,Away Win,2
2020,5,4,1.06599,10,5,5,16.0909,1.0,0,1,1.08804,17,1,6,11.8571,1.0,0,Home Win,0
2020,5,0,0.672083,11,2,8,9.5667,2.0,0,1,1.28012,8,4,6,25.0769,0.0,0,Away Win,2
2020,5,4,3.37221,31,13,9,7.9063,1.0,0,0,0.462287,7,2,4,19.6316,3.0,0,Home Win,0
2020,5,3,0.648327,8,4,5,18.15,2.0,0,2,1.2083,10,4,3,10.25,1.0,0,Home Win,0
2020,5,3,3.28236,15,5,2,9.1765,2.0,0,2,2.01645,9,4,1,11.6154,3.0,1,Home Win,0
2020,5,4,2.65546,21,9,11,13.0625,2.0,0,3,3.39205,9,5,3,16.8947,1.0,0,Home Win,0
2020,5,1,1.48835,17,5,6,4.7931,2.0,0,1,1.30332,10,4,2,13.913,3.0,0,Draw,1
2020,5,0,1.05404,16,6,7,3.3714,3.0,0,1,0.955282,6,5,1,17.2381,1.0,0,Away Win,2
2020,5,0,0.948811,19,8,8,11.0,2.0,0,1,1.12013,5,2,3,10.0417,3.0,0,Away Win,2
2020,5,1,0.802873,6,3,2,24.0,0.0,1,1,1.99479,21,7,7,5.56,0.0,0,Draw,1
2020,5,1,1.3761,13,5,1,10.0455,2.0,0,3,2.62737,18,7,7,15.625,2.0,0,Away Win,2
2020,5,0,0.343499,8,2,2,16.7222,2.0,0,1,1.47115,16,3,4,8.8696,1.0,0,Away Win,2
2020,5,3,3.43581,18,5,8,4.2813,1.0,0,0,0.208733,6,2,3,20.4706,1.0,1,Home Win,0
2020,5,0,0.704986,15,6,10,21.2353,2.0,0,2,1.32303,10,3,5,15.1765,1.0,0,Away Win,2
2020,5,3,2.7459,15,9,3,7.7778,4.0,0,1,0.322283,6,2,7,14.1667,2.0,0,Home Win,0
2020,5,3,1.96635,15,4,4,6.8333,2.0,0,0,0.334614,9,2,2,18.5,1.0,1,Home Win,0
2020,5,1,2.40463,24,7,11,7.0333,3.0,0,3,0.980084,9,4,1,15.6,3.0,0,Away Win,2
2020,5,2,2.52961,16,9,14,6.25,1.0,0,2,1.13676,18,4,5,11.8276,1.0,0,Draw,1
2020,5,1,0.982356,7,5,3,11.5926,4.0,0,1,0.391883,9,2,3,5.6,1.0,0,Draw,1
2020,5,2,1.91353,10,3,2,9.7,3.0,0,0,0.33512,12,3,12,7.0541,0.0,0,Home Win,0
2020,5,1,2.36548,21,6,8,13.2273,0.0,0,0,0.170892,8,3,2,28.3333,3.0,0,Home Win,0
2020,5,0,0.235832,6,1,7,12.0769,0.0,0,0,0.675017,7,2,4,4.4595,1.0,0,Draw,1
2020,5,2,1.38745,10,5,1,12.3226,3.0,0,1,0.669039,8,3,3,8.4444,0.0,0,Home Win,0
2020,5,1,1.2421,12,5,5,16.7727,1.0,1,3,1.81122,18,5,6,11.0417,0.0,1,Away Win,2
2020,5,1,1.98123,17,2,3,21.2381,1.0,0,3,2.12699,13,6,3,6.1212,3.0,0,Away Win,2
2020,5,0,0.633507,14,2,7,9.1364,3.0,0,4,3.19753,13,9,3,16.7143,2.0,0,Away Win,2
2020,5,0,0.384633,7,0,1,19.0,3.0,1,2,2.16881,17,5,8,5.5,4.0,1,Away Win,2
2020,5,0,0.511453,11,2,6,12.8125,1.0,0,0,0.570809,12,4,6,6.6538,2.0,0,Draw,1
2020,5,0,0.503822,10,4,8,5.8519,1.0,0,2,0.927878,6,4,3,16.5882,3.0,0,Away Win,2
2020,5,2,2.97358,10,6,3,15.7059,1.0,0,1,0.555087,10,4,4,13.6364,1.0,0,Home Win,0
2020,5,2,1.38862,14,4,6,9.087,1.0,0,3,1.61719,10,7,4,19.0625,1.0,0,Away Win,2
2020,5,2,1.34583,15,5,8,6.6047,0.0,0,1,0.804147,4,3,3,14.0,2.0,0,Home Win,0
2020,5,3,2.82061,13,5,2,12.0833,2.0,0,0,0.562896,6,2,3,7.4194,0.0,0,Home Win,0
2020,5,2,1.52748,5,2,1,12.2917,3.0,0,1,1.70771,9,4,3,8.15,2.0,0,Home Win,0
2020,5,1,1.88182,17,6,4,17.3636,2.0,0,1,1.02506,13,4,4,8.2273,2.0,0,Draw,1
2020,5,0,0.791546,11,3,3,8.4242,2.0,0,1,1.2598,16,6,6,16.35,1.0,0,Away Win,2
2020,5,0,1.15801,14,3,5,9.0417,3.0,0,0,0.751779,8,3,6,15.25,3.0,0,Draw,1
2020,5,2,0.788845,18,4,5,8.1852,3.0,0,2,1.71894,6,3,4,12.8636,4.0,0,Draw,1
2020,5,0,0.310118,7,1,5,6.1852,4.0,0,1,0.833608,8,5,5,13.2963,1.0,1,Away Win,2
2020,5,0,0.215122,8,2,6,11.1429,1.0,0,2,0.510882,7,3,2,14.2609,2.0,0,Away Win,2
2020,5,2,1.16849,15,5,9,6.16,1.0,0,1,1.24235,8,1,1,12.7143,4.0,1,Home Win,0
2020,5,1,0.552558,11,3,3,9.4,3.0,0,2,2.18745,19,8,4,16.5,2.0,0,Away Win,2
2020,5,0,0.171789,6,1,5,12.1739,0.0,0,2,1.10314,10,5,4,8.5455,0.0,0,Away Win,2
2020,5,2,3.29974,28,11,12,7.6389,3.0,0,2,1.28136,8,2,3,21.2308,0.0,1,Draw,1
2020,5,0,0.928491,7,1,3,20.36,2.0,1,3,0.963125,8,4,3,5.6765,4.0,0,Away Win,2
2020,5,0,0.892487,14,3,10,11.619,3.0,0,2,1.63826,9,5,2,39.125,3.0,0,Away Win,2
2020,5,0,0.994031,15,4,4,10.4706,1.0,0,2,1.97897,14,6,5,11.0,2.0,1,Away Win,2
2020,5,2,2.80047,24,8,9,3.2,3.0,0,0,1.30249,8,3,2,28.3333,0.0,1,Home Win,0
2020,5,3,1.74124,13,4,3,10.9048,2.0,0,2,2.08259,18,7,6,9.12,2.0,0,Home Win,0
2020,5,2,2.16892,17,7,6,17.4375,2.0,0,2,0.522177,10,4,4,26.0769,1.0,0,Draw,1
2020,5,0,1.17666,11,1,2,12.7895,2.0,0,1,1.12699,13,6,6,12.0417,1.0,0,Away Win,2
2020,5,0,1.0355,11,2,1,9.0811,1.0,0,3,1.00048,15,4,2,19.9286,2.0,0,Away Win,2
2020,5,1,1.50569,12,6,7,3.7778,1.0,0,1,0.363146,3,1,3,15.72,3.0,0,Draw,1
2020,5,2,1.16038,12,4,8,11.3333,1.0,0,0,1.14532,17,3,4,9.3684,1.0,0,Home Win,0
2020,5,1,0.573136,9,2,5,7.36,3.0,0,1,0.942065,12,6,6,9.2571,0.0,0,Draw,1
2020,5,1,0.761993,8,1,8,12.3846,1.0,0,4,3.1134,13,9,2,14.96,1.0,0,Away Win,2
2020,5,0,1.0111,10,3,5,10.9565,2.0,0,2,1.30968,11,6,3,14.2632,1.0,0,Away Win,2
2020,5,2,2.94469,18,9,6,6.8462,2.0,0,2,1.50557,9,4,3,19.2,3.0,0,Draw,1
2020,5,0,0.394389,8,3,4,17.5,0.0,0,0,0.552443,8,1,5,6.5333,2.0,0,Draw,1
2020,5,2,0.656687,3,3,0,25.5714,3.0,1,2,2.13449,24,6,10,10.4286,4.0,0,Draw,1
2020,5,2,1.19046,17,6,6,20.0,3.0,0,3,1.70435,9,7,4,11.95,2.0,0,Away Win,2
2020,5,2,0.780388,9,2,2,17.0952,2.0,0,1,1.49756,8,2,8,7.7857,4.0,0,Home Win,0
2020,5,1,1.2121,9,3,5,10.24,3.0,0,3,1.30331,10,5,5,48.0,1.0,0,Away Win,2
2020,5,2,2.02607,11,4,3,13.1818,0.0,0,1,1.17648,10,3,6,9.2258,2.0,0,Home Win,0
2020,5,3,3.9821,22,11,9,9.6364,1.0,0,0,1.10394,18,4,7,25.7222,3.0,0,Home Win,0
2020,5,2,0.680448,2,2,0,9.3846,3.0,1,2,1.97218,18,6,10,8.3182,2.0,0,Draw,1
2020,5,1,0.66303,11,6,6,6.6452,1.0,0,0,0.83489,9,4,5,19.9412,1.0,0,Home Win,0
2020,5,4,3.11615,17,8,5,9.75,0.0,0,0,0.417249,8,2,5,26.3125,0.0,0,Home Win,0
2020,5,1,0.958657,8,1,7,16.625,2.0,1,3,1.60068,14,4,3,11.05,2.0,0,Away Win,2
2020,5,1,0.285307,7,2,8,6.3333,3.0,0,2,0.413017,7,3,6,21.0588,1.0,0,Away Win,2
2020,5,2,0.61232,11,5,5,13.9545,1.0,1,5,2.81772,16,9,8,10.8636,3.0,0,Away Win,2
2020,5,3,1.82314,11,6,7,21.8333,1.0,0,2,0.947234,11,3,4,10.8261,2.0,0,Home Win,0
2020,5,3,2.52375,18,7,5,13.6842,0.0,0,1,1.17896,13,5,1,16.3333,0.0,0,Home Win,0
2020,5,0,0.71749,9,3,3,18.6818,1.0,0,0,0.667484,12,3,2,8.5625,2.0,0,Draw,1
2020,5,0,0.600663,7,2,6,25.8889,2.0,0,0,0.490669,8,0,3,7.9444,2.0,0,Draw,1
2020,5,0,0.878332,9,3,7,6.5263,2.0,0,0,0.125669,8,0,5,17.0,3.0,0,Draw,1
2020,5,1,1.29987,11,5,9,26.0667,1.0,0,1,1.39496,11,4,10,4.9118,1.0,0,Draw,1
2020,5,5,4.64764,21,12,10,8.2727,1.0,0,0,0.826798,6,2,5,24.0714,2.0,0,Home Win,0
2020,5,2,1.13297,10,6,6,21.75,2.0,0,0,1.37393,12,6,6,10.8636,3.0,0,Home Win,0
2020,5,2,1.61234,16,6,5,15.7778,2.0,0,1,1.06734,12,4,3,12.5652,0.0,0,Home Win,0
2020,5,0,0.48883,5,0,0,11.0357,3.0,0,0,1.80202,11,4,6,8.4828,2.0,0,Draw,1
2020,5,0,0.57533,11,2,4,5.6923,1.0,0,1,1.57769,10,4,4,17.6,1.0,0,Away Win,2
2020,5,1,1.25558,16,5,5,11.7037,2.0,0,1,1.48081,11,4,2,8.7917,2.0,0,Draw,1
2020,5,3,2.30803,14,5,5,8.0278,2.0,0,0,0.689403,6,2,2,17.1818,0.0,0,Home Win,0
2020,5,1,0.905512,8,6,1,11.7083,5.0,0,1,1.31067,12,3,8,10.0,0.0,0,Draw,1
2020,5,0,0.34513,7,0,2,14.1818,0.0,0,1,1.01419,10,2,3,11.2143,3.0,0,Away Win,2
2020,5,3,2.91378,22,11,7,11.8571,1.0,0,0,0.546939,12,2,4,14.2917,1.0,0,Home Win,0
2020,5,3,1.70535,7,3,0,11.0,2.0,0,1,1.28905,14,6,3,6.9583,4.0,0,Home Win,0
2020,5,2,1.14894,14,6,2,10.1111,1.0,0,2,1.11618,13,4,5,10.1176,2.0,0,Draw,1
2020,5,0,0.937183,11,4,5,13.8438,0.0,0,1,1.48664,11,3,7,11.381,2.0,0,Away Win,2
2020,5,1,1.94951,14,4,3,31.75,1.0,0,2,1.4995,7,4,3,13.0476,1.0,0,Away Win,2
2020,5,2,1.37991,16,8,3,12.5238,2.0,0,1,0.265034,8,4,5,21.6667,1.0,0,Home Win,0
2020,5,3,0.895978,14,5,9,6.7742,2.0,0,2,1.6704,7,2,6,7.7,3.0,0,Home Win,0
2020,5,0,1.6386,23,5,9,6.8333,1.0,0,1,1.4255,17,3,2,15.8182,3.0,0,Away Win,2
2020,5,1,2.16279,14,6,7,6.7647,2.0,0,2,1.58781,8,5,3,47.25,2.0,0,Away Win,2
2020,5,2,0.55197,9,3,5,8.5769,2.0,0,3,2.88799,16,5,6,7.0278,3.0,0,Away Win,2
2020,5,1,1.15976,10,2,2,9.7419,3.0,0,1,1.35642,8,1,4,6.3333,3.0,0,Draw,1
2020,5,0,0.469882,10,1,3,14.65,0.0,0,3,3.61303,17,9,10,18.6667,1.0,0,Away Win,2
2020,5,1,2.60986,15,2,7,7.9737,2.0,0,0,1.25152,8,3,3,6.8462,2.0,0,Home Win,0
2020,5,2,1.1096,7,3,3,12.36,1.0,0,1,1.71363,15,7,4,10.3871,2.0,0,Home Win,0
2020,5,1,0.802784,5,3,3,10.069,1.0,0,1,2.7928,15,2,4,13.619,0.0,0,Draw,1
2020,5,0,1.18896,13,3,6,10.0,2.0,0,1,0.547266,7,2,2,11.3077,1.0,0,Away Win,2
2020,5,2,0.833905,14,4,4,10.5,3.0,0,0,0.239963,8,0,6,9.9048,1.0,0,Home Win,0
2020,5,3,1.87551,8,6,5,6.5588,3.0,0,1,0.462549,5,1,4,7.5,5.0,0,Home Win,0
2020,5,1,0.914735,7,2,4,12.1739,2.0,0,0,0.3945,11,3,7,8.125,4.0,0,Home Win,0
2020,5,4,4.90921,25,8,7,4.0714,2.0,0,0,0.15807,5,1,1,37.375,1.0,1,Home Win,0
2020,5,1,1.18806,12,2,2,18.0556,3.0,0,0,1.01943,16,0,4,8.5,0.0,0,Home Win,0
2020,5,0,0.550276,11,2,2,6.0,2.0,0,1,0.796039,9,4,2,23.9412,2.0,0,Away Win,2
2020,5,0,0.22255,3,0,1,22.4286,3.0,0,5,2.19868,19,12,8,7.9643,1.0,0,Away Win,2
2020,5,3,1.59464,12,5,4,18.1739,1.0,0,1,0.9424,8,4,8,13.5294,3.0,0,Home Win,0
2020,5,1,1.90817,14,2,5,8.0,2.0,0,0,0.370938,10,3,2,27.8125,2.0,0,Home Win,0
2020,5,2,1.8688,10,5,4,7.6538,1.0,0,4,1.50555,15,6,1,14.4074,3.0,0,Away Win,2
2020,5,3,1.56057,16,5,7,16.7778,4.0,0,2,2.64181,14,3,9,5.5161,2.0,0,Home Win,0
2020,5,2,1.30049,10,4,7,8.4839,1.0,0,1,0.73143,12,2,9,26.75,2.0,0,Home Win,0
2020,5,1,0.751259,9,2,3,11.0435,2.0,0,0,0.596112,11,2,4,10.2759,4.0,0,Home Win,0
2020,5,1,1.03811,17,7,12,6.8214,4.0,0,2,1.07049,11,2,3,12.5294,4.0,0,Away Win,2
2020,5,1,1.23932,9,3,2,18.1429,4.0,1,2,1.52441,14,5,8,5.2188,3.0,0,Away Win,2
2020,5,0,0.435831,7,2,4,18.6471,2.0,0,1,1.58746,10,1,10,10.5517,2.0,0,Away Win,2
2020,5,0,0.995057,12,3,4,14.7143,1.0,0,1,1.31697,10,5,3,18.0667,2.0,0,Away Win,2
2020,5,0,0.746258,10,4,1,18.625,1.0,0,3,1.99926,11,6,2,12.7879,2.0,0,Away Win,2
2020,5,0,0.998017,14,2,1,14.5667,2.0,0,1,2.26364,16,8,6,8.0357,0.0,0,Away Win,2
2020,5,2,1.53188,21,3,8,5.2069,4.0,0,2,1.3201,11,4,4,12.6522,2.0,0,Draw,1
2020,5,1,0.902049,17,6,8,11.7826,6.0,0,1,1.02749,15,4,7,7.7097,1.0,0,Draw,1
2020,5,2,2.7347,15,6,6,11.9677,0.0,0,1,0.426701,5,2,2,8.2917,4.0,0,Home Win,0
2020,5,3,1.69188,14,6,4,7.0645,0.0,0,0,1.73501,19,6,7,23.1364,1.0,0,Home Win,0
2020,5,0,0.556903,10,2,4,12.8421,2.0,0,0,0.251964,6,2,5,21.1176,1.0,0,Draw,1
2020,5,1,1.03454,10,6,5,9.2308,2.0,0,1,0.620552,12,3,3,22.8667,1.0,0,Draw,1
2020,5,1,1.50363,14,8,5,10.5,3.0,0,1,1.25487,13,6,5,6.6571,1.0,0,Draw,1
2020,5,2,0.610074,9,4,3,11.4483,2.0,0,2,0.710748,3,2,3,7.5385,0.0,0,Draw,1
2020,5,4,5.60551,25,11,9,10.3333,3.0,0,2,1.31726,13,5,4,16.0588,3.0,1,Home Win,0
2020,5,0,0.400333,6,1,4,11.1429,3.0,0,2,1.7948,14,3,2,13.2,0.0,0,Away Win,2
2020,5,3,1.30901,11,2,5,11.2917,2.0,0,0,0.620413,10,3,9,13.12,1.0,0,Home Win,0
2020,5,3,1.54024,9,4,5,15.9091,2.0,0,4,1.24576,11,5,6,9.6897,2.0,0,Away Win,2
2020,5,1,0.560201,12,3,8,10.1852,2.0,0,0,0.327429,10,0,2,9.2857,2.0,0,Home Win,0
2020,5,2,2.03597,24,6,6,12.963,1.0,0,1,0.635508,8,4,4,7.9655,3.0,0,Home Win,0
2020,5,0,1.09008,10,3,6,13.4286,2.0,0,0,0.549443,10,1,4,12.4815,4.0,0,Draw,1
2020,5,1,1.11747,10,4,2,9.6563,0.0,0,0,0.779858,13,3,5,6.9655,4.0,0,Home Win,0
2020,5,3,1.59649,16,8,6,8.4444,2.0,0,0,0.242033,8,1,2,19.9444,2.0,1,Home Win,0
2020,5,0,0.426125,12,4,7,11.6207,1.0,1,2,1.23049,9,2,1,12.875,2.0,0,Away Win,2
2020,5,1,1.72075,8,3,7,6.3913,2.0,0,3,1.75357,7,3,2,12.6923,3.0,0,Away Win,2
2020,5,0,1.90455,18,1,6,12.8333,1.0,0,0,0.41792,5,1,5,12.4286,1.0,2,Draw,1
2020,5,0,0.466986,10,3,3,6.8108,4.0,1,2,1.90774,8,4,0,8.9667,1.0,0,Away Win,2
2020,5,0,0.62514,14,0,9,6.3103,2.0,0,0,0.0883755,3,1,3,24.3333,1.0,0,Draw,1
2020,5,1,3.94358,24,8,6,9.3913,0.0,0,2,1.75721,12,5,1,16.1875,1.0,0,Away Win,2
2020,5,1,1.46606,14,3,7,14.1053,2.0,0,2,1.39672,12,2,7,6.5278,1.0,0,Away Win,2
2020,5,2,1.93864,12,4,7,3.7391,3.0,0,2,1.43939,5,2,1,27.2667,3.0,0,Draw,1
2020,5,2,2.47313,17,4,4,10.3226,2.0,0,1,1.0503,13,5,1,13.48,0.0,0,Home Win,0
2020,5,1,0.679141,9,6,4,15.15,2.0,0,1,3.15679,17,6,6,6.6538,0.0,0,Draw,1
2020,5,0,0.797238,13,2,7,3.7586,5.0,0,2,0.347155,6,3,1,16.6957,2.0,0,Away Win,2
2020,5,2,1.46003,19,7,11,17.8,2.0,0,3,3.47483,17,7,7,9.0,2.0,0,Away Win,2
2020,5,2,1.29752,11,4,5,8.6667,3.0,0,1,0.88646,12,4,4,13.2857,0.0,1,Home Win,0
2020,5,1,0.231568,8,3,1,16.1429,2.0,0,4,1.04668,16,7,5,11.0385,0.0,0,Away Win,2
2020,5,2,2.86812,12,7,3,28.3846,1.0,0,1,1.42102,14,5,6,12.2667,2.0,0,Home Win,0
2020,5,1,0.779308,6,1,2,20.2105,4.0,0,1,0.564279,7,3,1,5.0833,1.0,1,Draw,1
2020,5,1,1.04755,12,3,3,4.1163,1.0,0,2,1.43338,11,4,3,13.6154,1.0,0,Away Win,2
2020,5,2,0.364183,8,3,6,20.8947,0.0,0,0,0.791842,11,4,7,5.375,3.0,1,Home Win,0
2020,5,0,0.953831,10,1,3,6.2857,4.0,0,2,1.05657,5,3,2,21.7273,1.0,0,Away Win,2
2020,5,1,1.97702,18,8,1,7.0541,0.0,0,1,0.35467,4,2,2,8.4074,2.0,0,Draw,1
2020,5,0,1.41894,16,2,5,4.8571,2.0,0,0,0.325105,7,3,4,15.8947,1.0,0,Draw,1
2020,5,2,1.71598,6,3,6,11.1364,0.0,0,2,1.0798,14,4,11,4.9231,0.0,0,Draw,1
2020,5,1,0.978537,8,1,1,6.4333,1.0,0,2,1.84068,15,5,10,11.0455,2.0,0,Away Win,2
2020,5,0,0.249652,5,1,2,20.1905,2.0,0,4,2.12179,7,5,4,9.0,1.0,0,Away Win,2
2020,5,1,0.866257,14,5,9,5.6957,0.0,0,1,0.965368,10,3,2,15.381,2.0,0,Draw,1
2020,5,2,0.858628,11,3,5,8.963,1.0,0,1,1.01869,9,2,3,14.1905,3.0,0,Home Win,0
2020,5,2,2.19231,15,9,4,9.5385,2.0,0,0,0.429681,7,1,2,40.6,0.0,0,Home Win,0
2020,5,1,0.474343,8,4,1,4.92,2.0,1,1,1.48858,8,1,8,6.4091,1.0,0,Draw,1
2020,5,0,0.338427,9,2,5,9.25,1.0,0,0,0.322556,9,3,1,15.8947,1.0,0,Draw,1
2020,5,1,0.752041,17,5,6,5.4839,0.0,0,2,1.6621,14,7,1,20.6429,2.0,0,Away Win,2
2020,5,1,1.35641,12,2,7,12.4,4.0,0,1,0.581809,11,1,2,16.7368,4.0,1,Draw,1
2020,5,0,0.80867,11,2,8,15.125,3.0,0,1,1.27822,11,2,1,8.4242,3.0,0,Away Win,2
2020,5,3,1.56287,10,3,3,16.3333,3.0,0,1,0.716104,10,2,5,12.8333,1.0,0,Home Win,0
2020,5,2,2.22985,23,8,11,8.88,0.0,0,0,0.0997889,3,1,1,17.4118,1.0,0,Home Win,0
2020,5,1,1.94262,15,7,6,11.0333,1.0,0,0,0.591174,12,1,4,9.72,3.0,0,Home Win,0
2020,5,0,0.688591,15,1,6,4.5676,2.0,1,1,1.0704,8,4,1,24.875,2.0,0,Away Win,2
2020,5,1,0.6465,10,4,5,9.5357,2.0,0,1,2.0525,14,6,3,12.9565,3.0,0,Draw,1
2020,5,1,1.42636,12,5,6,11.4762,0.0,0,2,0.618533,4,2,3,10.8421,5.0,0,Away Win,2
2020,5,2,1.50673,10,4,0,8.3529,3.0,0,1,2.37864,22,7,6,19.2222,3.0,0,Home Win,0
2020,5,2,1.73128,18,4,13,5.4483,3.0,0,3,1.97268,9,5,3,19.75,2.0,0,Away Win,2
2020,5,1,0.75132,17,2,5,12.6923,3.0,0,0,0.729752,5,1,7,7.1579,0.0,0,Home Win,0
2020,5,0,0.226499,5,1,6,11.28,1.0,0,1,0.872327,7,3,3,10.3667,2.0,0,Away Win,2
2020,5,1,0.969288,13,3,5,9.1935,5.0,0,3,1.5005,10,6,6,8.4231,1.0,0,Away Win,2
2020,5,2,2.37531,16,6,6,9.2,4.0,0,2,1.46077,7,4,1,12.25,3.0,0,Draw,1
2020,5,0,0.614925,8,4,6,7.2759,3.0,0,0,0.163714,5,2,2,16.9231,3.0,0,Draw,1
2020,5,3,1.72148,12,6,3,13.3571,3.0,0,1,0.409173,6,1,6,7.4643,1.0,0,Home Win,0
2020,5,1,2.3105,17,7,5,14.0,2.0,0,1,0.511554,6,2,2,12.9583,2.0,0,Draw,1
2020,5,1,1.03121,11,2,6,9.5,0.0,0,0,0.58962,6,1,3,12.0909,2.0,0,Home Win,0
2020,5,1,0.734344,14,5,2,21.5294,3.0,0,1,1.53476,17,6,5,8.85,1.0,0,Draw,1
2020,5,1,0.882924,11,5,9,3.6071,2.0,0,2,1.15766,8,5,1,21.5,2.0,0,Away Win,2
2020,5,1,1.83162,12,7,5,14.4,2.0,0,1,1.56372,12,5,7,4.3667,0.0,0,Draw,1
2020,5,3,2.7496,17,7,7,16.8333,1.0,0,0,0.30434,7,2,5,7.5556,1.0,0,Home Win,0
2020,5,1,1.39056,8,3,2,26.7143,0.0,0,1,0.85463,15,3,8,11.0,1.0,0,Draw,1
2020,5,3,2.24117,23,9,6,15.4,1.0,0,1,1.39846,13,3,6,12.5882,2.0,0,Home Win,0
2020,5,1,0.685567,14,2,4,10.1786,0.0,0,3,2.26743,9,5,3,11.625,2.0,1,Away Win,2
2020,5,1,0.787438,15,4,8,6.2381,2.0,0,2,0.80422,10,4,0,38.0,0.0,0,Away Win,2
2020,5,0,0.792069,10,4,2,10.75,3.0,0,1,1.34244,9,2,3,10.5172,0.0,0,Away Win,2
2020,5,0,0.480151,11,2,3,8.5641,1.0,0,0,0.757882,15,5,6,17.9444,3.0,0,Draw,1
2020,5,1,2.11369,17,5,12,14.8333,2.0,0,2,1.55355,12,4,7,15.7059,5.0,0,Away Win,2
2020,5,0,0.4503,9,3,2,21.1765,1.0,0,4,2.43305,15,4,6,6.2973,2.0,0,Away Win,2
2020,5,2,0.613014,8,7,1,17.2593,2.0,0,4,1.6505,14,9,4,7.4865,0.0,0,Away Win,2
2020,5,0,1.05668,16,3,5,5.9333,6.0,1,1,0.552797,3,3,0,16.9444,4.0,1,Away Win,2
2020,5,2,1.03401,9,4,1,17.875,3.0,1,2,2.06496,19,8,6,13.2105,3.0,0,Draw,1
2020,5,1,0.995445,14,4,4,7.8,1.0,0,1,1.75167,8,3,0,16.12,1.0,0,Draw,1
2020,5,2,1.59289,14,6,6,10.1,1.0,0,3,2.28415,12,5,5,21.0556,1.0,0,Away Win,2
2020,5,1,0.672298,10,4,2,17.95,3.0,0,1,2.10812,15,6,4,7.6667,3.0,1,Draw,1
2020,5,1,1.76108,13,4,6,14.15,3.0,0,0,0.231613,5,1,5,6.1875,2.0,1,Home Win,0
2020,5,2,1.53499,16,3,7,8.04,2.0,0,0,0.124818,4,1,1,22.4,4.0,0,Home Win,0
2020,5,4,2.50003,15,6,8,7.7407,0.0,0,0,0.356458,6,1,1,18.7059,6.0,1,Home Win,0
2020,5,1,1.36882,18,6,10,9.5714,1.0,0,2,2.37312,17,8,5,11.1176,2.0,0,Away Win,2
2020,5,0,1.56114,14,3,5,6.3333,5.0,0,2,2.21045,15,5,3,8.7742,2.0,0,Away Win,2
2020,5,1,1.98561,22,4,9,5.6923,4.0,0,1,0.804029,5,3,2,15.2,1.0,0,Draw,1
2020,5,4,3.35961,14,6,5,18.8333,0.0,0,1,1.94788,17,6,10,6.5,0.0,0,Home Win,0
2020,5,3,2.84942,16,6,5,8.3784,0.0,0,0,1.02157,11,3,4,26.6154,0.0,0,Home Win,0
2020,5,0,1.96214,18,7,10,7.9231,2.0,0,2,0.555794,9,6,2,10.7273,2.0,0,Away Win,2
2020,5,3,3.88289,16,10,6,6.8621,1.0,0,0,0.683971,6,1,4,20.9,1.0,0,Home Win,0
2020,5,3,2.15762,20,7,6,15.5,2.0,0,3,1.94159,13,8,3,7.9048,2.0,1,Draw,1
2020,5,0,0.515644,13,2,10,10.5,0.0,0,0,0.451514,10,1,6,12.5385,1.0,0,Draw,1
2020,5,1,0.733422,14,4,3,4.4737,6.0,0,0,0.224608,4,2,3,16.0,2.0,0,Home Win,0
2020,5,4,3.28299,17,7,5,13.625,3.0,0,1,1.52246,10,2,6,10.6111,0.0,0,Home Win,0
2020,5,1,0.945852,9,3,5,14.069,0.0,0,4,2.1849,16,7,4,7.1481,1.0,0,Away Win,2
2020,5,0,0.731927,15,6,10,12.0,3.0,0,0,0.838419,11,2,4,11.2174,1.0,0,Draw,1
2020,5,3,2.04974,17,5,13,5.0909,1.0,0,2,1.26569,7,5,3,24.7333,1.0,0,Home Win,0
2020,5,1,1.63156,5,1,2,12.4091,0.0,0,1,1.0454,7,3,1,11.4286,2.0,1,Draw,1
2020,5,1,1.21944,12,3,5,8.3429,0.0,0,2,1.81278,11,4,4,12.8824,1.0,0,Away Win,2
2020,5,0,0.453458,10,3,2,19.8571,2.0,0,3,1.4232,9,3,3,13.9091,0.0,0,Away Win,2
2020,5,3,2.44334,13,5,8,5.5714,1.0,0,2,1.47384,12,6,3,27.125,0.0,0,Home Win,0
2020,5,1,1.22671,20,9,9,9.1739,3.0,0,1,0.914792,10,4,0,15.75,1.0,0,Draw,1
2020,5,2,1.41735,9,3,1,17.1579,1.0,0,0,0.718471,10,2,9,9.0769,1.0,0,Home Win,0
2020,5,1,0.391745,7,5,2,14.4706,2.0,1,1,1.06491,8,2,4,9.8333,7.0,2,Draw,1
2020,5,0,0.927302,7,2,4,17.7895,4.0,1,3,1.87096,13,6,5,9.75,1.0,0,Away Win,2
2020,5,4,2.10336,13,7,6,14.9,2.0,0,1,0.690014,13,7,3,7.1111,3.0,0,Home Win,0
2020,5,2,0.945519,7,2,8,19.8947,0.0,0,3,1.87462,16,7,4,12.1429,3.0,0,Away Win,2
2020,5,1,0.649808,8,3,1,30.8667,1.0,0,3,2.70678,19,8,9,5.2105,4.0,0,Away Win,2
2020,5,3,2.37673,18,8,7,11.6667,1.0,0,1,1.73033,14,3,6,11.6333,2.0,0,Home Win,0
2020,5,1,0.704618,10,1,5,16.8,2.0,1,3,2.37375,11,6,2,19.3846,0.0,0,Away Win,2
2020,5,5,4.16691,25,12,8,7.0455,6.0,0,1,1.03041,4,1,2,23.0,3.0,0,Home Win,0
2020,5,1,1.12226,6,3,3,9.8846,2.0,0,2,0.920463,12,7,2,7.3043,1.0,0,Away Win,2
2020,5,1,1.39872,12,4,6,4.5652,1.0,0,2,1.09277,7,5,4,11.2609,3.0,0,Away Win,2
2020,5,2,0.712516,7,4,4,10.9565,1.0,1,1,1.45501,16,2,6,7.1154,2.0,0,Home Win,0
2020,5,0,0.100339,4,0,4,16.8,2.0,0,1,1.35311,10,3,1,8.28,2.0,0,Away Win,2
2020,5,1,1.63517,16,7,5,7.8,2.0,0,4,2.61836,12,6,5,17.4737,0.0,0,Away Win,2
2020,5,1,1.2483,10,4,6,14.1739,1.0,1,5,1.83354,14,6,3,7.4,1.0,0,Away Win,2
2020,5,2,0.684625,12,4,5,16.3478,2.0,0,0,0.0,0,0,1,19.75,3.0,1,Home Win,0
2020,5,2,2.41491,13,4,5,17.8,3.0,1,0,0.584175,9,2,0,16.4091,3.0,1,Home Win,0
2020,5,1,1.13215,8,4,5,7.619,4.0,0,1,0.256318,8,5,6,28.6154,2.0,0,Draw,1
2020,5,2,2.11913,12,4,5,9.96,1.0,0,3,0.840692,17,5,5,7.375,4.0,1,Away Win,2
2020,5,1,1.01968,13,2,7,10.2222,2.0,0,2,2.26191,19,7,7,12.3333,1.0,0,Away Win,2
2020,5,2,2.42284,18,7,10,9.913,2.0,0,2,0.651471,12,7,5,12.0556,2.0,0,Draw,1
2020,5,2,1.37764,14,6,6,6.8438,4.0,0,1,1.51498,15,3,2,13.6429,2.0,0,Home Win,0
2020,5,1,0.58893,9,4,3,14.15,4.0,0,0,0.752351,9,2,5,11.1304,1.0,1,Home Win,0
2020,5,3,1.71976,11,4,1,16.5769,0.0,0,0,0.2674,5,1,4,20.6,0.0,0,Home Win,0
2020,5,0,1.38117,11,5,5,20.8333,3.0,1,3,1.24486,11,6,4,37.4444,2.0,0,Away Win,2
2020,5,4,4.64266,25,11,5,8.7333,2.0,0,1,0.61204,8,2,1,21.0,2.0,0,Home Win,0
2020,5,0,0.680563,11,2,0,10.5789,1.0,0,3,2.07976,10,5,6,14.04,2.0,0,Away Win,2
2020,5,3,1.7162,11,3,5,10.76,0.0,0,0,0.721345,10,2,2,10.75,5.0,0,Home Win,0
2020,5,3,2.95697,14,5,6,10.3,1.0,1,2,1.02622,9,2,5,30.75,1.0,0,Home Win,0
2020,5,0,0.432365,8,2,3,26.9375,1.0,0,1,1.05896,7,2,3,9.7308,3.0,0,Away Win,2
2020,5,1,0.946689,19,10,9,13.92,4.0,0,1,1.54538,12,4,3,8.3704,1.0,1,Draw,1
2020,5,1,1.41067,18,5,10,5.9143,1.0,0,0,1.92834,15,4,4,6.6071,3.0,0,Home Win,0
2020,5,2,1.9728,18,7,4,9.7368,2.0,0,3,0.716886,6,3,6,14.5882,3.0,0,Away Win,2
2020,5,3,2.80699,11,4,1,13.125,2.0,0,0,1.12553,14,4,6,6.5217,2.0,0,Home Win,0
2020,5,0,0.988436,10,1,3,10.3077,2.0,0,4,2.57999,16,4,6,11.8333,1.0,0,Away Win,2
2020,5,0,0.900703,14,3,3,8.0,1.0,0,0,0.332146,8,1,6,20.1875,2.0,0,Draw,1
2020,5,2,1.42765,6,2,2,15.0,1.0,0,1,0.0661912,3,1,1,7.1034,4.0,0,Home Win,0
2020,5,3,2.93056,16,11,3,14.45,3.0,0,2,1.84288,11,5,4,18.8571,2.0,0,Home Win,0
2020,5,2,1.51214,11,3,4,11.4333,2.0,0,1,0.318374,9,2,4,12.8125,2.0,1,Home Win,0
2020,5,0,0.408081,4,2,1,11.0909,0.0,1,0,1.96696,22,9,11,11.1053,3.0,0,Draw,1
2020,5,0,0.74817,7,3,4,6.5217,2.0,0,2,2.26561,11,5,4,33.4286,1.0,0,Away Win,2
2020,5,2,0.854315,8,4,3,18.8,0.0,0,5,2.84141,21,13,6,8.1212,0.0,0,Away Win,2
2020,5,4,4.73633,28,10,9,8.1053,0.0,0,0,0.051654,2,0,5,40.6667,0.0,1,Home Win,0
2020,5,1,0.736956,10,4,4,16.3333,0.0,0,2,1.56192,5,2,2,15.9286,2.0,0,Away Win,2
2020,5,0,0.574713,6,5,5,26.5385,1.0,0,2,2.0167,9,4,4,11.5,2.0,0,Away Win,2
2020,5,0,0.23839,4,1,2,24.7692,3.0,0,0,1.308,19,3,7,7.8696,2.0,0,Draw,1
2020,5,2,1.32809,12,6,6,15.0,1.0,0,3,1.47366,14,6,6,16.1176,2.0,0,Away Win,2
2020,5,1,1.08944,10,3,1,20.0952,3.0,0,1,1.15022,9,2,10,9.0476,2.0,0,Draw,1
2020,5,1,1.41119,15,5,9,12.3684,2.0,0,2,1.70751,8,5,5,8.3529,2.0,0,Away Win,2
2020,5,1,1.19819,10,3,5,16.2632,1.0,0,2,1.23805,12,5,2,27.0,1.0,0,Away Win,2
2020,5,2,1.33269,12,6,4,8.2857,1.0,0,0,0.357583,9,2,3,39.7273,0.0,0,Home Win,0
2020,5,0,1.4605,19,5,9,7.56,1.0,0,1,1.38029,10,2,3,14.72,0.0,0,Away Win,2
2020,5,1,0.32396,6,2,2,15.1,1.0,0,1,0.521913,7,1,3,15.9524,1.0,0,Draw,1
